type	item	pins	zones	maps	realms	records	first_seen	last_seen
worldforged	100369	1	Ragefire Chasm	389	Rexxar - Conquest of Azeroth|Vol'jin - Conquest of Azeroth	2	2026-01-16	2026-01-16
worldforged	131059	1	Wailing Caverns	43	Vol'jin - Conquest of Azeroth	1	2026-01-20	2026-01-20
worldforged	132418	1	Razorfen Kraul	47	Vol'jin - Conquest of Azeroth	1	2025-12-08	2025-12-08
worldforged	132426	7	Magisters' Terrace|Maraudon|Razorfen Downs|Shadowfang Keep|Stratholme|The Arcatraz|The Steamvault	33|129|329|349|545|552|585	Rexxar - Conquest of Azeroth|Vol'jin - Conquest of Azeroth	11	2025-12-14	2026-02-07
worldforged	132599	1	The Deadmines	36	Vol'jin - Conquest of Azeroth	1	2025-12-15	2025-12-15
worldforged	132626	1	Zul'Farrak	209	Rexxar - Conquest of Azeroth|Vol'jin - Conquest of Azeroth	2	2026-01-13	2026-01-13
worldforged	132636	1	Blackfathom Deeps	48	Rexxar - Conquest of Azeroth|Vol'jin - Conquest of Azeroth	2	2026-01-06	2026-01-06
worldforged	132637	1	Shadowfang Keep	33	Rexxar - Conquest of Azeroth|Vol'jin - Conquest of Azeroth	2	2025-12-15	2025-12-15
worldforged	132690	1	Scarlet Monastery	189	Rexxar - Conquest of Azeroth|Vol'jin - Conquest of Azeroth	2	2026-01-18	2026-01-18
worldforged	132693	1	Molten Core	409	Vol'jin - Conquest of Azeroth	1	2025-12-21	2025-12-21
worldforged	132698	1	Stratholme	329	Rexxar - Conquest of Azeroth|Vol'jin - Conquest of Azeroth	2	2025-12-29	2025-12-29
worldforged	132704	1	Scarlet Monastery	189	Vol'jin - Conquest of Azeroth	1	2025-12-24	2025-12-24
worldforged	132723	2	Maraudon|The Slave Pens	349|547	Rexxar - Conquest of Azeroth|Vol'jin - Conquest of Azeroth	4	2025-12-10	2026-01-29
worldforged	134869	1	Dustwallow Marsh	1	Vol'jin - Conquest of Azeroth	1	2026-02-06	2026-02-06
worldforged	201537	1	Arathi Highlands	0	Vol'jin - Conquest of Azeroth	1	2026-01-26	2026-01-26
worldforged	217842	5	Searing Gorge|Stranglethorn Vale|Westfall	0	Rexxar - Conquest of Azeroth|Vol'jin - Conquest of Azeroth	6	2026-07-25	2026-08-16
worldforged	217843	1	Stranglethorn Vale	0	Vol'jin - Conquest of Azeroth	1	2026-08-15	2026-08-15
worldforged	217844	2	Stranglethorn Vale	0	Rexxar - Conquest of Azeroth|Vol'jin - Conquest of Azeroth	2	2026-08-05	2026-08-15
worldforged	217851	2	Stranglethorn Vale|Un'Goro Crater	0|1	Rexxar - Conquest of Azeroth|Vol'jin - Conquest of Azeroth	2	2026-08-13	2026-08-17
worldforged	217860	1	Darkshore	1	Area 52 - Free-Pick|Bronzebeard - Warcraft Reborn|Darkmoon - Season 10 Wildcard|Dawnrise - Season 10 Freepick|Rexxar - Conquest of Azeroth|Vol'jin - Conquest of Azeroth	9	2026-06-03	2026-08-21
worldforged	278843	3	Eastern Plaguelands|Western Plaguelands	0	Area 52 - Free-Pick|Bronzebeard - Warcraft Reborn|Darkmoon - Season 10 Wildcard|Dawnrise - Season 10 Freepick|Rexxar - Conquest of Azeroth|Vol'jin - Conquest of Azeroth	14	2026-04-30	2026-08-28
worldforged	278844	1	Western Plaguelands	0	Area 52 - Free-Pick|Bronzebeard - Warcraft Reborn|Darkmoon - Season 10 Wildcard|Dawnrise - Season 10 Freepick|Rexxar - Conquest of Azeroth|Vol'jin - Conquest of Azeroth	10	2026-04-28	2026-08-28
worldforged	278845	1	Western Plaguelands	0	Area 52 - Free-Pick|Bronzebeard - Warcraft Reborn|Darkmoon - Season 10 Wildcard|Dawnrise - Season 10 Freepick|Rexxar - Conquest of Azeroth|Vol'jin - Conquest of Azeroth	11	2025-10-15	2026-08-28
worldforged	278846	3	Eastern Plaguelands|Western Plaguelands	0	Area 52 - Free-Pick|Darkmoon - Season 10 Wildcard|Dawnrise - Season 10 Freepick|Rexxar - Conquest of Azeroth|Vol'jin - Conquest of Azeroth	8	2026-07-07	2026-08-21
worldforged	278847	1	Western Plaguelands	0	Area 52 - Free-Pick|Bronzebeard - Warcraft Reborn|Darkmoon - Season 10 Wildcard|Dawnrise - Season 10 Freepick|Rexxar - Conquest of Azeroth|Vol'jin - Conquest of Azeroth	6	2025-10-15	2026-05-20
worldforged	278848	1	Western Plaguelands	0	Area 52 - Free-Pick|Darkmoon - Season 10 Wildcard|Dawnrise - Season 10 Freepick|Rexxar - Conquest of Azeroth|Vol'jin - Conquest of Azeroth	9	2025-10-09	2026-08-29
worldforged	278849	2	Western Plaguelands	0	Area 52 - Free-Pick|Bronzebeard - Warcraft Reborn|Darkmoon - Season 10 Wildcard|Dawnrise - Season 10 Freepick|Rexxar - Conquest of Azeroth|Vol'jin - Conquest of Azeroth	11	2025-10-15	2026-08-27
worldforged	278850	2	The Hinterlands|Western Plaguelands	0	Area 52 - Free-Pick|Bronzebeard - Warcraft Reborn|Darkmoon - Season 10 Wildcard|Dawnrise - Season 10 Freepick|Rexxar - Conquest of Azeroth|Vol'jin - Conquest of Azeroth	7	2025-10-09	2026-07-08
worldforged	278851	1	Western Plaguelands	0	Area 52 - Free-Pick|Bronzebeard - Warcraft Reborn|Darkmoon - Season 10 Wildcard|Dawnrise - Season 10 Freepick|Rexxar - Conquest of Azeroth|Vol'jin - Conquest of Azeroth	12	2025-10-09	2026-08-28
worldforged	278852	1	Western Plaguelands	0	Area 52 - Free-Pick|Bronzebeard - Warcraft Reborn|Darkmoon - Season 10 Wildcard|Dawnrise - Season 10 Freepick|Rexxar - Conquest of Azeroth|Vol'jin - Conquest of Azeroth	10	2025-10-09	2026-08-29
worldforged	278853	1	Western Plaguelands	0	Area 52 - Free-Pick|Bronzebeard - Warcraft Reborn|Darkmoon - Season 10 Wildcard|Dawnrise - Season 10 Freepick|Rexxar - Conquest of Azeroth|Vol'jin - Conquest of Azeroth	8	2025-10-09	2026-08-25
worldforged	354059	1	Sunstrider Isle	530	Vol'jin - Conquest of Azeroth	1	2025-12-02	2025-12-02
worldforged	354064	1	Ammen Vale	530	Rexxar - Conquest of Azeroth|Vol'jin - Conquest of Azeroth	2	2025-12-18	2025-12-18
worldforged	354066	2	Azuremyst Isle|Feralas	1|530	Rexxar - Conquest of Azeroth|Vol'jin - Conquest of Azeroth	4	2025-11-24	2026-07-08
worldforged	354068	1	Ammen Vale	530	Area 52 - Free-Pick	1	2026-08-08	2026-08-08
worldforged	354069	1	Eversong Woods	530	Vol'jin - Conquest of Azeroth	1	2026-02-14	2026-02-14
worldforged	354071	1	Eversong Woods	530	Vol'jin - Conquest of Azeroth	1	2025-11-24	2025-11-24
worldforged	354077	1	Eversong Woods	530	Vol'jin - Conquest of Azeroth	1	2025-12-02	2025-12-02
worldforged	354078	1	Eversong Woods	530	Vol'jin - Conquest of Azeroth	1	2025-12-25	2025-12-25
worldforged	354079	2	Arathi Highlands|Eversong Woods	0|530	Vol'jin - Conquest of Azeroth	2	2025-11-21	2025-12-25
worldforged	354090	1	Stillpine Hold	1	Rexxar - Conquest of Azeroth|Vol'jin - Conquest of Azeroth	2	2026-01-21	2026-01-21
worldforged	354096	1	Azuremyst Isle	530	Area 52 - Free-Pick	1	2026-08-08	2026-08-08
worldforged	354097	9	Deathknell|The Deadmines|The Temple of Atal'Hakkar|Tirisfal Glades	0|36|109	Area 52 - Free-Pick|Bronzebeard - Warcraft Reborn|Darkmoon - Season 10 Wildcard|Dawnrise - Season 10 Freepick|Rexxar - Conquest of Azeroth|Vol'jin - Conquest of Azeroth	20	2025-10-04	2026-08-30
worldforged	354098	8	Arathi Highlands|Deathknell|Razorfen Kraul|Silverpine Forest|Tirisfal Glades|Valley of Trials|Western Plaguelands	0|1|47	Area 52 - Free-Pick|Bronzebeard - Warcraft Reborn|Darkmoon - Season 10 Wildcard|Dawnrise - Season 10 Freepick|Rexxar - Conquest of Azeroth|Vol'jin - Conquest of Azeroth	18	2025-10-27	2026-08-31
worldforged	354099	8	Deathknell|Tirisfal Glades	0	Area 52 - Free-Pick|Bronzebeard - Warcraft Reborn|Darkmoon - Season 10 Wildcard|Dawnrise - Season 10 Freepick|Rexxar - Conquest of Azeroth|Vol'jin - Conquest of Azeroth	15	2025-10-04	2026-09-01
worldforged	354100	6	Deathknell|Mulgore|Tirisfal Glades	0|1	Area 52 - Free-Pick|Bronzebeard - Warcraft Reborn|Darkmoon - Season 10 Wildcard|Dawnrise - Season 10 Freepick|Rexxar - Conquest of Azeroth|Vol'jin - Conquest of Azeroth	16	2025-10-09	2026-08-30
worldforged	354101	12	Badlands|Burning Steppes|Deathknell|Night Web's Hollow|The Hinterlands|Tirisfal Glades	0	Area 52 - Free-Pick|Bronzebeard - Warcraft Reborn|Darkmoon - Season 10 Wildcard|Dawnrise - Season 10 Freepick|Rexxar - Conquest of Azeroth|Vol'jin - Conquest of Azeroth	25	2025-10-18	2026-08-31
worldforged	354112	1	Bloodmyst Isle	530	Vol'jin - Conquest of Azeroth	1	2025-12-21	2025-12-21
worldforged	354126	1	Bloodmyst Isle	530	Rexxar - Conquest of Azeroth|Vol'jin - Conquest of Azeroth	2	2026-02-14	2026-02-14
worldforged	354127	1	Stonetalon Mountains	1	Area 52 - Free-Pick|Bronzebeard - Warcraft Reborn|Darkmoon - Season 10 Wildcard|Dawnrise - Season 10 Freepick|Rexxar - Conquest of Azeroth|Vol'jin - Conquest of Azeroth	10	2025-10-05	2026-08-28
worldforged	354128	1	Stonetalon Mountains	1	Area 52 - Free-Pick|Bronzebeard - Warcraft Reborn|Darkmoon - Season 10 Wildcard|Dawnrise - Season 10 Freepick|Rexxar - Conquest of Azeroth|Vol'jin - Conquest of Azeroth	12	2025-10-05	2026-08-28
worldforged	354130	1	Stonetalon Mountains	1	Area 52 - Free-Pick|Darkmoon - Season 10 Wildcard|Dawnrise - Season 10 Freepick|Rexxar - Conquest of Azeroth|Vol'jin - Conquest of Azeroth	11	2025-10-05	2026-08-26
worldforged	354131	2	Stonetalon Mountains	1	Area 52 - Free-Pick|Bronzebeard - Warcraft Reborn|Darkmoon - Season 10 Wildcard|Dawnrise - Season 10 Freepick|Rexxar - Conquest of Azeroth|Vol'jin - Conquest of Azeroth	12	2026-04-26	2026-09-04
worldforged	354132	2	Stonetalon Mountains	1	Area 52 - Free-Pick|Bronzebeard - Warcraft Reborn|Darkmoon - Season 10 Wildcard|Dawnrise - Season 10 Freepick|Rexxar - Conquest of Azeroth|Vol'jin - Conquest of Azeroth	12	2025-10-05	2026-08-21
worldforged	354133	1	Stonetalon Mountains	1	Area 52 - Free-Pick|Bronzebeard - Warcraft Reborn|Darkmoon - Season 10 Wildcard|Dawnrise - Season 10 Freepick|Rexxar - Conquest of Azeroth|Vol'jin - Conquest of Azeroth	6	2025-10-19	2026-05-20
worldforged	354134	3	Stonetalon Mountains	1	Area 52 - Free-Pick|Bronzebeard - Warcraft Reborn|Darkmoon - Season 10 Wildcard|Dawnrise - Season 10 Freepick|Rexxar - Conquest of Azeroth|Vol'jin - Conquest of Azeroth	11	2025-10-05	2026-08-28
worldforged	354135	2	Stonetalon Mountains|Tanaris	1	Area 52 - Free-Pick|Bronzebeard - Warcraft Reborn|Darkmoon - Season 10 Wildcard|Dawnrise - Season 10 Freepick|Rexxar - Conquest of Azeroth|Vol'jin - Conquest of Azeroth	14	2025-10-05	2026-08-29
worldforged	354136	1	Stonetalon Mountains	1	Area 52 - Free-Pick|Bronzebeard - Warcraft Reborn|Darkmoon - Season 10 Wildcard|Dawnrise - Season 10 Freepick|Rexxar - Conquest of Azeroth|Vol'jin - Conquest of Azeroth	12	2025-10-05	2026-08-25
worldforged	354137	3	Stonetalon Mountains	1	Area 52 - Free-Pick|Bronzebeard - Warcraft Reborn|Darkmoon - Season 10 Wildcard|Dawnrise - Season 10 Freepick|Rexxar - Conquest of Azeroth|Vol'jin - Conquest of Azeroth	13	2025-10-05	2026-08-27
worldforged	354138	2	Stonetalon Mountains	1	Area 52 - Free-Pick|Bronzebeard - Warcraft Reborn|Darkmoon - Season 10 Wildcard|Dawnrise - Season 10 Freepick|Rexxar - Conquest of Azeroth|Vol'jin - Conquest of Azeroth	10	2025-10-05	2026-08-26
worldforged	354139	3	Stonetalon Mountains|The Barrens	1	Area 52 - Free-Pick|Bronzebeard - Warcraft Reborn|Darkmoon - Season 10 Wildcard|Dawnrise - Season 10 Freepick|Rexxar - Conquest of Azeroth|Vol'jin - Conquest of Azeroth	15	2025-10-05	2026-08-28
worldforged	354140	3	Stonetalon Mountains|The Barrens	1	Area 52 - Free-Pick|Bronzebeard - Warcraft Reborn|Darkmoon - Season 10 Wildcard|Dawnrise - Season 10 Freepick|Rexxar - Conquest of Azeroth|Vol'jin - Conquest of Azeroth	15	2025-10-15	2026-08-29
worldforged	354141	1	Stonetalon Mountains	1	Area 52 - Free-Pick|Bronzebeard - Warcraft Reborn|Darkmoon - Season 10 Wildcard|Dawnrise - Season 10 Freepick|Rexxar - Conquest of Azeroth|Vol'jin - Conquest of Azeroth	10	2025-10-05	2026-08-27
worldforged	354142	1	Stonetalon Mountains	1	Area 52 - Free-Pick|Bronzebeard - Warcraft Reborn|Darkmoon - Season 10 Wildcard|Dawnrise - Season 10 Freepick|Rexxar - Conquest of Azeroth|Vol'jin - Conquest of Azeroth	12	2025-10-05	2026-08-28
worldforged	354143	2	Stonetalon Mountains|The Barrens	1	Area 52 - Free-Pick|Bronzebeard - Warcraft Reborn|Darkmoon - Season 10 Wildcard|Dawnrise - Season 10 Freepick|Rexxar - Conquest of Azeroth|Vol'jin - Conquest of Azeroth	15	2025-10-10	2026-08-28
worldforged	354144	4	Blackrock Depths|Stonetalon Mountains|The Barrens	1|230	Area 52 - Free-Pick|Bronzebeard - Warcraft Reborn|Darkmoon - Season 10 Wildcard|Dawnrise - Season 10 Freepick|Rexxar - Conquest of Azeroth|Vol'jin - Conquest of Azeroth	18	2025-10-05	2026-08-29
worldforged	354146	3	Burning Steppes|Silithus|Wetlands	0|1	Area 52 - Free-Pick|Bronzebeard - Warcraft Reborn|Darkmoon - Season 10 Wildcard|Dawnrise - Season 10 Freepick|Rexxar - Conquest of Azeroth|Vol'jin - Conquest of Azeroth	11	2025-10-14	2026-08-19
worldforged	354147	2	Wetlands	0	Area 52 - Free-Pick|Bronzebeard - Warcraft Reborn|Darkmoon - Season 10 Wildcard|Dawnrise - Season 10 Freepick|Rexxar - Conquest of Azeroth|Vol'jin - Conquest of Azeroth	10	2025-10-09	2026-08-30
worldforged	354148	2	Westfall|Wetlands	0	Area 52 - Free-Pick|Bronzebeard - Warcraft Reborn|Darkmoon - Season 10 Wildcard|Dawnrise - Season 10 Freepick|Rexxar - Conquest of Azeroth|Vol'jin - Conquest of Azeroth	12	2025-10-04	2026-08-28
worldforged	354149	8	Alterac Mountains|Ashenvale|Loch Modan|Razorfen Kraul|Stranglethorn Vale|Wetlands	0|1|47	Area 52 - Free-Pick|Bronzebeard - Warcraft Reborn|Darkmoon - Season 10 Wildcard|Dawnrise - Season 10 Freepick|Rexxar - Conquest of Azeroth|Vol'jin - Conquest of Azeroth	22	2025-10-04	2026-08-22
worldforged	354150	2	Stranglethorn Vale|Wetlands	0	Area 52 - Free-Pick|Bronzebeard - Warcraft Reborn|Darkmoon - Season 10 Wildcard|Dawnrise - Season 10 Freepick|Rexxar - Conquest of Azeroth|Vol'jin - Conquest of Azeroth	8	2025-10-04	2026-08-22
worldforged	354151	2	Wetlands	0	Area 52 - Free-Pick|Bronzebeard - Warcraft Reborn|Darkmoon - Season 10 Wildcard|Dawnrise - Season 10 Freepick|Rexxar - Conquest of Azeroth|Vol'jin - Conquest of Azeroth	10	2025-10-04	2026-08-28
worldforged	354152	2	Wetlands	0	Area 52 - Free-Pick|Bronzebeard - Warcraft Reborn|Darkmoon - Season 10 Wildcard|Dawnrise - Season 10 Freepick|Rexxar - Conquest of Azeroth|Vol'jin - Conquest of Azeroth	11	2025-10-05	2026-08-27
worldforged	354153	1	Wetlands	0	Area 52 - Free-Pick|Bronzebeard - Warcraft Reborn|Darkmoon - Season 10 Wildcard|Dawnrise - Season 10 Freepick|Rexxar - Conquest of Azeroth|Vol'jin - Conquest of Azeroth	12	2025-10-04	2026-08-23
worldforged	354154	4	Wetlands	0	Area 52 - Free-Pick|Bronzebeard - Warcraft Reborn|Darkmoon - Season 10 Wildcard|Dawnrise - Season 10 Freepick|Rexxar - Conquest of Azeroth|Vol'jin - Conquest of Azeroth	11	2025-10-20	2026-08-28
worldforged	354157	1	Elwynn Forest	0	Rexxar - Conquest of Azeroth|Vol'jin - Conquest of Azeroth	5	2026-07-21	2026-08-12
worldforged	354158	5	Ammen Vale|Azuremyst Isle|Coldridge Pass|Dun Morogh|Elwynn Forest	0|530	Area 52 - Free-Pick	5	2026-08-08	2026-08-08
worldforged	354159	3	Desolace|Durotar|The Barrens	1	Area 52 - Free-Pick|Bronzebeard - Warcraft Reborn|Darkmoon - Season 10 Wildcard|Dawnrise - Season 10 Freepick|Rexxar - Conquest of Azeroth|Vol'jin - Conquest of Azeroth	11	2025-10-05	2026-08-29
worldforged	354160	2	Desolace|The Barrens	1	Area 52 - Free-Pick|Bronzebeard - Warcraft Reborn|Darkmoon - Season 10 Wildcard|Dawnrise - Season 10 Freepick|Rexxar - Conquest of Azeroth|Vol'jin - Conquest of Azeroth	12	2025-10-05	2026-08-29
worldforged	354161	1	Desolace	1	Area 52 - Free-Pick|Bronzebeard - Warcraft Reborn|Darkmoon - Season 10 Wildcard|Dawnrise - Season 10 Freepick|Rexxar - Conquest of Azeroth|Vol'jin - Conquest of Azeroth	9	2025-10-14	2026-08-29
worldforged	354162	2	Desolace|Dustwallow Marsh	1	Area 52 - Free-Pick|Darkmoon - Season 10 Wildcard|Dawnrise - Season 10 Freepick|Rexxar - Conquest of Azeroth|Vol'jin - Conquest of Azeroth	15	2026-04-30	2026-08-26
worldforged	354163	1	Desolace	1	Area 52 - Free-Pick|Bronzebeard - Warcraft Reborn|Darkmoon - Season 10 Wildcard|Dawnrise - Season 10 Freepick|Rexxar - Conquest of Azeroth|Vol'jin - Conquest of Azeroth	11	2025-10-14	2026-08-29
worldforged	354164	1	Desolace	1	Area 52 - Free-Pick|Bronzebeard - Warcraft Reborn|Darkmoon - Season 10 Wildcard|Dawnrise - Season 10 Freepick|Rexxar - Conquest of Azeroth|Vol'jin - Conquest of Azeroth	10	2025-10-05	2026-08-29
worldforged	354165	3	Desolace|Dustwallow Marsh	1	Area 52 - Free-Pick|Darkmoon - Season 10 Wildcard|Dawnrise - Season 10 Freepick|Rexxar - Conquest of Azeroth|Vol'jin - Conquest of Azeroth	9	2025-10-04	2026-08-24
worldforged	354166	2	Desolace|The Barrens	1	Area 52 - Free-Pick|Bronzebeard - Warcraft Reborn|Darkmoon - Season 10 Wildcard|Dawnrise - Season 10 Freepick|Rexxar - Conquest of Azeroth|Vol'jin - Conquest of Azeroth	12	2025-10-30	2026-08-29
worldforged	354167	1	Desolace	1	Area 52 - Free-Pick|Bronzebeard - Warcraft Reborn|Darkmoon - Season 10 Wildcard|Dawnrise - Season 10 Freepick|Rexxar - Conquest of Azeroth|Vol'jin - Conquest of Azeroth	6	2025-10-05	2026-05-20
worldforged	354168	3	Desolace|Dustwallow Marsh	1	Area 52 - Free-Pick|Bronzebeard - Warcraft Reborn|Darkmoon - Season 10 Wildcard|Dawnrise - Season 10 Freepick|Rexxar - Conquest of Azeroth|Vol'jin - Conquest of Azeroth	13	2025-10-05	2026-08-29
worldforged	354169	2	Desolace|Durotar	1	Area 52 - Free-Pick|Bronzebeard - Warcraft Reborn|Darkmoon - Season 10 Wildcard|Dawnrise - Season 10 Freepick|Rexxar - Conquest of Azeroth|Vol'jin - Conquest of Azeroth	14	2025-10-05	2026-08-27
worldforged	354170	3	Desolace|Durotar	1	Area 52 - Free-Pick|Bronzebeard - Warcraft Reborn|Darkmoon - Season 10 Wildcard|Dawnrise - Season 10 Freepick|Rexxar - Conquest of Azeroth|Vol'jin - Conquest of Azeroth	17	2025-10-05	2026-08-29
worldforged	354171	1	Desolace	1	Area 52 - Free-Pick|Darkmoon - Season 10 Wildcard|Dawnrise - Season 10 Freepick|Rexxar - Conquest of Azeroth|Vol'jin - Conquest of Azeroth	8	2026-05-25	2026-08-25
worldforged	354172	3	Desolace|Dun Morogh|Dustwallow Marsh	0|1	Area 52 - Free-Pick|Bronzebeard - Warcraft Reborn|Darkmoon - Season 10 Wildcard|Dawnrise - Season 10 Freepick|Rexxar - Conquest of Azeroth|Vol'jin - Conquest of Azeroth	11	2025-10-05	2026-08-28
worldforged	354173	3	Desolace|Durotar|The Barrens	1	Area 52 - Free-Pick|Bronzebeard - Warcraft Reborn|Darkmoon - Season 10 Wildcard|Dawnrise - Season 10 Freepick|Rexxar - Conquest of Azeroth|Vol'jin - Conquest of Azeroth	18	2025-10-14	2026-08-27
worldforged	354174	4	Desolace|Dustwind Cave|The Barrens	1	Area 52 - Free-Pick|Bronzebeard - Warcraft Reborn|Darkmoon - Season 10 Wildcard|Dawnrise - Season 10 Freepick|Rexxar - Conquest of Azeroth|Vol'jin - Conquest of Azeroth	13	2025-10-19	2026-09-03
worldforged	354175	2	Desolace|Durotar	1	Area 52 - Free-Pick|Bronzebeard - Warcraft Reborn|Darkmoon - Season 10 Wildcard|Dawnrise - Season 10 Freepick|Rexxar - Conquest of Azeroth|Vol'jin - Conquest of Azeroth	11	2025-10-05	2026-08-27
worldforged	354176	1	Desolace	1	Area 52 - Free-Pick|Darkmoon - Season 10 Wildcard|Dawnrise - Season 10 Freepick|Rexxar - Conquest of Azeroth|Vol'jin - Conquest of Azeroth	9	2025-10-18	2026-08-25
worldforged	354177	2	Desolace|The Barrens	1	Area 52 - Free-Pick|Bronzebeard - Warcraft Reborn|Darkmoon - Season 10 Wildcard|Dawnrise - Season 10 Freepick|Rexxar - Conquest of Azeroth|Vol'jin - Conquest of Azeroth	12	2025-10-19	2026-08-29
worldforged	354178	1	Desolace	1	Area 52 - Free-Pick|Bronzebeard - Warcraft Reborn|Darkmoon - Season 10 Wildcard|Dawnrise - Season 10 Freepick|Rexxar - Conquest of Azeroth|Vol'jin - Conquest of Azeroth	10	2025-10-19	2026-08-31
worldforged	354179	2	Desolace|The Barrens	1	Area 52 - Free-Pick|Darkmoon - Season 10 Wildcard|Dawnrise - Season 10 Freepick|Rexxar - Conquest of Azeroth|Vol'jin - Conquest of Azeroth	11	2025-11-11	2026-08-27
worldforged	354180	2	Desolace	1	Area 52 - Free-Pick|Bronzebeard - Warcraft Reborn|Darkmoon - Season 10 Wildcard|Dawnrise - Season 10 Freepick|Rexxar - Conquest of Azeroth|Vol'jin - Conquest of Azeroth	11	2026-04-30	2026-08-26
worldforged	354181	2	Desolace|The Barrens	1	Area 52 - Free-Pick|Bronzebeard - Warcraft Reborn|Darkmoon - Season 10 Wildcard|Dawnrise - Season 10 Freepick|Rexxar - Conquest of Azeroth|Vol'jin - Conquest of Azeroth	12	2025-10-05	2026-08-31
worldforged	354182	2	Desolace	1	Area 52 - Free-Pick|Bronzebeard - Warcraft Reborn|Darkmoon - Season 10 Wildcard|Dawnrise - Season 10 Freepick|Rexxar - Conquest of Azeroth|Vol'jin - Conquest of Azeroth	11	2025-10-14	2026-08-28
worldforged	354183	2	Desolace	1	Area 52 - Free-Pick|Bronzebeard - Warcraft Reborn|Darkmoon - Season 10 Wildcard|Dawnrise - Season 10 Freepick|Rexxar - Conquest of Azeroth|Vol'jin - Conquest of Azeroth	11	2025-10-05	2026-08-26
worldforged	354184	3	Desolace|Dustwind Cave|The Barrens	1	Area 52 - Free-Pick|Bronzebeard - Warcraft Reborn|Darkmoon - Season 10 Wildcard|Dawnrise - Season 10 Freepick|Rexxar - Conquest of Azeroth|Vol'jin - Conquest of Azeroth	13	2025-10-05	2026-08-28
worldforged	354185	1	Desolace	1	Area 52 - Free-Pick|Bronzebeard - Warcraft Reborn|Darkmoon - Season 10 Wildcard|Dawnrise - Season 10 Freepick|Rexxar - Conquest of Azeroth|Vol'jin - Conquest of Azeroth	12	2025-10-14	2026-08-26
worldforged	354186	2	Desolace|The Barrens	1	Rexxar - Conquest of Azeroth|Vol'jin - Conquest of Azeroth	4	2025-11-11	2026-07-08
worldforged	354187	1	Desolace	1	Area 52 - Free-Pick|Bronzebeard - Warcraft Reborn|Darkmoon - Season 10 Wildcard|Dawnrise - Season 10 Freepick|Rexxar - Conquest of Azeroth|Vol'jin - Conquest of Azeroth	8	2025-10-19	2026-08-26
worldforged	354188	1	Desolace	1	Area 52 - Free-Pick|Bronzebeard - Warcraft Reborn|Darkmoon - Season 10 Wildcard|Dawnrise - Season 10 Freepick|Rexxar - Conquest of Azeroth|Vol'jin - Conquest of Azeroth	7	2025-10-05	2026-08-25
worldforged	354189	1	Desolace	1	Area 52 - Free-Pick|Bronzebeard - Warcraft Reborn|Darkmoon - Season 10 Wildcard|Dawnrise - Season 10 Freepick|Rexxar - Conquest of Azeroth|Vol'jin - Conquest of Azeroth	7	2025-10-11	2026-08-25
worldforged	354190	3	Desolace	1	Area 52 - Free-Pick|Darkmoon - Season 10 Wildcard|Dawnrise - Season 10 Freepick|Rexxar - Conquest of Azeroth|Vol'jin - Conquest of Azeroth	9	2025-10-05	2026-08-27
worldforged	354191	2	Desolace	1	Area 52 - Free-Pick|Bronzebeard - Warcraft Reborn|Darkmoon - Season 10 Wildcard|Dawnrise - Season 10 Freepick|Rexxar - Conquest of Azeroth|Vol'jin - Conquest of Azeroth	11	2025-10-05	2026-09-03
worldforged	354192	2	Desolace|The Barrens	1	Area 52 - Free-Pick|Bronzebeard - Warcraft Reborn|Darkmoon - Season 10 Wildcard|Dawnrise - Season 10 Freepick|Rexxar - Conquest of Azeroth|Vol'jin - Conquest of Azeroth	12	2025-10-04	2026-08-26
worldforged	354193	1	Desolace	1	Area 52 - Free-Pick|Bronzebeard - Warcraft Reborn|Darkmoon - Season 10 Wildcard|Dawnrise - Season 10 Freepick|Rexxar - Conquest of Azeroth|Vol'jin - Conquest of Azeroth	12	2026-06-21	2026-08-27
worldforged	354194	2	Desolace|Dustwallow Marsh	1	Area 52 - Free-Pick|Darkmoon - Season 10 Wildcard|Dawnrise - Season 10 Freepick|Rexxar - Conquest of Azeroth|Vol'jin - Conquest of Azeroth	16	2026-05-24	2026-08-25
worldforged	354195	2	Desolace|Dustwallow Marsh	1	Area 52 - Free-Pick|Bronzebeard - Warcraft Reborn|Darkmoon - Season 10 Wildcard|Dawnrise - Season 10 Freepick|Rexxar - Conquest of Azeroth|Vol'jin - Conquest of Azeroth	14	2025-10-04	2026-08-27
worldforged	354196	1	Desolace	1	Area 52 - Free-Pick|Darkmoon - Season 10 Wildcard|Dawnrise - Season 10 Freepick|Rexxar - Conquest of Azeroth|Vol'jin - Conquest of Azeroth	9	2025-10-05	2026-08-29
worldforged	354197	1	Desolace	1	Area 52 - Free-Pick|Bronzebeard - Warcraft Reborn|Darkmoon - Season 10 Wildcard|Dawnrise - Season 10 Freepick|Rexxar - Conquest of Azeroth|Vol'jin - Conquest of Azeroth	9	2025-10-05	2026-08-09
worldforged	354198	2	Desolace|Dustwallow Marsh	1	Area 52 - Free-Pick|Bronzebeard - Warcraft Reborn|Darkmoon - Season 10 Wildcard|Dawnrise - Season 10 Freepick|Rexxar - Conquest of Azeroth|Vol'jin - Conquest of Azeroth	10	2025-10-05	2026-08-25
worldforged	354199	2	Desolace|The Barrens	1	Area 52 - Free-Pick|Bronzebeard - Warcraft Reborn|Darkmoon - Season 10 Wildcard|Dawnrise - Season 10 Freepick|Rexxar - Conquest of Azeroth|Vol'jin - Conquest of Azeroth	11	2025-10-05	2026-08-27
worldforged	354200	2	Desolace	1	Area 52 - Free-Pick|Bronzebeard - Warcraft Reborn|Darkmoon - Season 10 Wildcard|Dawnrise - Season 10 Freepick|Rexxar - Conquest of Azeroth|Vol'jin - Conquest of Azeroth	13	2025-10-05	2026-08-31
worldforged	354201	1	Desolace	1	Area 52 - Free-Pick|Bronzebeard - Warcraft Reborn|Darkmoon - Season 10 Wildcard|Dawnrise - Season 10 Freepick|Rexxar - Conquest of Azeroth|Vol'jin - Conquest of Azeroth	8	2025-10-05	2026-08-25
worldforged	354202	7	Desolace|Durotar|Dustwallow Marsh|The Barrens	1	Area 52 - Free-Pick|Bronzebeard - Warcraft Reborn|Darkmoon - Season 10 Wildcard|Dawnrise - Season 10 Freepick|Rexxar - Conquest of Azeroth|Vol'jin - Conquest of Azeroth	14	2025-10-19	2026-08-25
worldforged	354203	1	Desolace	1	Area 52 - Free-Pick|Bronzebeard - Warcraft Reborn|Darkmoon - Season 10 Wildcard|Dawnrise - Season 10 Freepick|Rexxar - Conquest of Azeroth|Vol'jin - Conquest of Azeroth	8	2025-10-05	2026-08-29
worldforged	354204	2	Desolace|The Barrens	1	Area 52 - Free-Pick|Darkmoon - Season 10 Wildcard|Dawnrise - Season 10 Freepick|Rexxar - Conquest of Azeroth|Vol'jin - Conquest of Azeroth	10	2025-11-12	2026-07-09
worldforged	354205	3	Desolace|The Barrens	1	Area 52 - Free-Pick|Bronzebeard - Warcraft Reborn|Darkmoon - Season 10 Wildcard|Dawnrise - Season 10 Freepick|Rexxar - Conquest of Azeroth|Vol'jin - Conquest of Azeroth	10	2025-10-05	2026-09-01
worldforged	354206	9	Azshara|Burning Steppes|Desolace|Maraudon	0|1|349	Area 52 - Free-Pick|Bronzebeard - Warcraft Reborn|Darkmoon - Season 10 Wildcard|Dawnrise - Season 10 Freepick|Rexxar - Conquest of Azeroth|Vol'jin - Conquest of Azeroth	23	2025-10-20	2026-08-31
worldforged	354207	4	Desolace|Maraudon	1	Area 52 - Free-Pick|Bronzebeard - Warcraft Reborn|Darkmoon - Season 10 Wildcard|Dawnrise - Season 10 Freepick|Rexxar - Conquest of Azeroth|Vol'jin - Conquest of Azeroth	14	2025-11-28	2026-08-31
worldforged	354208	10	Desolace|Maraudon	1|349	Area 52 - Free-Pick|Darkmoon - Season 10 Wildcard|Dawnrise - Season 10 Freepick|Rexxar - Conquest of Azeroth|Vol'jin - Conquest of Azeroth	15	2025-10-31	2026-08-27
worldforged	354209	5	Desolace|Maraudon	1	Area 52 - Free-Pick|Darkmoon - Season 10 Wildcard|Dawnrise - Season 10 Freepick|Rexxar - Conquest of Azeroth|Vol'jin - Conquest of Azeroth	11	2026-07-06	2026-08-25
worldforged	354210	1	Desolace	1	Area 52 - Free-Pick|Bronzebeard - Warcraft Reborn|Darkmoon - Season 10 Wildcard|Dawnrise - Season 10 Freepick|Rexxar - Conquest of Azeroth|Vol'jin - Conquest of Azeroth	8	2025-10-05	2026-08-27
worldforged	354211	1	Desolace	1	Area 52 - Free-Pick|Bronzebeard - Warcraft Reborn|Darkmoon - Season 10 Wildcard|Dawnrise - Season 10 Freepick|Rexxar - Conquest of Azeroth|Vol'jin - Conquest of Azeroth	8	2025-10-05	2026-07-28
worldforged	354212	1	Alterac Mountains	0	Area 52 - Free-Pick|Bronzebeard - Warcraft Reborn|Darkmoon - Season 10 Wildcard|Dawnrise - Season 10 Freepick|Rexxar - Conquest of Azeroth|Vol'jin - Conquest of Azeroth	9	2025-10-05	2026-08-27
worldforged	354213	1	Alterac Mountains	0	Area 52 - Free-Pick|Bronzebeard - Warcraft Reborn|Darkmoon - Season 10 Wildcard|Dawnrise - Season 10 Freepick|Rexxar - Conquest of Azeroth|Vol'jin - Conquest of Azeroth	9	2025-10-08	2026-08-27
worldforged	354214	2	Alterac Mountains|Stratholme	0|329	Area 52 - Free-Pick|Bronzebeard - Warcraft Reborn|Darkmoon - Season 10 Wildcard|Dawnrise - Season 10 Freepick|Rexxar - Conquest of Azeroth|Vol'jin - Conquest of Azeroth	12	2025-10-15	2026-08-27
worldforged	354215	1	Alterac Mountains	0	Area 52 - Free-Pick|Bronzebeard - Warcraft Reborn|Darkmoon - Season 10 Wildcard|Dawnrise - Season 10 Freepick|Rexxar - Conquest of Azeroth|Vol'jin - Conquest of Azeroth	9	2025-10-06	2026-08-28
worldforged	354216	1	Alterac Mountains	0	Area 52 - Free-Pick|Bronzebeard - Warcraft Reborn|Darkmoon - Season 10 Wildcard|Dawnrise - Season 10 Freepick|Rexxar - Conquest of Azeroth|Vol'jin - Conquest of Azeroth	9	2025-10-04	2026-08-28
worldforged	354217	1	Alterac Mountains	0	Area 52 - Free-Pick|Bronzebeard - Warcraft Reborn|Darkmoon - Season 10 Wildcard|Dawnrise - Season 10 Freepick|Rexxar - Conquest of Azeroth|Vol'jin - Conquest of Azeroth	12	2025-10-04	2026-08-28
worldforged	354218	1	Alterac Mountains	0	Area 52 - Free-Pick|Bronzebeard - Warcraft Reborn|Darkmoon - Season 10 Wildcard|Dawnrise - Season 10 Freepick|Rexxar - Conquest of Azeroth|Vol'jin - Conquest of Azeroth	6	2025-10-28	2026-05-20
worldforged	354219	3	Alterac Mountains	0	Area 52 - Free-Pick|Bronzebeard - Warcraft Reborn|Darkmoon - Season 10 Wildcard|Dawnrise - Season 10 Freepick|Rexxar - Conquest of Azeroth|Vol'jin - Conquest of Azeroth	9	2025-10-04	2026-08-28
worldforged	354220	2	Alterac Mountains	0	Area 52 - Free-Pick|Bronzebeard - Warcraft Reborn|Darkmoon - Season 10 Wildcard|Dawnrise - Season 10 Freepick|Rexxar - Conquest of Azeroth|Vol'jin - Conquest of Azeroth	11	2025-10-05	2026-08-28
worldforged	354221	2	Alterac Mountains|Duskwood	0	Area 52 - Free-Pick|Bronzebeard - Warcraft Reborn|Darkmoon - Season 10 Wildcard|Dawnrise - Season 10 Freepick|Rexxar - Conquest of Azeroth|Vol'jin - Conquest of Azeroth	15	2025-10-04	2026-08-28
worldforged	354222	6	Alterac Mountains|Arathi Highlands|Duskwood|Hillsbrad Foothills|Razorfen Kraul|Zul'Farrak	0|47|209	Area 52 - Free-Pick|Bronzebeard - Warcraft Reborn|Darkmoon - Season 10 Wildcard|Dawnrise - Season 10 Freepick|Rexxar - Conquest of Azeroth|Vol'jin - Conquest of Azeroth	18	2025-11-01	2026-08-27
worldforged	354223	1	Alterac Mountains	0	Area 52 - Free-Pick|Bronzebeard - Warcraft Reborn|Darkmoon - Season 10 Wildcard|Dawnrise - Season 10 Freepick|Rexxar - Conquest of Azeroth|Vol'jin - Conquest of Azeroth	11	2025-10-06	2026-08-28
worldforged	354224	3	Alterac Mountains|Magisters' Terrace|Razorfen Kraul	0|47|585	Area 52 - Free-Pick|Bronzebeard - Warcraft Reborn|Darkmoon - Season 10 Wildcard|Dawnrise - Season 10 Freepick|Rexxar - Conquest of Azeroth|Vol'jin - Conquest of Azeroth	13	2025-10-05	2026-08-28
worldforged	354225	4	Alterac Mountains	0	Area 52 - Free-Pick|Bronzebeard - Warcraft Reborn|Darkmoon - Season 10 Wildcard|Dawnrise - Season 10 Freepick|Rexxar - Conquest of Azeroth|Vol'jin - Conquest of Azeroth	8	2025-10-18	2026-08-27
worldforged	354226	2	Alterac Mountains|Duskwood	0	Area 52 - Free-Pick|Bronzebeard - Warcraft Reborn|Darkmoon - Season 10 Wildcard|Dawnrise - Season 10 Freepick|Rexxar - Conquest of Azeroth|Vol'jin - Conquest of Azeroth	12	2025-10-05	2026-08-27
worldforged	354228	3	Swamp of Sorrows|The Hinterlands|Westfall	0	Area 52 - Free-Pick|Bronzebeard - Warcraft Reborn|Darkmoon - Season 10 Wildcard|Dawnrise - Season 10 Freepick|Rexxar - Conquest of Azeroth|Vol'jin - Conquest of Azeroth	12	2025-10-08	2026-08-28
worldforged	354229	3	Swamp of Sorrows	0	Area 52 - Free-Pick|Bronzebeard - Warcraft Reborn|Darkmoon - Season 10 Wildcard|Dawnrise - Season 10 Freepick|Rexxar - Conquest of Azeroth|Vol'jin - Conquest of Azeroth	9	2025-10-07	2026-08-30
worldforged	354230	2	Swamp of Sorrows	0	Area 52 - Free-Pick|Bronzebeard - Warcraft Reborn|Darkmoon - Season 10 Wildcard|Dawnrise - Season 10 Freepick|Rexxar - Conquest of Azeroth|Vol'jin - Conquest of Azeroth	10	2025-10-07	2026-08-26
worldforged	354231	1	Swamp of Sorrows	0	Area 52 - Free-Pick|Bronzebeard - Warcraft Reborn|Darkmoon - Season 10 Wildcard|Dawnrise - Season 10 Freepick|Rexxar - Conquest of Azeroth|Vol'jin - Conquest of Azeroth	9	2025-10-06	2026-08-25
worldforged	354232	2	Swamp of Sorrows|The Hinterlands	0	Area 52 - Free-Pick|Bronzebeard - Warcraft Reborn|Darkmoon - Season 10 Wildcard|Dawnrise - Season 10 Freepick|Rexxar - Conquest of Azeroth|Vol'jin - Conquest of Azeroth	8	2025-10-08	2026-08-30
worldforged	354233	3	Arathi Highlands|Swamp of Sorrows|Westfall	0	Area 52 - Free-Pick|Bronzebeard - Warcraft Reborn|Darkmoon - Season 10 Wildcard|Dawnrise - Season 10 Freepick|Rexxar - Conquest of Azeroth|Vol'jin - Conquest of Azeroth	13	2025-10-06	2026-08-28
worldforged	354234	2	Sunstrider Isle|Swamp of Sorrows	0|530	Area 52 - Free-Pick|Darkmoon - Season 10 Wildcard|Dawnrise - Season 10 Freepick|Rexxar - Conquest of Azeroth|Vol'jin - Conquest of Azeroth	11	2025-10-07	2026-08-28
worldforged	354235	2	Silithus|Swamp of Sorrows	0|1	Area 52 - Free-Pick|Bronzebeard - Warcraft Reborn|Darkmoon - Season 10 Wildcard|Dawnrise - Season 10 Freepick|Rexxar - Conquest of Azeroth|Vol'jin - Conquest of Azeroth	10	2025-10-15	2026-08-28
worldforged	354236	3	The Hinterlands|The Temple of Atal'Hakkar	0|109	Rexxar - Conquest of Azeroth|Vol'jin - Conquest of Azeroth	5	2025-10-08	2026-08-23
worldforged	354237	3	The Hinterlands|The Temple of Atal'Hakkar	0|109	Rexxar - Conquest of Azeroth|Vol'jin - Conquest of Azeroth	5	2025-10-13	2026-08-23
worldforged	354238	2	The Hinterlands	0	Rexxar - Conquest of Azeroth|Vol'jin - Conquest of Azeroth	2	2026-07-11	2026-08-23
worldforged	354239	13	Duskwood|Echo Ridge Mine|Elwynn Forest|Hillsbrad Foothills|Jasperlode Mine|Redridge Mountains|Swamp of Sorrows|The Hinterlands|The Temple of Atal'Hakkar|Westfall	0|109	Rexxar - Conquest of Azeroth|Vol'jin - Conquest of Azeroth	21	2025-10-08	2026-08-23
worldforged	354240	1	The Temple of Atal'Hakkar	109	Rexxar - Conquest of Azeroth|Vol'jin - Conquest of Azeroth	3	2025-10-13	2025-10-13
worldforged	354241	2	The Temple of Atal'Hakkar	0|109	Rexxar - Conquest of Azeroth|Vol'jin - Conquest of Azeroth	4	2025-10-13	2026-07-11
worldforged	354242	1	Swamp of Sorrows	0	Area 52 - Free-Pick|Bronzebeard - Warcraft Reborn|Darkmoon - Season 10 Wildcard|Dawnrise - Season 10 Freepick|Rexxar - Conquest of Azeroth|Vol'jin - Conquest of Azeroth	12	2025-10-19	2026-08-28
worldforged	354243	2	Swamp of Sorrows|The Hinterlands	0	Area 52 - Free-Pick|Bronzebeard - Warcraft Reborn|Darkmoon - Season 10 Wildcard|Dawnrise - Season 10 Freepick|Rexxar - Conquest of Azeroth|Vol'jin - Conquest of Azeroth	10	2025-10-08	2026-08-21
worldforged	354244	1	Swamp of Sorrows	0	Area 52 - Free-Pick|Bronzebeard - Warcraft Reborn|Darkmoon - Season 10 Wildcard|Dawnrise - Season 10 Freepick|Rexxar - Conquest of Azeroth|Vol'jin - Conquest of Azeroth	12	2025-10-06	2026-08-28
worldforged	354245	3	Swamp of Sorrows|The Hinterlands	0	Area 52 - Free-Pick|Bronzebeard - Warcraft Reborn|Darkmoon - Season 10 Wildcard|Dawnrise - Season 10 Freepick|Rexxar - Conquest of Azeroth|Vol'jin - Conquest of Azeroth	12	2025-10-08	2026-08-28
worldforged	354246	21	Arathi Highlands|Azshara|Blasted Lands|Desolace|Durotar|Eastern Plaguelands|Felwood|Feralas|Hillsbrad Foothills|Onyxia's Lair|Searing Gorge|Silithus|Silverpine Forest|Swamp of Sorrows|The Barrens|The Hinterlands|The Stockade|Un'Goro Crater|Western Plaguelands|Winterspring|Zul'Gurub	0|1|34|249|309	Area 52 - Free-Pick|Bronzebeard - Warcraft Reborn|Darkmoon - Season 10 Wildcard|Dawnrise - Season 10 Freepick|Rexxar - Conquest of Azeroth|Vol'jin - Conquest of Azeroth	33	2025-10-08	2026-08-27
worldforged	354247	1	Swamp of Sorrows	0	Area 52 - Free-Pick|Bronzebeard - Warcraft Reborn|Darkmoon - Season 10 Wildcard|Dawnrise - Season 10 Freepick|Rexxar - Conquest of Azeroth|Vol'jin - Conquest of Azeroth	9	2025-10-08	2026-08-25
worldforged	354248	2	Swamp of Sorrows	0	Area 52 - Free-Pick|Bronzebeard - Warcraft Reborn|Darkmoon - Season 10 Wildcard|Dawnrise - Season 10 Freepick|Rexxar - Conquest of Azeroth|Vol'jin - Conquest of Azeroth	6	2025-10-18	2026-05-20
worldforged	354249	3	Arathi Highlands|Swamp of Sorrows|Westfall	0	Area 52 - Free-Pick|Bronzebeard - Warcraft Reborn|Darkmoon - Season 10 Wildcard|Dawnrise - Season 10 Freepick|Rexxar - Conquest of Azeroth|Vol'jin - Conquest of Azeroth	11	2025-10-08	2026-08-28
worldforged	354250	2	Swamp of Sorrows	0	Area 52 - Free-Pick|Bronzebeard - Warcraft Reborn|Darkmoon - Season 10 Wildcard|Dawnrise - Season 10 Freepick|Rexxar - Conquest of Azeroth|Vol'jin - Conquest of Azeroth	8	2025-10-15	2026-08-28
worldforged	354251	1	Swamp of Sorrows	0	Area 52 - Free-Pick|Bronzebeard - Warcraft Reborn|Darkmoon - Season 10 Wildcard|Dawnrise - Season 10 Freepick|Rexxar - Conquest of Azeroth|Vol'jin - Conquest of Azeroth	12	2025-10-08	2026-08-22
worldforged	354252	2	Sunstrider Isle|Swamp of Sorrows	0|530	Area 52 - Free-Pick|Bronzebeard - Warcraft Reborn|Darkmoon - Season 10 Wildcard|Dawnrise - Season 10 Freepick|Rexxar - Conquest of Azeroth|Vol'jin - Conquest of Azeroth	12	2025-10-07	2026-08-28
worldforged	354253	2	Swamp of Sorrows|Westfall	0	Area 52 - Free-Pick|Bronzebeard - Warcraft Reborn|Darkmoon - Season 10 Wildcard|Dawnrise - Season 10 Freepick|Rexxar - Conquest of Azeroth|Vol'jin - Conquest of Azeroth	7	2025-10-15	2026-08-28
worldforged	354254	1	Swamp of Sorrows	0	Area 52 - Free-Pick|Bronzebeard - Warcraft Reborn|Darkmoon - Season 10 Wildcard|Dawnrise - Season 10 Freepick|Rexxar - Conquest of Azeroth|Vol'jin - Conquest of Azeroth	9	2025-10-15	2026-08-28
worldforged	354255	1	Swamp of Sorrows	0	Area 52 - Free-Pick|Bronzebeard - Warcraft Reborn|Darkmoon - Season 10 Wildcard|Dawnrise - Season 10 Freepick|Rexxar - Conquest of Azeroth|Vol'jin - Conquest of Azeroth	13	2025-10-15	2026-08-30
worldforged	354256	2	Swamp of Sorrows|The Hinterlands	0	Area 52 - Free-Pick|Bronzebeard - Warcraft Reborn|Darkmoon - Season 10 Wildcard|Dawnrise - Season 10 Freepick|Rexxar - Conquest of Azeroth|Vol'jin - Conquest of Azeroth	10	2025-10-05	2026-08-28
worldforged	354257	2	Swamp of Sorrows	0	Area 52 - Free-Pick|Bronzebeard - Warcraft Reborn|Darkmoon - Season 10 Wildcard|Dawnrise - Season 10 Freepick|Rexxar - Conquest of Azeroth|Vol'jin - Conquest of Azeroth	9	2025-10-06	2026-08-30
worldforged	354258	1	Swamp of Sorrows	0	Area 52 - Free-Pick|Bronzebeard - Warcraft Reborn|Darkmoon - Season 10 Wildcard|Dawnrise - Season 10 Freepick|Rexxar - Conquest of Azeroth|Vol'jin - Conquest of Azeroth	9	2025-10-08	2026-08-28
worldforged	354259	1	Swamp of Sorrows	0	Area 52 - Free-Pick|Bronzebeard - Warcraft Reborn|Darkmoon - Season 10 Wildcard|Dawnrise - Season 10 Freepick|Rexxar - Conquest of Azeroth|Vol'jin - Conquest of Azeroth	9	2025-10-07	2026-08-28
worldforged	354260	3	Swamp of Sorrows|The Hinterlands	0	Area 52 - Free-Pick|Bronzebeard - Warcraft Reborn|Darkmoon - Season 10 Wildcard|Dawnrise - Season 10 Freepick|Rexxar - Conquest of Azeroth|Vol'jin - Conquest of Azeroth	14	2025-10-07	2026-08-28
worldforged	354261	1	Swamp of Sorrows	0	Area 52 - Free-Pick|Bronzebeard - Warcraft Reborn|Darkmoon - Season 10 Wildcard|Dawnrise - Season 10 Freepick|Rexxar - Conquest of Azeroth|Vol'jin - Conquest of Azeroth	10	2025-10-07	2026-08-27
worldforged	354262	1	Swamp of Sorrows	0	Area 52 - Free-Pick|Bronzebeard - Warcraft Reborn|Darkmoon - Season 10 Wildcard|Dawnrise - Season 10 Freepick|Rexxar - Conquest of Azeroth|Vol'jin - Conquest of Azeroth	9	2025-10-07	2026-08-28
worldforged	354263	2	Swamp of Sorrows|Westfall	0	Area 52 - Free-Pick|Bronzebeard - Warcraft Reborn|Darkmoon - Season 10 Wildcard|Dawnrise - Season 10 Freepick|Rexxar - Conquest of Azeroth|Vol'jin - Conquest of Azeroth	12	2025-10-07	2026-08-30
worldforged	354264	3	Badlands|Swamp of Sorrows|The Hinterlands	0	Area 52 - Free-Pick|Bronzebeard - Warcraft Reborn|Darkmoon - Season 10 Wildcard|Dawnrise - Season 10 Freepick|Rexxar - Conquest of Azeroth|Vol'jin - Conquest of Azeroth	11	2025-10-07	2026-08-28
worldforged	354265	3	Swamp of Sorrows|Westfall	0	Area 52 - Free-Pick|Bronzebeard - Warcraft Reborn|Darkmoon - Season 10 Wildcard|Dawnrise - Season 10 Freepick|Rexxar - Conquest of Azeroth|Vol'jin - Conquest of Azeroth	12	2025-10-06	2026-08-30
worldforged	354266	1	Swamp of Sorrows	0	Area 52 - Free-Pick|Bronzebeard - Warcraft Reborn|Darkmoon - Season 10 Wildcard|Dawnrise - Season 10 Freepick|Rexxar - Conquest of Azeroth|Vol'jin - Conquest of Azeroth	12	2025-10-07	2026-08-26
worldforged	354268	2	Dustwallow Marsh	1	Area 52 - Free-Pick|Bronzebeard - Warcraft Reborn|Darkmoon - Season 10 Wildcard|Dawnrise - Season 10 Freepick|Rexxar - Conquest of Azeroth|Vol'jin - Conquest of Azeroth	11	2025-10-09	2026-08-27
worldforged	354269	2	Dustwallow Marsh|Stillpine Hold	1	Area 52 - Free-Pick|Bronzebeard - Warcraft Reborn|Darkmoon - Season 10 Wildcard|Dawnrise - Season 10 Freepick|Rexxar - Conquest of Azeroth|Vol'jin - Conquest of Azeroth	13	2025-10-05	2026-08-27
worldforged	354271	1	Azshara	1	Area 52 - Free-Pick|Bronzebeard - Warcraft Reborn|Darkmoon - Season 10 Wildcard|Dawnrise - Season 10 Freepick|Rexxar - Conquest of Azeroth|Vol'jin - Conquest of Azeroth	10	2025-10-11	2026-08-28
worldforged	354273	1	Azshara	1	Area 52 - Free-Pick|Bronzebeard - Warcraft Reborn|Darkmoon - Season 10 Wildcard|Dawnrise - Season 10 Freepick|Rexxar - Conquest of Azeroth|Vol'jin - Conquest of Azeroth	9	2025-10-12	2026-08-28
worldforged	354275	1	Azshara	1	Area 52 - Free-Pick|Darkmoon - Season 10 Wildcard|Dawnrise - Season 10 Freepick|Rexxar - Conquest of Azeroth|Vol'jin - Conquest of Azeroth	8	2025-10-14	2026-08-27
worldforged	354276	1	Azshara	1	Area 52 - Free-Pick|Bronzebeard - Warcraft Reborn|Darkmoon - Season 10 Wildcard|Dawnrise - Season 10 Freepick|Rexxar - Conquest of Azeroth|Vol'jin - Conquest of Azeroth	11	2026-04-26	2026-08-27
worldforged	354277	1	Azshara	1	Area 52 - Free-Pick|Bronzebeard - Warcraft Reborn|Darkmoon - Season 10 Wildcard|Dawnrise - Season 10 Freepick|Rexxar - Conquest of Azeroth|Vol'jin - Conquest of Azeroth	6	2025-10-17	2026-05-20
worldforged	354278	1	Azshara	1	Area 52 - Free-Pick|Bronzebeard - Warcraft Reborn|Darkmoon - Season 10 Wildcard|Dawnrise - Season 10 Freepick|Rexxar - Conquest of Azeroth|Vol'jin - Conquest of Azeroth	10	2025-10-20	2026-08-30
worldforged	354279	1	Azshara	1	Area 52 - Free-Pick|Bronzebeard - Warcraft Reborn|Darkmoon - Season 10 Wildcard|Dawnrise - Season 10 Freepick|Rexxar - Conquest of Azeroth|Vol'jin - Conquest of Azeroth	10	2025-11-22	2026-07-28
worldforged	354280	4	Azshara|Badlands|Tanaris	0|1	Rexxar - Conquest of Azeroth|Vol'jin - Conquest of Azeroth	5	2026-08-05	2026-08-21
worldforged	354283	1	Azshara	1	Area 52 - Free-Pick|Bronzebeard - Warcraft Reborn|Darkmoon - Season 10 Wildcard|Dawnrise - Season 10 Freepick|Rexxar - Conquest of Azeroth|Vol'jin - Conquest of Azeroth	7	2025-10-18	2026-08-27
worldforged	354286	2	Azshara|Winterspring	1	Rexxar - Conquest of Azeroth|Vol'jin - Conquest of Azeroth	3	2026-07-23	2026-08-20
worldforged	354289	26	Ashenvale|Badlands|Deadwind Pass|Desolace|Dire Maul|Eastern Plaguelands|Felwood|Gnomeregan|Hillsbrad Foothills|Razorfen Kraul|Searing Gorge|Silithus|Stranglethorn Vale|Stratholme|Swamp of Sorrows|Thousand Needles|Uldaman|Un'Goro Crater|Winterspring	0|1|47|70|90|329|429	Rexxar - Conquest of Azeroth|Vol'jin - Conquest of Azeroth	29	2026-07-29	2026-08-25
worldforged	354292	54	Ashenvale|Azshara|Badlands|Blackrock Caverns|Blackrock Depths|Blasted Lands|Burning Steppes|Deadwind Pass|Dire Maul|Dustwallow Marsh|Eastern Plaguelands|Felwood|Feralas|Gnomeregan|Hillsbrad Foothills|Maraudon|Razorfen Downs|Redridge Mountains|Scarlet Monastery|Scholomance|Searing Gorge|Silithus|Stratholme|Swamp of Sorrows|The Deadmines|Thousand Needles|Uldaman|Un'Goro Crater|Western Plaguelands|Winterspring	0|1|36|70|90|129|189|230|289|329|349|429|645	Rexxar - Conquest of Azeroth|Vol'jin - Conquest of Azeroth	61	2026-07-21	2026-08-25
worldforged	354293	19	Badlands|Blackfathom Deeps|Blackrock Depths|Burning Steppes|Dustwallow Marsh|Eastern Plaguelands|Razorfen Kraul|Scarlet Monastery|Searing Gorge|Stranglethorn Vale|Tanaris|The Hinterlands|Un'Goro Crater|Western Plaguelands	0|1|47|48|189|230	Rexxar - Conquest of Azeroth|Vol'jin - Conquest of Azeroth	24	2026-07-26	2026-08-24
worldforged	354295	1	Un'Goro Crater	1	Area 52 - Free-Pick|Bronzebeard - Warcraft Reborn|Darkmoon - Season 10 Wildcard|Dawnrise - Season 10 Freepick|Rexxar - Conquest of Azeroth|Vol'jin - Conquest of Azeroth	11	2025-10-09	2026-08-27
worldforged	354300	3	Ashenvale|Un'Goro Crater	1	Area 52 - Free-Pick|Bronzebeard - Warcraft Reborn|Darkmoon - Season 10 Wildcard|Dawnrise - Season 10 Freepick|Rexxar - Conquest of Azeroth|Vol'jin - Conquest of Azeroth	13	2025-10-11	2026-08-26
worldforged	354312	2	Badlands|Deadwind Pass	0	Area 52 - Free-Pick|Bronzebeard - Warcraft Reborn|Darkmoon - Season 10 Wildcard|Dawnrise - Season 10 Freepick|Rexxar - Conquest of Azeroth|Vol'jin - Conquest of Azeroth	10	2025-10-11	2026-08-26
worldforged	354325	1	Silithus	1	Area 52 - Free-Pick|Bronzebeard - Warcraft Reborn|Darkmoon - Season 10 Wildcard|Dawnrise - Season 10 Freepick|Rexxar - Conquest of Azeroth|Vol'jin - Conquest of Azeroth	10	2025-10-10	2026-08-29
worldforged	354326	4	Silithus	1	Area 52 - Free-Pick|Darkmoon - Season 10 Wildcard|Dawnrise - Season 10 Freepick|Rexxar - Conquest of Azeroth|Vol'jin - Conquest of Azeroth	9	2025-11-30	2026-07-31
worldforged	354327	1	Alterac Mountains	0	Area 52 - Free-Pick|Bronzebeard - Warcraft Reborn|Darkmoon - Season 10 Wildcard|Dawnrise - Season 10 Freepick|Rexxar - Conquest of Azeroth|Vol'jin - Conquest of Azeroth	10	2025-10-05	2026-08-28
worldforged	354328	1	Burning Steppes	0	Area 52 - Free-Pick|Darkmoon - Season 10 Wildcard|Dawnrise - Season 10 Freepick|Rexxar - Conquest of Azeroth|Vol'jin - Conquest of Azeroth	11	2025-10-14	2026-08-27
worldforged	354446	1	Deadwind Pass	0	Area 52 - Free-Pick|Bronzebeard - Warcraft Reborn|Darkmoon - Season 10 Wildcard|Dawnrise - Season 10 Freepick|Rexxar - Conquest of Azeroth|Vol'jin - Conquest of Azeroth	10	2025-10-28	2026-08-25
worldforged	354447	3	Badlands|Deadwind Pass|Zul'Farrak	0|209	Area 52 - Free-Pick|Bronzebeard - Warcraft Reborn|Darkmoon - Season 10 Wildcard|Dawnrise - Season 10 Freepick|Rexxar - Conquest of Azeroth|Vol'jin - Conquest of Azeroth	14	2025-10-27	2026-08-25
worldforged	354448	2	Deadwind Pass|Redridge Mountains	0	Area 52 - Free-Pick|Bronzebeard - Warcraft Reborn|Darkmoon - Season 10 Wildcard|Dawnrise - Season 10 Freepick|Rexxar - Conquest of Azeroth|Vol'jin - Conquest of Azeroth	12	2025-10-27	2026-08-04
worldforged	354449	2	Deadwind Pass	0	Area 52 - Free-Pick|Bronzebeard - Warcraft Reborn|Darkmoon - Season 10 Wildcard|Dawnrise - Season 10 Freepick|Rexxar - Conquest of Azeroth|Vol'jin - Conquest of Azeroth	10	2025-10-28	2026-08-25
worldforged	354450	2	Deadwind Pass|Swamp of Sorrows	0	Area 52 - Free-Pick|Bronzebeard - Warcraft Reborn|Darkmoon - Season 10 Wildcard|Dawnrise - Season 10 Freepick|Rexxar - Conquest of Azeroth|Vol'jin - Conquest of Azeroth	10	2025-10-28	2026-08-25
worldforged	354451	5	Badlands|Deadwind Pass|Swamp of Sorrows|Un'Goro Crater	0|1	Area 52 - Free-Pick|Bronzebeard - Warcraft Reborn|Darkmoon - Season 10 Wildcard|Dawnrise - Season 10 Freepick|Rexxar - Conquest of Azeroth|Vol'jin - Conquest of Azeroth	14	2025-10-27	2026-08-28
worldforged	354452	4	Badlands|Deadwind Pass	0	Area 52 - Free-Pick|Bronzebeard - Warcraft Reborn|Darkmoon - Season 10 Wildcard|Dawnrise - Season 10 Freepick|Rexxar - Conquest of Azeroth|Vol'jin - Conquest of Azeroth	14	2025-10-07	2026-09-04
worldforged	354453	1	Deadwind Pass	0	Area 52 - Free-Pick|Bronzebeard - Warcraft Reborn|Darkmoon - Season 10 Wildcard|Dawnrise - Season 10 Freepick|Rexxar - Conquest of Azeroth|Vol'jin - Conquest of Azeroth	9	2025-10-28	2026-08-27
worldforged	354454	2	Deadwind Pass|Redridge Mountains	0	Area 52 - Free-Pick|Bronzebeard - Warcraft Reborn|Darkmoon - Season 10 Wildcard|Dawnrise - Season 10 Freepick|Rexxar - Conquest of Azeroth|Vol'jin - Conquest of Azeroth	13	2025-10-27	2026-07-28
worldforged	354455	1	Deadwind Pass	0	Area 52 - Free-Pick|Bronzebeard - Warcraft Reborn|Darkmoon - Season 10 Wildcard|Dawnrise - Season 10 Freepick|Rexxar - Conquest of Azeroth|Vol'jin - Conquest of Azeroth	11	2025-10-27	2026-08-28
worldforged	354456	2	Badlands|Deadwind Pass	0	Area 52 - Free-Pick|Bronzebeard - Warcraft Reborn|Darkmoon - Season 10 Wildcard|Dawnrise - Season 10 Freepick|Rexxar - Conquest of Azeroth|Vol'jin - Conquest of Azeroth	10	2025-10-28	2026-08-22
worldforged	354457	1	Deadwind Pass	0	Area 52 - Free-Pick|Bronzebeard - Warcraft Reborn|Darkmoon - Season 10 Wildcard|Dawnrise - Season 10 Freepick|Rexxar - Conquest of Azeroth|Vol'jin - Conquest of Azeroth	11	2025-10-07	2026-08-25
worldforged	354458	1	Deadwind Pass	0	Area 52 - Free-Pick|Bronzebeard - Warcraft Reborn|Darkmoon - Season 10 Wildcard|Dawnrise - Season 10 Freepick|Rexxar - Conquest of Azeroth|Vol'jin - Conquest of Azeroth	8	2025-10-28	2026-08-28
worldforged	354459	3	Badlands|Deadwind Pass|Swamp of Sorrows	0	Area 52 - Free-Pick|Bronzebeard - Warcraft Reborn|Darkmoon - Season 10 Wildcard|Dawnrise - Season 10 Freepick|Rexxar - Conquest of Azeroth|Vol'jin - Conquest of Azeroth	15	2025-10-28	2026-08-28
worldforged	354460	3	Badlands|Deadwind Pass|Swamp of Sorrows	0	Area 52 - Free-Pick|Bronzebeard - Warcraft Reborn|Darkmoon - Season 10 Wildcard|Dawnrise - Season 10 Freepick|Rexxar - Conquest of Azeroth|Vol'jin - Conquest of Azeroth	10	2025-10-27	2026-08-25
worldforged	354461	3	Deadwind Pass	0	Area 52 - Free-Pick|Bronzebeard - Warcraft Reborn|Darkmoon - Season 10 Wildcard|Dawnrise - Season 10 Freepick|Rexxar - Conquest of Azeroth|Vol'jin - Conquest of Azeroth	10	2025-10-28	2026-07-15
worldforged	354462	1	Deadwind Pass	0	Area 52 - Free-Pick|Bronzebeard - Warcraft Reborn|Darkmoon - Season 10 Wildcard|Dawnrise - Season 10 Freepick|Rexxar - Conquest of Azeroth|Vol'jin - Conquest of Azeroth	9	2025-10-28	2026-07-14
worldforged	354463	2	Badlands|Deadwind Pass	0	Area 52 - Free-Pick|Darkmoon - Season 10 Wildcard|Dawnrise - Season 10 Freepick|Rexxar - Conquest of Azeroth|Vol'jin - Conquest of Azeroth	13	2025-10-27	2026-08-25
worldforged	354464	1	Deadwind Pass	0	Area 52 - Free-Pick|Bronzebeard - Warcraft Reborn|Darkmoon - Season 10 Wildcard|Dawnrise - Season 10 Freepick|Rexxar - Conquest of Azeroth|Vol'jin - Conquest of Azeroth	10	2025-10-27	2026-08-25
worldforged	354465	1	Deadwind Pass	0	Area 52 - Free-Pick|Bronzebeard - Warcraft Reborn|Darkmoon - Season 10 Wildcard|Dawnrise - Season 10 Freepick|Rexxar - Conquest of Azeroth|Vol'jin - Conquest of Azeroth	8	2025-10-28	2026-08-25
worldforged	354466	1	Deadwind Pass	0	Area 52 - Free-Pick|Darkmoon - Season 10 Wildcard|Dawnrise - Season 10 Freepick|Rexxar - Conquest of Azeroth|Vol'jin - Conquest of Azeroth	9	2025-10-11	2026-08-26
worldforged	354467	9	Azshara|Burning Steppes|Deadwind Pass|Eastern Plaguelands|Scarlet Monastery|The Hinterlands|Western Plaguelands	0|1|189	Rexxar - Conquest of Azeroth|Vol'jin - Conquest of Azeroth	12	2026-07-23	2026-08-20
worldforged	354468	1	Deadwind Pass	0	Area 52 - Free-Pick|Bronzebeard - Warcraft Reborn|Darkmoon - Season 10 Wildcard|Dawnrise - Season 10 Freepick|Rexxar - Conquest of Azeroth|Vol'jin - Conquest of Azeroth	6	2025-10-28	2026-08-22
worldforged	354469	1	Deadwind Pass	0	Area 52 - Free-Pick|Bronzebeard - Warcraft Reborn|Darkmoon - Season 10 Wildcard|Dawnrise - Season 10 Freepick|Rexxar - Conquest of Azeroth|Vol'jin - Conquest of Azeroth	9	2025-10-28	2026-08-27
worldforged	354472	1	Deadwind Pass	0	Rexxar - Conquest of Azeroth|Vol'jin - Conquest of Azeroth	2	2026-07-26	2026-07-27
worldforged	354473	6	Durotar|Red Cloud Mesa|Valley of Trials	1	Area 52 - Free-Pick|Bronzebeard - Warcraft Reborn|Darkmoon - Season 10 Wildcard|Dawnrise - Season 10 Freepick|Rexxar - Conquest of Azeroth|Vol'jin - Conquest of Azeroth	17	2026-04-27	2026-09-03
worldforged	354474	3	Mulgore|Red Cloud Mesa	1	Area 52 - Free-Pick|Bronzebeard - Warcraft Reborn|Darkmoon - Season 10 Wildcard|Dawnrise - Season 10 Freepick|Rexxar - Conquest of Azeroth|Vol'jin - Conquest of Azeroth	12	2025-10-04	2026-08-31
worldforged	354475	5	Mulgore|Red Cloud Mesa	1	Area 52 - Free-Pick|Bronzebeard - Warcraft Reborn|Darkmoon - Season 10 Wildcard|Dawnrise - Season 10 Freepick|Rexxar - Conquest of Azeroth|Vol'jin - Conquest of Azeroth	11	2025-10-19	2026-08-31
worldforged	354476	5	Arathi Highlands|Elwynn Forest|Fargodeep Mine	0	Area 52 - Free-Pick|Bronzebeard - Warcraft Reborn|Darkmoon - Season 10 Wildcard|Dawnrise - Season 10 Freepick|Rexxar - Conquest of Azeroth|Vol'jin - Conquest of Azeroth	14	2025-10-18	2026-08-30
worldforged	354477	7	Alterac Mountains|Arathi Highlands|Duskwood|Elwynn Forest|Fargodeep Mine	0	Area 52 - Free-Pick|Bronzebeard - Warcraft Reborn|Darkmoon - Season 10 Wildcard|Dawnrise - Season 10 Freepick|Rexxar - Conquest of Azeroth|Vol'jin - Conquest of Azeroth	22	2025-10-04	2026-08-31
worldforged	354479	2	Arathi Highlands	0	Area 52 - Free-Pick|Bronzebeard - Warcraft Reborn|Darkmoon - Season 10 Wildcard|Dawnrise - Season 10 Freepick|Rexxar - Conquest of Azeroth|Vol'jin - Conquest of Azeroth	12	2025-10-19	2026-08-28
worldforged	354480	1	Thousand Needles	1	Area 52 - Free-Pick|Bronzebeard - Warcraft Reborn|Darkmoon - Season 10 Wildcard|Dawnrise - Season 10 Freepick|Rexxar - Conquest of Azeroth|Vol'jin - Conquest of Azeroth	19	2025-10-05	2026-08-27
worldforged	354481	3	Dire Maul|Thousand Needles	1|429	Area 52 - Free-Pick|Bronzebeard - Warcraft Reborn|Darkmoon - Season 10 Wildcard|Dawnrise - Season 10 Freepick|Rexxar - Conquest of Azeroth|Vol'jin - Conquest of Azeroth	11	2025-10-04	2026-08-28
worldforged	354482	4	Darkshore|Thousand Needles	1	Area 52 - Free-Pick|Bronzebeard - Warcraft Reborn|Darkmoon - Season 10 Wildcard|Dawnrise - Season 10 Freepick|Rexxar - Conquest of Azeroth|Vol'jin - Conquest of Azeroth	12	2025-10-06	2026-08-27
worldforged	354483	4	Darkshore|Thousand Needles|Twilight's Run	1	Area 52 - Free-Pick|Darkmoon - Season 10 Wildcard|Dawnrise - Season 10 Freepick|Rexxar - Conquest of Azeroth|Vol'jin - Conquest of Azeroth	16	2025-10-04	2026-08-27
worldforged	354485	2	Desolace|Dustwallow Marsh	1	Area 52 - Free-Pick|Bronzebeard - Warcraft Reborn|Darkmoon - Season 10 Wildcard|Dawnrise - Season 10 Freepick|Rexxar - Conquest of Azeroth|Vol'jin - Conquest of Azeroth	12	2025-10-05	2026-08-25
worldforged	354486	2	Desolace	1	Area 52 - Free-Pick|Bronzebeard - Warcraft Reborn|Darkmoon - Season 10 Wildcard|Dawnrise - Season 10 Freepick|Rexxar - Conquest of Azeroth|Vol'jin - Conquest of Azeroth	9	2025-10-05	2026-08-27
worldforged	354487	2	Alterac Mountains|Northshire Valley	0	Area 52 - Free-Pick|Bronzebeard - Warcraft Reborn|Darkmoon - Season 10 Wildcard|Dawnrise - Season 10 Freepick|Rexxar - Conquest of Azeroth|Vol'jin - Conquest of Azeroth	13	2025-10-05	2026-08-27
worldforged	354488	2	Alterac Mountains|Deathknell	0	Area 52 - Free-Pick|Bronzebeard - Warcraft Reborn|Darkmoon - Season 10 Wildcard|Dawnrise - Season 10 Freepick|Rexxar - Conquest of Azeroth|Vol'jin - Conquest of Azeroth	15	2025-10-05	2026-08-26
worldforged	354489	1	Alterac Mountains	0	Area 52 - Free-Pick|Bronzebeard - Warcraft Reborn|Darkmoon - Season 10 Wildcard|Dawnrise - Season 10 Freepick|Rexxar - Conquest of Azeroth|Vol'jin - Conquest of Azeroth	11	2025-10-27	2026-08-30
worldforged	354490	3	Alterac Mountains|Duskwood|Wailing Caverns	0|1	Area 52 - Free-Pick|Bronzebeard - Warcraft Reborn|Darkmoon - Season 10 Wildcard|Dawnrise - Season 10 Freepick|Rexxar - Conquest of Azeroth|Vol'jin - Conquest of Azeroth	14	2025-10-04	2026-08-28
worldforged	354491	4	Deadwind Pass|Stranglethorn Vale|Wetlands	0	Area 52 - Free-Pick|Bronzebeard - Warcraft Reborn|Darkmoon - Season 10 Wildcard|Dawnrise - Season 10 Freepick|Rexxar - Conquest of Azeroth|Vol'jin - Conquest of Azeroth	15	2025-10-05	2026-08-28
worldforged	354492	1	Stranglethorn Vale	0	Area 52 - Free-Pick|Bronzebeard - Warcraft Reborn|Darkmoon - Season 10 Wildcard|Dawnrise - Season 10 Freepick|Rexxar - Conquest of Azeroth|Vol'jin - Conquest of Azeroth	10	2025-10-05	2026-08-28
worldforged	354493	3	Secret Inquisitorial Dungeon|Stranglethorn Vale|Wetlands	0	Area 52 - Free-Pick|Bronzebeard - Warcraft Reborn|Darkmoon - Season 10 Wildcard|Dawnrise - Season 10 Freepick|Rexxar - Conquest of Azeroth|Vol'jin - Conquest of Azeroth	15	2025-10-05	2026-08-28
worldforged	354494	1	Stranglethorn Vale	0	Area 52 - Free-Pick|Bronzebeard - Warcraft Reborn|Darkmoon - Season 10 Wildcard|Dawnrise - Season 10 Freepick|Rexxar - Conquest of Azeroth|Vol'jin - Conquest of Azeroth	9	2025-10-08	2026-08-27
worldforged	354495	4	Stranglethorn Vale|The Deadmines|Wetlands	0|36	Area 52 - Free-Pick|Bronzebeard - Warcraft Reborn|Darkmoon - Season 10 Wildcard|Dawnrise - Season 10 Freepick|Rexxar - Conquest of Azeroth|Vol'jin - Conquest of Azeroth	17	2025-10-05	2026-09-03
worldforged	354497	3	Deathknell|Desolace|Dustwind Cave	0|1	Area 52 - Free-Pick|Bronzebeard - Warcraft Reborn|Darkmoon - Season 10 Wildcard|Dawnrise - Season 10 Freepick|Rexxar - Conquest of Azeroth|Vol'jin - Conquest of Azeroth	13	2025-10-19	2026-08-26
worldforged	354498	2	Swamp of Sorrows|Westfall	0	Area 52 - Free-Pick|Bronzebeard - Warcraft Reborn|Darkmoon - Season 10 Wildcard|Dawnrise - Season 10 Freepick|Rexxar - Conquest of Azeroth|Vol'jin - Conquest of Azeroth	12	2025-10-07	2026-08-28
worldforged	354499	1	Swamp of Sorrows	0	Area 52 - Free-Pick|Bronzebeard - Warcraft Reborn|Darkmoon - Season 10 Wildcard|Dawnrise - Season 10 Freepick|Rexxar - Conquest of Azeroth|Vol'jin - Conquest of Azeroth	11	2025-10-07	2026-08-28
worldforged	354500	2	Swamp of Sorrows|The Hinterlands	0	Area 52 - Free-Pick|Bronzebeard - Warcraft Reborn|Darkmoon - Season 10 Wildcard|Dawnrise - Season 10 Freepick|Rexxar - Conquest of Azeroth|Vol'jin - Conquest of Azeroth	10	2025-10-12	2026-08-28
worldforged	354501	1	Swamp of Sorrows	0	Area 52 - Free-Pick|Bronzebeard - Warcraft Reborn|Darkmoon - Season 10 Wildcard|Dawnrise - Season 10 Freepick|Rexxar - Conquest of Azeroth|Vol'jin - Conquest of Azeroth	11	2025-10-09	2026-08-27
worldforged	354502	1	Badlands	0	Area 52 - Free-Pick|Bronzebeard - Warcraft Reborn|Darkmoon - Season 10 Wildcard|Dawnrise - Season 10 Freepick|Rexxar - Conquest of Azeroth|Vol'jin - Conquest of Azeroth	10	2025-10-09	2026-08-28
worldforged	354503	1	Badlands	0	Area 52 - Free-Pick|Bronzebeard - Warcraft Reborn|Darkmoon - Season 10 Wildcard|Dawnrise - Season 10 Freepick|Rexxar - Conquest of Azeroth|Vol'jin - Conquest of Azeroth	11	2025-10-05	2026-09-03
worldforged	354504	2	Badlands|Searing Gorge	0	Area 52 - Free-Pick|Bronzebeard - Warcraft Reborn|Darkmoon - Season 10 Wildcard|Dawnrise - Season 10 Freepick|Rexxar - Conquest of Azeroth|Vol'jin - Conquest of Azeroth	11	2025-10-05	2026-08-29
worldforged	354505	3	Badlands|Desolace	0|1	Area 52 - Free-Pick|Bronzebeard - Warcraft Reborn|Darkmoon - Season 10 Wildcard|Dawnrise - Season 10 Freepick|Rexxar - Conquest of Azeroth|Vol'jin - Conquest of Azeroth	14	2025-10-05	2026-09-01
worldforged	354506	3	Swamp of Sorrows|The Hinterlands|Westfall	0	Area 52 - Free-Pick|Bronzebeard - Warcraft Reborn|Darkmoon - Season 10 Wildcard|Dawnrise - Season 10 Freepick|Rexxar - Conquest of Azeroth|Vol'jin - Conquest of Azeroth	12	2025-10-05	2026-08-28
worldforged	354507	7	The Hinterlands|Thousand Needles|Tirisfal Glades|Westfall	0|1	Area 52 - Free-Pick|Bronzebeard - Warcraft Reborn|Darkmoon - Season 10 Wildcard|Dawnrise - Season 10 Freepick|Rexxar - Conquest of Azeroth|Vol'jin - Conquest of Azeroth	15	2025-10-19	2026-08-30
worldforged	354509	2	The Hinterlands	0	Area 52 - Free-Pick|Darkmoon - Season 10 Wildcard|Dawnrise - Season 10 Freepick|Rexxar - Conquest of Azeroth|Vol'jin - Conquest of Azeroth	9	2025-10-05	2026-08-28
worldforged	354510	1	The Hinterlands	0	Area 52 - Free-Pick|Bronzebeard - Warcraft Reborn|Darkmoon - Season 10 Wildcard|Dawnrise - Season 10 Freepick|Rexxar - Conquest of Azeroth|Vol'jin - Conquest of Azeroth	8	2025-10-08	2026-08-29
worldforged	354511	1	The Hinterlands	0	Area 52 - Free-Pick|Bronzebeard - Warcraft Reborn|Darkmoon - Season 10 Wildcard|Dawnrise - Season 10 Freepick|Rexxar - Conquest of Azeroth|Vol'jin - Conquest of Azeroth	9	2025-10-08	2026-08-29
worldforged	354512	2	The Hinterlands	0	Area 52 - Free-Pick|Bronzebeard - Warcraft Reborn|Darkmoon - Season 10 Wildcard|Dawnrise - Season 10 Freepick|Rexxar - Conquest of Azeroth|Vol'jin - Conquest of Azeroth	11	2025-10-05	2026-08-25
worldforged	354513	1	Tanaris	1	Area 52 - Free-Pick|Bronzebeard - Warcraft Reborn|Darkmoon - Season 10 Wildcard|Dawnrise - Season 10 Freepick|Rexxar - Conquest of Azeroth|Vol'jin - Conquest of Azeroth	11	2025-10-13	2026-08-29
worldforged	354514	1	Dire Maul	429	Rexxar - Conquest of Azeroth|Vol'jin - Conquest of Azeroth	2	2025-10-14	2026-05-20
worldforged	354515	1	Dustwallow Marsh	1	Area 52 - Free-Pick|Bronzebeard - Warcraft Reborn|Darkmoon - Season 10 Wildcard|Dawnrise - Season 10 Freepick|Rexxar - Conquest of Azeroth|Vol'jin - Conquest of Azeroth	9	2025-10-09	2026-08-27
worldforged	354516	3	Dustwallow Marsh|Fel Rock	1	Area 52 - Free-Pick|Bronzebeard - Warcraft Reborn|Darkmoon - Season 10 Wildcard|Dawnrise - Season 10 Freepick|Rexxar - Conquest of Azeroth|Vol'jin - Conquest of Azeroth	13	2025-10-09	2026-08-27
worldforged	354517	3	Dustwallow Marsh|Dustwind Cave	1	Area 52 - Free-Pick|Bronzebeard - Warcraft Reborn|Darkmoon - Season 10 Wildcard|Dawnrise - Season 10 Freepick|Rexxar - Conquest of Azeroth|Vol'jin - Conquest of Azeroth	13	2025-10-05	2026-09-03
worldforged	354518	4	Dustwallow Marsh|Fel Rock	1	Area 52 - Free-Pick|Bronzebeard - Warcraft Reborn|Darkmoon - Season 10 Wildcard|Dawnrise - Season 10 Freepick|Rexxar - Conquest of Azeroth|Vol'jin - Conquest of Azeroth	13	2025-10-05	2026-08-27
worldforged	354519	3	Dustwallow Marsh	1	Area 52 - Free-Pick|Darkmoon - Season 10 Wildcard|Dawnrise - Season 10 Freepick|Rexxar - Conquest of Azeroth|Vol'jin - Conquest of Azeroth	10	2025-10-05	2026-08-27
worldforged	354521	1	Dustwallow Marsh	1	Area 52 - Free-Pick|Bronzebeard - Warcraft Reborn|Darkmoon - Season 10 Wildcard|Dawnrise - Season 10 Freepick|Rexxar - Conquest of Azeroth|Vol'jin - Conquest of Azeroth	11	2025-10-07	2026-09-03
worldforged	354522	1	Blasted Lands	0	Area 52 - Free-Pick|Bronzebeard - Warcraft Reborn|Darkmoon - Season 10 Wildcard|Dawnrise - Season 10 Freepick|Rexxar - Conquest of Azeroth|Vol'jin - Conquest of Azeroth	9	2025-10-12	2026-08-28
worldforged	354523	2	Blasted Lands|Stranglethorn Vale	0	Area 52 - Free-Pick|Bronzebeard - Warcraft Reborn|Darkmoon - Season 10 Wildcard|Dawnrise - Season 10 Freepick|Rexxar - Conquest of Azeroth|Vol'jin - Conquest of Azeroth	10	2025-10-13	2026-08-28
worldforged	410010	3	Duskwood|Silithus|Western Plaguelands	0|1	Area 52 - Free-Pick|Bronzebeard - Warcraft Reborn|Darkmoon - Season 10 Wildcard|Dawnrise - Season 10 Freepick|Rexxar - Conquest of Azeroth|Vol'jin - Conquest of Azeroth	14	2025-10-17	2026-08-28
worldforged	410011	3	Western Plaguelands	0	Area 52 - Free-Pick|Bronzebeard - Warcraft Reborn|Darkmoon - Season 10 Wildcard|Dawnrise - Season 10 Freepick|Rexxar - Conquest of Azeroth|Vol'jin - Conquest of Azeroth	10	2025-10-10	2026-08-29
worldforged	410012	1	Western Plaguelands	0	Area 52 - Free-Pick|Bronzebeard - Warcraft Reborn|Darkmoon - Season 10 Wildcard|Dawnrise - Season 10 Freepick|Rexxar - Conquest of Azeroth|Vol'jin - Conquest of Azeroth	10	2025-10-12	2026-08-28
worldforged	410013	2	Blackfathom Deeps|Western Plaguelands	0|48	Area 52 - Free-Pick|Bronzebeard - Warcraft Reborn|Darkmoon - Season 10 Wildcard|Dawnrise - Season 10 Freepick|Rexxar - Conquest of Azeroth|Vol'jin - Conquest of Azeroth	12	2025-12-29	2026-08-28
worldforged	410014	1	Western Plaguelands	0	Area 52 - Free-Pick|Bronzebeard - Warcraft Reborn|Darkmoon - Season 10 Wildcard|Dawnrise - Season 10 Freepick|Rexxar - Conquest of Azeroth|Vol'jin - Conquest of Azeroth	11	2025-10-13	2026-08-28
worldforged	410015	1	Western Plaguelands	0	Rexxar - Conquest of Azeroth|Vol'jin - Conquest of Azeroth	2	2026-07-08	2026-07-08
worldforged	410016	4	Duskwood|Maraudon|Western Plaguelands|Winterspring	0|1|349	Area 52 - Free-Pick|Bronzebeard - Warcraft Reborn|Darkmoon - Season 10 Wildcard|Dawnrise - Season 10 Freepick|Rexxar - Conquest of Azeroth|Vol'jin - Conquest of Azeroth	15	2025-10-09	2026-08-28
worldforged	410017	1	Western Plaguelands	0	Area 52 - Free-Pick|Bronzebeard - Warcraft Reborn|Darkmoon - Season 10 Wildcard|Dawnrise - Season 10 Freepick|Rexxar - Conquest of Azeroth|Vol'jin - Conquest of Azeroth	11	2025-10-12	2026-08-28
worldforged	410018	1	Western Plaguelands	0	Area 52 - Free-Pick|Bronzebeard - Warcraft Reborn|Darkmoon - Season 10 Wildcard|Dawnrise - Season 10 Freepick|Rexxar - Conquest of Azeroth|Vol'jin - Conquest of Azeroth	10	2025-10-14	2026-08-28
worldforged	410019	1	Western Plaguelands	0	Area 52 - Free-Pick|Bronzebeard - Warcraft Reborn|Darkmoon - Season 10 Wildcard|Dawnrise - Season 10 Freepick|Rexxar - Conquest of Azeroth|Vol'jin - Conquest of Azeroth	11	2025-10-14	2026-08-28
worldforged	410020	2	Western Plaguelands	0	Area 52 - Free-Pick|Darkmoon - Season 10 Wildcard|Dawnrise - Season 10 Freepick|Rexxar - Conquest of Azeroth|Vol'jin - Conquest of Azeroth	11	2026-07-06	2026-08-28
worldforged	410021	1	Western Plaguelands	0	Area 52 - Free-Pick|Bronzebeard - Warcraft Reborn|Darkmoon - Season 10 Wildcard|Dawnrise - Season 10 Freepick|Rexxar - Conquest of Azeroth|Vol'jin - Conquest of Azeroth	10	2025-10-13	2026-08-27
worldforged	410022	1	Western Plaguelands	0	Area 52 - Free-Pick|Bronzebeard - Warcraft Reborn|Darkmoon - Season 10 Wildcard|Dawnrise - Season 10 Freepick|Rexxar - Conquest of Azeroth|Vol'jin - Conquest of Azeroth	11	2025-10-18	2026-08-27
worldforged	410023	3	Western Plaguelands	0	Area 52 - Free-Pick|Darkmoon - Season 10 Wildcard|Dawnrise - Season 10 Freepick|Rexxar - Conquest of Azeroth|Vol'jin - Conquest of Azeroth	9	2025-10-19	2026-08-28
worldforged	410024	3	Western Plaguelands	0	Area 52 - Free-Pick|Bronzebeard - Warcraft Reborn|Darkmoon - Season 10 Wildcard|Dawnrise - Season 10 Freepick|Rexxar - Conquest of Azeroth|Vol'jin - Conquest of Azeroth	10	2025-10-18	2026-08-27
worldforged	410025	1	Western Plaguelands	0	Area 52 - Free-Pick|Bronzebeard - Warcraft Reborn|Darkmoon - Season 10 Wildcard|Dawnrise - Season 10 Freepick|Rexxar - Conquest of Azeroth|Vol'jin - Conquest of Azeroth	10	2025-10-19	2026-08-27
worldforged	410026	2	Eastern Plaguelands|Western Plaguelands	0	Area 52 - Free-Pick|Bronzebeard - Warcraft Reborn|Darkmoon - Season 10 Wildcard|Dawnrise - Season 10 Freepick|Rexxar - Conquest of Azeroth|Vol'jin - Conquest of Azeroth	11	2025-10-09	2026-08-28
worldforged	410027	3	Eastern Plaguelands|Western Plaguelands	0	Area 52 - Free-Pick|Darkmoon - Season 10 Wildcard|Dawnrise - Season 10 Freepick|Rexxar - Conquest of Azeroth|Vol'jin - Conquest of Azeroth	13	2026-04-30	2026-08-28
worldforged	410028	3	Tanaris|Western Plaguelands	0|1	Area 52 - Free-Pick|Bronzebeard - Warcraft Reborn|Darkmoon - Season 10 Wildcard|Dawnrise - Season 10 Freepick|Rexxar - Conquest of Azeroth|Vol'jin - Conquest of Azeroth	12	2025-10-12	2026-08-25
worldforged	410029	1	Western Plaguelands	0	Area 52 - Free-Pick|Bronzebeard - Warcraft Reborn|Darkmoon - Season 10 Wildcard|Dawnrise - Season 10 Freepick|Rexxar - Conquest of Azeroth|Vol'jin - Conquest of Azeroth	8	2025-10-11	2026-08-26
worldforged	410030	1	Western Plaguelands	0	Area 52 - Free-Pick|Bronzebeard - Warcraft Reborn|Darkmoon - Season 10 Wildcard|Dawnrise - Season 10 Freepick|Rexxar - Conquest of Azeroth|Vol'jin - Conquest of Azeroth	11	2025-10-09	2026-08-28
worldforged	410031	2	Western Plaguelands	0	Area 52 - Free-Pick|Bronzebeard - Warcraft Reborn|Darkmoon - Season 10 Wildcard|Dawnrise - Season 10 Freepick|Rexxar - Conquest of Azeroth|Vol'jin - Conquest of Azeroth	11	2025-10-09	2026-08-30
worldforged	410032	1	Western Plaguelands	0	Area 52 - Free-Pick|Bronzebeard - Warcraft Reborn|Darkmoon - Season 10 Wildcard|Dawnrise - Season 10 Freepick|Rexxar - Conquest of Azeroth|Vol'jin - Conquest of Azeroth	10	2025-10-09	2026-08-28
worldforged	410033	2	Western Plaguelands	0	Area 52 - Free-Pick|Bronzebeard - Warcraft Reborn|Darkmoon - Season 10 Wildcard|Dawnrise - Season 10 Freepick|Rexxar - Conquest of Azeroth|Vol'jin - Conquest of Azeroth	11	2025-10-05	2026-08-28
worldforged	410034	2	Western Plaguelands	0	Area 52 - Free-Pick|Bronzebeard - Warcraft Reborn|Darkmoon - Season 10 Wildcard|Dawnrise - Season 10 Freepick|Rexxar - Conquest of Azeroth|Vol'jin - Conquest of Azeroth	8	2025-10-15	2026-08-26
worldforged	410035	2	Duskwood|Western Plaguelands	0	Area 52 - Free-Pick|Bronzebeard - Warcraft Reborn|Darkmoon - Season 10 Wildcard|Dawnrise - Season 10 Freepick|Rexxar - Conquest of Azeroth|Vol'jin - Conquest of Azeroth	11	2025-10-09	2026-08-28
worldforged	410036	1	Western Plaguelands	0	Area 52 - Free-Pick|Bronzebeard - Warcraft Reborn|Darkmoon - Season 10 Wildcard|Dawnrise - Season 10 Freepick|Rexxar - Conquest of Azeroth|Vol'jin - Conquest of Azeroth	9	2025-10-05	2026-08-24
worldforged	410038	1	Silithus	1	Area 52 - Free-Pick|Bronzebeard - Warcraft Reborn|Darkmoon - Season 10 Wildcard|Dawnrise - Season 10 Freepick|Rexxar - Conquest of Azeroth|Vol'jin - Conquest of Azeroth	9	2025-10-13	2026-08-28
worldforged	410039	1	Silithus	1	Area 52 - Free-Pick|Bronzebeard - Warcraft Reborn|Darkmoon - Season 10 Wildcard|Dawnrise - Season 10 Freepick|Rexxar - Conquest of Azeroth|Vol'jin - Conquest of Azeroth	11	2025-10-10	2026-08-28
worldforged	410040	2	Silithus	1	Area 52 - Free-Pick|Bronzebeard - Warcraft Reborn|Darkmoon - Season 10 Wildcard|Dawnrise - Season 10 Freepick|Rexxar - Conquest of Azeroth|Vol'jin - Conquest of Azeroth	9	2025-10-18	2026-08-28
worldforged	410041	1	Silithus	1	Area 52 - Free-Pick|Bronzebeard - Warcraft Reborn|Darkmoon - Season 10 Wildcard|Dawnrise - Season 10 Freepick|Rexxar - Conquest of Azeroth|Vol'jin - Conquest of Azeroth	7	2025-10-10	2026-08-28
worldforged	410042	3	Silithus|Sinister Lair	1	Area 52 - Free-Pick|Darkmoon - Season 10 Wildcard|Dawnrise - Season 10 Freepick|Rexxar - Conquest of Azeroth|Vol'jin - Conquest of Azeroth	11	2025-10-10	2026-08-27
worldforged	410043	2	Twilight's Run	1	Area 52 - Free-Pick|Bronzebeard - Warcraft Reborn|Darkmoon - Season 10 Wildcard|Dawnrise - Season 10 Freepick|Rexxar - Conquest of Azeroth|Vol'jin - Conquest of Azeroth	8	2025-10-10	2026-08-29
worldforged	410044	1	Twilight's Run	1	Area 52 - Free-Pick|Bronzebeard - Warcraft Reborn|Darkmoon - Season 10 Wildcard|Dawnrise - Season 10 Freepick|Rexxar - Conquest of Azeroth|Vol'jin - Conquest of Azeroth	7	2025-10-19	2026-08-29
worldforged	410045	1	Silithus	1	Area 52 - Free-Pick|Bronzebeard - Warcraft Reborn|Darkmoon - Season 10 Wildcard|Dawnrise - Season 10 Freepick|Rexxar - Conquest of Azeroth|Vol'jin - Conquest of Azeroth	10	2025-10-10	2026-08-24
worldforged	410046	1	Silithus	1	Area 52 - Free-Pick|Bronzebeard - Warcraft Reborn|Darkmoon - Season 10 Wildcard|Dawnrise - Season 10 Freepick|Rexxar - Conquest of Azeroth|Vol'jin - Conquest of Azeroth	9	2025-10-21	2026-08-26
worldforged	410047	2	Silithus	1	Area 52 - Free-Pick|Bronzebeard - Warcraft Reborn|Darkmoon - Season 10 Wildcard|Dawnrise - Season 10 Freepick|Rexxar - Conquest of Azeroth|Vol'jin - Conquest of Azeroth	12	2025-10-10	2026-08-28
worldforged	410048	1	Silithus	1	Area 52 - Free-Pick|Bronzebeard - Warcraft Reborn|Darkmoon - Season 10 Wildcard|Dawnrise - Season 10 Freepick|Rexxar - Conquest of Azeroth|Vol'jin - Conquest of Azeroth	9	2025-10-11	2026-08-31
worldforged	410049	2	Silithus	1	Area 52 - Free-Pick|Bronzebeard - Warcraft Reborn|Darkmoon - Season 10 Wildcard|Dawnrise - Season 10 Freepick|Rexxar - Conquest of Azeroth|Vol'jin - Conquest of Azeroth	10	2025-10-10	2026-08-28
worldforged	410050	2	Silithus	1	Area 52 - Free-Pick|Bronzebeard - Warcraft Reborn|Darkmoon - Season 10 Wildcard|Dawnrise - Season 10 Freepick|Rexxar - Conquest of Azeroth|Vol'jin - Conquest of Azeroth	12	2025-10-10	2026-08-28
worldforged	410051	3	Silithus|Western Plaguelands	0|1	Area 52 - Free-Pick|Bronzebeard - Warcraft Reborn|Darkmoon - Season 10 Wildcard|Dawnrise - Season 10 Freepick|Rexxar - Conquest of Azeroth|Vol'jin - Conquest of Azeroth	12	2025-10-10	2026-08-25
worldforged	410052	3	Silithus	1	Area 52 - Free-Pick|Bronzebeard - Warcraft Reborn|Darkmoon - Season 10 Wildcard|Dawnrise - Season 10 Freepick|Rexxar - Conquest of Azeroth|Vol'jin - Conquest of Azeroth	9	2025-10-10	2026-08-25
worldforged	410055	1	Silithus	1	Area 52 - Free-Pick|Bronzebeard - Warcraft Reborn|Darkmoon - Season 10 Wildcard|Dawnrise - Season 10 Freepick|Rexxar - Conquest of Azeroth|Vol'jin - Conquest of Azeroth	9	2025-10-10	2026-08-26
worldforged	410056	4	Silithus	1	Area 52 - Free-Pick|Bronzebeard - Warcraft Reborn|Darkmoon - Season 10 Wildcard|Dawnrise - Season 10 Freepick|Rexxar - Conquest of Azeroth|Vol'jin - Conquest of Azeroth	10	2025-10-19	2026-08-31
worldforged	410057	3	Silithus	1	Area 52 - Free-Pick|Bronzebeard - Warcraft Reborn|Darkmoon - Season 10 Wildcard|Dawnrise - Season 10 Freepick|Rexxar - Conquest of Azeroth|Vol'jin - Conquest of Azeroth	10	2025-10-10	2026-08-29
worldforged	410058	3	Silithus|Sinister Lair	1	Area 52 - Free-Pick|Darkmoon - Season 10 Wildcard|Dawnrise - Season 10 Freepick|Rexxar - Conquest of Azeroth|Vol'jin - Conquest of Azeroth	10	2025-10-10	2026-08-28
worldforged	410059	1	Silithus	1	Area 52 - Free-Pick|Darkmoon - Season 10 Wildcard|Dawnrise - Season 10 Freepick|Rexxar - Conquest of Azeroth|Vol'jin - Conquest of Azeroth	9	2025-10-10	2026-08-31
worldforged	410060	1	Silithus	1	Area 52 - Free-Pick|Bronzebeard - Warcraft Reborn|Darkmoon - Season 10 Wildcard|Dawnrise - Season 10 Freepick|Rexxar - Conquest of Azeroth|Vol'jin - Conquest of Azeroth	7	2025-10-10	2026-07-31
worldforged	410061	2	Silithus|Sinister Lair	1	Area 52 - Free-Pick|Bronzebeard - Warcraft Reborn|Darkmoon - Season 10 Wildcard|Dawnrise - Season 10 Freepick|Rexxar - Conquest of Azeroth|Vol'jin - Conquest of Azeroth	8	2025-10-10	2026-08-29
worldforged	410062	2	Silithus|Un'Goro Crater	1	Area 52 - Free-Pick|Bronzebeard - Warcraft Reborn|Darkmoon - Season 10 Wildcard|Dawnrise - Season 10 Freepick|Rexxar - Conquest of Azeroth|Vol'jin - Conquest of Azeroth	9	2025-10-10	2026-08-21
worldforged	410063	1	Silithus	1	Area 52 - Free-Pick|Bronzebeard - Warcraft Reborn|Darkmoon - Season 10 Wildcard|Dawnrise - Season 10 Freepick|Rexxar - Conquest of Azeroth|Vol'jin - Conquest of Azeroth	11	2025-10-10	2026-08-29
worldforged	410064	2	Silithus	1	Area 52 - Free-Pick|Bronzebeard - Warcraft Reborn|Darkmoon - Season 10 Wildcard|Dawnrise - Season 10 Freepick|Rexxar - Conquest of Azeroth|Vol'jin - Conquest of Azeroth	10	2025-10-10	2026-08-29
worldforged	410065	2	Silithus|Sinister Lair	1	Area 52 - Free-Pick|Darkmoon - Season 10 Wildcard|Dawnrise - Season 10 Freepick|Rexxar - Conquest of Azeroth|Vol'jin - Conquest of Azeroth	6	2025-10-10	2026-04-25
worldforged	410066	1	Silithus	1	Area 52 - Free-Pick|Bronzebeard - Warcraft Reborn|Darkmoon - Season 10 Wildcard|Dawnrise - Season 10 Freepick|Rexxar - Conquest of Azeroth|Vol'jin - Conquest of Azeroth	11	2025-10-10	2026-08-28
worldforged	410067	1	Silithus	1	Area 52 - Free-Pick|Bronzebeard - Warcraft Reborn|Darkmoon - Season 10 Wildcard|Dawnrise - Season 10 Freepick|Rexxar - Conquest of Azeroth|Vol'jin - Conquest of Azeroth	11	2025-10-10	2026-08-25
worldforged	410068	3	Silithus|Sinister Lair	1	Area 52 - Free-Pick|Bronzebeard - Warcraft Reborn|Darkmoon - Season 10 Wildcard|Dawnrise - Season 10 Freepick|Rexxar - Conquest of Azeroth|Vol'jin - Conquest of Azeroth	10	2025-10-15	2026-08-31
worldforged	410069	1	Silithus	1	Area 52 - Free-Pick|Bronzebeard - Warcraft Reborn|Darkmoon - Season 10 Wildcard|Dawnrise - Season 10 Freepick|Rexxar - Conquest of Azeroth|Vol'jin - Conquest of Azeroth	9	2025-10-10	2026-08-29
worldforged	410070	1	Silithus	1	Area 52 - Free-Pick|Bronzebeard - Warcraft Reborn|Darkmoon - Season 10 Wildcard|Dawnrise - Season 10 Freepick|Rexxar - Conquest of Azeroth|Vol'jin - Conquest of Azeroth	10	2025-10-10	2026-08-30
worldforged	410071	2	Silithus|Sinister Lair	1	Area 52 - Free-Pick|Bronzebeard - Warcraft Reborn|Darkmoon - Season 10 Wildcard|Dawnrise - Season 10 Freepick|Rexxar - Conquest of Azeroth|Vol'jin - Conquest of Azeroth	12	2025-10-10	2026-08-27
worldforged	410072	1	Silithus	1	Area 52 - Free-Pick|Bronzebeard - Warcraft Reborn|Darkmoon - Season 10 Wildcard|Dawnrise - Season 10 Freepick|Rexxar - Conquest of Azeroth|Vol'jin - Conquest of Azeroth	11	2025-10-16	2026-08-28
worldforged	410073	1	Silithus	1	Area 52 - Free-Pick|Bronzebeard - Warcraft Reborn|Darkmoon - Season 10 Wildcard|Dawnrise - Season 10 Freepick|Rexxar - Conquest of Azeroth|Vol'jin - Conquest of Azeroth	6	2025-10-10	2026-05-20
worldforged	410074	2	Silithus	1	Area 52 - Free-Pick|Bronzebeard - Warcraft Reborn|Darkmoon - Season 10 Wildcard|Dawnrise - Season 10 Freepick|Rexxar - Conquest of Azeroth|Vol'jin - Conquest of Azeroth	9	2025-10-10	2026-08-25
worldforged	410075	1	Silithus	1	Area 52 - Free-Pick|Bronzebeard - Warcraft Reborn|Darkmoon - Season 10 Wildcard|Dawnrise - Season 10 Freepick|Rexxar - Conquest of Azeroth|Vol'jin - Conquest of Azeroth	10	2025-10-10	2026-08-29
worldforged	410076	1	Silithus	1	Area 52 - Free-Pick|Bronzebeard - Warcraft Reborn|Darkmoon - Season 10 Wildcard|Dawnrise - Season 10 Freepick|Rexxar - Conquest of Azeroth|Vol'jin - Conquest of Azeroth	10	2025-10-17	2026-08-30
worldforged	410077	2	Silithus	1	Area 52 - Free-Pick|Bronzebeard - Warcraft Reborn|Darkmoon - Season 10 Wildcard|Dawnrise - Season 10 Freepick|Rexxar - Conquest of Azeroth|Vol'jin - Conquest of Azeroth	10	2025-10-10	2026-08-26
worldforged	410079	1	Winterspring	1	Area 52 - Free-Pick|Bronzebeard - Warcraft Reborn|Darkmoon - Season 10 Wildcard|Dawnrise - Season 10 Freepick|Rexxar - Conquest of Azeroth|Vol'jin - Conquest of Azeroth	6	2025-10-09	2026-05-20
worldforged	410080	1	Winterspring	1	Area 52 - Free-Pick|Bronzebeard - Warcraft Reborn|Darkmoon - Season 10 Wildcard|Dawnrise - Season 10 Freepick|Rexxar - Conquest of Azeroth|Vol'jin - Conquest of Azeroth	10	2025-10-09	2026-08-31
worldforged	410081	8	Silithus|The Barrens|Tirisfal Glades|Western Plaguelands|Winterspring	0|1	Area 52 - Free-Pick|Bronzebeard - Warcraft Reborn|Darkmoon - Season 10 Wildcard|Dawnrise - Season 10 Freepick|Rexxar - Conquest of Azeroth|Vol'jin - Conquest of Azeroth	17	2025-10-09	2026-08-27
worldforged	410082	2	Winterspring	1	Area 52 - Free-Pick|Bronzebeard - Warcraft Reborn|Darkmoon - Season 10 Wildcard|Dawnrise - Season 10 Freepick|Rexxar - Conquest of Azeroth|Vol'jin - Conquest of Azeroth	11	2025-10-09	2026-09-03
worldforged	410083	2	Winterspring	1	Area 52 - Free-Pick|Bronzebeard - Warcraft Reborn|Darkmoon - Season 10 Wildcard|Dawnrise - Season 10 Freepick|Rexxar - Conquest of Azeroth|Vol'jin - Conquest of Azeroth	9	2025-10-09	2026-08-31
worldforged	410085	2	Winterspring	1	Area 52 - Free-Pick|Bronzebeard - Warcraft Reborn|Darkmoon - Season 10 Wildcard|Dawnrise - Season 10 Freepick|Rexxar - Conquest of Azeroth|Vol'jin - Conquest of Azeroth	12	2025-10-11	2026-08-28
worldforged	410086	2	Winterspring	1	Area 52 - Free-Pick|Bronzebeard - Warcraft Reborn|Darkmoon - Season 10 Wildcard|Dawnrise - Season 10 Freepick|Rexxar - Conquest of Azeroth|Vol'jin - Conquest of Azeroth	10	2025-10-30	2026-08-28
worldforged	410087	2	Winterspring	1	Area 52 - Free-Pick|Bronzebeard - Warcraft Reborn|Darkmoon - Season 10 Wildcard|Dawnrise - Season 10 Freepick|Rexxar - Conquest of Azeroth|Vol'jin - Conquest of Azeroth	10	2025-10-09	2026-08-27
worldforged	410088	1	Winterspring	1	Area 52 - Free-Pick|Bronzebeard - Warcraft Reborn|Darkmoon - Season 10 Wildcard|Dawnrise - Season 10 Freepick|Rexxar - Conquest of Azeroth|Vol'jin - Conquest of Azeroth	6	2025-10-09	2026-05-20
worldforged	410089	2	Winterspring	1	Area 52 - Free-Pick|Bronzebeard - Warcraft Reborn|Darkmoon - Season 10 Wildcard|Dawnrise - Season 10 Freepick|Rexxar - Conquest of Azeroth|Vol'jin - Conquest of Azeroth	9	2025-10-09	2026-08-29
worldforged	410090	2	Winterspring	1	Area 52 - Free-Pick|Bronzebeard - Warcraft Reborn|Darkmoon - Season 10 Wildcard|Dawnrise - Season 10 Freepick|Rexxar - Conquest of Azeroth|Vol'jin - Conquest of Azeroth	12	2025-10-15	2026-08-28
worldforged	410091	2	Winterspring	1	Area 52 - Free-Pick|Bronzebeard - Warcraft Reborn|Darkmoon - Season 10 Wildcard|Dawnrise - Season 10 Freepick|Rexxar - Conquest of Azeroth|Vol'jin - Conquest of Azeroth	10	2025-10-10	2026-08-27
worldforged	410092	10	Azshara|Eastern Plaguelands|Silithus|Un'Goro Crater|Western Plaguelands|Winterspring	0|1	Area 52 - Free-Pick|Bronzebeard - Warcraft Reborn|Darkmoon - Season 10 Wildcard|Dawnrise - Season 10 Freepick|Rexxar - Conquest of Azeroth|Vol'jin - Conquest of Azeroth	16	2025-10-30	2026-08-27
worldforged	410093	1	Winterspring	1	Area 52 - Free-Pick|Bronzebeard - Warcraft Reborn|Darkmoon - Season 10 Wildcard|Dawnrise - Season 10 Freepick|Rexxar - Conquest of Azeroth|Vol'jin - Conquest of Azeroth	10	2025-10-09	2026-08-27
worldforged	410094	1	Winterspring	1	Area 52 - Free-Pick|Bronzebeard - Warcraft Reborn|Darkmoon - Season 10 Wildcard|Dawnrise - Season 10 Freepick|Rexxar - Conquest of Azeroth|Vol'jin - Conquest of Azeroth	11	2025-10-15	2026-08-28
worldforged	410095	2	Winterspring	1	Area 52 - Free-Pick|Bronzebeard - Warcraft Reborn|Darkmoon - Season 10 Wildcard|Dawnrise - Season 10 Freepick|Rexxar - Conquest of Azeroth|Vol'jin - Conquest of Azeroth	8	2025-10-18	2026-08-28
worldforged	410096	1	Winterspring	1	Area 52 - Free-Pick|Bronzebeard - Warcraft Reborn|Darkmoon - Season 10 Wildcard|Dawnrise - Season 10 Freepick|Rexxar - Conquest of Azeroth|Vol'jin - Conquest of Azeroth	9	2025-10-09	2026-08-26
worldforged	410097	1	Winterspring	1	Area 52 - Free-Pick|Bronzebeard - Warcraft Reborn|Darkmoon - Season 10 Wildcard|Dawnrise - Season 10 Freepick|Rexxar - Conquest of Azeroth|Vol'jin - Conquest of Azeroth	10	2025-10-09	2026-08-27
worldforged	410098	1	Winterspring	1	Area 52 - Free-Pick|Bronzebeard - Warcraft Reborn|Darkmoon - Season 10 Wildcard|Dawnrise - Season 10 Freepick|Rexxar - Conquest of Azeroth|Vol'jin - Conquest of Azeroth	10	2025-10-09	2026-08-26
worldforged	410099	5	Silithus|Winterspring	1	Area 52 - Free-Pick|Bronzebeard - Warcraft Reborn|Darkmoon - Season 10 Wildcard|Dawnrise - Season 10 Freepick|Rexxar - Conquest of Azeroth|Vol'jin - Conquest of Azeroth	12	2025-10-09	2026-08-28
worldforged	410100	1	Winterspring	1	Area 52 - Free-Pick|Bronzebeard - Warcraft Reborn|Darkmoon - Season 10 Wildcard|Dawnrise - Season 10 Freepick|Rexxar - Conquest of Azeroth|Vol'jin - Conquest of Azeroth	9	2025-10-09	2026-08-27
worldforged	410101	1	Winterspring	1	Area 52 - Free-Pick|Darkmoon - Season 10 Wildcard|Dawnrise - Season 10 Freepick|Rexxar - Conquest of Azeroth|Vol'jin - Conquest of Azeroth	6	2025-10-09	2026-08-27
worldforged	410102	2	Mulgore|Winterspring	1	Area 52 - Free-Pick|Bronzebeard - Warcraft Reborn|Darkmoon - Season 10 Wildcard|Dawnrise - Season 10 Freepick|Rexxar - Conquest of Azeroth|Vol'jin - Conquest of Azeroth	10	2025-10-15	2026-08-28
worldforged	410103	2	Silithus|Winterspring	1	Area 52 - Free-Pick|Bronzebeard - Warcraft Reborn|Darkmoon - Season 10 Wildcard|Dawnrise - Season 10 Freepick|Rexxar - Conquest of Azeroth|Vol'jin - Conquest of Azeroth	11	2025-10-12	2026-08-28
worldforged	410104	1	Winterspring	1	Area 52 - Free-Pick|Bronzebeard - Warcraft Reborn|Darkmoon - Season 10 Wildcard|Dawnrise - Season 10 Freepick|Rexxar - Conquest of Azeroth|Vol'jin - Conquest of Azeroth	10	2025-10-09	2026-08-30
worldforged	410105	1	Winterspring	1	Area 52 - Free-Pick|Bronzebeard - Warcraft Reborn|Darkmoon - Season 10 Wildcard|Dawnrise - Season 10 Freepick|Rexxar - Conquest of Azeroth|Vol'jin - Conquest of Azeroth	10	2025-10-09	2026-08-28
worldforged	410106	2	The Barrens|Winterspring	1	Area 52 - Free-Pick|Bronzebeard - Warcraft Reborn|Darkmoon - Season 10 Wildcard|Dawnrise - Season 10 Freepick|Rexxar - Conquest of Azeroth|Vol'jin - Conquest of Azeroth	11	2025-10-09	2026-08-28
worldforged	410107	2	Winterspring	1	Area 52 - Free-Pick|Bronzebeard - Warcraft Reborn|Darkmoon - Season 10 Wildcard|Dawnrise - Season 10 Freepick|Rexxar - Conquest of Azeroth|Vol'jin - Conquest of Azeroth	10	2025-10-09	2026-08-28
worldforged	410108	2	Winterspring	1	Area 52 - Free-Pick|Bronzebeard - Warcraft Reborn|Darkmoon - Season 10 Wildcard|Dawnrise - Season 10 Freepick|Rexxar - Conquest of Azeroth|Vol'jin - Conquest of Azeroth	10	2025-10-10	2026-08-27
worldforged	410109	2	Winterspring	1	Area 52 - Free-Pick|Bronzebeard - Warcraft Reborn|Darkmoon - Season 10 Wildcard|Dawnrise - Season 10 Freepick|Rexxar - Conquest of Azeroth|Vol'jin - Conquest of Azeroth	9	2025-10-10	2026-08-27
worldforged	410110	1	Winterspring	1	Area 52 - Free-Pick|Bronzebeard - Warcraft Reborn|Darkmoon - Season 10 Wildcard|Dawnrise - Season 10 Freepick|Rexxar - Conquest of Azeroth|Vol'jin - Conquest of Azeroth	11	2025-10-19	2026-08-27
worldforged	410111	1	Winterspring	1	Area 52 - Free-Pick|Bronzebeard - Warcraft Reborn|Darkmoon - Season 10 Wildcard|Dawnrise - Season 10 Freepick|Rexxar - Conquest of Azeroth|Vol'jin - Conquest of Azeroth	8	2025-10-10	2026-08-27
worldforged	410112	3	Dire Maul|Maraudon|Winterspring	1|349|429	Area 52 - Free-Pick|Bronzebeard - Warcraft Reborn|Darkmoon - Season 10 Wildcard|Dawnrise - Season 10 Freepick|Rexxar - Conquest of Azeroth|Vol'jin - Conquest of Azeroth	9	2025-10-15	2026-08-27
worldforged	410113	1	Winterspring	1	Area 52 - Free-Pick|Bronzebeard - Warcraft Reborn|Darkmoon - Season 10 Wildcard|Dawnrise - Season 10 Freepick|Rexxar - Conquest of Azeroth|Vol'jin - Conquest of Azeroth	10	2025-10-10	2026-08-29
worldforged	410114	5	Western Plaguelands|Winterspring	0|1	Area 52 - Free-Pick|Bronzebeard - Warcraft Reborn|Darkmoon - Season 10 Wildcard|Dawnrise - Season 10 Freepick|Rexxar - Conquest of Azeroth|Vol'jin - Conquest of Azeroth	17	2025-10-10	2026-08-24
worldforged	410115	1	Winterspring	1	Area 52 - Free-Pick|Bronzebeard - Warcraft Reborn|Darkmoon - Season 10 Wildcard|Dawnrise - Season 10 Freepick|Rexxar - Conquest of Azeroth|Vol'jin - Conquest of Azeroth	10	2025-10-10	2026-08-31
worldforged	410116	1	Winterspring	1	Area 52 - Free-Pick|Bronzebeard - Warcraft Reborn|Darkmoon - Season 10 Wildcard|Dawnrise - Season 10 Freepick|Rexxar - Conquest of Azeroth|Vol'jin - Conquest of Azeroth	9	2025-10-10	2026-08-30
worldforged	410117	3	Eastern Plaguelands|Winterspring	0|1	Area 52 - Free-Pick|Bronzebeard - Warcraft Reborn|Darkmoon - Season 10 Wildcard|Dawnrise - Season 10 Freepick|Rexxar - Conquest of Azeroth|Vol'jin - Conquest of Azeroth	11	2025-10-19	2026-08-30
worldforged	410118	1	Winterspring	1	Area 52 - Free-Pick|Darkmoon - Season 10 Wildcard|Dawnrise - Season 10 Freepick|Rexxar - Conquest of Azeroth|Vol'jin - Conquest of Azeroth	12	2025-10-19	2026-08-31
worldforged	410119	2	Winterspring	1	Area 52 - Free-Pick|Bronzebeard - Warcraft Reborn|Darkmoon - Season 10 Wildcard|Dawnrise - Season 10 Freepick|Rexxar - Conquest of Azeroth|Vol'jin - Conquest of Azeroth	9	2025-10-10	2026-07-25
worldforged	410121	4	Tirisfal Glades|Winterspring	0|1	Area 52 - Free-Pick|Bronzebeard - Warcraft Reborn|Darkmoon - Season 10 Wildcard|Dawnrise - Season 10 Freepick|Rexxar - Conquest of Azeroth|Vol'jin - Conquest of Azeroth	11	2025-10-19	2026-08-27
worldforged	410123	1	Winterspring	1	Area 52 - Free-Pick|Bronzebeard - Warcraft Reborn|Darkmoon - Season 10 Wildcard|Dawnrise - Season 10 Freepick|Rexxar - Conquest of Azeroth|Vol'jin - Conquest of Azeroth	7	2025-10-19	2026-08-22
worldforged	410124	1	Winterspring	1	Rexxar - Conquest of Azeroth	3	2026-07-20	2026-07-20
worldforged	410125	3	Deathknell|Winterspring	0|1	Area 52 - Free-Pick|Bronzebeard - Warcraft Reborn|Darkmoon - Season 10 Wildcard|Dawnrise - Season 10 Freepick|Rexxar - Conquest of Azeroth|Vol'jin - Conquest of Azeroth	8	2025-10-10	2026-08-22
worldforged	410127	5	Alterac Mountains|Burning Steppes|Eastern Plaguelands	0	Area 52 - Free-Pick|Bronzebeard - Warcraft Reborn|Darkmoon - Season 10 Wildcard|Dawnrise - Season 10 Freepick|Rexxar - Conquest of Azeroth|Vol'jin - Conquest of Azeroth	11	2025-10-19	2026-08-28
worldforged	410128	2	Eastern Plaguelands|Elwynn Forest	0	Area 52 - Free-Pick|Bronzebeard - Warcraft Reborn|Darkmoon - Season 10 Wildcard|Dawnrise - Season 10 Freepick|Rexxar - Conquest of Azeroth|Vol'jin - Conquest of Azeroth	11	2025-10-10	2026-08-30
worldforged	410129	3	Alterac Mountains|Eastern Plaguelands|Elwynn Forest	0	Area 52 - Free-Pick|Bronzebeard - Warcraft Reborn|Darkmoon - Season 10 Wildcard|Dawnrise - Season 10 Freepick|Rexxar - Conquest of Azeroth|Vol'jin - Conquest of Azeroth	14	2025-10-10	2026-08-25
worldforged	410130	3	Burning Steppes|Eastern Plaguelands	0	Area 52 - Free-Pick|Bronzebeard - Warcraft Reborn|Darkmoon - Season 10 Wildcard|Dawnrise - Season 10 Freepick|Rexxar - Conquest of Azeroth|Vol'jin - Conquest of Azeroth	12	2025-10-10	2026-08-21
worldforged	410131	3	Alterac Mountains|Eastern Plaguelands|Tanaris	0|1	Area 52 - Free-Pick|Bronzebeard - Warcraft Reborn|Darkmoon - Season 10 Wildcard|Dawnrise - Season 10 Freepick|Rexxar - Conquest of Azeroth|Vol'jin - Conquest of Azeroth	13	2025-10-13	2026-08-28
worldforged	410133	2	Eastern Plaguelands|Wetlands	0	Area 52 - Free-Pick|Darkmoon - Season 10 Wildcard|Dawnrise - Season 10 Freepick|Rexxar - Conquest of Azeroth|Vol'jin - Conquest of Azeroth	12	2025-10-10	2026-08-30
worldforged	410134	2	Eastern Plaguelands	0	Area 52 - Free-Pick|Bronzebeard - Warcraft Reborn|Darkmoon - Season 10 Wildcard|Dawnrise - Season 10 Freepick|Rexxar - Conquest of Azeroth|Vol'jin - Conquest of Azeroth	7	2025-10-17	2026-08-30
worldforged	410135	2	Eastern Plaguelands	0	Area 52 - Free-Pick|Bronzebeard - Warcraft Reborn|Darkmoon - Season 10 Wildcard|Dawnrise - Season 10 Freepick|Rexxar - Conquest of Azeroth|Vol'jin - Conquest of Azeroth	6	2025-10-10	2026-05-20
worldforged	410136	2	Alterac Mountains|Eastern Plaguelands	0	Area 52 - Free-Pick|Bronzebeard - Warcraft Reborn|Darkmoon - Season 10 Wildcard|Dawnrise - Season 10 Freepick|Rexxar - Conquest of Azeroth|Vol'jin - Conquest of Azeroth	9	2025-10-11	2026-08-27
worldforged	410137	1	Eastern Plaguelands	0	Area 52 - Free-Pick|Bronzebeard - Warcraft Reborn|Darkmoon - Season 10 Wildcard|Dawnrise - Season 10 Freepick|Rexxar - Conquest of Azeroth|Vol'jin - Conquest of Azeroth	6	2025-10-13	2026-05-20
worldforged	410138	3	Burning Steppes|Eastern Plaguelands|Elwynn Forest	0	Area 52 - Free-Pick|Bronzebeard - Warcraft Reborn|Darkmoon - Season 10 Wildcard|Dawnrise - Season 10 Freepick|Rexxar - Conquest of Azeroth|Vol'jin - Conquest of Azeroth	12	2025-10-10	2026-08-30
worldforged	410139	2	Eastern Plaguelands|Elwynn Forest	0	Area 52 - Free-Pick|Bronzebeard - Warcraft Reborn|Darkmoon - Season 10 Wildcard|Dawnrise - Season 10 Freepick|Rexxar - Conquest of Azeroth|Vol'jin - Conquest of Azeroth	10	2025-10-10	2026-08-29
worldforged	410140	2	Eastern Plaguelands|Wetlands	0	Area 52 - Free-Pick|Bronzebeard - Warcraft Reborn|Darkmoon - Season 10 Wildcard|Dawnrise - Season 10 Freepick|Rexxar - Conquest of Azeroth|Vol'jin - Conquest of Azeroth	10	2025-10-17	2026-08-27
worldforged	410141	3	Alterac Mountains|Eastern Plaguelands	0	Area 52 - Free-Pick|Bronzebeard - Warcraft Reborn|Darkmoon - Season 10 Wildcard|Dawnrise - Season 10 Freepick|Rexxar - Conquest of Azeroth|Vol'jin - Conquest of Azeroth	11	2025-10-14	2026-08-29
worldforged	410142	5	Alterac Mountains|Deadwind Pass|Eastern Plaguelands	0	Area 52 - Free-Pick|Darkmoon - Season 10 Wildcard|Dawnrise - Season 10 Freepick|Rexxar - Conquest of Azeroth|Vol'jin - Conquest of Azeroth	12	2025-10-10	2026-08-27
worldforged	410143	3	Alterac Mountains|Eastern Plaguelands|Wetlands	0	Area 52 - Free-Pick|Bronzebeard - Warcraft Reborn|Darkmoon - Season 10 Wildcard|Dawnrise - Season 10 Freepick|Rexxar - Conquest of Azeroth|Vol'jin - Conquest of Azeroth	14	2025-10-10	2026-08-27
worldforged	410144	5	Alterac Mountains|Eastern Plaguelands|Elwynn Forest|Isle of Quel'Danas|Wetlands	0|530	Area 52 - Free-Pick|Bronzebeard - Warcraft Reborn|Darkmoon - Season 10 Wildcard|Dawnrise - Season 10 Freepick|Rexxar - Conquest of Azeroth|Vol'jin - Conquest of Azeroth	15	2025-10-11	2026-08-27
worldforged	410147	3	Alterac Mountains|Eastern Plaguelands|Elwynn Forest	0	Area 52 - Free-Pick|Bronzebeard - Warcraft Reborn|Darkmoon - Season 10 Wildcard|Dawnrise - Season 10 Freepick|Rexxar - Conquest of Azeroth|Vol'jin - Conquest of Azeroth	15	2025-10-10	2026-08-27
worldforged	410148	3	Eastern Plaguelands|Elwynn Forest|Wetlands	0	Area 52 - Free-Pick|Bronzebeard - Warcraft Reborn|Darkmoon - Season 10 Wildcard|Dawnrise - Season 10 Freepick|Rexxar - Conquest of Azeroth|Vol'jin - Conquest of Azeroth	14	2025-10-11	2026-08-29
worldforged	410149	2	Eastern Plaguelands	0	Area 52 - Free-Pick|Bronzebeard - Warcraft Reborn|Darkmoon - Season 10 Wildcard|Dawnrise - Season 10 Freepick|Rexxar - Conquest of Azeroth|Vol'jin - Conquest of Azeroth	11	2025-10-10	2026-08-30
worldforged	410150	2	Eastern Plaguelands	0	Area 52 - Free-Pick|Bronzebeard - Warcraft Reborn|Darkmoon - Season 10 Wildcard|Dawnrise - Season 10 Freepick|Rexxar - Conquest of Azeroth|Vol'jin - Conquest of Azeroth	8	2025-10-14	2026-08-27
worldforged	410151	1	Eastern Plaguelands	0	Area 52 - Free-Pick|Bronzebeard - Warcraft Reborn|Darkmoon - Season 10 Wildcard|Dawnrise - Season 10 Freepick|Rexxar - Conquest of Azeroth|Vol'jin - Conquest of Azeroth	9	2025-10-15	2026-08-27
worldforged	410152	1	Eastern Plaguelands	0	Area 52 - Free-Pick|Bronzebeard - Warcraft Reborn|Darkmoon - Season 10 Wildcard|Dawnrise - Season 10 Freepick|Rexxar - Conquest of Azeroth|Vol'jin - Conquest of Azeroth	11	2025-10-13	2026-08-29
worldforged	410153	2	Alterac Mountains|Eastern Plaguelands	0	Area 52 - Free-Pick|Bronzebeard - Warcraft Reborn|Darkmoon - Season 10 Wildcard|Dawnrise - Season 10 Freepick|Rexxar - Conquest of Azeroth|Vol'jin - Conquest of Azeroth	13	2025-10-12	2026-08-28
worldforged	410154	7	Alterac Mountains|Dire Maul|Eastern Plaguelands|Un'Goro Crater	0|1|429	Area 52 - Free-Pick|Bronzebeard - Warcraft Reborn|Darkmoon - Season 10 Wildcard|Dawnrise - Season 10 Freepick|Rexxar - Conquest of Azeroth|Vol'jin - Conquest of Azeroth	14	2025-10-18	2026-08-30
worldforged	410155	1	Eastern Plaguelands	0	Area 52 - Free-Pick|Bronzebeard - Warcraft Reborn|Darkmoon - Season 10 Wildcard|Dawnrise - Season 10 Freepick|Rexxar - Conquest of Azeroth|Vol'jin - Conquest of Azeroth	11	2025-10-13	2026-08-30
worldforged	410156	4	Alterac Mountains|Eastern Plaguelands|Elwynn Forest	0	Area 52 - Free-Pick|Bronzebeard - Warcraft Reborn|Darkmoon - Season 10 Wildcard|Dawnrise - Season 10 Freepick|Rexxar - Conquest of Azeroth|Vol'jin - Conquest of Azeroth	15	2025-10-10	2026-08-28
worldforged	410157	1	Eastern Plaguelands	0	Area 52 - Free-Pick|Bronzebeard - Warcraft Reborn|Darkmoon - Season 10 Wildcard|Dawnrise - Season 10 Freepick|Rexxar - Conquest of Azeroth|Vol'jin - Conquest of Azeroth	7	2025-10-10	2026-08-27
worldforged	410158	7	Alterac Mountains|Blackrock Caverns|Burning Steppes|Eastern Plaguelands|Elwynn Forest|Palemane Rock|Razorfen Kraul	0|1|47|645	Area 52 - Free-Pick|Bronzebeard - Warcraft Reborn|Darkmoon - Season 10 Wildcard|Dawnrise - Season 10 Freepick|Rexxar - Conquest of Azeroth|Vol'jin - Conquest of Azeroth	19	2025-10-10	2026-08-30
worldforged	410159	3	Alterac Mountains|Eastern Plaguelands|Elwynn Forest	0	Area 52 - Free-Pick|Bronzebeard - Warcraft Reborn|Darkmoon - Season 10 Wildcard|Dawnrise - Season 10 Freepick|Rexxar - Conquest of Azeroth|Vol'jin - Conquest of Azeroth	16	2025-10-12	2026-08-27
worldforged	410160	6	Burning Steppes|Eastern Plaguelands|Elwynn Forest|Silithus	0|1	Area 52 - Free-Pick|Bronzebeard - Warcraft Reborn|Darkmoon - Season 10 Wildcard|Dawnrise - Season 10 Freepick|Rexxar - Conquest of Azeroth|Vol'jin - Conquest of Azeroth	19	2025-10-10	2026-08-30
worldforged	410161	3	Eastern Plaguelands|Elwynn Forest|Wetlands	0	Area 52 - Free-Pick|Bronzebeard - Warcraft Reborn|Darkmoon - Season 10 Wildcard|Dawnrise - Season 10 Freepick|Rexxar - Conquest of Azeroth|Vol'jin - Conquest of Azeroth	14	2025-10-10	2026-08-27
worldforged	410162	3	Eastern Plaguelands|Wetlands	0	Area 52 - Free-Pick|Bronzebeard - Warcraft Reborn|Darkmoon - Season 10 Wildcard|Dawnrise - Season 10 Freepick|Rexxar - Conquest of Azeroth|Vol'jin - Conquest of Azeroth	12	2025-10-10	2026-08-29
worldforged	410163	3	Alterac Mountains|Burning Steppes|Eastern Plaguelands	0	Area 52 - Free-Pick|Bronzebeard - Warcraft Reborn|Darkmoon - Season 10 Wildcard|Dawnrise - Season 10 Freepick|Rexxar - Conquest of Azeroth|Vol'jin - Conquest of Azeroth	14	2025-10-17	2026-08-25
worldforged	410164	4	Eastern Plaguelands|Elwynn Forest	0	Area 52 - Free-Pick|Bronzebeard - Warcraft Reborn|Darkmoon - Season 10 Wildcard|Dawnrise - Season 10 Freepick|Rexxar - Conquest of Azeroth|Vol'jin - Conquest of Azeroth	12	2025-10-14	2026-08-28
worldforged	410165	2	Eastern Plaguelands|Wetlands	0	Area 52 - Free-Pick|Bronzebeard - Warcraft Reborn|Darkmoon - Season 10 Wildcard|Dawnrise - Season 10 Freepick|Rexxar - Conquest of Azeroth|Vol'jin - Conquest of Azeroth	11	2025-10-10	2026-08-22
worldforged	410166	4	Eastern Plaguelands|Silithus	0|1	Area 52 - Free-Pick|Darkmoon - Season 10 Wildcard|Dawnrise - Season 10 Freepick|Rexxar - Conquest of Azeroth|Vol'jin - Conquest of Azeroth	8	2025-10-10	2026-08-29
worldforged	410169	3	Eastern Plaguelands|Wetlands	0	Area 52 - Free-Pick|Bronzebeard - Warcraft Reborn|Darkmoon - Season 10 Wildcard|Dawnrise - Season 10 Freepick|Rexxar - Conquest of Azeroth|Vol'jin - Conquest of Azeroth	14	2025-10-10	2026-08-27
worldforged	410170	2	Alterac Mountains|Eastern Plaguelands	0	Area 52 - Free-Pick|Bronzebeard - Warcraft Reborn|Darkmoon - Season 10 Wildcard|Dawnrise - Season 10 Freepick|Rexxar - Conquest of Azeroth|Vol'jin - Conquest of Azeroth	12	2025-10-05	2026-09-01
worldforged	410171	3	Eastern Plaguelands|Silithus|Wetlands	0|1	Area 52 - Free-Pick|Bronzebeard - Warcraft Reborn|Darkmoon - Season 10 Wildcard|Dawnrise - Season 10 Freepick|Rexxar - Conquest of Azeroth|Vol'jin - Conquest of Azeroth	10	2025-10-10	2026-08-27
worldforged	410172	3	Alterac Mountains|Eastern Plaguelands|Wetlands	0	Area 52 - Free-Pick|Bronzebeard - Warcraft Reborn|Darkmoon - Season 10 Wildcard|Dawnrise - Season 10 Freepick|Rexxar - Conquest of Azeroth|Vol'jin - Conquest of Azeroth	11	2025-10-11	2026-08-28
worldforged	410173	3	Alterac Mountains|Eastern Plaguelands|Wetlands	0	Area 52 - Free-Pick|Darkmoon - Season 10 Wildcard|Dawnrise - Season 10 Freepick|Rexxar - Conquest of Azeroth|Vol'jin - Conquest of Azeroth	13	2025-10-10	2026-08-31
worldforged	410174	2	Alterac Mountains|Eastern Plaguelands	0	Area 52 - Free-Pick|Bronzebeard - Warcraft Reborn|Darkmoon - Season 10 Wildcard|Dawnrise - Season 10 Freepick|Rexxar - Conquest of Azeroth|Vol'jin - Conquest of Azeroth	14	2025-10-10	2026-08-28
worldforged	410175	4	Alterac Mountains|Eastern Plaguelands|Elwynn Forest|Redridge Mountains	0	Area 52 - Free-Pick|Bronzebeard - Warcraft Reborn|Darkmoon - Season 10 Wildcard|Dawnrise - Season 10 Freepick|Rexxar - Conquest of Azeroth|Vol'jin - Conquest of Azeroth	16	2025-10-10	2026-08-27
worldforged	410176	4	Alterac Mountains|Eastern Plaguelands|Wetlands	0	Area 52 - Free-Pick|Bronzebeard - Warcraft Reborn|Darkmoon - Season 10 Wildcard|Dawnrise - Season 10 Freepick|Rexxar - Conquest of Azeroth|Vol'jin - Conquest of Azeroth	13	2025-10-10	2026-08-28
worldforged	410177	3	Alterac Mountains|Eastern Plaguelands|Wetlands	0	Area 52 - Free-Pick|Bronzebeard - Warcraft Reborn|Darkmoon - Season 10 Wildcard|Dawnrise - Season 10 Freepick|Rexxar - Conquest of Azeroth|Vol'jin - Conquest of Azeroth	14	2025-10-12	2026-08-30
worldforged	410178	2	Eastern Plaguelands	0	Area 52 - Free-Pick|Bronzebeard - Warcraft Reborn|Darkmoon - Season 10 Wildcard|Dawnrise - Season 10 Freepick|Rexxar - Conquest of Azeroth|Vol'jin - Conquest of Azeroth	10	2025-10-14	2026-08-28
worldforged	410179	5	Burning Steppes	0	Area 52 - Free-Pick|Bronzebeard - Warcraft Reborn|Darkmoon - Season 10 Wildcard|Dawnrise - Season 10 Freepick|Rexxar - Conquest of Azeroth|Vol'jin - Conquest of Azeroth	12	2025-10-20	2026-08-29
worldforged	410180	1	Burning Steppes	0	Area 52 - Free-Pick|Bronzebeard - Warcraft Reborn|Darkmoon - Season 10 Wildcard|Dawnrise - Season 10 Freepick|Rexxar - Conquest of Azeroth|Vol'jin - Conquest of Azeroth	6	2025-10-09	2026-05-20
worldforged	410181	1	Burning Steppes	0	Area 52 - Free-Pick|Bronzebeard - Warcraft Reborn|Darkmoon - Season 10 Wildcard|Dawnrise - Season 10 Freepick|Rexxar - Conquest of Azeroth|Vol'jin - Conquest of Azeroth	10	2025-10-11	2026-08-29
worldforged	410182	2	Burning Steppes	0	Area 52 - Free-Pick|Bronzebeard - Warcraft Reborn|Darkmoon - Season 10 Wildcard|Dawnrise - Season 10 Freepick|Rexxar - Conquest of Azeroth|Vol'jin - Conquest of Azeroth	9	2025-10-15	2026-08-27
worldforged	410183	1	Burning Steppes	0	Area 52 - Free-Pick|Bronzebeard - Warcraft Reborn|Darkmoon - Season 10 Wildcard|Dawnrise - Season 10 Freepick|Rexxar - Conquest of Azeroth|Vol'jin - Conquest of Azeroth	7	2025-10-15	2026-08-28
worldforged	410184	2	Burning Steppes	0	Area 52 - Free-Pick|Bronzebeard - Warcraft Reborn|Darkmoon - Season 10 Wildcard|Dawnrise - Season 10 Freepick|Rexxar - Conquest of Azeroth|Vol'jin - Conquest of Azeroth	10	2025-10-15	2026-08-30
worldforged	410185	3	Burning Steppes|Silverpine Forest	0	Area 52 - Free-Pick|Bronzebeard - Warcraft Reborn|Darkmoon - Season 10 Wildcard|Dawnrise - Season 10 Freepick|Rexxar - Conquest of Azeroth|Vol'jin - Conquest of Azeroth	9	2025-10-15	2026-08-28
worldforged	410186	2	Burning Steppes	0	Area 52 - Free-Pick|Bronzebeard - Warcraft Reborn|Darkmoon - Season 10 Wildcard|Dawnrise - Season 10 Freepick|Rexxar - Conquest of Azeroth|Vol'jin - Conquest of Azeroth	9	2025-10-12	2026-08-27
worldforged	410187	4	Burning Steppes	0	Area 52 - Free-Pick|Bronzebeard - Warcraft Reborn|Darkmoon - Season 10 Wildcard|Dawnrise - Season 10 Freepick|Rexxar - Conquest of Azeroth|Vol'jin - Conquest of Azeroth	10	2025-10-20	2026-08-28
worldforged	410188	3	Burning Steppes	0	Area 52 - Free-Pick|Bronzebeard - Warcraft Reborn|Darkmoon - Season 10 Wildcard|Dawnrise - Season 10 Freepick|Rexxar - Conquest of Azeroth|Vol'jin - Conquest of Azeroth	11	2025-10-20	2026-08-26
worldforged	410189	6	Burning Steppes|Feralas|Silverpine Forest	0|1	Area 52 - Free-Pick|Bronzebeard - Warcraft Reborn|Darkmoon - Season 10 Wildcard|Dawnrise - Season 10 Freepick|Rexxar - Conquest of Azeroth|Vol'jin - Conquest of Azeroth	12	2025-10-15	2026-08-28
worldforged	410190	1	Burning Steppes	0	Area 52 - Free-Pick|Bronzebeard - Warcraft Reborn|Darkmoon - Season 10 Wildcard|Dawnrise - Season 10 Freepick|Rexxar - Conquest of Azeroth|Vol'jin - Conquest of Azeroth	9	2025-10-12	2026-08-27
worldforged	410191	1	Burning Steppes	0	Area 52 - Free-Pick|Bronzebeard - Warcraft Reborn|Darkmoon - Season 10 Wildcard|Dawnrise - Season 10 Freepick|Rexxar - Conquest of Azeroth|Vol'jin - Conquest of Azeroth	12	2025-10-12	2026-08-28
worldforged	410192	1	Burning Steppes	0	Area 52 - Free-Pick|Bronzebeard - Warcraft Reborn|Darkmoon - Season 10 Wildcard|Dawnrise - Season 10 Freepick|Rexxar - Conquest of Azeroth|Vol'jin - Conquest of Azeroth	6	2025-10-15	2026-08-28
worldforged	410193	2	Burning Steppes	0	Area 52 - Free-Pick|Bronzebeard - Warcraft Reborn|Darkmoon - Season 10 Wildcard|Dawnrise - Season 10 Freepick|Rexxar - Conquest of Azeroth|Vol'jin - Conquest of Azeroth	7	2025-10-15	2026-08-28
worldforged	410194	2	Burning Steppes	0	Area 52 - Free-Pick|Bronzebeard - Warcraft Reborn|Darkmoon - Season 10 Wildcard|Dawnrise - Season 10 Freepick|Rexxar - Conquest of Azeroth|Vol'jin - Conquest of Azeroth	11	2025-10-11	2026-08-28
worldforged	410195	1	Burning Steppes	0	Area 52 - Free-Pick|Bronzebeard - Warcraft Reborn|Darkmoon - Season 10 Wildcard|Dawnrise - Season 10 Freepick|Rexxar - Conquest of Azeroth|Vol'jin - Conquest of Azeroth	7	2025-10-15	2026-08-28
worldforged	410196	3	Burning Steppes	0	Area 52 - Free-Pick|Bronzebeard - Warcraft Reborn|Darkmoon - Season 10 Wildcard|Dawnrise - Season 10 Freepick|Rexxar - Conquest of Azeroth|Vol'jin - Conquest of Azeroth	9	2025-10-15	2026-08-28
worldforged	410197	1	Burning Steppes	0	Area 52 - Free-Pick|Bronzebeard - Warcraft Reborn|Darkmoon - Season 10 Wildcard|Dawnrise - Season 10 Freepick|Rexxar - Conquest of Azeroth|Vol'jin - Conquest of Azeroth	9	2025-10-12	2026-08-28
worldforged	410198	3	Burning Steppes	0	Area 52 - Free-Pick|Bronzebeard - Warcraft Reborn|Darkmoon - Season 10 Wildcard|Dawnrise - Season 10 Freepick|Rexxar - Conquest of Azeroth|Vol'jin - Conquest of Azeroth	12	2025-10-12	2026-08-27
worldforged	410199	1	Burning Steppes	0	Area 52 - Free-Pick|Bronzebeard - Warcraft Reborn|Darkmoon - Season 10 Wildcard|Dawnrise - Season 10 Freepick|Rexxar - Conquest of Azeroth|Vol'jin - Conquest of Azeroth	8	2025-10-26	2026-08-28
worldforged	410200	1	Burning Steppes	0	Area 52 - Free-Pick|Darkmoon - Season 10 Wildcard|Dawnrise - Season 10 Freepick|Rexxar - Conquest of Azeroth|Vol'jin - Conquest of Azeroth	12	2026-07-18	2026-08-27
worldforged	410201	1	Burning Steppes	0	Area 52 - Free-Pick|Bronzebeard - Warcraft Reborn|Darkmoon - Season 10 Wildcard|Dawnrise - Season 10 Freepick|Rexxar - Conquest of Azeroth|Vol'jin - Conquest of Azeroth	10	2025-10-07	2026-08-30
worldforged	410202	4	Burning Steppes|Dire Maul|Tirisfal Glades|Western Plaguelands	0|429	Area 52 - Free-Pick|Bronzebeard - Warcraft Reborn|Darkmoon - Season 10 Wildcard|Dawnrise - Season 10 Freepick|Rexxar - Conquest of Azeroth|Vol'jin - Conquest of Azeroth	12	2025-10-11	2026-08-31
worldforged	410203	1	Burning Steppes	0	Area 52 - Free-Pick|Bronzebeard - Warcraft Reborn|Darkmoon - Season 10 Wildcard|Dawnrise - Season 10 Freepick|Rexxar - Conquest of Azeroth|Vol'jin - Conquest of Azeroth	10	2025-10-11	2026-08-30
worldforged	410204	2	Burning Steppes|Silverpine Forest	0	Area 52 - Free-Pick|Darkmoon - Season 10 Wildcard|Dawnrise - Season 10 Freepick|Rexxar - Conquest of Azeroth|Vol'jin - Conquest of Azeroth	7	2025-10-26	2026-08-28
worldforged	410205	1	Burning Steppes	0	Area 52 - Free-Pick|Bronzebeard - Warcraft Reborn|Darkmoon - Season 10 Wildcard|Dawnrise - Season 10 Freepick|Rexxar - Conquest of Azeroth|Vol'jin - Conquest of Azeroth	12	2025-10-12	2026-08-27
worldforged	410206	2	Alterac Mountains|Burning Steppes	0	Area 52 - Free-Pick|Darkmoon - Season 10 Wildcard|Dawnrise - Season 10 Freepick|Rexxar - Conquest of Azeroth|Vol'jin - Conquest of Azeroth	11	2025-10-11	2026-08-28
worldforged	410207	1	Burning Steppes	0	Area 52 - Free-Pick|Bronzebeard - Warcraft Reborn|Darkmoon - Season 10 Wildcard|Dawnrise - Season 10 Freepick|Rexxar - Conquest of Azeroth|Vol'jin - Conquest of Azeroth	9	2025-10-12	2026-08-27
worldforged	410208	1	Burning Steppes	0	Area 52 - Free-Pick|Darkmoon - Season 10 Wildcard|Dawnrise - Season 10 Freepick|Rexxar - Conquest of Azeroth|Vol'jin - Conquest of Azeroth	5	2025-10-28	2026-04-25
worldforged	410209	1	Burning Steppes	0	Area 52 - Free-Pick|Bronzebeard - Warcraft Reborn|Darkmoon - Season 10 Wildcard|Dawnrise - Season 10 Freepick|Rexxar - Conquest of Azeroth|Vol'jin - Conquest of Azeroth	9	2025-10-31	2026-08-28
worldforged	410210	6	Azshara|Burning Steppes|Un'Goro Crater	0|1	Area 52 - Free-Pick|Bronzebeard - Warcraft Reborn|Darkmoon - Season 10 Wildcard|Dawnrise - Season 10 Freepick|Rexxar - Conquest of Azeroth|Vol'jin - Conquest of Azeroth	13	2025-10-20	2026-08-27
worldforged	410211	1	Burning Steppes	0	Area 52 - Free-Pick|Bronzebeard - Warcraft Reborn|Darkmoon - Season 10 Wildcard|Dawnrise - Season 10 Freepick|Rexxar - Conquest of Azeroth|Vol'jin - Conquest of Azeroth	9	2025-10-11	2026-08-28
worldforged	410212	1	Burning Steppes	0	Area 52 - Free-Pick|Bronzebeard - Warcraft Reborn|Darkmoon - Season 10 Wildcard|Dawnrise - Season 10 Freepick|Rexxar - Conquest of Azeroth|Vol'jin - Conquest of Azeroth	11	2025-10-26	2026-08-27
worldforged	410213	2	Blackrock Mountain|Burning Steppes	0	Area 52 - Free-Pick|Darkmoon - Season 10 Wildcard|Dawnrise - Season 10 Freepick|Rexxar - Conquest of Azeroth|Vol'jin - Conquest of Azeroth	11	2025-10-10	2026-08-30
worldforged	410214	1	Burning Steppes	0	Area 52 - Free-Pick|Bronzebeard - Warcraft Reborn|Darkmoon - Season 10 Wildcard|Dawnrise - Season 10 Freepick|Rexxar - Conquest of Azeroth|Vol'jin - Conquest of Azeroth	9	2025-10-13	2026-08-29
worldforged	410215	1	Burning Steppes	0	Area 52 - Free-Pick|Bronzebeard - Warcraft Reborn|Darkmoon - Season 10 Wildcard|Dawnrise - Season 10 Freepick|Rexxar - Conquest of Azeroth|Vol'jin - Conquest of Azeroth	8	2025-10-14	2026-08-28
worldforged	410216	2	Burning Steppes|Shadowglen	0|1	Area 52 - Free-Pick|Bronzebeard - Warcraft Reborn|Darkmoon - Season 10 Wildcard|Dawnrise - Season 10 Freepick|Rexxar - Conquest of Azeroth|Vol'jin - Conquest of Azeroth	9	2025-10-30	2026-08-30
worldforged	410217	3	Burning Steppes	0	Area 52 - Free-Pick|Bronzebeard - Warcraft Reborn|Darkmoon - Season 10 Wildcard|Dawnrise - Season 10 Freepick|Rexxar - Conquest of Azeroth|Vol'jin - Conquest of Azeroth	9	2025-10-13	2026-07-30
worldforged	410218	1	Burning Steppes	0	Area 52 - Free-Pick|Bronzebeard - Warcraft Reborn|Darkmoon - Season 10 Wildcard|Dawnrise - Season 10 Freepick|Rexxar - Conquest of Azeroth|Vol'jin - Conquest of Azeroth	9	2025-10-15	2026-08-22
worldforged	410219	3	Burning Steppes|Silverpine Forest	0	Area 52 - Free-Pick|Bronzebeard - Warcraft Reborn|Darkmoon - Season 10 Wildcard|Dawnrise - Season 10 Freepick|Rexxar - Conquest of Azeroth|Vol'jin - Conquest of Azeroth	11	2025-10-15	2026-08-13
worldforged	410220	1	Burning Steppes	0	Area 52 - Free-Pick|Bronzebeard - Warcraft Reborn|Darkmoon - Season 10 Wildcard|Dawnrise - Season 10 Freepick|Rexxar - Conquest of Azeroth|Vol'jin - Conquest of Azeroth	10	2025-10-15	2026-08-27
worldforged	410221	2	Burning Steppes	0	Area 52 - Free-Pick|Bronzebeard - Warcraft Reborn|Darkmoon - Season 10 Wildcard|Dawnrise - Season 10 Freepick|Rexxar - Conquest of Azeroth|Vol'jin - Conquest of Azeroth	10	2025-10-20	2026-08-22
worldforged	410222	3	Blackrock Mountain	0	Area 52 - Free-Pick|Bronzebeard - Warcraft Reborn|Darkmoon - Season 10 Wildcard|Dawnrise - Season 10 Freepick|Rexxar - Conquest of Azeroth|Vol'jin - Conquest of Azeroth	10	2026-05-02	2026-08-27
worldforged	410223	4	Blackrock Mountain	0	Area 52 - Free-Pick|Bronzebeard - Warcraft Reborn|Darkmoon - Season 10 Wildcard|Dawnrise - Season 10 Freepick|Rexxar - Conquest of Azeroth|Vol'jin - Conquest of Azeroth	18	2025-10-15	2026-08-29
worldforged	410224	4	Blackrock Mountain|Burning Steppes	0	Area 52 - Free-Pick|Bronzebeard - Warcraft Reborn|Darkmoon - Season 10 Wildcard|Dawnrise - Season 10 Freepick|Rexxar - Conquest of Azeroth|Vol'jin - Conquest of Azeroth	17	2025-10-09	2026-08-29
worldforged	410225	3	Blackrock Mountain	0	Area 52 - Free-Pick|Bronzebeard - Warcraft Reborn|Darkmoon - Season 10 Wildcard|Dawnrise - Season 10 Freepick|Rexxar - Conquest of Azeroth|Vol'jin - Conquest of Azeroth	7	2025-10-13	2026-08-23
worldforged	410226	7	Blackrock Mountain|Burning Steppes	0	Area 52 - Free-Pick|Bronzebeard - Warcraft Reborn|Darkmoon - Season 10 Wildcard|Dawnrise - Season 10 Freepick|Rexxar - Conquest of Azeroth|Vol'jin - Conquest of Azeroth	17	2025-10-13	2026-08-25
worldforged	410227	4	Burning Steppes	0	Area 52 - Free-Pick|Bronzebeard - Warcraft Reborn|Darkmoon - Season 10 Wildcard|Dawnrise - Season 10 Freepick|Rexxar - Conquest of Azeroth|Vol'jin - Conquest of Azeroth	9	2025-10-13	2026-08-28
worldforged	410228	1	Burning Steppes	0	Area 52 - Free-Pick|Bronzebeard - Warcraft Reborn|Darkmoon - Season 10 Wildcard|Dawnrise - Season 10 Freepick|Rexxar - Conquest of Azeroth|Vol'jin - Conquest of Azeroth	11	2025-10-10	2026-08-28
worldforged	410229	1	Burning Steppes	0	Area 52 - Free-Pick|Darkmoon - Season 10 Wildcard|Dawnrise - Season 10 Freepick|Rexxar - Conquest of Azeroth|Vol'jin - Conquest of Azeroth	5	2025-10-18	2026-07-08
worldforged	410230	2	Burning Steppes	0	Area 52 - Free-Pick|Bronzebeard - Warcraft Reborn|Darkmoon - Season 10 Wildcard|Dawnrise - Season 10 Freepick|Rexxar - Conquest of Azeroth|Vol'jin - Conquest of Azeroth	12	2025-10-11	2026-08-27
worldforged	410231	2	Western Plaguelands	0	Area 52 - Free-Pick|Darkmoon - Season 10 Wildcard|Dawnrise - Season 10 Freepick|Rexxar - Conquest of Azeroth|Vol'jin - Conquest of Azeroth	10	2026-07-04	2026-08-28
worldforged	410232	1	Western Plaguelands	0	Area 52 - Free-Pick|Bronzebeard - Warcraft Reborn|Darkmoon - Season 10 Wildcard|Dawnrise - Season 10 Freepick|Rexxar - Conquest of Azeroth|Vol'jin - Conquest of Azeroth	9	2025-10-09	2026-08-28
worldforged	410233	1	Western Plaguelands	0	Area 52 - Free-Pick|Bronzebeard - Warcraft Reborn|Darkmoon - Season 10 Wildcard|Dawnrise - Season 10 Freepick|Rexxar - Conquest of Azeroth|Vol'jin - Conquest of Azeroth	10	2025-11-09	2026-08-30
worldforged	410234	2	Western Plaguelands	0	Area 52 - Free-Pick|Bronzebeard - Warcraft Reborn|Darkmoon - Season 10 Wildcard|Dawnrise - Season 10 Freepick|Rexxar - Conquest of Azeroth|Vol'jin - Conquest of Azeroth	11	2025-10-09	2026-08-29
worldforged	410235	2	Western Plaguelands	0	Area 52 - Free-Pick|Bronzebeard - Warcraft Reborn|Darkmoon - Season 10 Wildcard|Dawnrise - Season 10 Freepick|Rexxar - Conquest of Azeroth|Vol'jin - Conquest of Azeroth	11	2025-10-09	2026-08-28
worldforged	410238	1	Burning Steppes	0	Area 52 - Free-Pick|Bronzebeard - Warcraft Reborn|Darkmoon - Season 10 Wildcard|Dawnrise - Season 10 Freepick|Rexxar - Conquest of Azeroth|Vol'jin - Conquest of Azeroth	10	2025-10-28	2026-08-27
worldforged	415001	1	Arathi Highlands	0	Area 52 - Free-Pick|Bronzebeard - Warcraft Reborn|Darkmoon - Season 10 Wildcard|Dawnrise - Season 10 Freepick|Rexxar - Conquest of Azeroth|Vol'jin - Conquest of Azeroth	12	2025-10-15	2026-08-30
worldforged	415002	2	Arathi Highlands	0	Area 52 - Free-Pick|Bronzebeard - Warcraft Reborn|Darkmoon - Season 10 Wildcard|Dawnrise - Season 10 Freepick|Rexxar - Conquest of Azeroth|Vol'jin - Conquest of Azeroth	11	2025-10-05	2026-08-28
worldforged	415003	1	Arathi Highlands	0	Area 52 - Free-Pick|Bronzebeard - Warcraft Reborn|Darkmoon - Season 10 Wildcard|Dawnrise - Season 10 Freepick|Rexxar - Conquest of Azeroth|Vol'jin - Conquest of Azeroth	9	2025-10-05	2026-08-28
worldforged	415004	1	Arathi Highlands	0	Area 52 - Free-Pick|Bronzebeard - Warcraft Reborn|Darkmoon - Season 10 Wildcard|Dawnrise - Season 10 Freepick|Rexxar - Conquest of Azeroth|Vol'jin - Conquest of Azeroth	10	2025-10-05	2026-08-28
worldforged	415005	2	Arathi Highlands	0	Area 52 - Free-Pick|Bronzebeard - Warcraft Reborn|Darkmoon - Season 10 Wildcard|Dawnrise - Season 10 Freepick|Rexxar - Conquest of Azeroth|Vol'jin - Conquest of Azeroth	12	2025-10-05	2026-08-29
worldforged	415006	5	Arathi Highlands|Razorfen Kraul|Wetlands	0|47	Area 52 - Free-Pick|Bronzebeard - Warcraft Reborn|Darkmoon - Season 10 Wildcard|Dawnrise - Season 10 Freepick|Rexxar - Conquest of Azeroth|Vol'jin - Conquest of Azeroth	15	2025-10-29	2026-08-28
worldforged	415007	1	Arathi Highlands	0	Area 52 - Free-Pick|Bronzebeard - Warcraft Reborn|Darkmoon - Season 10 Wildcard|Dawnrise - Season 10 Freepick|Rexxar - Conquest of Azeroth|Vol'jin - Conquest of Azeroth	10	2025-10-05	2026-08-25
worldforged	415008	5	Arathi Highlands	0	Area 52 - Free-Pick|Bronzebeard - Warcraft Reborn|Darkmoon - Season 10 Wildcard|Dawnrise - Season 10 Freepick|Rexxar - Conquest of Azeroth|Vol'jin - Conquest of Azeroth	10	2025-10-20	2026-08-24
worldforged	415009	2	Alterac Mountains|Arathi Highlands	0	Area 52 - Free-Pick|Darkmoon - Season 10 Wildcard|Dawnrise - Season 10 Freepick|Rexxar - Conquest of Azeroth|Vol'jin - Conquest of Azeroth	10	2025-10-07	2026-08-28
worldforged	415010	2	Arathi Highlands	0	Area 52 - Free-Pick|Bronzebeard - Warcraft Reborn|Darkmoon - Season 10 Wildcard|Dawnrise - Season 10 Freepick|Rexxar - Conquest of Azeroth|Vol'jin - Conquest of Azeroth	12	2025-10-18	2026-08-28
worldforged	415011	4	Arathi Highlands	0	Area 52 - Free-Pick|Bronzebeard - Warcraft Reborn|Darkmoon - Season 10 Wildcard|Dawnrise - Season 10 Freepick|Rexxar - Conquest of Azeroth|Vol'jin - Conquest of Azeroth	10	2025-10-20	2026-08-28
worldforged	415012	1	Arathi Highlands	0	Area 52 - Free-Pick|Darkmoon - Season 10 Wildcard|Dawnrise - Season 10 Freepick|Rexxar - Conquest of Azeroth|Vol'jin - Conquest of Azeroth	10	2025-10-05	2026-08-22
worldforged	415013	1	Arathi Highlands	0	Area 52 - Free-Pick|Bronzebeard - Warcraft Reborn|Darkmoon - Season 10 Wildcard|Dawnrise - Season 10 Freepick|Rexxar - Conquest of Azeroth|Vol'jin - Conquest of Azeroth	9	2025-10-15	2026-08-22
worldforged	415014	2	Arathi Highlands|Westfall	0	Area 52 - Free-Pick|Bronzebeard - Warcraft Reborn|Darkmoon - Season 10 Wildcard|Dawnrise - Season 10 Freepick|Rexxar - Conquest of Azeroth|Vol'jin - Conquest of Azeroth	7	2025-10-23	2026-05-20
worldforged	415015	3	Arathi Highlands|The Deadmines	0|36	Area 52 - Free-Pick|Bronzebeard - Warcraft Reborn|Darkmoon - Season 10 Wildcard|Dawnrise - Season 10 Freepick|Rexxar - Conquest of Azeroth|Vol'jin - Conquest of Azeroth	12	2025-10-05	2026-08-26
worldforged	415016	3	Arathi Highlands|Westfall	0	Area 52 - Free-Pick|Bronzebeard - Warcraft Reborn|Darkmoon - Season 10 Wildcard|Dawnrise - Season 10 Freepick|Rexxar - Conquest of Azeroth|Vol'jin - Conquest of Azeroth	12	2025-10-15	2026-08-28
worldforged	415017	3	Arathi Highlands|Gnomeregan	0|90	Area 52 - Free-Pick|Bronzebeard - Warcraft Reborn|Darkmoon - Season 10 Wildcard|Dawnrise - Season 10 Freepick|Rexxar - Conquest of Azeroth|Vol'jin - Conquest of Azeroth	13	2025-10-05	2026-08-28
worldforged	415018	2	Arathi Highlands|Westfall	0	Area 52 - Free-Pick|Bronzebeard - Warcraft Reborn|Darkmoon - Season 10 Wildcard|Dawnrise - Season 10 Freepick|Rexxar - Conquest of Azeroth|Vol'jin - Conquest of Azeroth	13	2025-10-05	2026-08-28
worldforged	415019	2	Arathi Highlands	0	Area 52 - Free-Pick|Bronzebeard - Warcraft Reborn|Darkmoon - Season 10 Wildcard|Dawnrise - Season 10 Freepick|Rexxar - Conquest of Azeroth|Vol'jin - Conquest of Azeroth	12	2025-10-05	2026-08-28
worldforged	415020	2	Arathi Highlands	0	Area 52 - Free-Pick|Bronzebeard - Warcraft Reborn|Darkmoon - Season 10 Wildcard|Dawnrise - Season 10 Freepick|Rexxar - Conquest of Azeroth|Vol'jin - Conquest of Azeroth	10	2025-10-04	2026-08-25
worldforged	415021	13	Alterac Mountains|Arathi Highlands|Dire Maul|Hillsbrad Foothills|Razorfen Kraul|Scarlet Monastery|Wetlands|Zul'Farrak	0|47|189|209|429	Area 52 - Free-Pick|Bronzebeard - Warcraft Reborn|Darkmoon - Season 10 Wildcard|Dawnrise - Season 10 Freepick|Rexxar - Conquest of Azeroth|Vol'jin - Conquest of Azeroth	37	2025-10-09	2026-08-28
worldforged	415022	4	Arathi Highlands|Stranglethorn Vale	0	Area 52 - Free-Pick|Darkmoon - Season 10 Wildcard|Dawnrise - Season 10 Freepick|Rexxar - Conquest of Azeroth|Vol'jin - Conquest of Azeroth	17	2026-01-26	2026-08-27
worldforged	415023	1	Arathi Highlands	0	Area 52 - Free-Pick|Darkmoon - Season 10 Wildcard|Dawnrise - Season 10 Freepick|Rexxar - Conquest of Azeroth|Vol'jin - Conquest of Azeroth	8	2025-10-19	2026-08-28
worldforged	415024	2	Alterac Mountains|Arathi Highlands	0	Area 52 - Free-Pick|Bronzebeard - Warcraft Reborn|Darkmoon - Season 10 Wildcard|Dawnrise - Season 10 Freepick|Rexxar - Conquest of Azeroth|Vol'jin - Conquest of Azeroth	10	2025-10-05	2026-08-31
worldforged	415025	22	Arathi Highlands|Dustwallow Marsh|Gnomeregan|Razorfen Kraul|Scarlet Monastery|Silverpine Forest|Stratholme|Uldaman|Wailing Caverns|Wetlands	0|1|43|47|70|90|189|329	Area 52 - Free-Pick|Bronzebeard - Warcraft Reborn|Darkmoon - Season 10 Wildcard|Dawnrise - Season 10 Freepick|Rexxar - Conquest of Azeroth|Vol'jin - Conquest of Azeroth	35	2025-10-04	2026-08-28
worldforged	415026	3	Arathi Highlands	0	Area 52 - Free-Pick|Bronzebeard - Warcraft Reborn|Darkmoon - Season 10 Wildcard|Dawnrise - Season 10 Freepick|Rexxar - Conquest of Azeroth|Vol'jin - Conquest of Azeroth	9	2025-10-05	2026-08-25
worldforged	415027	1	Arathi Highlands	0	Area 52 - Free-Pick|Darkmoon - Season 10 Wildcard|Dawnrise - Season 10 Freepick|Rexxar - Conquest of Azeroth|Vol'jin - Conquest of Azeroth	12	2025-10-05	2026-08-26
worldforged	415028	1	Arathi Highlands	0	Area 52 - Free-Pick|Bronzebeard - Warcraft Reborn|Darkmoon - Season 10 Wildcard|Dawnrise - Season 10 Freepick|Rexxar - Conquest of Azeroth|Vol'jin - Conquest of Azeroth	11	2025-10-04	2026-08-28
worldforged	415029	2	Arathi Highlands	0	Area 52 - Free-Pick|Bronzebeard - Warcraft Reborn|Darkmoon - Season 10 Wildcard|Dawnrise - Season 10 Freepick|Rexxar - Conquest of Azeroth|Vol'jin - Conquest of Azeroth	11	2025-11-09	2026-08-31
worldforged	415030	1	Arathi Highlands	0	Area 52 - Free-Pick|Bronzebeard - Warcraft Reborn|Darkmoon - Season 10 Wildcard|Dawnrise - Season 10 Freepick|Rexxar - Conquest of Azeroth|Vol'jin - Conquest of Azeroth	12	2025-10-09	2026-08-29
worldforged	415031	1	Arathi Highlands	0	Area 52 - Free-Pick|Bronzebeard - Warcraft Reborn|Darkmoon - Season 10 Wildcard|Dawnrise - Season 10 Freepick|Rexxar - Conquest of Azeroth|Vol'jin - Conquest of Azeroth	6	2025-11-09	2026-05-20
worldforged	415032	1	Arathi Highlands	0	Area 52 - Free-Pick|Bronzebeard - Warcraft Reborn|Darkmoon - Season 10 Wildcard|Dawnrise - Season 10 Freepick|Rexxar - Conquest of Azeroth|Vol'jin - Conquest of Azeroth	12	2025-10-15	2026-08-28
worldforged	415033	2	Arathi Highlands	0	Area 52 - Free-Pick|Bronzebeard - Warcraft Reborn|Darkmoon - Season 10 Wildcard|Dawnrise - Season 10 Freepick|Rexxar - Conquest of Azeroth|Vol'jin - Conquest of Azeroth	10	2025-10-19	2026-08-30
worldforged	415034	2	Arathi Highlands	0	Area 52 - Free-Pick|Bronzebeard - Warcraft Reborn|Darkmoon - Season 10 Wildcard|Dawnrise - Season 10 Freepick|Rexxar - Conquest of Azeroth|Vol'jin - Conquest of Azeroth	11	2025-10-04	2026-08-28
worldforged	415035	28	Arathi Highlands|Azshara|Blasted Lands|Desolace|Durotar|Dustwallow Marsh|Eastern Plaguelands|Felwood|Feralas|Molten Core|Onyxia's Lair|Searing Gorge|Silverpine Forest|Stranglethorn Vale|Stratholme|Swamp of Sorrows|Tanaris|The Barrens|The Hinterlands|The Stockade|Wailing Caverns|Western Plaguelands|Winterspring|Zul'Farrak|Zul'Gurub	0|1|34|209|249|309|329|409	Area 52 - Free-Pick|Bronzebeard - Warcraft Reborn|Darkmoon - Season 10 Wildcard|Dawnrise - Season 10 Freepick|Rexxar - Conquest of Azeroth|Vol'jin - Conquest of Azeroth	35	2025-10-12	2026-08-30
worldforged	415036	1	Arathi Highlands	0	Area 52 - Free-Pick|Darkmoon - Season 10 Wildcard|Dawnrise - Season 10 Freepick|Rexxar - Conquest of Azeroth|Vol'jin - Conquest of Azeroth	10	2025-10-14	2026-08-31
worldforged	415037	4	Arathi Highlands|Silverpine Forest|Wailing Caverns	0|43	Area 52 - Free-Pick|Bronzebeard - Warcraft Reborn|Darkmoon - Season 10 Wildcard|Dawnrise - Season 10 Freepick|Rexxar - Conquest of Azeroth|Vol'jin - Conquest of Azeroth	13	2025-10-05	2026-08-28
worldforged	415038	5	Arathi Highlands|Dun Morogh	0	Area 52 - Free-Pick|Bronzebeard - Warcraft Reborn|Darkmoon - Season 10 Wildcard|Dawnrise - Season 10 Freepick|Rexxar - Conquest of Azeroth|Vol'jin - Conquest of Azeroth	15	2025-10-17	2026-08-28
worldforged	415039	1	Arathi Highlands	0	Area 52 - Free-Pick|Bronzebeard - Warcraft Reborn|Darkmoon - Season 10 Wildcard|Dawnrise - Season 10 Freepick|Rexxar - Conquest of Azeroth|Vol'jin - Conquest of Azeroth	11	2025-10-05	2026-08-31
worldforged	415040	2	Arathi Highlands|Westfall	0	Area 52 - Free-Pick|Bronzebeard - Warcraft Reborn|Darkmoon - Season 10 Wildcard|Dawnrise - Season 10 Freepick|Rexxar - Conquest of Azeroth|Vol'jin - Conquest of Azeroth	11	2025-10-06	2026-08-28
worldforged	415041	2	Arathi Highlands	0	Area 52 - Free-Pick|Bronzebeard - Warcraft Reborn|Darkmoon - Season 10 Wildcard|Dawnrise - Season 10 Freepick|Rexxar - Conquest of Azeroth|Vol'jin - Conquest of Azeroth	12	2025-10-15	2026-08-30
worldforged	415042	2	Arathi Highlands	0	Area 52 - Free-Pick|Bronzebeard - Warcraft Reborn|Darkmoon - Season 10 Wildcard|Dawnrise - Season 10 Freepick|Rexxar - Conquest of Azeroth|Vol'jin - Conquest of Azeroth	11	2025-10-05	2026-08-28
worldforged	415043	2	Arathi Highlands	0	Area 52 - Free-Pick|Bronzebeard - Warcraft Reborn|Darkmoon - Season 10 Wildcard|Dawnrise - Season 10 Freepick|Rexxar - Conquest of Azeroth|Vol'jin - Conquest of Azeroth	11	2025-10-14	2026-08-30
worldforged	415044	3	Arathi Highlands|Westfall	0	Area 52 - Free-Pick|Bronzebeard - Warcraft Reborn|Darkmoon - Season 10 Wildcard|Dawnrise - Season 10 Freepick|Rexxar - Conquest of Azeroth|Vol'jin - Conquest of Azeroth	11	2025-10-28	2026-08-28
worldforged	415045	1	Stranglethorn Vale	0	Area 52 - Free-Pick|Darkmoon - Season 10 Wildcard|Dawnrise - Season 10 Freepick|Rexxar - Conquest of Azeroth|Vol'jin - Conquest of Azeroth	7	2025-10-14	2026-08-30
worldforged	415046	1	Stranglethorn Vale	0	Area 52 - Free-Pick|Bronzebeard - Warcraft Reborn|Darkmoon - Season 10 Wildcard|Dawnrise - Season 10 Freepick|Rexxar - Conquest of Azeroth|Vol'jin - Conquest of Azeroth	10	2025-10-04	2026-08-30
worldforged	415047	3	Stranglethorn Vale	0	Area 52 - Free-Pick|Bronzebeard - Warcraft Reborn|Darkmoon - Season 10 Wildcard|Dawnrise - Season 10 Freepick|Rexxar - Conquest of Azeroth|Vol'jin - Conquest of Azeroth	11	2025-10-19	2026-08-30
worldforged	415048	2	Stranglethorn Vale|Wetlands	0	Area 52 - Free-Pick|Bronzebeard - Warcraft Reborn|Darkmoon - Season 10 Wildcard|Dawnrise - Season 10 Freepick|Rexxar - Conquest of Azeroth|Vol'jin - Conquest of Azeroth	12	2025-10-05	2026-08-30
worldforged	415049	2	Durotar|Stranglethorn Vale	0|1	Area 52 - Free-Pick|Bronzebeard - Warcraft Reborn|Darkmoon - Season 10 Wildcard|Dawnrise - Season 10 Freepick|Rexxar - Conquest of Azeroth|Vol'jin - Conquest of Azeroth	10	2025-10-07	2026-08-30
worldforged	415050	4	Stranglethorn Vale|The Hinterlands|Wetlands	0	Area 52 - Free-Pick|Bronzebeard - Warcraft Reborn|Darkmoon - Season 10 Wildcard|Dawnrise - Season 10 Freepick|Rexxar - Conquest of Azeroth|Vol'jin - Conquest of Azeroth	14	2025-10-04	2026-08-30
worldforged	415051	1	Stranglethorn Vale	0	Area 52 - Free-Pick|Bronzebeard - Warcraft Reborn|Darkmoon - Season 10 Wildcard|Dawnrise - Season 10 Freepick|Rexxar - Conquest of Azeroth|Vol'jin - Conquest of Azeroth	7	2025-10-15	2026-08-28
worldforged	415052	2	Stranglethorn Vale|Wetlands	0	Area 52 - Free-Pick|Bronzebeard - Warcraft Reborn|Darkmoon - Season 10 Wildcard|Dawnrise - Season 10 Freepick|Rexxar - Conquest of Azeroth|Vol'jin - Conquest of Azeroth	16	2025-10-04	2026-08-30
worldforged	415053	3	Stranglethorn Vale|The Hinterlands	0	Area 52 - Free-Pick|Darkmoon - Season 10 Wildcard|Dawnrise - Season 10 Freepick|Rexxar - Conquest of Azeroth|Vol'jin - Conquest of Azeroth	12	2025-10-04	2026-08-28
worldforged	415054	16	Azshara|Blackrock Depths|Blackrock Mountain|Blackrock Spire|Blasted Lands|Burning Steppes|Deathknell|Felwood|Molten Core|Onyxia's Lair|Silithus|Stranglethorn Vale|The Hinterlands|Wetlands	0|1|229|230|249|409	Area 52 - Free-Pick|Bronzebeard - Warcraft Reborn|Darkmoon - Season 10 Wildcard|Dawnrise - Season 10 Freepick|Rexxar - Conquest of Azeroth|Vol'jin - Conquest of Azeroth	27	2025-10-04	2026-08-29
worldforged	415055	2	Stranglethorn Vale	0	Area 52 - Free-Pick|Bronzebeard - Warcraft Reborn|Darkmoon - Season 10 Wildcard|Dawnrise - Season 10 Freepick|Rexxar - Conquest of Azeroth|Vol'jin - Conquest of Azeroth	11	2025-10-05	2026-08-30
worldforged	415058	7	Azshara|Felwood|Searing Gorge|Stranglethorn Vale|Thousand Needles|Winterspring	0|1	Area 52 - Free-Pick|Bronzebeard - Warcraft Reborn|Darkmoon - Season 10 Wildcard|Dawnrise - Season 10 Freepick|Rexxar - Conquest of Azeroth|Vol'jin - Conquest of Azeroth	16	2025-10-04	2026-08-21
worldforged	415059	3	Stranglethorn Vale|Swamp of Sorrows	0	Area 52 - Free-Pick|Bronzebeard - Warcraft Reborn|Darkmoon - Season 10 Wildcard|Dawnrise - Season 10 Freepick|Rexxar - Conquest of Azeroth|Vol'jin - Conquest of Azeroth	12	2025-10-16	2026-09-04
worldforged	415060	3	Stranglethorn Vale|Wetlands	0	Area 52 - Free-Pick|Bronzebeard - Warcraft Reborn|Darkmoon - Season 10 Wildcard|Dawnrise - Season 10 Freepick|Rexxar - Conquest of Azeroth|Vol'jin - Conquest of Azeroth	12	2025-10-04	2026-08-28
worldforged	415061	2	Stranglethorn Vale|Wetlands	0	Area 52 - Free-Pick|Darkmoon - Season 10 Wildcard|Dawnrise - Season 10 Freepick|Rexxar - Conquest of Azeroth|Vol'jin - Conquest of Azeroth	12	2025-11-22	2026-08-28
worldforged	415062	1	Stranglethorn Vale	0	Area 52 - Free-Pick|Bronzebeard - Warcraft Reborn|Darkmoon - Season 10 Wildcard|Dawnrise - Season 10 Freepick|Rexxar - Conquest of Azeroth|Vol'jin - Conquest of Azeroth	10	2025-10-04	2026-09-04
worldforged	415063	3	Stranglethorn Vale|Wetlands	0	Area 52 - Free-Pick|Bronzebeard - Warcraft Reborn|Darkmoon - Season 10 Wildcard|Dawnrise - Season 10 Freepick|Rexxar - Conquest of Azeroth|Vol'jin - Conquest of Azeroth	12	2025-10-04	2026-08-31
worldforged	415064	1	Stranglethorn Vale	0	Area 52 - Free-Pick|Bronzebeard - Warcraft Reborn|Darkmoon - Season 10 Wildcard|Dawnrise - Season 10 Freepick|Rexxar - Conquest of Azeroth|Vol'jin - Conquest of Azeroth	11	2025-10-05	2026-08-31
worldforged	415065	3	Stranglethorn Vale|Wetlands	0	Area 52 - Free-Pick|Bronzebeard - Warcraft Reborn|Darkmoon - Season 10 Wildcard|Dawnrise - Season 10 Freepick|Rexxar - Conquest of Azeroth|Vol'jin - Conquest of Azeroth	12	2025-10-05	2026-08-30
worldforged	415066	3	Deadwind Pass|Stranglethorn Vale	0	Area 52 - Free-Pick|Bronzebeard - Warcraft Reborn|Darkmoon - Season 10 Wildcard|Dawnrise - Season 10 Freepick|Rexxar - Conquest of Azeroth|Vol'jin - Conquest of Azeroth	11	2025-10-07	2026-08-31
worldforged	415067	2	Deathknell|Stranglethorn Vale	0	Area 52 - Free-Pick|Bronzebeard - Warcraft Reborn|Darkmoon - Season 10 Wildcard|Dawnrise - Season 10 Freepick|Rexxar - Conquest of Azeroth|Vol'jin - Conquest of Azeroth	10	2025-10-04	2026-08-26
worldforged	415068	2	Stranglethorn Vale|Wetlands	0	Area 52 - Free-Pick|Bronzebeard - Warcraft Reborn|Darkmoon - Season 10 Wildcard|Dawnrise - Season 10 Freepick|Rexxar - Conquest of Azeroth|Vol'jin - Conquest of Azeroth	13	2025-10-04	2026-08-30
worldforged	415069	1	Stranglethorn Vale	0	Area 52 - Free-Pick|Bronzebeard - Warcraft Reborn|Darkmoon - Season 10 Wildcard|Dawnrise - Season 10 Freepick|Rexxar - Conquest of Azeroth|Vol'jin - Conquest of Azeroth	9	2025-10-04	2026-08-28
worldforged	415070	2	Stranglethorn Vale	0	Area 52 - Free-Pick|Bronzebeard - Warcraft Reborn|Darkmoon - Season 10 Wildcard|Dawnrise - Season 10 Freepick|Rexxar - Conquest of Azeroth|Vol'jin - Conquest of Azeroth	11	2025-10-04	2026-08-29
worldforged	415072	5	Stranglethorn Vale|Stratholme|Wailing Caverns|Wetlands	0|43|329	Area 52 - Free-Pick|Bronzebeard - Warcraft Reborn|Darkmoon - Season 10 Wildcard|Dawnrise - Season 10 Freepick|Rexxar - Conquest of Azeroth|Vol'jin - Conquest of Azeroth	15	2025-10-05	2026-09-04
worldforged	415073	3	Secret Inquisitorial Dungeon|Stranglethorn Vale|Wetlands	0	Area 52 - Free-Pick|Bronzebeard - Warcraft Reborn|Darkmoon - Season 10 Wildcard|Dawnrise - Season 10 Freepick|Rexxar - Conquest of Azeroth|Vol'jin - Conquest of Azeroth	13	2025-10-18	2026-08-28
worldforged	415074	2	Stranglethorn Vale	0	Area 52 - Free-Pick|Bronzebeard - Warcraft Reborn|Darkmoon - Season 10 Wildcard|Dawnrise - Season 10 Freepick|Rexxar - Conquest of Azeroth|Vol'jin - Conquest of Azeroth	11	2025-10-04	2026-08-31
worldforged	415075	3	Stranglethorn Vale|Wetlands	0	Area 52 - Free-Pick|Bronzebeard - Warcraft Reborn|Darkmoon - Season 10 Wildcard|Dawnrise - Season 10 Freepick|Rexxar - Conquest of Azeroth|Vol'jin - Conquest of Azeroth	15	2025-10-04	2026-08-29
worldforged	415076	3	Deadwind Pass|Stranglethorn Vale	0	Area 52 - Free-Pick|Bronzebeard - Warcraft Reborn|Darkmoon - Season 10 Wildcard|Dawnrise - Season 10 Freepick|Rexxar - Conquest of Azeroth|Vol'jin - Conquest of Azeroth	15	2025-10-04	2026-08-28
worldforged	415077	1	Stranglethorn Vale	0	Area 52 - Free-Pick|Bronzebeard - Warcraft Reborn|Darkmoon - Season 10 Wildcard|Dawnrise - Season 10 Freepick|Rexxar - Conquest of Azeroth|Vol'jin - Conquest of Azeroth	11	2025-10-05	2026-08-28
worldforged	415078	1	Stranglethorn Vale	0	Area 52 - Free-Pick|Darkmoon - Season 10 Wildcard|Dawnrise - Season 10 Freepick|Rexxar - Conquest of Azeroth|Vol'jin - Conquest of Azeroth	9	2025-10-06	2026-09-04
worldforged	415079	3	Silverpine Forest|Stranglethorn Vale	0	Area 52 - Free-Pick|Bronzebeard - Warcraft Reborn|Darkmoon - Season 10 Wildcard|Dawnrise - Season 10 Freepick|Rexxar - Conquest of Azeroth|Vol'jin - Conquest of Azeroth	14	2025-10-17	2026-08-28
worldforged	415080	3	Stranglethorn Vale|Swamp of Sorrows	0	Area 52 - Free-Pick|Bronzebeard - Warcraft Reborn|Darkmoon - Season 10 Wildcard|Dawnrise - Season 10 Freepick|Rexxar - Conquest of Azeroth|Vol'jin - Conquest of Azeroth	10	2025-10-05	2026-08-30
worldforged	415081	3	Stranglethorn Vale|Wetlands	0	Area 52 - Free-Pick|Bronzebeard - Warcraft Reborn|Darkmoon - Season 10 Wildcard|Dawnrise - Season 10 Freepick|Rexxar - Conquest of Azeroth|Vol'jin - Conquest of Azeroth	15	2025-10-05	2026-08-27
worldforged	415082	2	Stranglethorn Vale	0	Area 52 - Free-Pick|Bronzebeard - Warcraft Reborn|Darkmoon - Season 10 Wildcard|Dawnrise - Season 10 Freepick|Rexxar - Conquest of Azeroth|Vol'jin - Conquest of Azeroth	11	2026-05-24	2026-08-27
worldforged	415083	4	Ashenvale|Stranglethorn Vale|The Deadmines|Wetlands	0|1|36	Area 52 - Free-Pick|Bronzebeard - Warcraft Reborn|Darkmoon - Season 10 Wildcard|Dawnrise - Season 10 Freepick|Rexxar - Conquest of Azeroth|Vol'jin - Conquest of Azeroth	14	2025-10-05	2026-08-28
worldforged	415084	3	Stranglethorn Vale|The Hinterlands|Wetlands	0	Area 52 - Free-Pick|Bronzebeard - Warcraft Reborn|Darkmoon - Season 10 Wildcard|Dawnrise - Season 10 Freepick|Rexxar - Conquest of Azeroth|Vol'jin - Conquest of Azeroth	13	2025-10-04	2026-08-30
worldforged	415085	3	Silvermoon City|Stranglethorn Vale	0|530	Area 52 - Free-Pick|Bronzebeard - Warcraft Reborn|Darkmoon - Season 10 Wildcard|Dawnrise - Season 10 Freepick|Rexxar - Conquest of Azeroth|Vol'jin - Conquest of Azeroth	13	2025-10-04	2026-08-29
worldforged	415087	4	Stranglethorn Vale|The Deadmines	0|36	Area 52 - Free-Pick|Bronzebeard - Warcraft Reborn|Darkmoon - Season 10 Wildcard|Dawnrise - Season 10 Freepick|Rexxar - Conquest of Azeroth|Vol'jin - Conquest of Azeroth	15	2025-10-04	2026-08-30
worldforged	415088	3	Dustwallow Marsh|Stranglethorn Vale|Western Plaguelands	0|1	Area 52 - Free-Pick|Bronzebeard - Warcraft Reborn|Darkmoon - Season 10 Wildcard|Dawnrise - Season 10 Freepick|Rexxar - Conquest of Azeroth|Vol'jin - Conquest of Azeroth	12	2025-10-04	2026-08-30
worldforged	415089	1	Dustwallow Marsh	1	Area 52 - Free-Pick|Bronzebeard - Warcraft Reborn|Darkmoon - Season 10 Wildcard|Dawnrise - Season 10 Freepick|Rexxar - Conquest of Azeroth|Vol'jin - Conquest of Azeroth	6	2025-10-18	2026-05-20
worldforged	415090	7	Stranglethorn Vale|The Deadmines|Wetlands	0|36	Area 52 - Free-Pick|Darkmoon - Season 10 Wildcard|Dawnrise - Season 10 Freepick|Rexxar - Conquest of Azeroth|Vol'jin - Conquest of Azeroth	14	2025-10-04	2026-08-28
worldforged	415091	3	Stranglethorn Vale|The Deadmines|Wetlands	0|36	Area 52 - Free-Pick|Bronzebeard - Warcraft Reborn|Darkmoon - Season 10 Wildcard|Dawnrise - Season 10 Freepick|Rexxar - Conquest of Azeroth|Vol'jin - Conquest of Azeroth	14	2025-10-04	2026-08-28
worldforged	415092	2	Deadwind Pass|Stranglethorn Vale	0	Area 52 - Free-Pick|Bronzebeard - Warcraft Reborn|Darkmoon - Season 10 Wildcard|Dawnrise - Season 10 Freepick|Rexxar - Conquest of Azeroth|Vol'jin - Conquest of Azeroth	11	2025-10-05	2026-08-28
worldforged	415093	4	Stranglethorn Vale|The Deadmines|Wetlands	0|36	Area 52 - Free-Pick|Bronzebeard - Warcraft Reborn|Darkmoon - Season 10 Wildcard|Dawnrise - Season 10 Freepick|Rexxar - Conquest of Azeroth|Vol'jin - Conquest of Azeroth	14	2025-10-04	2026-08-28
worldforged	415094	2	Stranglethorn Vale	0	Area 52 - Free-Pick|Bronzebeard - Warcraft Reborn|Darkmoon - Season 10 Wildcard|Dawnrise - Season 10 Freepick|Rexxar - Conquest of Azeroth|Vol'jin - Conquest of Azeroth	12	2025-10-05	2026-08-26
worldforged	415095	3	Gnomeregan|Stranglethorn Vale|The Deadmines	0|36|90	Area 52 - Free-Pick|Bronzebeard - Warcraft Reborn|Darkmoon - Season 10 Wildcard|Dawnrise - Season 10 Freepick|Rexxar - Conquest of Azeroth|Vol'jin - Conquest of Azeroth	11	2025-10-04	2026-08-29
worldforged	415096	4	Stranglethorn Vale|The Deadmines|Wetlands	0|36	Area 52 - Free-Pick|Bronzebeard - Warcraft Reborn|Darkmoon - Season 10 Wildcard|Dawnrise - Season 10 Freepick|Rexxar - Conquest of Azeroth|Vol'jin - Conquest of Azeroth	16	2025-10-04	2026-08-30
worldforged	415097	1	Stranglethorn Vale	0	Area 52 - Free-Pick|Bronzebeard - Warcraft Reborn|Darkmoon - Season 10 Wildcard|Dawnrise - Season 10 Freepick|Rexxar - Conquest of Azeroth|Vol'jin - Conquest of Azeroth	12	2025-10-05	2026-08-27
worldforged	415098	3	Stranglethorn Vale|The Deadmines|Wetlands	0|36	Area 52 - Free-Pick|Bronzebeard - Warcraft Reborn|Darkmoon - Season 10 Wildcard|Dawnrise - Season 10 Freepick|Rexxar - Conquest of Azeroth|Vol'jin - Conquest of Azeroth	14	2025-10-04	2026-08-30
worldforged	415099	4	Stranglethorn Vale|The Deadmines|Wetlands	0|36	Area 52 - Free-Pick|Bronzebeard - Warcraft Reborn|Darkmoon - Season 10 Wildcard|Dawnrise - Season 10 Freepick|Rexxar - Conquest of Azeroth|Vol'jin - Conquest of Azeroth	15	2025-10-04	2026-08-28
worldforged	415100	4	Deadwind Pass|Stranglethorn Vale|The Deadmines	0|36	Area 52 - Free-Pick|Bronzebeard - Warcraft Reborn|Darkmoon - Season 10 Wildcard|Dawnrise - Season 10 Freepick|Rexxar - Conquest of Azeroth|Vol'jin - Conquest of Azeroth	14	2025-10-04	2026-08-28
worldforged	415101	7	Alterac Mountains|Arathi Highlands|Stranglethorn Vale|Thousand Needles|Wetlands	0|1	Area 52 - Free-Pick|Bronzebeard - Warcraft Reborn|Darkmoon - Season 10 Wildcard|Dawnrise - Season 10 Freepick|Rexxar - Conquest of Azeroth|Vol'jin - Conquest of Azeroth	17	2025-10-04	2026-08-28
worldforged	415102	1	Stranglethorn Vale	0	Area 52 - Free-Pick|Bronzebeard - Warcraft Reborn|Darkmoon - Season 10 Wildcard|Dawnrise - Season 10 Freepick|Rexxar - Conquest of Azeroth|Vol'jin - Conquest of Azeroth	11	2025-10-05	2026-08-28
worldforged	415103	1	Stranglethorn Vale	0	Area 52 - Free-Pick|Bronzebeard - Warcraft Reborn|Darkmoon - Season 10 Wildcard|Dawnrise - Season 10 Freepick|Rexxar - Conquest of Azeroth|Vol'jin - Conquest of Azeroth	6	2025-10-06	2026-05-20
worldforged	415104	3	Dire Maul|Stranglethorn Vale	0|429	Area 52 - Free-Pick|Bronzebeard - Warcraft Reborn|Darkmoon - Season 10 Wildcard|Dawnrise - Season 10 Freepick|Rexxar - Conquest of Azeroth|Vol'jin - Conquest of Azeroth	11	2025-10-06	2026-09-04
worldforged	415105	9	Blackrock Depths|Burning Steppes|Dire Maul|Razorfen Kraul|Scholomance|Searing Gorge|Stranglethorn Vale|Stratholme|The Deadmines	0|36|47|230|289|329|429	Area 52 - Free-Pick|Bronzebeard - Warcraft Reborn|Darkmoon - Season 10 Wildcard|Dawnrise - Season 10 Freepick|Rexxar - Conquest of Azeroth|Vol'jin - Conquest of Azeroth	19	2025-10-07	2026-08-28
worldforged	415106	4	Stranglethorn Vale|The Deadmines|Wetlands	0|36	Area 52 - Free-Pick|Bronzebeard - Warcraft Reborn|Darkmoon - Season 10 Wildcard|Dawnrise - Season 10 Freepick|Rexxar - Conquest of Azeroth|Vol'jin - Conquest of Azeroth	13	2025-10-05	2026-08-31
worldforged	415107	2	Stranglethorn Vale|Wetlands	0	Area 52 - Free-Pick|Darkmoon - Season 10 Wildcard|Dawnrise - Season 10 Freepick|Rexxar - Conquest of Azeroth|Vol'jin - Conquest of Azeroth	11	2025-10-06	2026-08-28
worldforged	415108	1	Stranglethorn Vale	0	Area 52 - Free-Pick|Bronzebeard - Warcraft Reborn|Darkmoon - Season 10 Wildcard|Dawnrise - Season 10 Freepick|Rexxar - Conquest of Azeroth|Vol'jin - Conquest of Azeroth	6	2025-10-06	2026-05-20
worldforged	415109	1	Stranglethorn Vale	0	Area 52 - Free-Pick|Darkmoon - Season 10 Wildcard|Dawnrise - Season 10 Freepick|Rexxar - Conquest of Azeroth|Vol'jin - Conquest of Azeroth	6	2025-10-05	2026-05-02
worldforged	415110	3	Stranglethorn Vale|Wetlands	0	Area 52 - Free-Pick|Bronzebeard - Warcraft Reborn|Darkmoon - Season 10 Wildcard|Dawnrise - Season 10 Freepick|Rexxar - Conquest of Azeroth|Vol'jin - Conquest of Azeroth	11	2025-10-15	2026-08-31
worldforged	415111	1	Stranglethorn Vale	0	Area 52 - Free-Pick|Bronzebeard - Warcraft Reborn|Darkmoon - Season 10 Wildcard|Dawnrise - Season 10 Freepick|Rexxar - Conquest of Azeroth|Vol'jin - Conquest of Azeroth	10	2025-10-14	2026-08-28
worldforged	415112	3	Stranglethorn Vale|Swamp of Sorrows	0	Area 52 - Free-Pick|Bronzebeard - Warcraft Reborn|Darkmoon - Season 10 Wildcard|Dawnrise - Season 10 Freepick|Rexxar - Conquest of Azeroth|Vol'jin - Conquest of Azeroth	10	2025-10-05	2026-08-29
worldforged	415113	3	Silverpine Forest|Stonetalon Mountains|Stranglethorn Vale	0|1	Area 52 - Free-Pick|Bronzebeard - Warcraft Reborn|Darkmoon - Season 10 Wildcard|Dawnrise - Season 10 Freepick|Rexxar - Conquest of Azeroth|Vol'jin - Conquest of Azeroth	14	2025-10-05	2026-08-28
worldforged	415114	2	Stranglethorn Vale	0	Area 52 - Free-Pick|Bronzebeard - Warcraft Reborn|Darkmoon - Season 10 Wildcard|Dawnrise - Season 10 Freepick|Rexxar - Conquest of Azeroth|Vol'jin - Conquest of Azeroth	10	2025-10-11	2026-08-25
worldforged	415115	1	Stranglethorn Vale	0	Area 52 - Free-Pick|Bronzebeard - Warcraft Reborn|Darkmoon - Season 10 Wildcard|Dawnrise - Season 10 Freepick|Rexxar - Conquest of Azeroth|Vol'jin - Conquest of Azeroth	7	2025-10-05	2026-07-28
worldforged	415116	3	Deadwind Pass|Stranglethorn Vale	0	Area 52 - Free-Pick|Bronzebeard - Warcraft Reborn|Darkmoon - Season 10 Wildcard|Dawnrise - Season 10 Freepick|Rexxar - Conquest of Azeroth|Vol'jin - Conquest of Azeroth	12	2025-10-05	2026-08-28
worldforged	415117	2	Stranglethorn Vale	0	Area 52 - Free-Pick|Bronzebeard - Warcraft Reborn|Darkmoon - Season 10 Wildcard|Dawnrise - Season 10 Freepick|Rexxar - Conquest of Azeroth|Vol'jin - Conquest of Azeroth	11	2025-10-15	2026-08-30
worldforged	415118	3	Stranglethorn Vale|The Hinterlands	0	Area 52 - Free-Pick|Bronzebeard - Warcraft Reborn|Darkmoon - Season 10 Wildcard|Dawnrise - Season 10 Freepick|Rexxar - Conquest of Azeroth|Vol'jin - Conquest of Azeroth	12	2025-10-05	2026-08-31
worldforged	415119	2	Stranglethorn Vale|Wetlands	0	Area 52 - Free-Pick|Bronzebeard - Warcraft Reborn|Darkmoon - Season 10 Wildcard|Dawnrise - Season 10 Freepick|Rexxar - Conquest of Azeroth|Vol'jin - Conquest of Azeroth	13	2025-10-27	2026-08-28
worldforged	415120	1	Alterac Mountains	0	Area 52 - Free-Pick|Darkmoon - Season 10 Wildcard|Dawnrise - Season 10 Freepick|Rexxar - Conquest of Azeroth|Vol'jin - Conquest of Azeroth	9	2026-05-01	2026-08-28
worldforged	415121	2	Alterac Mountains	0	Area 52 - Free-Pick|Bronzebeard - Warcraft Reborn|Darkmoon - Season 10 Wildcard|Dawnrise - Season 10 Freepick|Rexxar - Conquest of Azeroth|Vol'jin - Conquest of Azeroth	10	2025-10-06	2026-08-26
worldforged	415122	4	Alterac Mountains	0	Area 52 - Free-Pick|Bronzebeard - Warcraft Reborn|Darkmoon - Season 10 Wildcard|Dawnrise - Season 10 Freepick|Rexxar - Conquest of Azeroth|Vol'jin - Conquest of Azeroth	11	2025-10-19	2026-08-30
worldforged	415123	2	Alterac Mountains|Duskwood	0	Area 52 - Free-Pick|Darkmoon - Season 10 Wildcard|Dawnrise - Season 10 Freepick|Rexxar - Conquest of Azeroth|Vol'jin - Conquest of Azeroth	11	2025-10-04	2026-08-28
worldforged	415124	9	Alterac Mountains|Arathi Highlands|Eastern Plaguelands|Hillsbrad Foothills|Maraudon|Wetlands	0|349	Area 52 - Free-Pick|Bronzebeard - Warcraft Reborn|Darkmoon - Season 10 Wildcard|Dawnrise - Season 10 Freepick|Rexxar - Conquest of Azeroth|Vol'jin - Conquest of Azeroth	21	2025-10-04	2026-08-27
worldforged	415125	1	Alterac Mountains	0	Area 52 - Free-Pick|Bronzebeard - Warcraft Reborn|Darkmoon - Season 10 Wildcard|Dawnrise - Season 10 Freepick|Rexxar - Conquest of Azeroth|Vol'jin - Conquest of Azeroth	10	2025-10-04	2026-09-04
worldforged	415126	2	Alterac Mountains|Hillsbrad Foothills	0	Area 52 - Free-Pick|Bronzebeard - Warcraft Reborn|Darkmoon - Season 10 Wildcard|Dawnrise - Season 10 Freepick|Rexxar - Conquest of Azeroth|Vol'jin - Conquest of Azeroth	11	2025-10-04	2026-08-28
worldforged	415127	1	Alterac Mountains	0	Area 52 - Free-Pick|Bronzebeard - Warcraft Reborn|Darkmoon - Season 10 Wildcard|Dawnrise - Season 10 Freepick|Rexxar - Conquest of Azeroth|Vol'jin - Conquest of Azeroth	12	2025-10-04	2026-08-30
worldforged	415128	1	Alterac Mountains	0	Area 52 - Free-Pick|Bronzebeard - Warcraft Reborn|Darkmoon - Season 10 Wildcard|Dawnrise - Season 10 Freepick|Rexxar - Conquest of Azeroth|Vol'jin - Conquest of Azeroth	10	2025-10-07	2026-08-28
worldforged	415129	2	Alterac Mountains|Duskwood	0	Area 52 - Free-Pick|Bronzebeard - Warcraft Reborn|Darkmoon - Season 10 Wildcard|Dawnrise - Season 10 Freepick|Rexxar - Conquest of Azeroth|Vol'jin - Conquest of Azeroth	7	2025-10-06	2026-05-20
worldforged	415130	3	Stranglethorn Vale|Wetlands	0	Area 52 - Free-Pick|Bronzebeard - Warcraft Reborn|Darkmoon - Season 10 Wildcard|Dawnrise - Season 10 Freepick|Rexxar - Conquest of Azeroth|Vol'jin - Conquest of Azeroth	13	2025-10-06	2026-09-03
worldforged	415131	2	Badlands	0	Area 52 - Free-Pick|Bronzebeard - Warcraft Reborn|Darkmoon - Season 10 Wildcard|Dawnrise - Season 10 Freepick|Rexxar - Conquest of Azeroth|Vol'jin - Conquest of Azeroth	12	2025-10-05	2026-08-27
worldforged	415132	2	Badlands	0	Area 52 - Free-Pick|Bronzebeard - Warcraft Reborn|Darkmoon - Season 10 Wildcard|Dawnrise - Season 10 Freepick|Rexxar - Conquest of Azeroth|Vol'jin - Conquest of Azeroth	11	2025-10-05	2026-08-26
worldforged	415133	3	Badlands|Blackrock Depths|Scholomance	0|230|289	Area 52 - Free-Pick|Bronzebeard - Warcraft Reborn|Darkmoon - Season 10 Wildcard|Dawnrise - Season 10 Freepick|Rexxar - Conquest of Azeroth|Vol'jin - Conquest of Azeroth	12	2025-10-14	2026-08-28
worldforged	415134	1	Badlands	0	Area 52 - Free-Pick|Bronzebeard - Warcraft Reborn|Darkmoon - Season 10 Wildcard|Dawnrise - Season 10 Freepick|Rexxar - Conquest of Azeroth|Vol'jin - Conquest of Azeroth	9	2025-10-08	2026-08-28
worldforged	415135	2	Badlands	0	Area 52 - Free-Pick|Bronzebeard - Warcraft Reborn|Darkmoon - Season 10 Wildcard|Dawnrise - Season 10 Freepick|Rexxar - Conquest of Azeroth|Vol'jin - Conquest of Azeroth	10	2025-10-12	2026-08-28
worldforged	415136	1	Badlands	0	Area 52 - Free-Pick|Bronzebeard - Warcraft Reborn|Darkmoon - Season 10 Wildcard|Dawnrise - Season 10 Freepick|Rexxar - Conquest of Azeroth|Vol'jin - Conquest of Azeroth	12	2025-10-12	2026-08-28
worldforged	415137	1	Badlands	0	Area 52 - Free-Pick|Bronzebeard - Warcraft Reborn|Darkmoon - Season 10 Wildcard|Dawnrise - Season 10 Freepick|Rexxar - Conquest of Azeroth|Vol'jin - Conquest of Azeroth	9	2025-10-06	2026-08-28
worldforged	415138	2	Badlands	0	Area 52 - Free-Pick|Bronzebeard - Warcraft Reborn|Darkmoon - Season 10 Wildcard|Dawnrise - Season 10 Freepick|Rexxar - Conquest of Azeroth|Vol'jin - Conquest of Azeroth	12	2025-10-16	2026-08-25
worldforged	415139	1	Badlands	0	Area 52 - Free-Pick|Bronzebeard - Warcraft Reborn|Darkmoon - Season 10 Wildcard|Dawnrise - Season 10 Freepick|Rexxar - Conquest of Azeroth|Vol'jin - Conquest of Azeroth	9	2025-10-12	2026-08-28
worldforged	415140	2	Badlands	0	Area 52 - Free-Pick|Bronzebeard - Warcraft Reborn|Darkmoon - Season 10 Wildcard|Dawnrise - Season 10 Freepick|Rexxar - Conquest of Azeroth|Vol'jin - Conquest of Azeroth	9	2025-10-07	2026-08-28
worldforged	415141	4	Badlands|Feralas	0|1	Area 52 - Free-Pick|Bronzebeard - Warcraft Reborn|Darkmoon - Season 10 Wildcard|Dawnrise - Season 10 Freepick|Rexxar - Conquest of Azeroth|Vol'jin - Conquest of Azeroth	10	2025-10-12	2026-08-25
worldforged	415142	2	Badlands	0	Area 52 - Free-Pick|Bronzebeard - Warcraft Reborn|Darkmoon - Season 10 Wildcard|Dawnrise - Season 10 Freepick|Rexxar - Conquest of Azeroth|Vol'jin - Conquest of Azeroth	11	2025-10-05	2026-08-26
worldforged	415143	3	Badlands	0	Area 52 - Free-Pick|Bronzebeard - Warcraft Reborn|Darkmoon - Season 10 Wildcard|Dawnrise - Season 10 Freepick|Rexxar - Conquest of Azeroth|Vol'jin - Conquest of Azeroth	11	2025-10-05	2026-08-28
worldforged	415144	3	Badlands	0	Area 52 - Free-Pick|Bronzebeard - Warcraft Reborn|Darkmoon - Season 10 Wildcard|Dawnrise - Season 10 Freepick|Rexxar - Conquest of Azeroth|Vol'jin - Conquest of Azeroth	9	2025-10-20	2026-08-28
worldforged	415145	2	Badlands	0	Area 52 - Free-Pick|Darkmoon - Season 10 Wildcard|Dawnrise - Season 10 Freepick|Rexxar - Conquest of Azeroth|Vol'jin - Conquest of Azeroth	9	2025-10-05	2026-08-13
worldforged	415146	3	Badlands|Fargodeep Mine	0	Area 52 - Free-Pick|Bronzebeard - Warcraft Reborn|Darkmoon - Season 10 Wildcard|Dawnrise - Season 10 Freepick|Rexxar - Conquest of Azeroth|Vol'jin - Conquest of Azeroth	8	2025-10-06	2026-05-20
worldforged	415147	1	Badlands	0	Area 52 - Free-Pick|Bronzebeard - Warcraft Reborn|Darkmoon - Season 10 Wildcard|Dawnrise - Season 10 Freepick|Rexxar - Conquest of Azeroth|Vol'jin - Conquest of Azeroth	10	2025-10-05	2026-08-27
worldforged	415148	1	Badlands	0	Area 52 - Free-Pick|Bronzebeard - Warcraft Reborn|Darkmoon - Season 10 Wildcard|Dawnrise - Season 10 Freepick|Rexxar - Conquest of Azeroth|Vol'jin - Conquest of Azeroth	10	2025-10-05	2026-08-26
worldforged	415149	2	Badlands|Searing Gorge	0	Area 52 - Free-Pick|Bronzebeard - Warcraft Reborn|Darkmoon - Season 10 Wildcard|Dawnrise - Season 10 Freepick|Rexxar - Conquest of Azeroth|Vol'jin - Conquest of Azeroth	12	2025-10-05	2026-08-27
worldforged	415150	1	Badlands	0	Area 52 - Free-Pick|Bronzebeard - Warcraft Reborn|Darkmoon - Season 10 Wildcard|Dawnrise - Season 10 Freepick|Rexxar - Conquest of Azeroth|Vol'jin - Conquest of Azeroth	6	2025-10-17	2026-05-20
worldforged	415151	3	Badlands	0	Area 52 - Free-Pick|Bronzebeard - Warcraft Reborn|Darkmoon - Season 10 Wildcard|Dawnrise - Season 10 Freepick|Rexxar - Conquest of Azeroth|Vol'jin - Conquest of Azeroth	9	2025-10-19	2026-08-16
worldforged	415152	1	Badlands	0	Area 52 - Free-Pick|Bronzebeard - Warcraft Reborn|Darkmoon - Season 10 Wildcard|Dawnrise - Season 10 Freepick|Rexxar - Conquest of Azeroth|Vol'jin - Conquest of Azeroth	12	2025-10-07	2026-08-29
worldforged	415153	1	Badlands	0	Area 52 - Free-Pick|Bronzebeard - Warcraft Reborn|Darkmoon - Season 10 Wildcard|Dawnrise - Season 10 Freepick|Rexxar - Conquest of Azeroth|Vol'jin - Conquest of Azeroth	10	2025-10-07	2026-09-03
worldforged	415154	1	Badlands	0	Area 52 - Free-Pick|Bronzebeard - Warcraft Reborn|Darkmoon - Season 10 Wildcard|Dawnrise - Season 10 Freepick|Rexxar - Conquest of Azeroth|Vol'jin - Conquest of Azeroth	9	2025-10-07	2026-08-25
worldforged	415155	4	Badlands|Duskwood|Silvermoon City	0|530	Area 52 - Free-Pick|Bronzebeard - Warcraft Reborn|Darkmoon - Season 10 Wildcard|Dawnrise - Season 10 Freepick|Rexxar - Conquest of Azeroth|Vol'jin - Conquest of Azeroth	15	2025-10-05	2026-09-03
worldforged	415156	2	Badlands	0	Area 52 - Free-Pick|Bronzebeard - Warcraft Reborn|Darkmoon - Season 10 Wildcard|Dawnrise - Season 10 Freepick|Rexxar - Conquest of Azeroth|Vol'jin - Conquest of Azeroth	9	2025-10-05	2026-08-28
worldforged	415157	1	Badlands	0	Area 52 - Free-Pick|Bronzebeard - Warcraft Reborn|Darkmoon - Season 10 Wildcard|Dawnrise - Season 10 Freepick|Rexxar - Conquest of Azeroth|Vol'jin - Conquest of Azeroth	9	2025-10-14	2026-08-25
worldforged	415158	2	Badlands|Uldaman	0	Area 52 - Free-Pick|Bronzebeard - Warcraft Reborn|Darkmoon - Season 10 Wildcard|Dawnrise - Season 10 Freepick|Rexxar - Conquest of Azeroth|Vol'jin - Conquest of Azeroth	10	2025-10-29	2026-08-25
worldforged	415159	1	Badlands	0	Area 52 - Free-Pick|Bronzebeard - Warcraft Reborn|Darkmoon - Season 10 Wildcard|Dawnrise - Season 10 Freepick|Rexxar - Conquest of Azeroth|Vol'jin - Conquest of Azeroth	9	2025-10-05	2026-08-27
worldforged	415160	1	Badlands	0	Area 52 - Free-Pick|Bronzebeard - Warcraft Reborn|Darkmoon - Season 10 Wildcard|Dawnrise - Season 10 Freepick|Rexxar - Conquest of Azeroth|Vol'jin - Conquest of Azeroth	11	2025-10-05	2026-08-26
worldforged	415161	1	Badlands	0	Area 52 - Free-Pick|Bronzebeard - Warcraft Reborn|Darkmoon - Season 10 Wildcard|Dawnrise - Season 10 Freepick|Rexxar - Conquest of Azeroth|Vol'jin - Conquest of Azeroth	11	2025-10-12	2026-08-28
worldforged	450238	4	Arathi Highlands|Coldridge Valley	0	Area 52 - Free-Pick|Bronzebeard - Warcraft Reborn|Darkmoon - Season 10 Wildcard|Dawnrise - Season 10 Freepick|Rexxar - Conquest of Azeroth|Vol'jin - Conquest of Azeroth	12	2025-10-04	2026-08-31
worldforged	450239	5	Coldridge Pass|Coldridge Valley|Dun Morogh	0	Area 52 - Free-Pick|Bronzebeard - Warcraft Reborn|Darkmoon - Season 10 Wildcard|Dawnrise - Season 10 Freepick|Rexxar - Conquest of Azeroth|Vol'jin - Conquest of Azeroth	15	2025-10-05	2026-09-04
worldforged	450240	4	Coldridge Valley|Dun Morogh|Scarlet Monastery	0|189	Area 52 - Free-Pick|Bronzebeard - Warcraft Reborn|Darkmoon - Season 10 Wildcard|Dawnrise - Season 10 Freepick|Rexxar - Conquest of Azeroth|Vol'jin - Conquest of Azeroth	14	2025-10-15	2026-08-31
worldforged	450241	2	Coldridge Valley|Dun Morogh	0	Area 52 - Free-Pick|Bronzebeard - Warcraft Reborn|Darkmoon - Season 10 Wildcard|Dawnrise - Season 10 Freepick|Rexxar - Conquest of Azeroth|Vol'jin - Conquest of Azeroth	13	2025-10-17	2026-08-31
worldforged	450242	6	Coldridge Pass|Coldridge Valley|Dun Morogh	0	Area 52 - Free-Pick|Bronzebeard - Warcraft Reborn|Darkmoon - Season 10 Wildcard|Dawnrise - Season 10 Freepick|Rexxar - Conquest of Azeroth|Vol'jin - Conquest of Azeroth	16	2025-10-05	2026-08-31
worldforged	450243	2	Dun Morogh	0	Area 52 - Free-Pick|Bronzebeard - Warcraft Reborn|Darkmoon - Season 10 Wildcard|Dawnrise - Season 10 Freepick|Rexxar - Conquest of Azeroth|Vol'jin - Conquest of Azeroth	10	2025-10-05	2026-09-03
worldforged	450244	1	Dun Morogh	0	Area 52 - Free-Pick|Bronzebeard - Warcraft Reborn|Darkmoon - Season 10 Wildcard|Dawnrise - Season 10 Freepick|Rexxar - Conquest of Azeroth|Vol'jin - Conquest of Azeroth	11	2025-10-15	2026-08-31
worldforged	450245	1	Dun Morogh	0	Area 52 - Free-Pick|Bronzebeard - Warcraft Reborn|Darkmoon - Season 10 Wildcard|Dawnrise - Season 10 Freepick|Rexxar - Conquest of Azeroth|Vol'jin - Conquest of Azeroth	11	2025-10-15	2026-08-31
worldforged	450246	2	Dun Morogh	0	Area 52 - Free-Pick|Bronzebeard - Warcraft Reborn|Darkmoon - Season 10 Wildcard|Dawnrise - Season 10 Freepick|Rexxar - Conquest of Azeroth|Vol'jin - Conquest of Azeroth	10	2025-10-05	2026-08-28
worldforged	450247	8	Blasted Lands|Dun Morogh|Gol'Bolar Quarry|Hillsbrad Foothills|Tirisfal Glades	0	Area 52 - Free-Pick|Bronzebeard - Warcraft Reborn|Darkmoon - Season 10 Wildcard|Dawnrise - Season 10 Freepick|Rexxar - Conquest of Azeroth|Vol'jin - Conquest of Azeroth	19	2025-10-18	2026-08-31
worldforged	450248	3	Dun Morogh|Eastern Plaguelands	0	Area 52 - Free-Pick|Bronzebeard - Warcraft Reborn|Darkmoon - Season 10 Wildcard|Dawnrise - Season 10 Freepick|Rexxar - Conquest of Azeroth|Vol'jin - Conquest of Azeroth	15	2025-10-05	2026-08-28
worldforged	450249	2	Dun Morogh	0	Area 52 - Free-Pick|Bronzebeard - Warcraft Reborn|Darkmoon - Season 10 Wildcard|Dawnrise - Season 10 Freepick|Rexxar - Conquest of Azeroth|Vol'jin - Conquest of Azeroth	11	2025-10-04	2026-08-31
worldforged	450250	3	Dun Morogh|Eastern Plaguelands	0	Area 52 - Free-Pick|Bronzebeard - Warcraft Reborn|Darkmoon - Season 10 Wildcard|Dawnrise - Season 10 Freepick|Rexxar - Conquest of Azeroth|Vol'jin - Conquest of Azeroth	15	2025-10-04	2026-08-27
worldforged	450251	6	The Grizzled Den|Uldaman	0|70	Area 52 - Free-Pick|Bronzebeard - Warcraft Reborn|Darkmoon - Season 10 Wildcard|Dawnrise - Season 10 Freepick|Rexxar - Conquest of Azeroth|Vol'jin - Conquest of Azeroth	13	2025-10-20	2026-08-29
worldforged	450252	2	Dun Morogh	0	Area 52 - Free-Pick|Bronzebeard - Warcraft Reborn|Darkmoon - Season 10 Wildcard|Dawnrise - Season 10 Freepick|Rexxar - Conquest of Azeroth|Vol'jin - Conquest of Azeroth	12	2025-10-05	2026-08-31
worldforged	450253	3	Dun Morogh|Scarlet Monastery|The Temple of Atal'Hakkar	0|109|189	Area 52 - Free-Pick|Bronzebeard - Warcraft Reborn|Darkmoon - Season 10 Wildcard|Dawnrise - Season 10 Freepick|Rexxar - Conquest of Azeroth|Vol'jin - Conquest of Azeroth	12	2025-10-05	2026-08-31
worldforged	450254	2	Dun Morogh	0	Area 52 - Free-Pick|Bronzebeard - Warcraft Reborn|Darkmoon - Season 10 Wildcard|Dawnrise - Season 10 Freepick|Rexxar - Conquest of Azeroth|Vol'jin - Conquest of Azeroth	11	2025-10-05	2026-08-28
worldforged	450256	3	Dun Morogh|Eastern Plaguelands	0	Area 52 - Free-Pick|Bronzebeard - Warcraft Reborn|Darkmoon - Season 10 Wildcard|Dawnrise - Season 10 Freepick|Rexxar - Conquest of Azeroth|Vol'jin - Conquest of Azeroth	14	2025-10-05	2026-08-28
worldforged	450257	3	Loch Modan|Northshire Valley|Searing Gorge	0	Area 52 - Free-Pick|Darkmoon - Season 10 Wildcard|Dawnrise - Season 10 Freepick|Rexxar - Conquest of Azeroth|Vol'jin - Conquest of Azeroth	15	2025-10-12	2026-08-28
worldforged	450258	4	Burning Steppes|Eastern Plaguelands|Loch Modan	0	Area 52 - Free-Pick|Bronzebeard - Warcraft Reborn|Darkmoon - Season 10 Wildcard|Dawnrise - Season 10 Freepick|Rexxar - Conquest of Azeroth|Vol'jin - Conquest of Azeroth	17	2025-10-05	2026-08-28
worldforged	450259	3	Loch Modan|Northshire Valley|Searing Gorge	0	Area 52 - Free-Pick|Bronzebeard - Warcraft Reborn|Darkmoon - Season 10 Wildcard|Dawnrise - Season 10 Freepick|Rexxar - Conquest of Azeroth|Vol'jin - Conquest of Azeroth	15	2025-10-05	2026-08-25
worldforged	450260	3	Eastern Plaguelands|Loch Modan|Searing Gorge	0	Area 52 - Free-Pick|Bronzebeard - Warcraft Reborn|Darkmoon - Season 10 Wildcard|Dawnrise - Season 10 Freepick|Rexxar - Conquest of Azeroth|Vol'jin - Conquest of Azeroth	14	2025-10-06	2026-08-28
worldforged	450261	5	Dun Morogh|Loch Modan|Northshire Valley|The Hinterlands	0	Area 52 - Free-Pick|Bronzebeard - Warcraft Reborn|Darkmoon - Season 10 Wildcard|Dawnrise - Season 10 Freepick|Rexxar - Conquest of Azeroth|Vol'jin - Conquest of Azeroth	16	2025-10-04	2026-08-28
worldforged	450262	3	Dun Morogh|Loch Modan|Searing Gorge	0	Area 52 - Free-Pick|Bronzebeard - Warcraft Reborn|Darkmoon - Season 10 Wildcard|Dawnrise - Season 10 Freepick|Rexxar - Conquest of Azeroth|Vol'jin - Conquest of Azeroth	14	2025-10-14	2026-08-25
worldforged	450263	3	Dun Morogh|Loch Modan|Northshire Valley	0	Area 52 - Free-Pick|Bronzebeard - Warcraft Reborn|Darkmoon - Season 10 Wildcard|Dawnrise - Season 10 Freepick|Rexxar - Conquest of Azeroth|Vol'jin - Conquest of Azeroth	15	2025-10-09	2026-08-22
worldforged	450264	5	Dun Morogh|Loch Modan|Northshire Valley|Wetlands	0	Area 52 - Free-Pick|Bronzebeard - Warcraft Reborn|Darkmoon - Season 10 Wildcard|Dawnrise - Season 10 Freepick|Rexxar - Conquest of Azeroth|Vol'jin - Conquest of Azeroth	16	2025-10-04	2026-08-28
worldforged	450265	5	Loch Modan|Searing Gorge	0	Area 52 - Free-Pick|Darkmoon - Season 10 Wildcard|Dawnrise - Season 10 Freepick|Rexxar - Conquest of Azeroth|Vol'jin - Conquest of Azeroth	14	2025-10-19	2026-08-28
worldforged	450266	1	Loch Modan	0	Area 52 - Free-Pick|Bronzebeard - Warcraft Reborn|Darkmoon - Season 10 Wildcard|Dawnrise - Season 10 Freepick|Rexxar - Conquest of Azeroth|Vol'jin - Conquest of Azeroth	10	2025-10-05	2026-09-01
worldforged	450267	7	Dun Morogh|Eastern Plaguelands|Loch Modan|Northshire Valley|Searing Gorge	0	Area 52 - Free-Pick|Bronzebeard - Warcraft Reborn|Darkmoon - Season 10 Wildcard|Dawnrise - Season 10 Freepick|Rexxar - Conquest of Azeroth|Vol'jin - Conquest of Azeroth	19	2025-10-05	2026-08-28
worldforged	450268	3	Eastern Plaguelands|Loch Modan|Searing Gorge	0	Area 52 - Free-Pick|Bronzebeard - Warcraft Reborn|Darkmoon - Season 10 Wildcard|Dawnrise - Season 10 Freepick|Rexxar - Conquest of Azeroth|Vol'jin - Conquest of Azeroth	16	2025-10-04	2026-08-28
worldforged	450269	7	Desolace|Loch Modan|Northshire Valley|Searing Gorge|Stratholme|The Hinterlands	0|1|329	Area 52 - Free-Pick|Bronzebeard - Warcraft Reborn|Darkmoon - Season 10 Wildcard|Dawnrise - Season 10 Freepick|Rexxar - Conquest of Azeroth|Vol'jin - Conquest of Azeroth	21	2025-10-14	2026-08-28
worldforged	450270	2	Loch Modan|Northshire Valley	0	Area 52 - Free-Pick|Bronzebeard - Warcraft Reborn|Darkmoon - Season 10 Wildcard|Dawnrise - Season 10 Freepick|Rexxar - Conquest of Azeroth|Vol'jin - Conquest of Azeroth	12	2025-10-05	2026-08-28
worldforged	450271	5	Loch Modan|Night Web's Hollow|Searing Gorge	0	Area 52 - Free-Pick|Bronzebeard - Warcraft Reborn|Darkmoon - Season 10 Wildcard|Dawnrise - Season 10 Freepick|Rexxar - Conquest of Azeroth|Vol'jin - Conquest of Azeroth	17	2025-10-20	2026-08-29
worldforged	450272	2	Alterac Mountains	0	Area 52 - Free-Pick|Darkmoon - Season 10 Wildcard|Dawnrise - Season 10 Freepick|Rexxar - Conquest of Azeroth|Vol'jin - Conquest of Azeroth	11	2025-10-04	2026-08-28
worldforged	450273	1	Alterac Mountains	0	Area 52 - Free-Pick|Bronzebeard - Warcraft Reborn|Darkmoon - Season 10 Wildcard|Dawnrise - Season 10 Freepick|Rexxar - Conquest of Azeroth|Vol'jin - Conquest of Azeroth	12	2025-10-04	2026-08-28
worldforged	450274	3	Alterac Mountains|Hillsbrad Foothills	0	Area 52 - Free-Pick|Bronzebeard - Warcraft Reborn|Darkmoon - Season 10 Wildcard|Dawnrise - Season 10 Freepick|Rexxar - Conquest of Azeroth|Vol'jin - Conquest of Azeroth	12	2025-10-05	2026-08-28
worldforged	450275	2	Alterac Mountains	0	Area 52 - Free-Pick|Bronzebeard - Warcraft Reborn|Darkmoon - Season 10 Wildcard|Dawnrise - Season 10 Freepick|Rexxar - Conquest of Azeroth|Vol'jin - Conquest of Azeroth	11	2025-10-04	2026-08-28
worldforged	450276	1	Alterac Mountains	0	Area 52 - Free-Pick|Bronzebeard - Warcraft Reborn|Darkmoon - Season 10 Wildcard|Dawnrise - Season 10 Freepick|Rexxar - Conquest of Azeroth|Vol'jin - Conquest of Azeroth	11	2025-10-04	2026-08-27
worldforged	450277	4	Alterac Mountains|Eastern Plaguelands|Magisters' Terrace	0|585	Area 52 - Free-Pick|Bronzebeard - Warcraft Reborn|Darkmoon - Season 10 Wildcard|Dawnrise - Season 10 Freepick|Rexxar - Conquest of Azeroth|Vol'jin - Conquest of Azeroth	15	2025-10-14	2026-08-28
worldforged	450500	9	Durotar|Sinister Lair|Valley of Trials	1	Area 52 - Free-Pick|Bronzebeard - Warcraft Reborn|Darkmoon - Season 10 Wildcard|Dawnrise - Season 10 Freepick|Rexxar - Conquest of Azeroth|Vol'jin - Conquest of Azeroth	22	2025-10-05	2026-09-03
worldforged	450501	9	Ashenvale|Durotar|Maraudon|Stonetalon Mountains|The Barrens|The Stockade|Valley of Trials|Wailing Caverns	1|34|43|349	Area 52 - Free-Pick|Bronzebeard - Warcraft Reborn|Darkmoon - Season 10 Wildcard|Dawnrise - Season 10 Freepick|Rexxar - Conquest of Azeroth|Vol'jin - Conquest of Azeroth	25	2025-10-17	2026-09-03
worldforged	450502	2	Durotar|The Barrens	1	Area 52 - Free-Pick|Bronzebeard - Warcraft Reborn|Darkmoon - Season 10 Wildcard|Dawnrise - Season 10 Freepick|Rexxar - Conquest of Azeroth|Vol'jin - Conquest of Azeroth	10	2025-10-15	2026-08-27
worldforged	450503	3	Durotar|Valley of Trials	1	Area 52 - Free-Pick|Bronzebeard - Warcraft Reborn|Darkmoon - Season 10 Wildcard|Dawnrise - Season 10 Freepick|Rexxar - Conquest of Azeroth|Vol'jin - Conquest of Azeroth	18	2025-10-04	2026-08-28
worldforged	450504	7	Mulgore|Red Cloud Mesa|Tirisfal Glades	0|1	Area 52 - Free-Pick|Bronzebeard - Warcraft Reborn|Darkmoon - Season 10 Wildcard|Dawnrise - Season 10 Freepick|Rexxar - Conquest of Azeroth|Vol'jin - Conquest of Azeroth	14	2025-10-05	2026-09-03
worldforged	450505	4	Mulgore|Red Cloud Mesa	1	Area 52 - Free-Pick|Bronzebeard - Warcraft Reborn|Darkmoon - Season 10 Wildcard|Dawnrise - Season 10 Freepick|Rexxar - Conquest of Azeroth|Vol'jin - Conquest of Azeroth	11	2025-10-04	2026-08-31
worldforged	450506	4	Deathknell|Mulgore|Red Cloud Mesa	0|1	Area 52 - Free-Pick|Bronzebeard - Warcraft Reborn|Darkmoon - Season 10 Wildcard|Dawnrise - Season 10 Freepick|Rexxar - Conquest of Azeroth|Vol'jin - Conquest of Azeroth	13	2025-10-05	2026-08-31
worldforged	450508	7	Burning Blade Coven|Durotar	1	Area 52 - Free-Pick|Bronzebeard - Warcraft Reborn|Darkmoon - Season 10 Wildcard|Dawnrise - Season 10 Freepick|Rexxar - Conquest of Azeroth|Vol'jin - Conquest of Azeroth	14	2025-10-17	2026-08-31
worldforged	450509	2	Mulgore|Palemane Rock	1	Area 52 - Free-Pick|Bronzebeard - Warcraft Reborn|Darkmoon - Season 10 Wildcard|Dawnrise - Season 10 Freepick|Rexxar - Conquest of Azeroth|Vol'jin - Conquest of Azeroth	12	2025-10-09	2026-08-31
worldforged	450510	4	Mulgore|Red Cloud Mesa|Westfall	0|1	Area 52 - Free-Pick|Bronzebeard - Warcraft Reborn|Darkmoon - Season 10 Wildcard|Dawnrise - Season 10 Freepick|Rexxar - Conquest of Azeroth|Vol'jin - Conquest of Azeroth	15	2025-10-03	2026-09-03
worldforged	450511	9	Dun Morogh|Elwynn Forest|Northshire Valley|Scarlet Monastery|Searing Gorge|Secret Inquisitorial Dungeon|Westfall	0|189	Area 52 - Free-Pick|Bronzebeard - Warcraft Reborn|Darkmoon - Season 10 Wildcard|Dawnrise - Season 10 Freepick|Rexxar - Conquest of Azeroth|Vol'jin - Conquest of Azeroth	22	2025-10-05	2026-08-30
worldforged	450512	6	Elwynn Forest|Northshire Valley|Scarlet Monastery	0|189	Area 52 - Free-Pick|Bronzebeard - Warcraft Reborn|Darkmoon - Season 10 Wildcard|Dawnrise - Season 10 Freepick|Rexxar - Conquest of Azeroth|Vol'jin - Conquest of Azeroth	15	2025-10-05	2026-08-28
worldforged	450513	7	Burning Steppes|Elwynn Forest|Northshire Valley|Scarlet Monastery	0|189	Area 52 - Free-Pick|Bronzebeard - Warcraft Reborn|Darkmoon - Season 10 Wildcard|Dawnrise - Season 10 Freepick|Rexxar - Conquest of Azeroth|Vol'jin - Conquest of Azeroth	20	2025-10-12	2026-09-03
worldforged	450514	2	Northshire Valley	0	Area 52 - Free-Pick|Bronzebeard - Warcraft Reborn|Darkmoon - Season 10 Wildcard|Dawnrise - Season 10 Freepick|Rexxar - Conquest of Azeroth|Vol'jin - Conquest of Azeroth	12	2025-10-06	2026-08-28
worldforged	450515	7	Dun Morogh|Hillsbrad Foothills|Jasperlode Mine|Night Web's Hollow	0	Area 52 - Free-Pick|Bronzebeard - Warcraft Reborn|Darkmoon - Season 10 Wildcard|Dawnrise - Season 10 Freepick|Rexxar - Conquest of Azeroth|Vol'jin - Conquest of Azeroth	20	2025-10-12	2026-08-31
worldforged	450517	6	Arathi Highlands|Elwynn Forest|Eversong Woods|Fargodeep Mine|Scarlet Monastery	0|530	Area 52 - Free-Pick|Bronzebeard - Warcraft Reborn|Darkmoon - Season 10 Wildcard|Dawnrise - Season 10 Freepick|Rexxar - Conquest of Azeroth|Vol'jin - Conquest of Azeroth	20	2025-10-03	2026-09-02
worldforged	450519	5	Arathi Highlands|Blasted Lands|Elwynn Forest|Fargodeep Mine	0	Area 52 - Free-Pick|Bronzebeard - Warcraft Reborn|Darkmoon - Season 10 Wildcard|Dawnrise - Season 10 Freepick|Rexxar - Conquest of Azeroth|Vol'jin - Conquest of Azeroth	17	2025-10-12	2026-08-31
worldforged	450521	1	Elwynn Forest	0	Rexxar - Conquest of Azeroth|Vol'jin - Conquest of Azeroth	2	2026-07-08	2026-07-08
worldforged	450522	4	Badlands|Elwynn Forest	0	Area 52 - Free-Pick|Bronzebeard - Warcraft Reborn|Darkmoon - Season 10 Wildcard|Dawnrise - Season 10 Freepick|Rexxar - Conquest of Azeroth|Vol'jin - Conquest of Azeroth	16	2025-10-05	2026-08-28
worldforged	450523	4	Badlands|Elwynn Forest|Fargodeep Mine	0	Area 52 - Free-Pick|Bronzebeard - Warcraft Reborn|Darkmoon - Season 10 Wildcard|Dawnrise - Season 10 Freepick|Rexxar - Conquest of Azeroth|Vol'jin - Conquest of Azeroth	16	2025-10-15	2026-08-28
worldforged	450524	5	Blasted Lands|Elwynn Forest|Fargodeep Mine|Jasperlode Mine|The Deadmines	0|36	Area 52 - Free-Pick|Bronzebeard - Warcraft Reborn|Darkmoon - Season 10 Wildcard|Dawnrise - Season 10 Freepick|Rexxar - Conquest of Azeroth|Vol'jin - Conquest of Azeroth	16	2025-10-05	2026-08-31
worldforged	450525	4	Alterac Mountains|Elwynn Forest|Searing Gorge|Un'Goro Crater	0|1	Area 52 - Free-Pick|Bronzebeard - Warcraft Reborn|Darkmoon - Season 10 Wildcard|Dawnrise - Season 10 Freepick|Rexxar - Conquest of Azeroth|Vol'jin - Conquest of Azeroth	13	2025-10-05	2026-08-28
worldforged	450526	4	Elwynn Forest	0	Area 52 - Free-Pick|Bronzebeard - Warcraft Reborn|Darkmoon - Season 10 Wildcard|Dawnrise - Season 10 Freepick|Rexxar - Conquest of Azeroth|Vol'jin - Conquest of Azeroth	9	2025-10-15	2026-09-04
worldforged	450527	3	Elwynn Forest|Fargodeep Mine	0	Area 52 - Free-Pick|Bronzebeard - Warcraft Reborn|Darkmoon - Season 10 Wildcard|Dawnrise - Season 10 Freepick|Rexxar - Conquest of Azeroth|Vol'jin - Conquest of Azeroth	14	2025-10-15	2026-09-03
worldforged	450528	18	Blasted Lands|Dun Morogh|Duskwood|Elwynn Forest|Fargodeep Mine|Gol'Bolar Quarry|Westfall	0	Area 52 - Free-Pick|Bronzebeard - Warcraft Reborn|Darkmoon - Season 10 Wildcard|Dawnrise - Season 10 Freepick|Rexxar - Conquest of Azeroth|Vol'jin - Conquest of Azeroth	29	2025-10-28	2026-09-03
worldforged	450529	4	Silverpine Forest|Swamp of Sorrows	0	Area 52 - Free-Pick|Darkmoon - Season 10 Wildcard|Dawnrise - Season 10 Freepick|Rexxar - Conquest of Azeroth|Vol'jin - Conquest of Azeroth	15	2025-10-15	2026-08-28
worldforged	450530	4	Loch Modan|Silverpine Forest|Sunstrider Isle	0|530	Area 52 - Free-Pick|Darkmoon - Season 10 Wildcard|Dawnrise - Season 10 Freepick|Rexxar - Conquest of Azeroth|Vol'jin - Conquest of Azeroth	15	2025-10-05	2026-08-29
worldforged	450531	3	Silverpine Forest|Swamp of Sorrows	0	Area 52 - Free-Pick|Bronzebeard - Warcraft Reborn|Darkmoon - Season 10 Wildcard|Dawnrise - Season 10 Freepick|Rexxar - Conquest of Azeroth|Vol'jin - Conquest of Azeroth	17	2025-10-15	2026-08-27
worldforged	450532	3	Silverpine Forest|Swamp of Sorrows	0	Area 52 - Free-Pick|Bronzebeard - Warcraft Reborn|Darkmoon - Season 10 Wildcard|Dawnrise - Season 10 Freepick|Rexxar - Conquest of Azeroth|Vol'jin - Conquest of Azeroth	12	2025-10-05	2026-08-27
worldforged	450533	2	Silverpine Forest|Swamp of Sorrows	0	Area 52 - Free-Pick|Bronzebeard - Warcraft Reborn|Darkmoon - Season 10 Wildcard|Dawnrise - Season 10 Freepick|Rexxar - Conquest of Azeroth|Vol'jin - Conquest of Azeroth	13	2025-10-05	2026-08-29
worldforged	450534	2	Silverpine Forest	0	Area 52 - Free-Pick|Bronzebeard - Warcraft Reborn|Darkmoon - Season 10 Wildcard|Dawnrise - Season 10 Freepick|Rexxar - Conquest of Azeroth|Vol'jin - Conquest of Azeroth	11	2025-10-05	2026-08-28
worldforged	450535	8	Scarlet Monastery|Silverpine Forest|Swamp of Sorrows|Tirisfal Glades	0|189	Area 52 - Free-Pick|Bronzebeard - Warcraft Reborn|Darkmoon - Season 10 Wildcard|Dawnrise - Season 10 Freepick|Rexxar - Conquest of Azeroth|Vol'jin - Conquest of Azeroth	20	2025-10-05	2026-08-27
worldforged	450536	3	Alterac Mountains|Duskwood	0	Area 52 - Free-Pick|Darkmoon - Season 10 Wildcard|Dawnrise - Season 10 Freepick|Rexxar - Conquest of Azeroth|Vol'jin - Conquest of Azeroth	11	2025-10-05	2026-08-28
worldforged	450537	2	Silverpine Forest	0	Area 52 - Free-Pick|Bronzebeard - Warcraft Reborn|Darkmoon - Season 10 Wildcard|Dawnrise - Season 10 Freepick|Rexxar - Conquest of Azeroth|Vol'jin - Conquest of Azeroth	11	2025-10-15	2026-08-28
worldforged	450538	1	Silverpine Forest	0	Area 52 - Free-Pick|Bronzebeard - Warcraft Reborn|Darkmoon - Season 10 Wildcard|Dawnrise - Season 10 Freepick|Rexxar - Conquest of Azeroth|Vol'jin - Conquest of Azeroth	10	2025-10-05	2026-08-28
worldforged	450539	23	Blackrock Depths|Deathknell|Dire Maul|Durotar|Gnomeregan|Maraudon|Razorfen Kraul|Scarlet Monastery|Silverpine Forest|Stratholme|Swamp of Sorrows|The Temple of Atal'Hakkar|Tirisfal Glades|Uldaman|Wailing Caverns	0|1|43|47|70|90|109|189|230|329|349|429	Area 52 - Free-Pick|Bronzebeard - Warcraft Reborn|Darkmoon - Season 10 Wildcard|Dawnrise - Season 10 Freepick|Rexxar - Conquest of Azeroth|Vol'jin - Conquest of Azeroth	39	2025-10-05	2026-08-28
worldforged	450540	3	Silverpine Forest|Swamp of Sorrows	0	Area 52 - Free-Pick|Bronzebeard - Warcraft Reborn|Darkmoon - Season 10 Wildcard|Dawnrise - Season 10 Freepick|Rexxar - Conquest of Azeroth|Vol'jin - Conquest of Azeroth	14	2025-10-04	2026-08-29
worldforged	450541	4	Silverpine Forest|Sunstrider Isle	0|530	Area 52 - Free-Pick|Bronzebeard - Warcraft Reborn|Darkmoon - Season 10 Wildcard|Dawnrise - Season 10 Freepick|Rexxar - Conquest of Azeroth|Vol'jin - Conquest of Azeroth	12	2025-10-03	2026-08-29
worldforged	450542	2	Silverpine Forest|Swamp of Sorrows	0	Area 52 - Free-Pick|Darkmoon - Season 10 Wildcard|Dawnrise - Season 10 Freepick|Rexxar - Conquest of Azeroth|Vol'jin - Conquest of Azeroth	11	2025-10-13	2026-08-29
worldforged	450543	3	Loch Modan|Silverpine Forest|Swamp of Sorrows	0	Area 52 - Free-Pick|Bronzebeard - Warcraft Reborn|Darkmoon - Season 10 Wildcard|Dawnrise - Season 10 Freepick|Rexxar - Conquest of Azeroth|Vol'jin - Conquest of Azeroth	14	2025-10-04	2026-08-28
worldforged	450544	1	Silverpine Forest	0	Area 52 - Free-Pick|Bronzebeard - Warcraft Reborn|Darkmoon - Season 10 Wildcard|Dawnrise - Season 10 Freepick|Rexxar - Conquest of Azeroth|Vol'jin - Conquest of Azeroth	12	2025-10-03	2026-08-28
worldforged	450545	4	Silverpine Forest|Swamp of Sorrows	0	Area 52 - Free-Pick|Bronzebeard - Warcraft Reborn|Darkmoon - Season 10 Wildcard|Dawnrise - Season 10 Freepick|Rexxar - Conquest of Azeroth|Vol'jin - Conquest of Azeroth	13	2025-10-03	2026-08-28
worldforged	450546	1	Silverpine Forest	0	Area 52 - Free-Pick|Bronzebeard - Warcraft Reborn|Darkmoon - Season 10 Wildcard|Dawnrise - Season 10 Freepick|Rexxar - Conquest of Azeroth|Vol'jin - Conquest of Azeroth	7	2025-10-05	2026-08-27
worldforged	450547	2	Silverpine Forest|Sunstrider Isle	0|530	Area 52 - Free-Pick|Bronzebeard - Warcraft Reborn|Darkmoon - Season 10 Wildcard|Dawnrise - Season 10 Freepick|Rexxar - Conquest of Azeroth|Vol'jin - Conquest of Azeroth	14	2025-10-05	2026-09-03
worldforged	450548	2	Westfall	0	Area 52 - Free-Pick|Bronzebeard - Warcraft Reborn|Darkmoon - Season 10 Wildcard|Dawnrise - Season 10 Freepick|Rexxar - Conquest of Azeroth|Vol'jin - Conquest of Azeroth	10	2025-10-05	2026-08-28
worldforged	450549	2	Westfall	0	Area 52 - Free-Pick|Darkmoon - Season 10 Wildcard|Dawnrise - Season 10 Freepick|Rexxar - Conquest of Azeroth|Vol'jin - Conquest of Azeroth	11	2025-10-05	2026-08-27
worldforged	450550	1	Westfall	0	Area 52 - Free-Pick|Bronzebeard - Warcraft Reborn|Darkmoon - Season 10 Wildcard|Dawnrise - Season 10 Freepick|Rexxar - Conquest of Azeroth|Vol'jin - Conquest of Azeroth	10	2025-10-05	2026-08-28
worldforged	450551	2	Swamp of Sorrows|Westfall	0	Area 52 - Free-Pick|Bronzebeard - Warcraft Reborn|Darkmoon - Season 10 Wildcard|Dawnrise - Season 10 Freepick|Rexxar - Conquest of Azeroth|Vol'jin - Conquest of Azeroth	13	2025-10-05	2026-08-30
worldforged	450552	12	Gold Coast Quarry|Tirisfal Glades|Westfall	0	Area 52 - Free-Pick|Bronzebeard - Warcraft Reborn|Darkmoon - Season 10 Wildcard|Dawnrise - Season 10 Freepick|Rexxar - Conquest of Azeroth|Vol'jin - Conquest of Azeroth	20	2025-10-30	2026-08-31
worldforged	450553	2	Westfall	0	Area 52 - Free-Pick|Bronzebeard - Warcraft Reborn|Darkmoon - Season 10 Wildcard|Dawnrise - Season 10 Freepick|Rexxar - Conquest of Azeroth|Vol'jin - Conquest of Azeroth	7	2025-10-07	2026-08-15
worldforged	450554	4	Loch Modan|Northshire Valley|Westfall	0	Area 52 - Free-Pick|Bronzebeard - Warcraft Reborn|Darkmoon - Season 10 Wildcard|Dawnrise - Season 10 Freepick|Rexxar - Conquest of Azeroth|Vol'jin - Conquest of Azeroth	11	2025-10-04	2026-08-28
worldforged	450555	2	Stranglethorn Vale|Westfall	0	Area 52 - Free-Pick|Bronzebeard - Warcraft Reborn|Darkmoon - Season 10 Wildcard|Dawnrise - Season 10 Freepick|Rexxar - Conquest of Azeroth|Vol'jin - Conquest of Azeroth	13	2025-10-05	2026-08-24
worldforged	450556	2	Westfall	0	Area 52 - Free-Pick|Bronzebeard - Warcraft Reborn|Darkmoon - Season 10 Wildcard|Dawnrise - Season 10 Freepick|Rexxar - Conquest of Azeroth|Vol'jin - Conquest of Azeroth	11	2025-10-04	2026-08-31
worldforged	450557	3	Stranglethorn Vale|Westfall	0	Area 52 - Free-Pick|Bronzebeard - Warcraft Reborn|Darkmoon - Season 10 Wildcard|Dawnrise - Season 10 Freepick|Rexxar - Conquest of Azeroth|Vol'jin - Conquest of Azeroth	11	2025-10-04	2026-08-27
worldforged	450558	3	Duskwood|Molten Core|Westfall	0|409	Area 52 - Free-Pick|Bronzebeard - Warcraft Reborn|Darkmoon - Season 10 Wildcard|Dawnrise - Season 10 Freepick|Rexxar - Conquest of Azeroth|Vol'jin - Conquest of Azeroth	10	2025-10-06	2026-08-18
worldforged	450559	9	Blackrock Spire|Duskwood|Felwood|Stranglethorn Vale|The Barrens|Westfall	0|1|229	Area 52 - Free-Pick|Bronzebeard - Warcraft Reborn|Darkmoon - Season 10 Wildcard|Dawnrise - Season 10 Freepick|Rexxar - Conquest of Azeroth|Vol'jin - Conquest of Azeroth	16	2025-10-05	2026-08-25
worldforged	450560	1	Westfall	0	Area 52 - Free-Pick|Bronzebeard - Warcraft Reborn|Darkmoon - Season 10 Wildcard|Dawnrise - Season 10 Freepick|Rexxar - Conquest of Azeroth|Vol'jin - Conquest of Azeroth	6	2025-10-04	2026-05-20
worldforged	450561	8	Dire Maul|Hillsbrad Foothills|Jangolode Mine|Loch Modan|The Hinterlands	0|429	Area 52 - Free-Pick|Bronzebeard - Warcraft Reborn|Darkmoon - Season 10 Wildcard|Dawnrise - Season 10 Freepick|Rexxar - Conquest of Azeroth|Vol'jin - Conquest of Azeroth	20	2025-10-17	2026-08-28
worldforged	450562	2	Duskwood|Westfall	0	Area 52 - Free-Pick|Bronzebeard - Warcraft Reborn|Darkmoon - Season 10 Wildcard|Dawnrise - Season 10 Freepick|Rexxar - Conquest of Azeroth|Vol'jin - Conquest of Azeroth	11	2025-10-04	2026-08-30
worldforged	450563	10	Gnomeregan|Jangolode Mine|The Deadmines|Westfall	0|36|90	Area 52 - Free-Pick|Bronzebeard - Warcraft Reborn|Darkmoon - Season 10 Wildcard|Dawnrise - Season 10 Freepick|Rexxar - Conquest of Azeroth|Vol'jin - Conquest of Azeroth	17	2025-10-27	2026-08-19
worldforged	450564	2	Stranglethorn Vale|Westfall	0	Area 52 - Free-Pick|Bronzebeard - Warcraft Reborn|Darkmoon - Season 10 Wildcard|Dawnrise - Season 10 Freepick|Rexxar - Conquest of Azeroth|Vol'jin - Conquest of Azeroth	11	2025-10-14	2026-09-01
worldforged	450565	2	Westfall	0	Area 52 - Free-Pick|Darkmoon - Season 10 Wildcard|Dawnrise - Season 10 Freepick|Rexxar - Conquest of Azeroth|Vol'jin - Conquest of Azeroth	11	2026-04-29	2026-08-29
worldforged	450566	3	Deadwind Pass|Redridge Mountains	0	Area 52 - Free-Pick|Bronzebeard - Warcraft Reborn|Darkmoon - Season 10 Wildcard|Dawnrise - Season 10 Freepick|Rexxar - Conquest of Azeroth|Vol'jin - Conquest of Azeroth	13	2025-10-04	2026-08-28
worldforged	450567	4	Deadwind Pass|Redridge Mountains	0	Area 52 - Free-Pick|Bronzebeard - Warcraft Reborn|Darkmoon - Season 10 Wildcard|Dawnrise - Season 10 Freepick|Rexxar - Conquest of Azeroth|Vol'jin - Conquest of Azeroth	13	2025-10-06	2026-08-30
worldforged	450568	4	Redridge Mountains|Secret Inquisitorial Dungeon	0	Area 52 - Free-Pick|Bronzebeard - Warcraft Reborn|Darkmoon - Season 10 Wildcard|Dawnrise - Season 10 Freepick|Rexxar - Conquest of Azeroth|Vol'jin - Conquest of Azeroth	15	2025-10-04	2026-08-28
worldforged	450569	2	Deadwind Pass|Redridge Mountains	0	Area 52 - Free-Pick|Bronzebeard - Warcraft Reborn|Darkmoon - Season 10 Wildcard|Dawnrise - Season 10 Freepick|Rexxar - Conquest of Azeroth|Vol'jin - Conquest of Azeroth	12	2025-10-17	2026-08-31
worldforged	450570	6	Burning Steppes|Deadwind Pass|Redridge Mountains	0	Area 52 - Free-Pick|Bronzebeard - Warcraft Reborn|Darkmoon - Season 10 Wildcard|Dawnrise - Season 10 Freepick|Rexxar - Conquest of Azeroth|Vol'jin - Conquest of Azeroth	12	2025-10-19	2026-08-28
worldforged	450571	3	Deadwind Pass|Redridge Mountains|Secret Inquisitorial Dungeon	0	Area 52 - Free-Pick|Bronzebeard - Warcraft Reborn|Darkmoon - Season 10 Wildcard|Dawnrise - Season 10 Freepick|Rexxar - Conquest of Azeroth|Vol'jin - Conquest of Azeroth	15	2025-10-05	2026-08-28
worldforged	450572	4	Blackrock Depths|Deadwind Pass|Redridge Mountains	0|230	Area 52 - Free-Pick|Bronzebeard - Warcraft Reborn|Darkmoon - Season 10 Wildcard|Dawnrise - Season 10 Freepick|Rexxar - Conquest of Azeroth|Vol'jin - Conquest of Azeroth	13	2025-10-05	2026-08-25
worldforged	450573	2	Deadwind Pass|Redridge Mountains	0	Area 52 - Free-Pick|Bronzebeard - Warcraft Reborn|Darkmoon - Season 10 Wildcard|Dawnrise - Season 10 Freepick|Rexxar - Conquest of Azeroth|Vol'jin - Conquest of Azeroth	14	2025-10-04	2026-08-28
worldforged	450574	2	Redridge Mountains	0	Area 52 - Free-Pick|Bronzebeard - Warcraft Reborn|Darkmoon - Season 10 Wildcard|Dawnrise - Season 10 Freepick|Rexxar - Conquest of Azeroth|Vol'jin - Conquest of Azeroth	10	2025-10-05	2026-08-28
worldforged	450575	4	Deadwind Pass|Redridge Mountains|Secret Inquisitorial Dungeon	0	Area 52 - Free-Pick|Bronzebeard - Warcraft Reborn|Darkmoon - Season 10 Wildcard|Dawnrise - Season 10 Freepick|Rexxar - Conquest of Azeroth|Vol'jin - Conquest of Azeroth	16	2025-10-05	2026-08-28
worldforged	450576	3	Redridge Mountains|Secret Inquisitorial Dungeon	0	Area 52 - Free-Pick|Darkmoon - Season 10 Wildcard|Dawnrise - Season 10 Freepick|Rexxar - Conquest of Azeroth|Vol'jin - Conquest of Azeroth	15	2026-03-03	2026-08-28
worldforged	450577	2	Redridge Mountains	0	Area 52 - Free-Pick|Bronzebeard - Warcraft Reborn|Darkmoon - Season 10 Wildcard|Dawnrise - Season 10 Freepick|Rexxar - Conquest of Azeroth|Vol'jin - Conquest of Azeroth	11	2025-10-04	2026-08-28
worldforged	450578	4	Deadwind Pass|Redridge Mountains|Secret Inquisitorial Dungeon	0	Area 52 - Free-Pick|Bronzebeard - Warcraft Reborn|Darkmoon - Season 10 Wildcard|Dawnrise - Season 10 Freepick|Rexxar - Conquest of Azeroth|Vol'jin - Conquest of Azeroth	14	2025-10-05	2026-08-28
worldforged	450579	4	Burning Steppes|Redridge Mountains	0	Area 52 - Free-Pick|Bronzebeard - Warcraft Reborn|Darkmoon - Season 10 Wildcard|Dawnrise - Season 10 Freepick|Rexxar - Conquest of Azeroth|Vol'jin - Conquest of Azeroth	9	2025-10-04	2026-08-01
worldforged	450580	2	Redridge Mountains	0	Area 52 - Free-Pick|Bronzebeard - Warcraft Reborn|Darkmoon - Season 10 Wildcard|Dawnrise - Season 10 Freepick|Rexxar - Conquest of Azeroth|Vol'jin - Conquest of Azeroth	8	2025-10-06	2026-08-18
worldforged	450581	3	Duskwood|Echo Ridge Mine	0	Area 52 - Free-Pick|Bronzebeard - Warcraft Reborn|Darkmoon - Season 10 Wildcard|Dawnrise - Season 10 Freepick|Rexxar - Conquest of Azeroth|Vol'jin - Conquest of Azeroth	16	2025-10-12	2026-08-27
worldforged	450582	2	Duskwood	0	Rexxar - Conquest of Azeroth|Vol'jin - Conquest of Azeroth	3	2026-08-02	2026-08-18
worldforged	450584	3	Duskwood	0	Area 52 - Free-Pick|Darkmoon - Season 10 Wildcard|Dawnrise - Season 10 Freepick|Rexxar - Conquest of Azeroth|Vol'jin - Conquest of Azeroth	8	2025-10-12	2026-08-23
worldforged	450585	2	Duskwood	0	Area 52 - Free-Pick|Bronzebeard - Warcraft Reborn|Darkmoon - Season 10 Wildcard|Dawnrise - Season 10 Freepick|Rexxar - Conquest of Azeroth|Vol'jin - Conquest of Azeroth	6	2025-10-12	2026-08-19
worldforged	450586	4	Duskwood|Echo Ridge Mine|Stranglethorn Vale	0	Area 52 - Free-Pick|Bronzebeard - Warcraft Reborn|Darkmoon - Season 10 Wildcard|Dawnrise - Season 10 Freepick|Rexxar - Conquest of Azeroth|Vol'jin - Conquest of Azeroth	13	2025-10-05	2026-08-28
worldforged	450587	3	Duskwood|Echo Ridge Mine	0	Area 52 - Free-Pick|Bronzebeard - Warcraft Reborn|Darkmoon - Season 10 Wildcard|Dawnrise - Season 10 Freepick|Rexxar - Conquest of Azeroth|Vol'jin - Conquest of Azeroth	14	2025-10-04	2026-08-29
worldforged	450588	5	Duskwood|Echo Ridge Mine	0	Area 52 - Free-Pick|Bronzebeard - Warcraft Reborn|Darkmoon - Season 10 Wildcard|Dawnrise - Season 10 Freepick|Rexxar - Conquest of Azeroth|Vol'jin - Conquest of Azeroth	13	2025-10-18	2026-08-30
worldforged	450589	6	Ashenvale|Duskwood|Echo Ridge Mine	0|1	Area 52 - Free-Pick|Bronzebeard - Warcraft Reborn|Darkmoon - Season 10 Wildcard|Dawnrise - Season 10 Freepick|Rexxar - Conquest of Azeroth|Vol'jin - Conquest of Azeroth	14	2025-10-18	2026-08-29
worldforged	450590	2	Duskwood|Echo Ridge Mine	0	Area 52 - Free-Pick|Bronzebeard - Warcraft Reborn|Darkmoon - Season 10 Wildcard|Dawnrise - Season 10 Freepick|Rexxar - Conquest of Azeroth|Vol'jin - Conquest of Azeroth	16	2025-10-05	2026-08-31
worldforged	450591	3	Duskwood|Echo Ridge Mine|Stranglethorn Vale	0	Area 52 - Free-Pick|Bronzebeard - Warcraft Reborn|Darkmoon - Season 10 Wildcard|Dawnrise - Season 10 Freepick|Rexxar - Conquest of Azeroth|Vol'jin - Conquest of Azeroth	16	2025-10-04	2026-08-29
worldforged	450592	1	Duskwood	0	Area 52 - Free-Pick|Bronzebeard - Warcraft Reborn|Darkmoon - Season 10 Wildcard|Dawnrise - Season 10 Freepick|Rexxar - Conquest of Azeroth|Vol'jin - Conquest of Azeroth	11	2025-10-17	2026-08-27
worldforged	450593	4	Duskwood|Echo Ridge Mine	0	Area 52 - Free-Pick|Bronzebeard - Warcraft Reborn|Darkmoon - Season 10 Wildcard|Dawnrise - Season 10 Freepick|Rexxar - Conquest of Azeroth|Vol'jin - Conquest of Azeroth	12	2025-10-18	2026-08-26
worldforged	450594	3	Duskwood|Echo Ridge Mine	0	Area 52 - Free-Pick|Bronzebeard - Warcraft Reborn|Darkmoon - Season 10 Wildcard|Dawnrise - Season 10 Freepick|Rexxar - Conquest of Azeroth|Vol'jin - Conquest of Azeroth	13	2025-10-12	2026-08-27
worldforged	450595	3	Duskwood|Echo Ridge Mine	0	Area 52 - Free-Pick|Bronzebeard - Warcraft Reborn|Darkmoon - Season 10 Wildcard|Dawnrise - Season 10 Freepick|Rexxar - Conquest of Azeroth|Vol'jin - Conquest of Azeroth	15	2025-10-05	2026-08-28
worldforged	450597	2	Duskwood	0	Area 52 - Free-Pick|Bronzebeard - Warcraft Reborn|Darkmoon - Season 10 Wildcard|Dawnrise - Season 10 Freepick|Rexxar - Conquest of Azeroth|Vol'jin - Conquest of Azeroth	10	2025-10-05	2026-08-28
worldforged	450598	6	Duskwood	0	Area 52 - Free-Pick|Bronzebeard - Warcraft Reborn|Darkmoon - Season 10 Wildcard|Dawnrise - Season 10 Freepick|Rexxar - Conquest of Azeroth|Vol'jin - Conquest of Azeroth	11	2025-10-19	2026-08-28
worldforged	450599	10	Burning Steppes|Desolace|Duskwood|Echo Ridge Mine|Molten Core|Silithus|Un'Goro Crater|Western Plaguelands|Winterspring	0|1|409	Area 52 - Free-Pick|Bronzebeard - Warcraft Reborn|Darkmoon - Season 10 Wildcard|Dawnrise - Season 10 Freepick|Rexxar - Conquest of Azeroth|Vol'jin - Conquest of Azeroth	21	2025-10-19	2026-08-27
worldforged	450600	3	Duskwood|Echo Ridge Mine	0	Area 52 - Free-Pick|Bronzebeard - Warcraft Reborn|Darkmoon - Season 10 Wildcard|Dawnrise - Season 10 Freepick|Rexxar - Conquest of Azeroth|Vol'jin - Conquest of Azeroth	11	2025-10-05	2026-08-26
worldforged	450601	3	Duskwood|Echo Ridge Mine	0	Area 52 - Free-Pick|Darkmoon - Season 10 Wildcard|Dawnrise - Season 10 Freepick|Rexxar - Conquest of Azeroth|Vol'jin - Conquest of Azeroth	9	2025-10-12	2026-08-28
worldforged	450602	4	Duskwood|Echo Ridge Mine	0	Area 52 - Free-Pick|Bronzebeard - Warcraft Reborn|Darkmoon - Season 10 Wildcard|Dawnrise - Season 10 Freepick|Rexxar - Conquest of Azeroth|Vol'jin - Conquest of Azeroth	13	2025-10-18	2026-08-28
worldforged	450603	1	Duskwood	0	Area 52 - Free-Pick|Bronzebeard - Warcraft Reborn|Darkmoon - Season 10 Wildcard|Dawnrise - Season 10 Freepick|Rexxar - Conquest of Azeroth|Vol'jin - Conquest of Azeroth	9	2025-10-05	2026-08-26
worldforged	450604	3	Blackrock Mountain|Duskwood	0	Area 52 - Free-Pick|Bronzebeard - Warcraft Reborn|Darkmoon - Season 10 Wildcard|Dawnrise - Season 10 Freepick|Rexxar - Conquest of Azeroth|Vol'jin - Conquest of Azeroth	13	2025-10-09	2026-08-28
worldforged	450605	3	Duskwood|Echo Ridge Mine|Elwynn Forest	0	Area 52 - Free-Pick|Bronzebeard - Warcraft Reborn|Darkmoon - Season 10 Wildcard|Dawnrise - Season 10 Freepick|Rexxar - Conquest of Azeroth|Vol'jin - Conquest of Azeroth	14	2025-10-05	2026-08-28
worldforged	450606	5	Duskwood|Echo Ridge Mine	0	Area 52 - Free-Pick|Bronzebeard - Warcraft Reborn|Darkmoon - Season 10 Wildcard|Dawnrise - Season 10 Freepick|Rexxar - Conquest of Azeroth|Vol'jin - Conquest of Azeroth	11	2025-10-18	2026-08-28
worldforged	450607	1	Duskwood	0	Area 52 - Free-Pick|Darkmoon - Season 10 Wildcard|Dawnrise - Season 10 Freepick|Rexxar - Conquest of Azeroth|Vol'jin - Conquest of Azeroth	5	2025-10-26	2026-04-25
worldforged	450609	3	Mulgore|Red Cloud Mesa	1	Area 52 - Free-Pick|Bronzebeard - Warcraft Reborn|Darkmoon - Season 10 Wildcard|Dawnrise - Season 10 Freepick|Rexxar - Conquest of Azeroth|Vol'jin - Conquest of Azeroth	13	2025-10-19	2026-08-28
worldforged	450610	3	Mulgore|Red Cloud Mesa	1	Area 52 - Free-Pick|Bronzebeard - Warcraft Reborn|Darkmoon - Season 10 Wildcard|Dawnrise - Season 10 Freepick|Rexxar - Conquest of Azeroth|Vol'jin - Conquest of Azeroth	12	2025-10-04	2026-08-31
worldforged	450611	1	Mulgore	1	Area 52 - Free-Pick|Bronzebeard - Warcraft Reborn|Darkmoon - Season 10 Wildcard|Dawnrise - Season 10 Freepick|Rexxar - Conquest of Azeroth|Vol'jin - Conquest of Azeroth	9	2025-10-05	2026-08-28
worldforged	450612	3	Red Cloud Mesa|Silithus	1	Area 52 - Free-Pick|Bronzebeard - Warcraft Reborn|Darkmoon - Season 10 Wildcard|Dawnrise - Season 10 Freepick|Rexxar - Conquest of Azeroth|Vol'jin - Conquest of Azeroth	13	2025-10-04	2026-08-31
worldforged	450614	2	Mulgore|Red Cloud Mesa	1	Area 52 - Free-Pick|Bronzebeard - Warcraft Reborn|Darkmoon - Season 10 Wildcard|Dawnrise - Season 10 Freepick|Rexxar - Conquest of Azeroth|Vol'jin - Conquest of Azeroth	12	2026-05-04	2026-08-30
worldforged	450615	3	Mulgore|Red Cloud Mesa	1	Area 52 - Free-Pick|Bronzebeard - Warcraft Reborn|Darkmoon - Season 10 Wildcard|Dawnrise - Season 10 Freepick|Rexxar - Conquest of Azeroth|Vol'jin - Conquest of Azeroth	14	2026-04-30	2026-08-28
worldforged	450616	5	Arathi Highlands|Mulgore|Red Cloud Mesa|Teldrassil|The Deadmines	0|1|36	Area 52 - Free-Pick|Bronzebeard - Warcraft Reborn|Darkmoon - Season 10 Wildcard|Dawnrise - Season 10 Freepick|Rexxar - Conquest of Azeroth|Vol'jin - Conquest of Azeroth	17	2025-10-05	2026-08-28
worldforged	450617	1	Mulgore	1	Area 52 - Free-Pick|Darkmoon - Season 10 Wildcard|Dawnrise - Season 10 Freepick|Rexxar - Conquest of Azeroth|Vol'jin - Conquest of Azeroth	9	2026-05-19	2026-08-28
worldforged	450618	1	Mulgore	1	Area 52 - Free-Pick|Bronzebeard - Warcraft Reborn|Darkmoon - Season 10 Wildcard|Dawnrise - Season 10 Freepick|Rexxar - Conquest of Azeroth|Vol'jin - Conquest of Azeroth	13	2025-10-05	2026-08-28
worldforged	450619	1	Mulgore	1	Area 52 - Free-Pick|Bronzebeard - Warcraft Reborn|Darkmoon - Season 10 Wildcard|Dawnrise - Season 10 Freepick|Rexxar - Conquest of Azeroth|Vol'jin - Conquest of Azeroth	10	2025-10-05	2026-08-27
worldforged	450620	10	Blackfathom Deeps|Burning Steppes|Durotar|Dustwallow Marsh|Mulgore|Tanaris|The Venture Co. Mine	0|1|48	Area 52 - Free-Pick|Bronzebeard - Warcraft Reborn|Darkmoon - Season 10 Wildcard|Dawnrise - Season 10 Freepick|Rexxar - Conquest of Azeroth|Vol'jin - Conquest of Azeroth	25	2025-10-16	2026-08-30
worldforged	450621	6	Mulgore|The Venture Co. Mine	1	Area 52 - Free-Pick|Bronzebeard - Warcraft Reborn|Darkmoon - Season 10 Wildcard|Dawnrise - Season 10 Freepick|Rexxar - Conquest of Azeroth|Vol'jin - Conquest of Azeroth	11	2025-10-18	2026-08-29
worldforged	450622	2	Mulgore	1	Area 52 - Free-Pick|Bronzebeard - Warcraft Reborn|Darkmoon - Season 10 Wildcard|Dawnrise - Season 10 Freepick|Rexxar - Conquest of Azeroth|Vol'jin - Conquest of Azeroth	10	2025-10-05	2026-08-27
worldforged	450623	1	Ghostlands	530	Vol'jin - Conquest of Azeroth	1	2026-01-14	2026-01-14
worldforged	450625	1	Ghostlands	530	Rexxar - Conquest of Azeroth|Vol'jin - Conquest of Azeroth	2	2025-12-11	2025-12-11
worldforged	450626	1	Ghostlands	530	Vol'jin - Conquest of Azeroth	1	2025-12-12	2025-12-12
worldforged	450627	1	Ghostlands	530	Vol'jin - Conquest of Azeroth	1	2025-12-15	2025-12-15
worldforged	450631	1	Ghostlands	530	Rexxar - Conquest of Azeroth|Vol'jin - Conquest of Azeroth	2	2025-12-11	2025-12-11
worldforged	450633	1	Ghostlands	530	Rexxar - Conquest of Azeroth|Vol'jin - Conquest of Azeroth	2	2026-01-07	2026-01-07
worldforged	450635	1	Ghostlands	530	Bronzebeard - Warcraft Reborn|Rexxar - Conquest of Azeroth|Vol'jin - Conquest of Azeroth	3	2025-12-11	2026-05-30
worldforged	450639	3	Razorfen Kraul|The Barrens	1|47	Area 52 - Free-Pick|Bronzebeard - Warcraft Reborn|Darkmoon - Season 10 Wildcard|Dawnrise - Season 10 Freepick|Rexxar - Conquest of Azeroth|Vol'jin - Conquest of Azeroth	12	2025-10-15	2026-08-28
worldforged	450640	3	Blackrock Mountain|The Barrens	0|1	Area 52 - Free-Pick|Bronzebeard - Warcraft Reborn|Darkmoon - Season 10 Wildcard|Dawnrise - Season 10 Freepick|Rexxar - Conquest of Azeroth|Vol'jin - Conquest of Azeroth	13	2025-10-05	2026-08-28
worldforged	450641	2	The Barrens	1	Area 52 - Free-Pick|Bronzebeard - Warcraft Reborn|Darkmoon - Season 10 Wildcard|Dawnrise - Season 10 Freepick|Rexxar - Conquest of Azeroth|Vol'jin - Conquest of Azeroth	12	2025-10-26	2026-09-04
worldforged	450642	2	Wailing Caverns	1|43	Area 52 - Free-Pick|Bronzebeard - Warcraft Reborn|Darkmoon - Season 10 Wildcard|Dawnrise - Season 10 Freepick|Rexxar - Conquest of Azeroth	6	2025-10-30	2026-07-15
worldforged	450643	2	The Barrens	1	Area 52 - Free-Pick|Bronzebeard - Warcraft Reborn|Darkmoon - Season 10 Wildcard|Dawnrise - Season 10 Freepick|Rexxar - Conquest of Azeroth|Vol'jin - Conquest of Azeroth	9	2025-10-05	2026-08-28
worldforged	450644	3	The Barrens|The Noxious Lair	1	Area 52 - Free-Pick|Bronzebeard - Warcraft Reborn|Darkmoon - Season 10 Wildcard|Dawnrise - Season 10 Freepick|Rexxar - Conquest of Azeroth|Vol'jin - Conquest of Azeroth	15	2025-10-04	2026-09-03
worldforged	450645	2	Darkshore|The Barrens	1	Area 52 - Free-Pick|Darkmoon - Season 10 Wildcard|Dawnrise - Season 10 Freepick|Rexxar - Conquest of Azeroth|Vol'jin - Conquest of Azeroth	11	2025-10-05	2026-08-28
worldforged	450646	3	The Barrens	1	Area 52 - Free-Pick|Darkmoon - Season 10 Wildcard|Dawnrise - Season 10 Freepick|Rexxar - Conquest of Azeroth|Vol'jin - Conquest of Azeroth	10	2025-10-04	2026-08-22
worldforged	450647	3	Ashenvale|The Barrens	1	Area 52 - Free-Pick|Bronzebeard - Warcraft Reborn|Darkmoon - Season 10 Wildcard|Dawnrise - Season 10 Freepick|Rexxar - Conquest of Azeroth|Vol'jin - Conquest of Azeroth	12	2025-10-04	2026-08-29
worldforged	450648	2	The Barrens|The Exodar	1|530	Area 52 - Free-Pick|Bronzebeard - Warcraft Reborn|Darkmoon - Season 10 Wildcard|Dawnrise - Season 10 Freepick|Rexxar - Conquest of Azeroth|Vol'jin - Conquest of Azeroth	11	2025-10-05	2026-08-27
worldforged	450649	1	The Barrens	1	Area 52 - Free-Pick|Bronzebeard - Warcraft Reborn|Darkmoon - Season 10 Wildcard|Dawnrise - Season 10 Freepick|Rexxar - Conquest of Azeroth|Vol'jin - Conquest of Azeroth	9	2025-10-14	2026-08-22
worldforged	450650	4	Deathknell|The Deadmines|Tirisfal Glades	0|36	Area 52 - Free-Pick|Bronzebeard - Warcraft Reborn|Darkmoon - Season 10 Wildcard|Dawnrise - Season 10 Freepick|Rexxar - Conquest of Azeroth|Vol'jin - Conquest of Azeroth	13	2025-10-04	2026-09-01
worldforged	450652	9	Deathknell|Durotar|The Barrens|Tirisfal Glades	0|1	Area 52 - Free-Pick|Bronzebeard - Warcraft Reborn|Darkmoon - Season 10 Wildcard|Dawnrise - Season 10 Freepick|Rexxar - Conquest of Azeroth|Vol'jin - Conquest of Azeroth	22	2025-10-04	2026-09-01
worldforged	450653	3	Red Cloud Mesa	1	Area 52 - Free-Pick|Bronzebeard - Warcraft Reborn|Darkmoon - Season 10 Wildcard|Dawnrise - Season 10 Freepick|Rexxar - Conquest of Azeroth|Vol'jin - Conquest of Azeroth	10	2025-10-09	2026-08-31
worldforged	450654	4	Burning Blade Coven|Valley of Trials	1	Area 52 - Free-Pick|Bronzebeard - Warcraft Reborn|Darkmoon - Season 10 Wildcard|Dawnrise - Season 10 Freepick|Rexxar - Conquest of Azeroth|Vol'jin - Conquest of Azeroth	13	2025-10-05	2026-09-04
worldforged	450657	5	Elwynn Forest|Northshire Valley|Stranglethorn Vale	0	Area 52 - Free-Pick|Bronzebeard - Warcraft Reborn|Darkmoon - Season 10 Wildcard|Dawnrise - Season 10 Freepick|Rexxar - Conquest of Azeroth|Vol'jin - Conquest of Azeroth	15	2025-10-05	2026-08-31
worldforged	450658	14	Alterac Mountains|Echo Ridge Mine|Elwynn Forest|Eversong Woods|Northshire Valley	0|530	Area 52 - Free-Pick|Darkmoon - Season 10 Wildcard|Dawnrise - Season 10 Freepick|Rexxar - Conquest of Azeroth|Vol'jin - Conquest of Azeroth	23	2025-10-15	2026-08-30
worldforged	450659	5	Elwynn Forest|Northshire Valley|Scarlet Monastery	0|189	Area 52 - Free-Pick|Bronzebeard - Warcraft Reborn|Darkmoon - Season 10 Wildcard|Dawnrise - Season 10 Freepick|Rexxar - Conquest of Azeroth|Vol'jin - Conquest of Azeroth	18	2025-10-19	2026-08-31
worldforged	450670	4	Arathi Highlands|Coldridge Valley	0	Area 52 - Free-Pick|Bronzebeard - Warcraft Reborn|Darkmoon - Season 10 Wildcard|Dawnrise - Season 10 Freepick|Rexxar - Conquest of Azeroth|Vol'jin - Conquest of Azeroth	10	2025-10-05	2026-08-30
worldforged	450671	4	Coldridge Valley|Dun Morogh|Westfall	0	Area 52 - Free-Pick|Bronzebeard - Warcraft Reborn|Darkmoon - Season 10 Wildcard|Dawnrise - Season 10 Freepick|Rexxar - Conquest of Azeroth|Vol'jin - Conquest of Azeroth	13	2025-10-05	2026-08-31
worldforged	450672	7	Elwynn Forest|Shadowglen|Sinister Lair	0|1	Area 52 - Free-Pick|Bronzebeard - Warcraft Reborn|Darkmoon - Season 10 Wildcard|Dawnrise - Season 10 Freepick|Rexxar - Conquest of Azeroth|Vol'jin - Conquest of Azeroth	17	2025-10-20	2026-08-31
worldforged	450673	6	Blackrock Caverns|Shadowglen|Silverpine Forest|Sinister Lair|Teldrassil	0|1|645	Area 52 - Free-Pick|Bronzebeard - Warcraft Reborn|Darkmoon - Season 10 Wildcard|Dawnrise - Season 10 Freepick|Rexxar - Conquest of Azeroth|Vol'jin - Conquest of Azeroth	17	2025-10-18	2026-08-31
worldforged	450674	4	Shadowglen|Sinister Lair	1	Area 52 - Free-Pick|Bronzebeard - Warcraft Reborn|Darkmoon - Season 10 Wildcard|Dawnrise - Season 10 Freepick|Rexxar - Conquest of Azeroth|Vol'jin - Conquest of Azeroth	14	2025-10-04	2026-08-31
worldforged	450675	8	Echo Ridge Mine|Secret Inquisitorial Dungeon|Shadowglen|Shadowthread Cave|Sinister Lair|Teldrassil	0|1	Area 52 - Free-Pick|Bronzebeard - Warcraft Reborn|Darkmoon - Season 10 Wildcard|Dawnrise - Season 10 Freepick|Rexxar - Conquest of Azeroth|Vol'jin - Conquest of Azeroth	21	2025-10-04	2026-08-31
worldforged	450676	3	Shadowglen|Shadowthread Cave|Teldrassil	1	Area 52 - Free-Pick|Bronzebeard - Warcraft Reborn|Darkmoon - Season 10 Wildcard|Dawnrise - Season 10 Freepick|Rexxar - Conquest of Azeroth|Vol'jin - Conquest of Azeroth	13	2025-10-04	2026-08-31
worldforged	450677	2	Shadowglen|Shadowthread Cave	1	Area 52 - Free-Pick|Bronzebeard - Warcraft Reborn|Darkmoon - Season 10 Wildcard|Dawnrise - Season 10 Freepick|Rexxar - Conquest of Azeroth|Vol'jin - Conquest of Azeroth	11	2025-11-01	2026-08-31
worldforged	450678	13	Azshara|Shadowglen|Shadowthread Cave|Skull Rock	1	Area 52 - Free-Pick|Bronzebeard - Warcraft Reborn|Darkmoon - Season 10 Wildcard|Dawnrise - Season 10 Freepick|Rexxar - Conquest of Azeroth|Vol'jin - Conquest of Azeroth	17	2025-10-05	2026-08-31
worldforged	450681	2	Dun Morogh|Eastern Plaguelands	0	Area 52 - Free-Pick|Darkmoon - Season 10 Wildcard|Dawnrise - Season 10 Freepick|Rexxar - Conquest of Azeroth|Vol'jin - Conquest of Azeroth	11	2025-10-05	2026-08-31
worldforged	450682	5	Blasted Lands|Gol'Bolar Quarry|Hillsbrad Foothills|Silverpine Forest	0	Area 52 - Free-Pick|Bronzebeard - Warcraft Reborn|Darkmoon - Season 10 Wildcard|Dawnrise - Season 10 Freepick|Rexxar - Conquest of Azeroth|Vol'jin - Conquest of Azeroth	19	2025-10-05	2026-08-26
worldforged	450683	3	The Grizzled Den	0	Area 52 - Free-Pick|Bronzebeard - Warcraft Reborn|Darkmoon - Season 10 Wildcard|Dawnrise - Season 10 Freepick|Rexxar - Conquest of Azeroth|Vol'jin - Conquest of Azeroth	7	2025-10-05	2026-08-18
worldforged	450684	4	Coldridge Pass|Coldridge Valley|Dun Morogh|Eastern Plaguelands	0	Area 52 - Free-Pick|Darkmoon - Season 10 Wildcard|Dawnrise - Season 10 Freepick|Rexxar - Conquest of Azeroth|Vol'jin - Conquest of Azeroth	16	2025-10-04	2026-08-30
worldforged	450685	1	Dun Morogh	0	Area 52 - Free-Pick|Bronzebeard - Warcraft Reborn|Darkmoon - Season 10 Wildcard|Dawnrise - Season 10 Freepick|Rexxar - Conquest of Azeroth|Vol'jin - Conquest of Azeroth	10	2025-10-04	2026-08-21
worldforged	450686	1	Dun Morogh	0	Area 52 - Free-Pick|Bronzebeard - Warcraft Reborn|Darkmoon - Season 10 Wildcard|Dawnrise - Season 10 Freepick|Rexxar - Conquest of Azeroth|Vol'jin - Conquest of Azeroth	11	2025-10-04	2026-08-28
worldforged	450687	3	Durotar	1	Area 52 - Free-Pick|Darkmoon - Season 10 Wildcard|Dawnrise - Season 10 Freepick|Rexxar - Conquest of Azeroth|Vol'jin - Conquest of Azeroth	10	2025-10-15	2026-09-01
worldforged	450689	2	Durotar	1	Area 52 - Free-Pick|Bronzebeard - Warcraft Reborn|Darkmoon - Season 10 Wildcard|Dawnrise - Season 10 Freepick|Rexxar - Conquest of Azeroth|Vol'jin - Conquest of Azeroth	14	2025-10-15	2026-09-01
worldforged	450691	4	Durotar|The Barrens	1	Area 52 - Free-Pick|Bronzebeard - Warcraft Reborn|Darkmoon - Season 10 Wildcard|Dawnrise - Season 10 Freepick|Rexxar - Conquest of Azeroth|Vol'jin - Conquest of Azeroth	15	2025-10-05	2026-08-30
worldforged	450692	4	Durotar|Dustwallow Marsh|Red Cloud Mesa	1	Area 52 - Free-Pick|Bronzebeard - Warcraft Reborn|Darkmoon - Season 10 Wildcard|Dawnrise - Season 10 Freepick|Rexxar - Conquest of Azeroth|Vol'jin - Conquest of Azeroth	14	2025-10-13	2026-08-29
worldforged	450694	7	Durotar|Skull Rock	1	Area 52 - Free-Pick|Bronzebeard - Warcraft Reborn|Darkmoon - Season 10 Wildcard|Dawnrise - Season 10 Freepick|Rexxar - Conquest of Azeroth|Vol'jin - Conquest of Azeroth	13	2025-10-04	2026-09-03
worldforged	450696	1	Durotar	1	Area 52 - Free-Pick|Bronzebeard - Warcraft Reborn|Darkmoon - Season 10 Wildcard|Dawnrise - Season 10 Freepick|Rexxar - Conquest of Azeroth|Vol'jin - Conquest of Azeroth	12	2025-10-04	2026-08-30
worldforged	450697	1	Durotar	1	Area 52 - Free-Pick|Bronzebeard - Warcraft Reborn|Darkmoon - Season 10 Wildcard|Dawnrise - Season 10 Freepick|Rexxar - Conquest of Azeroth|Vol'jin - Conquest of Azeroth	11	2025-10-04	2026-08-28
worldforged	450700	7	Badlands|Elwynn Forest|Northshire Valley|Westfall	0	Area 52 - Free-Pick|Bronzebeard - Warcraft Reborn|Darkmoon - Season 10 Wildcard|Dawnrise - Season 10 Freepick|Rexxar - Conquest of Azeroth|Vol'jin - Conquest of Azeroth	16	2025-10-05	2026-08-27
worldforged	450701	3	Arathi Highlands|Elwynn Forest|Fargodeep Mine	0	Area 52 - Free-Pick|Bronzebeard - Warcraft Reborn|Darkmoon - Season 10 Wildcard|Dawnrise - Season 10 Freepick|Rexxar - Conquest of Azeroth|Vol'jin - Conquest of Azeroth	14	2025-10-05	2026-08-28
worldforged	450703	1	Duskwood	0	Area 52 - Free-Pick|Darkmoon - Season 10 Wildcard|Dawnrise - Season 10 Freepick|Rexxar - Conquest of Azeroth|Vol'jin - Conquest of Azeroth	10	2025-10-05	2026-08-28
worldforged	450705	1	Durotar	1	Area 52 - Free-Pick|Bronzebeard - Warcraft Reborn|Darkmoon - Season 10 Wildcard|Dawnrise - Season 10 Freepick|Rexxar - Conquest of Azeroth|Vol'jin - Conquest of Azeroth	12	2025-10-03	2026-08-28
worldforged	450706	2	Alterac Mountains|Elwynn Forest	0	Area 52 - Free-Pick|Bronzebeard - Warcraft Reborn|Darkmoon - Season 10 Wildcard|Dawnrise - Season 10 Freepick|Rexxar - Conquest of Azeroth|Vol'jin - Conquest of Azeroth	14	2025-10-04	2026-08-31
worldforged	450707	3	Ashenvale|Azshara	1	Area 52 - Free-Pick|Darkmoon - Season 10 Wildcard|Dawnrise - Season 10 Freepick|Rexxar - Conquest of Azeroth|Vol'jin - Conquest of Azeroth	9	2025-12-03	2026-08-18
worldforged	450709	3	Durotar|Dustwind Cave|The Barrens	1	Area 52 - Free-Pick|Bronzebeard - Warcraft Reborn|Darkmoon - Season 10 Wildcard|Dawnrise - Season 10 Freepick|Rexxar - Conquest of Azeroth|Vol'jin - Conquest of Azeroth	16	2025-10-04	2026-08-29
worldforged	450711	2	Durotar|Dustwallow Marsh	1	Area 52 - Free-Pick|Bronzebeard - Warcraft Reborn|Darkmoon - Season 10 Wildcard|Dawnrise - Season 10 Freepick|Rexxar - Conquest of Azeroth|Vol'jin - Conquest of Azeroth	13	2025-10-05	2026-08-30
worldforged	450712	5	Durotar|Dustwind Cave|The Barrens|Wailing Caverns	1|43	Area 52 - Free-Pick|Bronzebeard - Warcraft Reborn|Darkmoon - Season 10 Wildcard|Dawnrise - Season 10 Freepick|Rexxar - Conquest of Azeroth|Vol'jin - Conquest of Azeroth	16	2025-10-12	2026-08-30
worldforged	450713	4	Azshara|Durotar|Scarlet Monastery|The Temple of Atal'Hakkar	1|109|189	Area 52 - Free-Pick|Bronzebeard - Warcraft Reborn|Darkmoon - Season 10 Wildcard|Dawnrise - Season 10 Freepick|Rexxar - Conquest of Azeroth|Vol'jin - Conquest of Azeroth	12	2025-10-03	2026-08-30
worldforged	450717	4	Shadowglen|The Barrens|The Noxious Lair	1	Area 52 - Free-Pick|Bronzebeard - Warcraft Reborn|Darkmoon - Season 10 Wildcard|Dawnrise - Season 10 Freepick|Rexxar - Conquest of Azeroth|Vol'jin - Conquest of Azeroth	21	2025-10-04	2026-09-04
worldforged	450718	2	Durotar	1	Area 52 - Free-Pick|Bronzebeard - Warcraft Reborn|Darkmoon - Season 10 Wildcard|Dawnrise - Season 10 Freepick|Rexxar - Conquest of Azeroth|Vol'jin - Conquest of Azeroth	12	2025-10-06	2026-08-31
worldforged	450720	2	Durotar|Dustwind Cave	1	Area 52 - Free-Pick|Bronzebeard - Warcraft Reborn|Darkmoon - Season 10 Wildcard|Dawnrise - Season 10 Freepick|Rexxar - Conquest of Azeroth|Vol'jin - Conquest of Azeroth	13	2025-10-04	2026-08-29
worldforged	450721	2	The Hinterlands|Westfall	0	Area 52 - Free-Pick|Bronzebeard - Warcraft Reborn|Darkmoon - Season 10 Wildcard|Dawnrise - Season 10 Freepick|Rexxar - Conquest of Azeroth|Vol'jin - Conquest of Azeroth	14	2025-10-04	2026-08-28
worldforged	450724	1	The Barrens	1	Area 52 - Free-Pick|Bronzebeard - Warcraft Reborn|Darkmoon - Season 10 Wildcard|Dawnrise - Season 10 Freepick|Rexxar - Conquest of Azeroth|Vol'jin - Conquest of Azeroth	11	2025-10-04	2026-08-27
worldforged	450729	4	Badlands|Elwynn Forest|Fargodeep Mine	0	Area 52 - Free-Pick|Bronzebeard - Warcraft Reborn|Darkmoon - Season 10 Wildcard|Dawnrise - Season 10 Freepick|Rexxar - Conquest of Azeroth|Vol'jin - Conquest of Azeroth	14	2025-10-12	2026-08-31
worldforged	450740	6	Durotar|Skull Rock|Stillpine Hold	1	Area 52 - Free-Pick|Bronzebeard - Warcraft Reborn|Darkmoon - Season 10 Wildcard|Dawnrise - Season 10 Freepick|Rexxar - Conquest of Azeroth|Vol'jin - Conquest of Azeroth	22	2025-10-09	2026-08-29
worldforged	450741	2	Durotar|Dustwind Cave	1	Area 52 - Free-Pick|Bronzebeard - Warcraft Reborn|Darkmoon - Season 10 Wildcard|Dawnrise - Season 10 Freepick|Rexxar - Conquest of Azeroth|Vol'jin - Conquest of Azeroth	11	2025-10-04	2026-08-28
worldforged	450744	1	Dun Morogh	0	Area 52 - Free-Pick|Bronzebeard - Warcraft Reborn|Darkmoon - Season 10 Wildcard|Dawnrise - Season 10 Freepick|Rexxar - Conquest of Azeroth|Vol'jin - Conquest of Azeroth	12	2025-10-04	2026-08-28
worldforged	450745	1	Durotar	1	Area 52 - Free-Pick|Bronzebeard - Warcraft Reborn|Darkmoon - Season 10 Wildcard|Dawnrise - Season 10 Freepick|Rexxar - Conquest of Azeroth|Vol'jin - Conquest of Azeroth	6	2025-10-03	2026-05-20
worldforged	450746	4	Dustwind Cave|Felwood|Stratholme	1|329	Area 52 - Free-Pick|Bronzebeard - Warcraft Reborn|Darkmoon - Season 10 Wildcard|Dawnrise - Season 10 Freepick|Rexxar - Conquest of Azeroth|Vol'jin - Conquest of Azeroth	14	2025-10-04	2026-08-27
worldforged	450748	2	Westfall	0	Area 52 - Free-Pick|Bronzebeard - Warcraft Reborn|Darkmoon - Season 10 Wildcard|Dawnrise - Season 10 Freepick|Rexxar - Conquest of Azeroth|Vol'jin - Conquest of Azeroth	13	2025-10-05	2026-08-28
worldforged	450750	3	Durotar|Dustwind Cave|Valley of Trials	1	Area 52 - Free-Pick|Bronzebeard - Warcraft Reborn|Darkmoon - Season 10 Wildcard|Dawnrise - Season 10 Freepick|Rexxar - Conquest of Azeroth|Vol'jin - Conquest of Azeroth	20	2025-10-15	2026-08-29
worldforged	450751	1	Durotar	1	Area 52 - Free-Pick|Bronzebeard - Warcraft Reborn|Darkmoon - Season 10 Wildcard|Dawnrise - Season 10 Freepick|Rexxar - Conquest of Azeroth|Vol'jin - Conquest of Azeroth	11	2025-10-18	2026-08-26
worldforged	450752	1	The Barrens	1	Area 52 - Free-Pick|Bronzebeard - Warcraft Reborn|Darkmoon - Season 10 Wildcard|Dawnrise - Season 10 Freepick|Rexxar - Conquest of Azeroth|Vol'jin - Conquest of Azeroth	11	2025-10-05	2026-08-29
worldforged	450753	1	Durotar	1	Area 52 - Free-Pick|Bronzebeard - Warcraft Reborn|Darkmoon - Season 10 Wildcard|Dawnrise - Season 10 Freepick|Rexxar - Conquest of Azeroth|Vol'jin - Conquest of Azeroth	12	2025-10-03	2026-08-29
worldforged	450755	5	Durotar|Stonetalon Mountains|The Barrens|Wailing Caverns	1|43	Area 52 - Free-Pick|Bronzebeard - Warcraft Reborn|Darkmoon - Season 10 Wildcard|Dawnrise - Season 10 Freepick|Rexxar - Conquest of Azeroth|Vol'jin - Conquest of Azeroth	15	2025-10-04	2026-08-30
worldforged	450756	1	Ashenvale	1	Area 52 - Free-Pick|Bronzebeard - Warcraft Reborn|Darkmoon - Season 10 Wildcard|Dawnrise - Season 10 Freepick|Rexxar - Conquest of Azeroth|Vol'jin - Conquest of Azeroth	13	2025-10-04	2026-08-25
worldforged	450757	5	Amani Catacombs|Ashenvale	0|1	Area 52 - Free-Pick|Bronzebeard - Warcraft Reborn|Darkmoon - Season 10 Wildcard|Dawnrise - Season 10 Freepick|Rexxar - Conquest of Azeroth|Vol'jin - Conquest of Azeroth	17	2025-10-04	2026-08-27
worldforged	450758	3	Badlands|Tirisfal Glades	0	Area 52 - Free-Pick|Bronzebeard - Warcraft Reborn|Darkmoon - Season 10 Wildcard|Dawnrise - Season 10 Freepick|Rexxar - Conquest of Azeroth|Vol'jin - Conquest of Azeroth	11	2025-10-04	2026-09-03
worldforged	450762	3	Dun Morogh|Eastern Plaguelands	0	Area 52 - Free-Pick|Darkmoon - Season 10 Wildcard|Dawnrise - Season 10 Freepick|Rexxar - Conquest of Azeroth|Vol'jin - Conquest of Azeroth	15	2025-10-05	2026-08-29
worldforged	450767	3	Alterac Mountains|Badlands|Elwynn Forest	0	Area 52 - Free-Pick|Bronzebeard - Warcraft Reborn|Darkmoon - Season 10 Wildcard|Dawnrise - Season 10 Freepick|Rexxar - Conquest of Azeroth|Vol'jin - Conquest of Azeroth	15	2025-10-04	2026-08-28
worldforged	450768	1	Durotar	1	Area 52 - Free-Pick|Bronzebeard - Warcraft Reborn|Darkmoon - Season 10 Wildcard|Dawnrise - Season 10 Freepick|Rexxar - Conquest of Azeroth|Vol'jin - Conquest of Azeroth	10	2025-10-05	2026-08-29
worldforged	450771	5	Deathknell|Swamp of Sorrows|Tirisfal Glades|Valley of Trials	0|1	Area 52 - Free-Pick|Bronzebeard - Warcraft Reborn|Darkmoon - Season 10 Wildcard|Dawnrise - Season 10 Freepick|Rexxar - Conquest of Azeroth|Vol'jin - Conquest of Azeroth	23	2025-10-04	2026-09-01
worldforged	450773	1	Westfall	0	Area 52 - Free-Pick|Darkmoon - Season 10 Wildcard|Dawnrise - Season 10 Freepick|Rexxar - Conquest of Azeroth|Vol'jin - Conquest of Azeroth	9	2025-10-05	2026-08-22
worldforged	450775	2	Westfall	0	Area 52 - Free-Pick|Bronzebeard - Warcraft Reborn|Darkmoon - Season 10 Wildcard|Dawnrise - Season 10 Freepick|Rexxar - Conquest of Azeroth|Vol'jin - Conquest of Azeroth	11	2025-10-04	2026-08-29
worldforged	450780	2	Dun Morogh	0	Area 52 - Free-Pick|Bronzebeard - Warcraft Reborn|Darkmoon - Season 10 Wildcard|Dawnrise - Season 10 Freepick|Rexxar - Conquest of Azeroth|Vol'jin - Conquest of Azeroth	11	2025-10-05	2026-08-30
worldforged	450782	1	Wetlands	0	Area 52 - Free-Pick|Bronzebeard - Warcraft Reborn|Darkmoon - Season 10 Wildcard|Dawnrise - Season 10 Freepick|Rexxar - Conquest of Azeroth|Vol'jin - Conquest of Azeroth	11	2025-10-06	2026-08-31
worldforged	450788	3	Durotar|Winterspring	1	Area 52 - Free-Pick|Bronzebeard - Warcraft Reborn|Darkmoon - Season 10 Wildcard|Dawnrise - Season 10 Freepick|Rexxar - Conquest of Azeroth|Vol'jin - Conquest of Azeroth	13	2025-10-04	2026-08-30
worldforged	450789	3	Ban'ethil Barrow Den|Durotar|The Barrens	1	Area 52 - Free-Pick|Bronzebeard - Warcraft Reborn|Darkmoon - Season 10 Wildcard|Dawnrise - Season 10 Freepick|Rexxar - Conquest of Azeroth|Vol'jin - Conquest of Azeroth	13	2025-10-05	2026-08-31
worldforged	450799	3	Durotar|Dustwind Cave	1	Area 52 - Free-Pick|Bronzebeard - Warcraft Reborn|Darkmoon - Season 10 Wildcard|Dawnrise - Season 10 Freepick|Rexxar - Conquest of Azeroth|Vol'jin - Conquest of Azeroth	11	2025-10-05	2026-08-31
worldforged	450803	1	Durotar	1	Area 52 - Free-Pick|Bronzebeard - Warcraft Reborn|Darkmoon - Season 10 Wildcard|Dawnrise - Season 10 Freepick|Rexxar - Conquest of Azeroth|Vol'jin - Conquest of Azeroth	10	2025-10-03	2026-08-29
worldforged	450805	1	Teldrassil	1	Area 52 - Free-Pick|Bronzebeard - Warcraft Reborn|Darkmoon - Season 10 Wildcard|Dawnrise - Season 10 Freepick|Rexxar - Conquest of Azeroth|Vol'jin - Conquest of Azeroth	6	2025-10-04	2026-05-20
worldforged	450806	12	Ashenvale|Ban'ethil Barrow Den|Duskwood|Moonglade|Shadowthread Cave|Skull Rock|Teldrassil|Wetlands	0|1	Area 52 - Free-Pick|Bronzebeard - Warcraft Reborn|Darkmoon - Season 10 Wildcard|Dawnrise - Season 10 Freepick|Rexxar - Conquest of Azeroth|Vol'jin - Conquest of Azeroth	23	2025-10-05	2026-08-31
worldforged	450807	1	Ashenvale	1	Area 52 - Free-Pick|Bronzebeard - Warcraft Reborn|Darkmoon - Season 10 Wildcard|Dawnrise - Season 10 Freepick|Rexxar - Conquest of Azeroth|Vol'jin - Conquest of Azeroth	11	2025-10-06	2026-08-27
worldforged	450809	4	Arathi Highlands|Duskwood|Elwynn Forest|Fargodeep Mine	0	Area 52 - Free-Pick|Bronzebeard - Warcraft Reborn|Darkmoon - Season 10 Wildcard|Dawnrise - Season 10 Freepick|Rexxar - Conquest of Azeroth|Vol'jin - Conquest of Azeroth	17	2025-10-05	2026-08-29
worldforged	450812	8	Dire Maul|Razorfen Kraul|Silverpine Forest|Westfall|Wetlands	0|47|429	Area 52 - Free-Pick|Darkmoon - Season 10 Wildcard|Dawnrise - Season 10 Freepick|Rexxar - Conquest of Azeroth|Vol'jin - Conquest of Azeroth	19	2025-10-04	2026-08-28
worldforged	450815	4	Durotar|Stonetalon Mountains|The Barrens	1	Area 52 - Free-Pick|Bronzebeard - Warcraft Reborn|Darkmoon - Season 10 Wildcard|Dawnrise - Season 10 Freepick|Rexxar - Conquest of Azeroth|Vol'jin - Conquest of Azeroth	14	2025-10-03	2026-09-04
worldforged	450816	1	Ashenvale	1	Area 52 - Free-Pick|Bronzebeard - Warcraft Reborn|Darkmoon - Season 10 Wildcard|Dawnrise - Season 10 Freepick|Rexxar - Conquest of Azeroth|Vol'jin - Conquest of Azeroth	8	2025-10-04	2026-08-20
worldforged	450822	5	Arathi Highlands|Badlands|Elwynn Forest|Westfall	0	Area 52 - Free-Pick|Bronzebeard - Warcraft Reborn|Darkmoon - Season 10 Wildcard|Dawnrise - Season 10 Freepick|Rexxar - Conquest of Azeroth|Vol'jin - Conquest of Azeroth	16	2025-10-03	2026-08-28
worldforged	450825	3	Westfall	0	Area 52 - Free-Pick|Bronzebeard - Warcraft Reborn|Darkmoon - Season 10 Wildcard|Dawnrise - Season 10 Freepick|Rexxar - Conquest of Azeroth|Vol'jin - Conquest of Azeroth	10	2025-10-05	2026-08-27
worldforged	450827	1	The Barrens	1	Area 52 - Free-Pick|Bronzebeard - Warcraft Reborn|Darkmoon - Season 10 Wildcard|Dawnrise - Season 10 Freepick|Rexxar - Conquest of Azeroth|Vol'jin - Conquest of Azeroth	8	2025-10-05	2026-08-30
worldforged	450829	1	Duskwood	0	Area 52 - Free-Pick|Bronzebeard - Warcraft Reborn|Darkmoon - Season 10 Wildcard|Dawnrise - Season 10 Freepick|Rexxar - Conquest of Azeroth|Vol'jin - Conquest of Azeroth	11	2025-10-05	2026-08-27
worldforged	450835	2	Duskwood|Echo Ridge Mine	0	Area 52 - Free-Pick|Bronzebeard - Warcraft Reborn|Darkmoon - Season 10 Wildcard|Dawnrise - Season 10 Freepick|Rexxar - Conquest of Azeroth|Vol'jin - Conquest of Azeroth	14	2025-10-06	2026-08-29
worldforged	450838	3	Tirisfal Glades	0	Area 52 - Free-Pick|Bronzebeard - Warcraft Reborn|Darkmoon - Season 10 Wildcard|Dawnrise - Season 10 Freepick|Rexxar - Conquest of Azeroth|Vol'jin - Conquest of Azeroth	12	2025-10-05	2026-08-27
worldforged	450840	4	Stranglethorn Vale|Westfall	0	Area 52 - Free-Pick|Bronzebeard - Warcraft Reborn|Darkmoon - Season 10 Wildcard|Dawnrise - Season 10 Freepick|Rexxar - Conquest of Azeroth|Vol'jin - Conquest of Azeroth	13	2025-10-04	2026-08-30
worldforged	450850	1	Ashenvale	1	Area 52 - Free-Pick|Bronzebeard - Warcraft Reborn|Darkmoon - Season 10 Wildcard|Dawnrise - Season 10 Freepick|Rexxar - Conquest of Azeroth|Vol'jin - Conquest of Azeroth	11	2025-10-05	2026-08-22
worldforged	450860	1	Ashenvale	1	Area 52 - Free-Pick|Darkmoon - Season 10 Wildcard|Dawnrise - Season 10 Freepick|Rexxar - Conquest of Azeroth|Vol'jin - Conquest of Azeroth	10	2025-10-04	2026-08-28
worldforged	450865	1	Dun Morogh	0	Area 52 - Free-Pick|Bronzebeard - Warcraft Reborn|Darkmoon - Season 10 Wildcard|Dawnrise - Season 10 Freepick|Rexxar - Conquest of Azeroth|Vol'jin - Conquest of Azeroth	6	2025-10-05	2026-05-20
worldforged	450869	4	Shadowfang Keep|The Grizzled Den|Tirisfal Glades	0|33	Area 52 - Free-Pick|Bronzebeard - Warcraft Reborn|Darkmoon - Season 10 Wildcard|Dawnrise - Season 10 Freepick|Rexxar - Conquest of Azeroth|Vol'jin - Conquest of Azeroth	19	2025-10-03	2026-08-29
worldforged	450870	5	Alterac Mountains|Arathi Highlands|Elwynn Forest|Eversong Woods	0|530	Area 52 - Free-Pick|Bronzebeard - Warcraft Reborn|Darkmoon - Season 10 Wildcard|Dawnrise - Season 10 Freepick|Rexxar - Conquest of Azeroth|Vol'jin - Conquest of Azeroth	17	2025-10-04	2026-09-01
worldforged	450871	3	Elwynn Forest|Eversong Woods	0|530	Area 52 - Free-Pick|Bronzebeard - Warcraft Reborn|Darkmoon - Season 10 Wildcard|Dawnrise - Season 10 Freepick|Rexxar - Conquest of Azeroth|Vol'jin - Conquest of Azeroth	13	2025-10-04	2026-08-31
worldforged	450872	5	Badlands|Elwynn Forest|Fargodeep Mine	0	Area 52 - Free-Pick|Bronzebeard - Warcraft Reborn|Darkmoon - Season 10 Wildcard|Dawnrise - Season 10 Freepick|Rexxar - Conquest of Azeroth|Vol'jin - Conquest of Azeroth	17	2025-10-04	2026-08-29
worldforged	450873	1	Ashenvale	1	Area 52 - Free-Pick|Bronzebeard - Warcraft Reborn|Darkmoon - Season 10 Wildcard|Dawnrise - Season 10 Freepick|Rexxar - Conquest of Azeroth|Vol'jin - Conquest of Azeroth	11	2025-10-04	2026-08-29
worldforged	450874	3	The Deadmines|Tirisfal Glades	0|36	Area 52 - Free-Pick|Bronzebeard - Warcraft Reborn|Darkmoon - Season 10 Wildcard|Dawnrise - Season 10 Freepick|Rexxar - Conquest of Azeroth|Vol'jin - Conquest of Azeroth	12	2025-10-04	2026-09-03
worldforged	450877	4	Badlands|Elwynn Forest|Fargodeep Mine	0	Area 52 - Free-Pick|Bronzebeard - Warcraft Reborn|Darkmoon - Season 10 Wildcard|Dawnrise - Season 10 Freepick|Rexxar - Conquest of Azeroth|Vol'jin - Conquest of Azeroth	16	2025-10-05	2026-08-28
worldforged	450882	3	The Barrens|The Noxious Lair	1	Area 52 - Free-Pick|Bronzebeard - Warcraft Reborn|Darkmoon - Season 10 Wildcard|Dawnrise - Season 10 Freepick|Rexxar - Conquest of Azeroth|Vol'jin - Conquest of Azeroth	12	2025-10-15	2026-08-30
worldforged	450886	2	Mulgore	1	Rexxar - Conquest of Azeroth|Vol'jin - Conquest of Azeroth	5	2026-07-22	2026-08-23
worldforged	450909	3	Duskwood|Westfall	0	Area 52 - Free-Pick|Bronzebeard - Warcraft Reborn|Darkmoon - Season 10 Wildcard|Dawnrise - Season 10 Freepick|Rexxar - Conquest of Azeroth|Vol'jin - Conquest of Azeroth	13	2025-10-04	2026-09-03
worldforged	450910	3	Duskwood|Echo Ridge Mine	0	Area 52 - Free-Pick|Bronzebeard - Warcraft Reborn|Darkmoon - Season 10 Wildcard|Dawnrise - Season 10 Freepick|Rexxar - Conquest of Azeroth|Vol'jin - Conquest of Azeroth	12	2025-10-04	2026-08-29
worldforged	450919	2	Dun Morogh	0	Area 52 - Free-Pick|Bronzebeard - Warcraft Reborn|Darkmoon - Season 10 Wildcard|Dawnrise - Season 10 Freepick|Rexxar - Conquest of Azeroth|Vol'jin - Conquest of Azeroth	12	2025-10-05	2026-08-05
worldforged	450920	1	Ashenvale	1	Area 52 - Free-Pick|Bronzebeard - Warcraft Reborn|Darkmoon - Season 10 Wildcard|Dawnrise - Season 10 Freepick|Rexxar - Conquest of Azeroth|Vol'jin - Conquest of Azeroth	12	2025-10-05	2026-08-27
worldforged	450923	2	Ashenvale	1	Area 52 - Free-Pick|Bronzebeard - Warcraft Reborn|Darkmoon - Season 10 Wildcard|Dawnrise - Season 10 Freepick|Rexxar - Conquest of Azeroth|Vol'jin - Conquest of Azeroth	11	2025-10-06	2026-08-28
worldforged	450930	11	Duskwood|Loch Modan|The Barrens|The Hinterlands|Westfall|Wetlands	0|1	Rexxar - Conquest of Azeroth|Vol'jin - Conquest of Azeroth	13	2025-11-11	2026-08-18
worldforged	450931	1	Westfall	0	Area 52 - Free-Pick|Bronzebeard - Warcraft Reborn|Darkmoon - Season 10 Wildcard|Dawnrise - Season 10 Freepick|Rexxar - Conquest of Azeroth|Vol'jin - Conquest of Azeroth	10	2025-10-05	2026-08-22
worldforged	450932	2	Jangolode Mine|Westfall	0	Area 52 - Free-Pick|Bronzebeard - Warcraft Reborn|Darkmoon - Season 10 Wildcard|Dawnrise - Season 10 Freepick|Rexxar - Conquest of Azeroth|Vol'jin - Conquest of Azeroth	14	2025-10-03	2026-08-30
worldforged	450934	4	Razorfen Kraul|Scarlet Monastery|The Stockade|Westfall	0|34|47|189	Area 52 - Free-Pick|Bronzebeard - Warcraft Reborn|Darkmoon - Season 10 Wildcard|Dawnrise - Season 10 Freepick|Rexxar - Conquest of Azeroth|Vol'jin - Conquest of Azeroth	14	2025-10-04	2026-08-30
worldforged	450946	2	Durotar|Dustwind Cave	1	Area 52 - Free-Pick|Bronzebeard - Warcraft Reborn|Darkmoon - Season 10 Wildcard|Dawnrise - Season 10 Freepick|Rexxar - Conquest of Azeroth|Vol'jin - Conquest of Azeroth	12	2025-10-13	2026-08-23
worldforged	450948	5	Ashenvale|Stranglethorn Vale|Wetlands	0|1	Area 52 - Free-Pick|Bronzebeard - Warcraft Reborn|Darkmoon - Season 10 Wildcard|Dawnrise - Season 10 Freepick|Rexxar - Conquest of Azeroth|Vol'jin - Conquest of Azeroth	15	2025-10-18	2026-08-29
worldforged	450979	4	Arathi Highlands|Badlands|Elwynn Forest	0	Area 52 - Free-Pick|Bronzebeard - Warcraft Reborn|Darkmoon - Season 10 Wildcard|Dawnrise - Season 10 Freepick|Rexxar - Conquest of Azeroth|Vol'jin - Conquest of Azeroth	15	2025-10-04	2026-08-31
worldforged	450980	1	Dun Morogh	0	Area 52 - Free-Pick|Bronzebeard - Warcraft Reborn|Darkmoon - Season 10 Wildcard|Dawnrise - Season 10 Freepick|Rexxar - Conquest of Azeroth|Vol'jin - Conquest of Azeroth	10	2025-10-04	2026-08-27
worldforged	450981	2	Dun Morogh	0	Area 52 - Free-Pick|Bronzebeard - Warcraft Reborn|Darkmoon - Season 10 Wildcard|Dawnrise - Season 10 Freepick|Rexxar - Conquest of Azeroth|Vol'jin - Conquest of Azeroth	11	2025-10-05	2026-08-26
worldforged	450983	18	Deathknell|Durotar|Elwynn Forest|Night Web's Hollow|Northshire Valley|Red Cloud Mesa|Valley of Trials	0|1	Area 52 - Free-Pick|Bronzebeard - Warcraft Reborn|Darkmoon - Season 10 Wildcard|Dawnrise - Season 10 Freepick|Rexxar - Conquest of Azeroth|Vol'jin - Conquest of Azeroth	59	2025-10-05	2026-08-31
worldforged	450988	1	Durotar	1	Area 52 - Free-Pick|Bronzebeard - Warcraft Reborn|Darkmoon - Season 10 Wildcard|Dawnrise - Season 10 Freepick|Rexxar - Conquest of Azeroth|Vol'jin - Conquest of Azeroth	11	2025-10-05	2026-08-29
worldforged	450993	9	Elwynn Forest|Moonlit Ossuary|Shadowglen|Sinister Lair	0|1	Area 52 - Free-Pick|Bronzebeard - Warcraft Reborn|Darkmoon - Season 10 Wildcard|Dawnrise - Season 10 Freepick|Rexxar - Conquest of Azeroth|Vol'jin - Conquest of Azeroth	18	2025-10-20	2026-08-31
worldforged	451023	1	Ashenvale	1	Area 52 - Free-Pick|Darkmoon - Season 10 Wildcard|Dawnrise - Season 10 Freepick|Rexxar - Conquest of Azeroth|Vol'jin - Conquest of Azeroth	11	2025-10-04	2026-08-22
worldforged	451024	2	Ashenvale	1	Area 52 - Free-Pick|Bronzebeard - Warcraft Reborn|Darkmoon - Season 10 Wildcard|Dawnrise - Season 10 Freepick|Rexxar - Conquest of Azeroth|Vol'jin - Conquest of Azeroth	11	2025-10-04	2026-08-28
worldforged	451025	3	Ashenvale|Dire Maul|Stranglethorn Vale	0|1|429	Area 52 - Free-Pick|Bronzebeard - Warcraft Reborn|Darkmoon - Season 10 Wildcard|Dawnrise - Season 10 Freepick|Rexxar - Conquest of Azeroth|Vol'jin - Conquest of Azeroth	14	2025-10-05	2026-08-26
worldforged	451026	3	Dun Morogh|Eastern Plaguelands	0	Area 52 - Free-Pick|Bronzebeard - Warcraft Reborn|Darkmoon - Season 10 Wildcard|Dawnrise - Season 10 Freepick|Rexxar - Conquest of Azeroth|Vol'jin - Conquest of Azeroth	13	2025-10-05	2026-08-28
worldforged	451027	4	Dustwallow Marsh|Scarlet Monastery|Stonetalon Mountains|The Barrens	1|189	Area 52 - Free-Pick|Bronzebeard - Warcraft Reborn|Darkmoon - Season 10 Wildcard|Dawnrise - Season 10 Freepick|Rexxar - Conquest of Azeroth|Vol'jin - Conquest of Azeroth	18	2025-10-19	2026-08-27
worldforged	451046	1	Ashenvale	1	Area 52 - Free-Pick|Bronzebeard - Warcraft Reborn|Darkmoon - Season 10 Wildcard|Dawnrise - Season 10 Freepick|Rexxar - Conquest of Azeroth|Vol'jin - Conquest of Azeroth	12	2025-10-05	2026-08-28
worldforged	451047	1	Ashenvale	1	Area 52 - Free-Pick|Bronzebeard - Warcraft Reborn|Darkmoon - Season 10 Wildcard|Dawnrise - Season 10 Freepick|Rexxar - Conquest of Azeroth|Vol'jin - Conquest of Azeroth	9	2025-10-04	2026-08-29
worldforged	451048	3	Ashenvale|Tanaris	1	Area 52 - Free-Pick|Bronzebeard - Warcraft Reborn|Darkmoon - Season 10 Wildcard|Dawnrise - Season 10 Freepick|Rexxar - Conquest of Azeroth|Vol'jin - Conquest of Azeroth	13	2025-10-04	2026-08-30
worldforged	451049	1	Ashenvale	1	Area 52 - Free-Pick|Bronzebeard - Warcraft Reborn|Darkmoon - Season 10 Wildcard|Dawnrise - Season 10 Freepick|Rexxar - Conquest of Azeroth|Vol'jin - Conquest of Azeroth	10	2025-10-05	2026-08-28
worldforged	451052	2	Westfall|Wetlands	0	Area 52 - Free-Pick|Bronzebeard - Warcraft Reborn|Darkmoon - Season 10 Wildcard|Dawnrise - Season 10 Freepick|Rexxar - Conquest of Azeroth|Vol'jin - Conquest of Azeroth	13	2025-10-05	2026-08-28
worldforged	451084	1	Westfall	0	Area 52 - Free-Pick|Bronzebeard - Warcraft Reborn|Darkmoon - Season 10 Wildcard|Dawnrise - Season 10 Freepick|Rexxar - Conquest of Azeroth|Vol'jin - Conquest of Azeroth	12	2025-10-04	2026-08-28
worldforged	451085	2	The Barrens|Western Plaguelands	0|1	Area 52 - Free-Pick|Bronzebeard - Warcraft Reborn|Darkmoon - Season 10 Wildcard|Dawnrise - Season 10 Freepick|Rexxar - Conquest of Azeroth|Vol'jin - Conquest of Azeroth	13	2025-10-06	2026-08-25
worldforged	451088	4	Duskwood|Echo Ridge Mine	0	Area 52 - Free-Pick|Bronzebeard - Warcraft Reborn|Darkmoon - Season 10 Wildcard|Dawnrise - Season 10 Freepick|Rexxar - Conquest of Azeroth|Vol'jin - Conquest of Azeroth	15	2025-10-05	2026-08-31
worldforged	451096	4	Mulgore|Tirisfal Glades	0|1	Area 52 - Free-Pick|Bronzebeard - Warcraft Reborn|Darkmoon - Season 10 Wildcard|Dawnrise - Season 10 Freepick|Rexxar - Conquest of Azeroth|Vol'jin - Conquest of Azeroth	13	2025-10-04	2026-08-28
worldforged	451097	6	Mulgore|The Deadmines|Tirisfal Glades	0|1|36	Area 52 - Free-Pick|Bronzebeard - Warcraft Reborn|Darkmoon - Season 10 Wildcard|Dawnrise - Season 10 Freepick|Rexxar - Conquest of Azeroth|Vol'jin - Conquest of Azeroth	19	2025-10-04	2026-08-30
worldforged	451098	5	Silverpine Forest|Tirisfal Glades	0	Area 52 - Free-Pick|Bronzebeard - Warcraft Reborn|Darkmoon - Season 10 Wildcard|Dawnrise - Season 10 Freepick|Rexxar - Conquest of Azeroth|Vol'jin - Conquest of Azeroth	16	2025-10-04	2026-08-28
worldforged	451099	3	Elwynn Forest|Fargodeep Mine	0	Area 52 - Free-Pick|Bronzebeard - Warcraft Reborn|Darkmoon - Season 10 Wildcard|Dawnrise - Season 10 Freepick|Rexxar - Conquest of Azeroth|Vol'jin - Conquest of Azeroth	13	2025-10-04	2026-08-29
worldforged	451102	1	The Barrens	1	Area 52 - Free-Pick|Darkmoon - Season 10 Wildcard|Dawnrise - Season 10 Freepick|Rexxar - Conquest of Azeroth|Vol'jin - Conquest of Azeroth	10	2025-10-16	2026-08-27
worldforged	451105	5	Dustwallow Marsh|Elwynn Forest|Teldrassil|Wetlands	0|1	Area 52 - Free-Pick|Bronzebeard - Warcraft Reborn|Darkmoon - Season 10 Wildcard|Dawnrise - Season 10 Freepick|Rexxar - Conquest of Azeroth|Vol'jin - Conquest of Azeroth	16	2025-10-05	2026-08-28
worldforged	451107	7	Duskwood|Jangolode Mine|Mulgore|Westfall	0|1	Area 52 - Free-Pick|Bronzebeard - Warcraft Reborn|Darkmoon - Season 10 Wildcard|Dawnrise - Season 10 Freepick|Rexxar - Conquest of Azeroth|Vol'jin - Conquest of Azeroth	25	2025-10-05	2026-09-03
worldforged	451111	5	Alterac Mountains|Blasted Lands|Elwynn Forest|Fargodeep Mine	0	Area 52 - Free-Pick|Bronzebeard - Warcraft Reborn|Darkmoon - Season 10 Wildcard|Dawnrise - Season 10 Freepick|Rexxar - Conquest of Azeroth|Vol'jin - Conquest of Azeroth	17	2025-10-04	2026-08-28
worldforged	451114	3	Ashenvale|Durotar|The Barrens	1	Area 52 - Free-Pick|Bronzebeard - Warcraft Reborn|Darkmoon - Season 10 Wildcard|Dawnrise - Season 10 Freepick|Rexxar - Conquest of Azeroth|Vol'jin - Conquest of Azeroth	12	2025-10-05	2026-08-29
worldforged	451117	2	Stranglethorn Vale|Westfall	0	Area 52 - Free-Pick|Bronzebeard - Warcraft Reborn|Darkmoon - Season 10 Wildcard|Dawnrise - Season 10 Freepick|Rexxar - Conquest of Azeroth|Vol'jin - Conquest of Azeroth	14	2025-10-04	2026-08-27
worldforged	451123	2	Maraudon|The Barrens	1|349	Area 52 - Free-Pick|Bronzebeard - Warcraft Reborn|Darkmoon - Season 10 Wildcard|Dawnrise - Season 10 Freepick|Rexxar - Conquest of Azeroth|Vol'jin - Conquest of Azeroth	12	2025-10-04	2026-09-02
worldforged	451125	3	Duskwood	0	Area 52 - Free-Pick|Bronzebeard - Warcraft Reborn|Darkmoon - Season 10 Wildcard|Dawnrise - Season 10 Freepick|Rexxar - Conquest of Azeroth|Vol'jin - Conquest of Azeroth	10	2025-10-04	2026-08-28
worldforged	451129	1	Westfall	0	Area 52 - Free-Pick|Bronzebeard - Warcraft Reborn|Darkmoon - Season 10 Wildcard|Dawnrise - Season 10 Freepick|Rexxar - Conquest of Azeroth|Vol'jin - Conquest of Azeroth	10	2025-10-04	2026-08-28
worldforged	451401	3	Alterac Mountains|Elwynn Forest|Fargodeep Mine	0	Area 52 - Free-Pick|Bronzebeard - Warcraft Reborn|Darkmoon - Season 10 Wildcard|Dawnrise - Season 10 Freepick|Rexxar - Conquest of Azeroth|Vol'jin - Conquest of Azeroth	14	2025-10-04	2026-08-27
worldforged	451993	1	Alterac Mountains	0	Area 52 - Free-Pick|Bronzebeard - Warcraft Reborn|Darkmoon - Season 10 Wildcard|Dawnrise - Season 10 Freepick|Rexxar - Conquest of Azeroth|Vol'jin - Conquest of Azeroth	6	2025-10-11	2026-07-29
worldforged	460000	2	Wetlands	0	Area 52 - Free-Pick|Bronzebeard - Warcraft Reborn|Darkmoon - Season 10 Wildcard|Dawnrise - Season 10 Freepick|Rexxar - Conquest of Azeroth|Vol'jin - Conquest of Azeroth	11	2025-10-04	2026-08-27
worldforged	500658	9	Dustwallow Marsh|Gnomeregan|Stranglethorn Vale|Wailing Caverns	0|1|43|90	Rexxar - Conquest of Azeroth|Vol'jin - Conquest of Azeroth	11	2026-07-21	2026-08-22
worldforged	500659	5	Dun Morogh|Gol'Bolar Quarry	0	Rexxar - Conquest of Azeroth|Vol'jin - Conquest of Azeroth	6	2026-08-02	2026-08-13
worldforged	500662	9	Ashenvale|Coldridge Valley|Dun Morogh|Duskwood|Redridge Mountains|Stranglethorn Vale|Westfall|Wetlands	0|1	Rexxar - Conquest of Azeroth|Vol'jin - Conquest of Azeroth	10	2026-08-01	2026-08-22
worldforged	500663	3	Dun Morogh|Loch Modan	0	Rexxar - Conquest of Azeroth|Vol'jin - Conquest of Azeroth	3	2026-08-06	2026-08-21
worldforged	500809	6	Duskwood|Loch Modan|Redridge Mountains|Shadewell|Wetlands	0	Rexxar - Conquest of Azeroth|Vol'jin - Conquest of Azeroth	6	2026-08-12	2026-08-23
worldforged	500810	1	Loch Modan	0	Rexxar - Conquest of Azeroth	1	2026-08-06	2026-08-06
worldforged	500811	8	Hillsbrad Foothills|Loch Modan|Scarlet Monastery|Stranglethorn Vale|The Hinterlands	0|189	Rexxar - Conquest of Azeroth|Vol'jin - Conquest of Azeroth	8	2026-07-29	2026-08-21
worldforged	500813	21	Blackfathom Deeps|Blackrock Caverns|Duskwood|Elwynn Forest|Gnomeregan|Jasperlode Mine|Loch Modan|Razorfen Downs|Redridge Mountains|Scarlet Monastery|Shadewell|The Stockade|Uldaman|Westfall	0|34|48|70|90|129|189|645	Bronzebeard - Warcraft Reborn|Rexxar - Conquest of Azeroth|Vol'jin - Conquest of Azeroth	25	2026-07-27	2026-08-27
worldforged	500814	6	Elwynn Forest|Scarlet Monastery|Westfall	0|189	Rexxar - Conquest of Azeroth|Vol'jin - Conquest of Azeroth	8	2026-07-31	2026-08-18
worldforged	500815	19	Ashenvale|Blackfathom Deeps|Duskwood|Elwynn Forest|Jasperlode Mine|Redridge Mountains|Scarlet Monastery|Shadowfang Keep|Uldaman|Westfall	0|1|33|48|70|189	Rexxar - Conquest of Azeroth|Vol'jin - Conquest of Azeroth	24	2026-07-29	2026-08-24
worldforged	500816	15	Darkshore|Elwynn Forest|Gnomeregan|Jangolode Mine|Redridge Mountains|The Deadmines|The Stockade|Wailing Caverns|Westfall	0|1|34|36|43|90	Rexxar - Conquest of Azeroth|Vol'jin - Conquest of Azeroth	16	2026-07-27	2026-08-26
worldforged	500817	16	Alterac Mountains|Azshara|Blackrock Depths|Duskwood|Elwynn Forest|Gnomeregan|Loch Modan|Razorfen Kraul|Redridge Mountains|Scarlet Monastery|Stranglethorn Vale|Un'Goro Crater|Wailing Caverns|Winterspring	0|1|43|47|90|189|230	Rexxar - Conquest of Azeroth|Vol'jin - Conquest of Azeroth	17	2026-08-01	2026-08-21
worldforged	500818	6	Blasted Lands|Eastern Plaguelands|Scarlet Monastery|Shadowfang Keep|The Temple of Atal'Hakkar|Wetlands	0|33|109|189	Bronzebeard - Warcraft Reborn|Rexxar - Conquest of Azeroth|Vol'jin - Conquest of Azeroth	6	2026-08-07	2026-08-23
worldforged	500819	7	Ashenvale|Burning Steppes|Duskwood|Elwynn Forest|Redridge Mountains|Uldaman|Wetlands	0|1|70	Vol'jin - Conquest of Azeroth	7	2026-07-29	2026-08-24
worldforged	500820	1	Burning Steppes	0	Rexxar - Conquest of Azeroth	1	2026-08-19	2026-08-19
worldforged	500821	6	Burning Steppes|Coldridge Pass|Duskwood|Redridge Mountains|The Stockade|Uldaman	0|34|70	Rexxar - Conquest of Azeroth	6	2026-07-27	2026-08-28
worldforged	500823	9	Burning Steppes|Eastern Plaguelands|Stratholme|The Slithering Scar|Western Plaguelands|Winterspring	0|1|329	Rexxar - Conquest of Azeroth|Vol'jin - Conquest of Azeroth	10	2026-07-23	2026-08-25
worldforged	515003	3	Eastern Plaguelands|Hillsbrad Foothills|Magisters' Terrace	0|585	Area 52 - Free-Pick|Bronzebeard - Warcraft Reborn|Darkmoon - Season 10 Wildcard|Dawnrise - Season 10 Freepick|Rexxar - Conquest of Azeroth|Vol'jin - Conquest of Azeroth	19	2025-10-05	2026-08-27
worldforged	515004	1	Tirisfal Glades	0	Area 52 - Free-Pick|Bronzebeard - Warcraft Reborn|Darkmoon - Season 10 Wildcard|Dawnrise - Season 10 Freepick|Rexxar - Conquest of Azeroth|Vol'jin - Conquest of Azeroth	12	2025-10-04	2026-08-29
worldforged	515005	4	Hillsbrad Foothills	0	Area 52 - Free-Pick|Bronzebeard - Warcraft Reborn|Darkmoon - Season 10 Wildcard|Dawnrise - Season 10 Freepick|Rexxar - Conquest of Azeroth|Vol'jin - Conquest of Azeroth	9	2025-10-19	2026-08-28
worldforged	515006	1	Darkshore	1	Area 52 - Free-Pick|Bronzebeard - Warcraft Reborn|Darkmoon - Season 10 Wildcard|Dawnrise - Season 10 Freepick|Rexxar - Conquest of Azeroth|Vol'jin - Conquest of Azeroth	11	2025-10-04	2026-08-28
worldforged	515007	5	The Grizzled Den|Tirisfal Glades|Wetlands	0	Area 52 - Free-Pick|Bronzebeard - Warcraft Reborn|Darkmoon - Season 10 Wildcard|Dawnrise - Season 10 Freepick|Rexxar - Conquest of Azeroth|Vol'jin - Conquest of Azeroth	18	2025-10-04	2026-08-31
worldforged	515008	3	Tirisfal Glades	0	Area 52 - Free-Pick|Bronzebeard - Warcraft Reborn|Darkmoon - Season 10 Wildcard|Dawnrise - Season 10 Freepick|Rexxar - Conquest of Azeroth|Vol'jin - Conquest of Azeroth	11	2025-10-04	2026-08-27
worldforged	515009	1	Alterac Mountains	0	Area 52 - Free-Pick|Bronzebeard - Warcraft Reborn|Darkmoon - Season 10 Wildcard|Dawnrise - Season 10 Freepick|Rexxar - Conquest of Azeroth|Vol'jin - Conquest of Azeroth	9	2025-10-14	2026-08-30
worldforged	515010	2	Darkshore	1	Area 52 - Free-Pick|Bronzebeard - Warcraft Reborn|Darkmoon - Season 10 Wildcard|Dawnrise - Season 10 Freepick|Rexxar - Conquest of Azeroth|Vol'jin - Conquest of Azeroth	11	2025-10-15	2026-08-26
worldforged	515011	4	Eastern Plaguelands|Hillsbrad Foothills|Magisters' Terrace	0|585	Area 52 - Free-Pick|Bronzebeard - Warcraft Reborn|Darkmoon - Season 10 Wildcard|Dawnrise - Season 10 Freepick|Rexxar - Conquest of Azeroth|Vol'jin - Conquest of Azeroth	16	2025-10-05	2026-08-26
worldforged	515012	1	Darkshore	1	Area 52 - Free-Pick|Bronzebeard - Warcraft Reborn|Darkmoon - Season 10 Wildcard|Dawnrise - Season 10 Freepick|Rexxar - Conquest of Azeroth|Vol'jin - Conquest of Azeroth	12	2025-10-03	2026-08-28
worldforged	515013	3	Tirisfal Glades|Western Plaguelands	0	Area 52 - Free-Pick|Bronzebeard - Warcraft Reborn|Darkmoon - Season 10 Wildcard|Dawnrise - Season 10 Freepick|Rexxar - Conquest of Azeroth|Vol'jin - Conquest of Azeroth	12	2025-10-05	2026-08-28
worldforged	515014	4	The Grizzled Den|The Stockade|Tirisfal Glades|Western Plaguelands	0|34	Area 52 - Free-Pick|Bronzebeard - Warcraft Reborn|Darkmoon - Season 10 Wildcard|Dawnrise - Season 10 Freepick|Rexxar - Conquest of Azeroth|Vol'jin - Conquest of Azeroth	20	2025-10-03	2026-08-30
worldforged	515015	5	Feralas|Tanaris|Tirisfal Glades	0|1	Area 52 - Free-Pick|Bronzebeard - Warcraft Reborn|Darkmoon - Season 10 Wildcard|Dawnrise - Season 10 Freepick|Rexxar - Conquest of Azeroth|Vol'jin - Conquest of Azeroth	14	2025-10-04	2026-08-28
worldforged	515016	8	Badlands|The Deadmines|Tirisfal Glades|Uldaman|Western Plaguelands	0|36|70	Area 52 - Free-Pick|Bronzebeard - Warcraft Reborn|Darkmoon - Season 10 Wildcard|Dawnrise - Season 10 Freepick|Rexxar - Conquest of Azeroth|Vol'jin - Conquest of Azeroth	21	2025-10-17	2026-08-29
worldforged	515017	6	Azshara|Blackrock Mountain|Burning Steppes|Darkshore|Molten Core|Western Plaguelands	0|1|409	Area 52 - Free-Pick|Bronzebeard - Warcraft Reborn|Darkmoon - Season 10 Wildcard|Dawnrise - Season 10 Freepick|Rexxar - Conquest of Azeroth|Vol'jin - Conquest of Azeroth	17	2025-10-04	2026-08-29
worldforged	515018	2	Eastern Plaguelands|Hillsbrad Foothills	0	Area 52 - Free-Pick|Bronzebeard - Warcraft Reborn|Darkmoon - Season 10 Wildcard|Dawnrise - Season 10 Freepick|Rexxar - Conquest of Azeroth|Vol'jin - Conquest of Azeroth	14	2025-10-05	2026-08-27
worldforged	515019	5	Eastern Plaguelands|Hillsbrad Foothills|Magisters' Terrace|Tirisfal Glades	0|585	Area 52 - Free-Pick|Bronzebeard - Warcraft Reborn|Darkmoon - Season 10 Wildcard|Dawnrise - Season 10 Freepick|Rexxar - Conquest of Azeroth|Vol'jin - Conquest of Azeroth	15	2025-10-05	2026-08-30
worldforged	515020	5	Scarlet Monastery|The Barrens|Tirisfal Glades|Uldaman|Wailing Caverns	0|1|70|189	Area 52 - Free-Pick|Bronzebeard - Warcraft Reborn|Darkmoon - Season 10 Wildcard|Dawnrise - Season 10 Freepick|Rexxar - Conquest of Azeroth|Vol'jin - Conquest of Azeroth	16	2025-10-14	2026-08-29
worldforged	515021	1	Darkshore	1	Area 52 - Free-Pick|Bronzebeard - Warcraft Reborn|Darkmoon - Season 10 Wildcard|Dawnrise - Season 10 Freepick|Rexxar - Conquest of Azeroth|Vol'jin - Conquest of Azeroth	11	2025-10-03	2026-08-28
worldforged	515022	1	Hillsbrad Foothills	0	Area 52 - Free-Pick|Bronzebeard - Warcraft Reborn|Darkmoon - Season 10 Wildcard|Dawnrise - Season 10 Freepick|Rexxar - Conquest of Azeroth|Vol'jin - Conquest of Azeroth	11	2025-10-04	2026-08-28
worldforged	515023	2	Hillsbrad Foothills	0	Area 52 - Free-Pick|Bronzebeard - Warcraft Reborn|Darkmoon - Season 10 Wildcard|Dawnrise - Season 10 Freepick|Rexxar - Conquest of Azeroth|Vol'jin - Conquest of Azeroth	11	2025-10-05	2026-08-28
worldforged	515024	3	Hillsbrad Foothills	0	Area 52 - Free-Pick|Bronzebeard - Warcraft Reborn|Darkmoon - Season 10 Wildcard|Dawnrise - Season 10 Freepick|Rexxar - Conquest of Azeroth|Vol'jin - Conquest of Azeroth	10	2025-10-17	2026-08-28
worldforged	515025	5	Eastern Plaguelands|Hillsbrad Foothills|Tirisfal Glades	0	Area 52 - Free-Pick|Bronzebeard - Warcraft Reborn|Darkmoon - Season 10 Wildcard|Dawnrise - Season 10 Freepick|Rexxar - Conquest of Azeroth|Vol'jin - Conquest of Azeroth	14	2025-10-05	2026-08-28
worldforged	515026	4	Eastern Plaguelands|Hillsbrad Foothills|Magisters' Terrace	0|585	Area 52 - Free-Pick|Bronzebeard - Warcraft Reborn|Darkmoon - Season 10 Wildcard|Dawnrise - Season 10 Freepick|Rexxar - Conquest of Azeroth|Vol'jin - Conquest of Azeroth	16	2025-10-04	2026-08-28
worldforged	515027	3	Eastern Plaguelands|Hillsbrad Foothills	0	Area 52 - Free-Pick|Bronzebeard - Warcraft Reborn|Darkmoon - Season 10 Wildcard|Dawnrise - Season 10 Freepick|Rexxar - Conquest of Azeroth|Vol'jin - Conquest of Azeroth	13	2025-10-13	2026-08-27
worldforged	515028	1	Darkshore	1	Area 52 - Free-Pick|Bronzebeard - Warcraft Reborn|Darkmoon - Season 10 Wildcard|Dawnrise - Season 10 Freepick|Rexxar - Conquest of Azeroth|Vol'jin - Conquest of Azeroth	11	2025-10-04	2026-08-27
worldforged	515029	1	Darkshore	1	Area 52 - Free-Pick|Bronzebeard - Warcraft Reborn|Darkmoon - Season 10 Wildcard|Dawnrise - Season 10 Freepick|Rexxar - Conquest of Azeroth|Vol'jin - Conquest of Azeroth	11	2025-10-03	2026-08-28
worldforged	515030	11	Blackfathom Deeps|Durotar|Razorfen Kraul|Scarlet Monastery|Stratholme|The Stockade|Tirisfal Glades|Wailing Caverns|Western Plaguelands	0|1|34|43|47|48|189|329	Area 52 - Free-Pick|Bronzebeard - Warcraft Reborn|Darkmoon - Season 10 Wildcard|Dawnrise - Season 10 Freepick|Rexxar - Conquest of Azeroth|Vol'jin - Conquest of Azeroth	22	2025-10-03	2026-08-29
worldforged	515031	1	Darkshore	1	Area 52 - Free-Pick|Bronzebeard - Warcraft Reborn|Darkmoon - Season 10 Wildcard|Dawnrise - Season 10 Freepick|Rexxar - Conquest of Azeroth|Vol'jin - Conquest of Azeroth	11	2025-10-03	2026-08-28
worldforged	515032	3	Tirisfal Glades|Wetlands	0	Area 52 - Free-Pick|Bronzebeard - Warcraft Reborn|Darkmoon - Season 10 Wildcard|Dawnrise - Season 10 Freepick|Rexxar - Conquest of Azeroth|Vol'jin - Conquest of Azeroth	13	2025-10-04	2026-08-30
worldforged	515034	2	Ashenvale|Darkshore	1	Area 52 - Free-Pick|Bronzebeard - Warcraft Reborn|Darkmoon - Season 10 Wildcard|Dawnrise - Season 10 Freepick|Rexxar - Conquest of Azeroth|Vol'jin - Conquest of Azeroth	12	2025-10-15	2026-08-25
worldforged	515035	1	Darkshore	1	Area 52 - Free-Pick|Bronzebeard - Warcraft Reborn|Darkmoon - Season 10 Wildcard|Dawnrise - Season 10 Freepick|Rexxar - Conquest of Azeroth|Vol'jin - Conquest of Azeroth	12	2025-10-05	2026-08-28
worldforged	515036	1	Darkshore	1	Area 52 - Free-Pick|Bronzebeard - Warcraft Reborn|Darkmoon - Season 10 Wildcard|Dawnrise - Season 10 Freepick|Rexxar - Conquest of Azeroth|Vol'jin - Conquest of Azeroth	10	2025-10-04	2026-08-28
worldforged	515037	3	Ashenvale|Darkshore	1	Area 52 - Free-Pick|Bronzebeard - Warcraft Reborn|Darkmoon - Season 10 Wildcard|Dawnrise - Season 10 Freepick|Rexxar - Conquest of Azeroth|Vol'jin - Conquest of Azeroth	13	2025-10-04	2026-08-27
worldforged	515038	1	Darkshore	1	Area 52 - Free-Pick|Bronzebeard - Warcraft Reborn|Darkmoon - Season 10 Wildcard|Dawnrise - Season 10 Freepick|Rexxar - Conquest of Azeroth|Vol'jin - Conquest of Azeroth	6	2025-10-04	2026-05-20
worldforged	515039	1	Darkshore	1	Area 52 - Free-Pick|Bronzebeard - Warcraft Reborn|Darkmoon - Season 10 Wildcard|Dawnrise - Season 10 Freepick|Rexxar - Conquest of Azeroth|Vol'jin - Conquest of Azeroth	10	2025-10-05	2026-08-28
worldforged	515040	6	Alterac Mountains|Ashenvale|Darkshore|Stranglethorn Vale|Wetlands	0|1	Area 52 - Free-Pick|Bronzebeard - Warcraft Reborn|Darkmoon - Season 10 Wildcard|Dawnrise - Season 10 Freepick|Rexxar - Conquest of Azeroth|Vol'jin - Conquest of Azeroth	15	2025-10-05	2026-08-27
worldforged	515041	7	Alterac Mountains|Hillsbrad Foothills|Magisters' Terrace|Stranglethorn Vale	0|585	Area 52 - Free-Pick|Bronzebeard - Warcraft Reborn|Darkmoon - Season 10 Wildcard|Dawnrise - Season 10 Freepick|Rexxar - Conquest of Azeroth|Vol'jin - Conquest of Azeroth	18	2025-10-11	2026-08-28
worldforged	515042	1	Darkshore	1	Area 52 - Free-Pick|Bronzebeard - Warcraft Reborn|Darkmoon - Season 10 Wildcard|Dawnrise - Season 10 Freepick|Rexxar - Conquest of Azeroth|Vol'jin - Conquest of Azeroth	10	2025-10-05	2026-08-28
worldforged	515043	4	The Grizzled Den|Tirisfal Glades|Wetlands	0	Area 52 - Free-Pick|Bronzebeard - Warcraft Reborn|Darkmoon - Season 10 Wildcard|Dawnrise - Season 10 Freepick|Rexxar - Conquest of Azeroth|Vol'jin - Conquest of Azeroth	20	2025-10-05	2026-08-26
worldforged	515044	1	Tirisfal Glades	0	Area 52 - Free-Pick|Bronzebeard - Warcraft Reborn|Darkmoon - Season 10 Wildcard|Dawnrise - Season 10 Freepick|Rexxar - Conquest of Azeroth|Vol'jin - Conquest of Azeroth	6	2025-10-29	2026-07-31
worldforged	515045	1	Darkshore	1	Area 52 - Free-Pick|Bronzebeard - Warcraft Reborn|Darkmoon - Season 10 Wildcard|Dawnrise - Season 10 Freepick|Rexxar - Conquest of Azeroth|Vol'jin - Conquest of Azeroth	12	2025-10-04	2026-08-27
worldforged	515046	1	Darkshore	1	Area 52 - Free-Pick|Darkmoon - Season 10 Wildcard|Dawnrise - Season 10 Freepick|Rexxar - Conquest of Azeroth|Vol'jin - Conquest of Azeroth	11	2025-10-05	2026-08-27
worldforged	515047	2	Darkshore	1	Area 52 - Free-Pick|Bronzebeard - Warcraft Reborn|Darkmoon - Season 10 Wildcard|Dawnrise - Season 10 Freepick|Rexxar - Conquest of Azeroth|Vol'jin - Conquest of Azeroth	9	2025-10-14	2026-08-23
worldforged	515143	1	Feralas	1	Area 52 - Free-Pick|Bronzebeard - Warcraft Reborn|Darkmoon - Season 10 Wildcard|Dawnrise - Season 10 Freepick|Rexxar - Conquest of Azeroth|Vol'jin - Conquest of Azeroth	11	2025-10-05	2026-08-26
worldforged	515144	2	Feralas	1	Area 52 - Free-Pick|Bronzebeard - Warcraft Reborn|Darkmoon - Season 10 Wildcard|Dawnrise - Season 10 Freepick|Rexxar - Conquest of Azeroth|Vol'jin - Conquest of Azeroth	9	2025-10-04	2026-08-22
worldforged	515145	1	Feralas	1	Area 52 - Free-Pick|Bronzebeard - Warcraft Reborn|Darkmoon - Season 10 Wildcard|Dawnrise - Season 10 Freepick|Rexxar - Conquest of Azeroth|Vol'jin - Conquest of Azeroth	11	2025-10-10	2026-08-28
worldforged	515146	3	Feralas|Tirisfal Glades	0|1	Area 52 - Free-Pick|Bronzebeard - Warcraft Reborn|Darkmoon - Season 10 Wildcard|Dawnrise - Season 10 Freepick|Rexxar - Conquest of Azeroth|Vol'jin - Conquest of Azeroth	14	2025-10-04	2026-08-27
worldforged	515147	1	Feralas	1	Area 52 - Free-Pick|Bronzebeard - Warcraft Reborn|Darkmoon - Season 10 Wildcard|Dawnrise - Season 10 Freepick|Rexxar - Conquest of Azeroth|Vol'jin - Conquest of Azeroth	12	2025-10-10	2026-08-27
worldforged	515148	2	Feralas|Moonglade	1	Area 52 - Free-Pick|Bronzebeard - Warcraft Reborn|Darkmoon - Season 10 Wildcard|Dawnrise - Season 10 Freepick|Rexxar - Conquest of Azeroth|Vol'jin - Conquest of Azeroth	9	2025-10-04	2026-08-28
worldforged	515149	1	Feralas	1	Area 52 - Free-Pick|Darkmoon - Season 10 Wildcard|Dawnrise - Season 10 Freepick|Rexxar - Conquest of Azeroth|Vol'jin - Conquest of Azeroth	6	2025-10-16	2026-08-26
worldforged	515150	1	Feralas	1	Area 52 - Free-Pick|Bronzebeard - Warcraft Reborn|Darkmoon - Season 10 Wildcard|Dawnrise - Season 10 Freepick|Rexxar - Conquest of Azeroth|Vol'jin - Conquest of Azeroth	11	2025-10-16	2026-08-27
worldforged	515151	1	Feralas	1	Area 52 - Free-Pick|Bronzebeard - Warcraft Reborn|Darkmoon - Season 10 Wildcard|Dawnrise - Season 10 Freepick|Rexxar - Conquest of Azeroth|Vol'jin - Conquest of Azeroth	6	2025-10-04	2026-05-20
worldforged	515152	3	Feralas|The Hinterlands	0|1	Area 52 - Free-Pick|Bronzebeard - Warcraft Reborn|Darkmoon - Season 10 Wildcard|Dawnrise - Season 10 Freepick|Rexxar - Conquest of Azeroth|Vol'jin - Conquest of Azeroth	13	2025-10-04	2026-08-27
worldforged	515153	3	Feralas	1	Area 52 - Free-Pick|Bronzebeard - Warcraft Reborn|Darkmoon - Season 10 Wildcard|Dawnrise - Season 10 Freepick|Rexxar - Conquest of Azeroth|Vol'jin - Conquest of Azeroth	9	2025-10-17	2026-08-27
worldforged	515154	3	Burning Steppes|Feralas|Swamp of Sorrows	0|1	Area 52 - Free-Pick|Bronzebeard - Warcraft Reborn|Darkmoon - Season 10 Wildcard|Dawnrise - Season 10 Freepick|Rexxar - Conquest of Azeroth|Vol'jin - Conquest of Azeroth	11	2025-10-09	2026-08-27
worldforged	515155	1	Feralas	1	Area 52 - Free-Pick|Bronzebeard - Warcraft Reborn|Darkmoon - Season 10 Wildcard|Dawnrise - Season 10 Freepick|Rexxar - Conquest of Azeroth|Vol'jin - Conquest of Azeroth	6	2025-10-10	2026-05-20
worldforged	515156	2	Feralas|Moonglade	1	Area 52 - Free-Pick|Bronzebeard - Warcraft Reborn|Darkmoon - Season 10 Wildcard|Dawnrise - Season 10 Freepick|Rexxar - Conquest of Azeroth|Vol'jin - Conquest of Azeroth	12	2025-10-06	2026-08-26
worldforged	515157	1	Feralas	1	Area 52 - Free-Pick|Bronzebeard - Warcraft Reborn|Darkmoon - Season 10 Wildcard|Dawnrise - Season 10 Freepick|Rexxar - Conquest of Azeroth|Vol'jin - Conquest of Azeroth	6	2025-10-18	2026-05-20
worldforged	515158	2	Feralas	1	Area 52 - Free-Pick|Bronzebeard - Warcraft Reborn|Darkmoon - Season 10 Wildcard|Dawnrise - Season 10 Freepick|Rexxar - Conquest of Azeroth|Vol'jin - Conquest of Azeroth	10	2025-10-18	2026-08-25
worldforged	515159	1	Feralas	1	Area 52 - Free-Pick|Bronzebeard - Warcraft Reborn|Darkmoon - Season 10 Wildcard|Dawnrise - Season 10 Freepick|Rexxar - Conquest of Azeroth|Vol'jin - Conquest of Azeroth	8	2025-10-18	2026-08-29
worldforged	515160	1	Feralas	1	Area 52 - Free-Pick|Bronzebeard - Warcraft Reborn|Darkmoon - Season 10 Wildcard|Dawnrise - Season 10 Freepick|Rexxar - Conquest of Azeroth|Vol'jin - Conquest of Azeroth	11	2025-10-26	2026-08-27
worldforged	515161	1	Feralas	1	Area 52 - Free-Pick|Bronzebeard - Warcraft Reborn|Darkmoon - Season 10 Wildcard|Dawnrise - Season 10 Freepick|Rexxar - Conquest of Azeroth|Vol'jin - Conquest of Azeroth	11	2025-10-05	2026-08-28
worldforged	515162	1	Feralas	1	Area 52 - Free-Pick|Bronzebeard - Warcraft Reborn|Darkmoon - Season 10 Wildcard|Dawnrise - Season 10 Freepick|Rexxar - Conquest of Azeroth|Vol'jin - Conquest of Azeroth	8	2025-10-18	2026-08-25
worldforged	515163	3	Feralas|Maraudon|Moonglade	1|349	Area 52 - Free-Pick|Bronzebeard - Warcraft Reborn|Darkmoon - Season 10 Wildcard|Dawnrise - Season 10 Freepick|Rexxar - Conquest of Azeroth|Vol'jin - Conquest of Azeroth	13	2025-10-05	2026-08-25
worldforged	515164	3	Feralas|Maraudon|Moonglade	1|349	Area 52 - Free-Pick|Bronzebeard - Warcraft Reborn|Darkmoon - Season 10 Wildcard|Dawnrise - Season 10 Freepick|Rexxar - Conquest of Azeroth|Vol'jin - Conquest of Azeroth	13	2025-10-05	2026-08-25
worldforged	515165	2	Feralas|Moonglade	1	Area 52 - Free-Pick|Bronzebeard - Warcraft Reborn|Darkmoon - Season 10 Wildcard|Dawnrise - Season 10 Freepick|Rexxar - Conquest of Azeroth|Vol'jin - Conquest of Azeroth	13	2025-10-05	2026-08-25
worldforged	515166	1	Feralas	1	Area 52 - Free-Pick|Bronzebeard - Warcraft Reborn|Darkmoon - Season 10 Wildcard|Dawnrise - Season 10 Freepick|Rexxar - Conquest of Azeroth|Vol'jin - Conquest of Azeroth	11	2025-10-05	2026-08-12
worldforged	515167	3	Feralas|Maraudon	1|349	Area 52 - Free-Pick|Bronzebeard - Warcraft Reborn|Darkmoon - Season 10 Wildcard|Dawnrise - Season 10 Freepick|Rexxar - Conquest of Azeroth|Vol'jin - Conquest of Azeroth	13	2025-10-05	2026-08-27
worldforged	515168	1	Feralas	1	Area 52 - Free-Pick|Bronzebeard - Warcraft Reborn|Darkmoon - Season 10 Wildcard|Dawnrise - Season 10 Freepick|Rexxar - Conquest of Azeroth|Vol'jin - Conquest of Azeroth	9	2025-10-05	2026-08-23
worldforged	515169	3	Feralas	1	Area 52 - Free-Pick|Bronzebeard - Warcraft Reborn|Darkmoon - Season 10 Wildcard|Dawnrise - Season 10 Freepick|Rexxar - Conquest of Azeroth|Vol'jin - Conquest of Azeroth	11	2025-10-16	2026-08-27
worldforged	515170	2	Feralas	1	Area 52 - Free-Pick|Bronzebeard - Warcraft Reborn|Darkmoon - Season 10 Wildcard|Dawnrise - Season 10 Freepick|Rexxar - Conquest of Azeroth|Vol'jin - Conquest of Azeroth	10	2025-10-08	2026-08-26
worldforged	515171	1	Feralas	1	Area 52 - Free-Pick|Bronzebeard - Warcraft Reborn|Darkmoon - Season 10 Wildcard|Dawnrise - Season 10 Freepick|Rexxar - Conquest of Azeroth|Vol'jin - Conquest of Azeroth	8	2025-10-28	2026-08-26
worldforged	515172	1	Feralas	1	Area 52 - Free-Pick|Bronzebeard - Warcraft Reborn|Darkmoon - Season 10 Wildcard|Dawnrise - Season 10 Freepick|Rexxar - Conquest of Azeroth|Vol'jin - Conquest of Azeroth	7	2025-10-15	2026-08-26
worldforged	515173	2	Feralas	1	Area 52 - Free-Pick|Bronzebeard - Warcraft Reborn|Darkmoon - Season 10 Wildcard|Dawnrise - Season 10 Freepick|Rexxar - Conquest of Azeroth|Vol'jin - Conquest of Azeroth	10	2025-10-19	2026-08-27
worldforged	515174	1	Feralas	1	Area 52 - Free-Pick|Bronzebeard - Warcraft Reborn|Darkmoon - Season 10 Wildcard|Dawnrise - Season 10 Freepick|Rexxar - Conquest of Azeroth|Vol'jin - Conquest of Azeroth	11	2025-10-08	2026-08-28
worldforged	515175	1	Feralas	1	Area 52 - Free-Pick|Bronzebeard - Warcraft Reborn|Darkmoon - Season 10 Wildcard|Dawnrise - Season 10 Freepick|Rexxar - Conquest of Azeroth|Vol'jin - Conquest of Azeroth	9	2025-10-08	2026-08-28
worldforged	515176	1	Feralas	1	Area 52 - Free-Pick|Bronzebeard - Warcraft Reborn|Darkmoon - Season 10 Wildcard|Dawnrise - Season 10 Freepick|Rexxar - Conquest of Azeroth|Vol'jin - Conquest of Azeroth	12	2025-10-15	2026-08-28
worldforged	515177	2	Feralas|Maraudon	1|349	Area 52 - Free-Pick|Bronzebeard - Warcraft Reborn|Darkmoon - Season 10 Wildcard|Dawnrise - Season 10 Freepick|Rexxar - Conquest of Azeroth|Vol'jin - Conquest of Azeroth	15	2025-10-19	2026-08-28
worldforged	515178	2	Feralas	1	Area 52 - Free-Pick|Bronzebeard - Warcraft Reborn|Darkmoon - Season 10 Wildcard|Dawnrise - Season 10 Freepick|Rexxar - Conquest of Azeroth|Vol'jin - Conquest of Azeroth	12	2025-10-08	2026-08-28
worldforged	515179	1	Feralas	1	Area 52 - Free-Pick|Bronzebeard - Warcraft Reborn|Darkmoon - Season 10 Wildcard|Dawnrise - Season 10 Freepick|Rexxar - Conquest of Azeroth|Vol'jin - Conquest of Azeroth	10	2025-10-09	2026-08-28
worldforged	515180	10	Dire Maul|Feralas|Maraudon|Scarlet Monastery|Tanaris|The Hinterlands|The Temple of Atal'Hakkar|Un'Goro Crater	0|1|109|189|349|429	Area 52 - Free-Pick|Bronzebeard - Warcraft Reborn|Darkmoon - Season 10 Wildcard|Dawnrise - Season 10 Freepick|Rexxar - Conquest of Azeroth|Vol'jin - Conquest of Azeroth	18	2025-10-10	2026-08-26
worldforged	515181	3	Feralas	1	Area 52 - Free-Pick|Bronzebeard - Warcraft Reborn|Darkmoon - Season 10 Wildcard|Dawnrise - Season 10 Freepick|Rexxar - Conquest of Azeroth|Vol'jin - Conquest of Azeroth	10	2025-10-15	2026-08-22
worldforged	515182	1	Feralas	1	Area 52 - Free-Pick|Bronzebeard - Warcraft Reborn|Darkmoon - Season 10 Wildcard|Dawnrise - Season 10 Freepick|Rexxar - Conquest of Azeroth|Vol'jin - Conquest of Azeroth	10	2025-10-10	2026-08-28
worldforged	515183	2	Feralas|Maraudon	1|349	Area 52 - Free-Pick|Bronzebeard - Warcraft Reborn|Darkmoon - Season 10 Wildcard|Dawnrise - Season 10 Freepick|Rexxar - Conquest of Azeroth|Vol'jin - Conquest of Azeroth	14	2025-10-17	2026-08-26
worldforged	515184	3	Feralas|Maraudon	1|349	Area 52 - Free-Pick|Darkmoon - Season 10 Wildcard|Dawnrise - Season 10 Freepick|Rexxar - Conquest of Azeroth|Vol'jin - Conquest of Azeroth	11	2025-10-07	2026-08-28
worldforged	515185	2	Feralas	1	Area 52 - Free-Pick|Bronzebeard - Warcraft Reborn|Darkmoon - Season 10 Wildcard|Dawnrise - Season 10 Freepick|Rexxar - Conquest of Azeroth|Vol'jin - Conquest of Azeroth	10	2025-10-05	2026-08-28
worldforged	515186	3	Feralas|Maraudon	1|349	Area 52 - Free-Pick|Bronzebeard - Warcraft Reborn|Darkmoon - Season 10 Wildcard|Dawnrise - Season 10 Freepick|Rexxar - Conquest of Azeroth|Vol'jin - Conquest of Azeroth	11	2025-11-11	2026-07-30
worldforged	515187	4	Feralas|Maraudon	1|349	Area 52 - Free-Pick|Darkmoon - Season 10 Wildcard|Dawnrise - Season 10 Freepick|Rexxar - Conquest of Azeroth|Vol'jin - Conquest of Azeroth	12	2025-10-15	2026-08-27
worldforged	515188	2	Feralas	1	Area 52 - Free-Pick|Bronzebeard - Warcraft Reborn|Darkmoon - Season 10 Wildcard|Dawnrise - Season 10 Freepick|Rexxar - Conquest of Azeroth|Vol'jin - Conquest of Azeroth	9	2025-10-09	2026-08-28
worldforged	515189	4	Feralas|Maraudon|Moonglade	1|349	Area 52 - Free-Pick|Bronzebeard - Warcraft Reborn|Darkmoon - Season 10 Wildcard|Dawnrise - Season 10 Freepick|Rexxar - Conquest of Azeroth|Vol'jin - Conquest of Azeroth	17	2025-10-08	2026-08-28
worldforged	515190	2	Feralas	1	Area 52 - Free-Pick|Bronzebeard - Warcraft Reborn|Darkmoon - Season 10 Wildcard|Dawnrise - Season 10 Freepick|Rexxar - Conquest of Azeroth|Vol'jin - Conquest of Azeroth	10	2025-10-17	2026-08-27
worldforged	515191	2	Feralas|Maraudon	1|349	Area 52 - Free-Pick|Darkmoon - Season 10 Wildcard|Dawnrise - Season 10 Freepick|Rexxar - Conquest of Azeroth|Vol'jin - Conquest of Azeroth	11	2025-10-07	2026-08-28
worldforged	515192	3	Feralas|Maraudon|Winterspring	1|349	Area 52 - Free-Pick|Bronzebeard - Warcraft Reborn|Darkmoon - Season 10 Wildcard|Dawnrise - Season 10 Freepick|Rexxar - Conquest of Azeroth|Vol'jin - Conquest of Azeroth	12	2025-10-08	2026-08-26
worldforged	515193	3	Feralas|Maraudon	1|349	Area 52 - Free-Pick|Bronzebeard - Warcraft Reborn|Darkmoon - Season 10 Wildcard|Dawnrise - Season 10 Freepick|Rexxar - Conquest of Azeroth|Vol'jin - Conquest of Azeroth	10	2025-10-05	2026-08-28
worldforged	515194	2	Feralas|Moonglade	1	Area 52 - Free-Pick|Bronzebeard - Warcraft Reborn|Darkmoon - Season 10 Wildcard|Dawnrise - Season 10 Freepick|Rexxar - Conquest of Azeroth|Vol'jin - Conquest of Azeroth	10	2025-10-12	2026-08-28
worldforged	515195	2	Feralas|Moonglade	1	Area 52 - Free-Pick|Bronzebeard - Warcraft Reborn|Darkmoon - Season 10 Wildcard|Dawnrise - Season 10 Freepick|Rexxar - Conquest of Azeroth|Vol'jin - Conquest of Azeroth	13	2025-10-08	2026-08-25
worldforged	515196	4	Feralas|Maraudon	1|349	Area 52 - Free-Pick|Bronzebeard - Warcraft Reborn|Darkmoon - Season 10 Wildcard|Dawnrise - Season 10 Freepick|Rexxar - Conquest of Azeroth|Vol'jin - Conquest of Azeroth	11	2025-10-14	2026-08-08
worldforged	515197	2	Feralas	1	Area 52 - Free-Pick|Bronzebeard - Warcraft Reborn|Darkmoon - Season 10 Wildcard|Dawnrise - Season 10 Freepick|Rexxar - Conquest of Azeroth|Vol'jin - Conquest of Azeroth	11	2025-10-13	2026-08-27
worldforged	515198	4	Feralas	1	Area 52 - Free-Pick|Darkmoon - Season 10 Wildcard|Dawnrise - Season 10 Freepick|Rexxar - Conquest of Azeroth|Vol'jin - Conquest of Azeroth	10	2025-10-13	2026-08-28
worldforged	515199	1	Feralas	1	Area 52 - Free-Pick|Bronzebeard - Warcraft Reborn|Darkmoon - Season 10 Wildcard|Dawnrise - Season 10 Freepick|Rexxar - Conquest of Azeroth|Vol'jin - Conquest of Azeroth	11	2025-10-08	2026-08-28
worldforged	515200	2	Feralas|Maraudon	1|349	Area 52 - Free-Pick|Bronzebeard - Warcraft Reborn|Darkmoon - Season 10 Wildcard|Dawnrise - Season 10 Freepick|Rexxar - Conquest of Azeroth|Vol'jin - Conquest of Azeroth	11	2025-10-05	2026-08-26
worldforged	515201	1	Feralas	1	Area 52 - Free-Pick|Bronzebeard - Warcraft Reborn|Darkmoon - Season 10 Wildcard|Dawnrise - Season 10 Freepick|Rexxar - Conquest of Azeroth|Vol'jin - Conquest of Azeroth	10	2025-10-15	2026-08-26
worldforged	515202	4	Feralas	1	Area 52 - Free-Pick|Bronzebeard - Warcraft Reborn|Darkmoon - Season 10 Wildcard|Dawnrise - Season 10 Freepick|Rexxar - Conquest of Azeroth|Vol'jin - Conquest of Azeroth	9	2025-10-17	2026-08-28
worldforged	515203	1	Feralas	1	Area 52 - Free-Pick|Bronzebeard - Warcraft Reborn|Darkmoon - Season 10 Wildcard|Dawnrise - Season 10 Freepick|Rexxar - Conquest of Azeroth|Vol'jin - Conquest of Azeroth	10	2025-10-08	2026-08-26
worldforged	515204	1	Feralas	1	Area 52 - Free-Pick|Bronzebeard - Warcraft Reborn|Darkmoon - Season 10 Wildcard|Dawnrise - Season 10 Freepick|Rexxar - Conquest of Azeroth|Vol'jin - Conquest of Azeroth	10	2025-10-12	2026-08-28
worldforged	515205	3	Feralas|Moonglade	1	Area 52 - Free-Pick|Bronzebeard - Warcraft Reborn|Darkmoon - Season 10 Wildcard|Dawnrise - Season 10 Freepick|Rexxar - Conquest of Azeroth|Vol'jin - Conquest of Azeroth	11	2025-10-08	2026-08-28
worldforged	515206	4	Feralas|Maraudon|Moonglade	1|349	Area 52 - Free-Pick|Bronzebeard - Warcraft Reborn|Darkmoon - Season 10 Wildcard|Dawnrise - Season 10 Freepick|Rexxar - Conquest of Azeroth|Vol'jin - Conquest of Azeroth	12	2025-10-08	2026-08-26
worldforged	515207	1	Dustwallow Marsh	1	Area 52 - Free-Pick|Bronzebeard - Warcraft Reborn|Darkmoon - Season 10 Wildcard|Dawnrise - Season 10 Freepick|Rexxar - Conquest of Azeroth|Vol'jin - Conquest of Azeroth	11	2025-10-11	2026-08-25
worldforged	515208	3	Dustwallow Marsh|Fel Rock	1	Area 52 - Free-Pick|Darkmoon - Season 10 Wildcard|Dawnrise - Season 10 Freepick|Rexxar - Conquest of Azeroth|Vol'jin - Conquest of Azeroth	13	2025-10-05	2026-08-23
worldforged	515209	1	Dustwallow Marsh	1	Area 52 - Free-Pick|Bronzebeard - Warcraft Reborn|Darkmoon - Season 10 Wildcard|Dawnrise - Season 10 Freepick|Rexxar - Conquest of Azeroth|Vol'jin - Conquest of Azeroth	6	2025-10-10	2026-07-08
worldforged	515210	2	Dustwallow Marsh	1	Area 52 - Free-Pick|Bronzebeard - Warcraft Reborn|Darkmoon - Season 10 Wildcard|Dawnrise - Season 10 Freepick|Rexxar - Conquest of Azeroth|Vol'jin - Conquest of Azeroth	10	2025-10-09	2026-08-21
worldforged	515211	1	Dustwallow Marsh	1	Area 52 - Free-Pick|Bronzebeard - Warcraft Reborn|Darkmoon - Season 10 Wildcard|Dawnrise - Season 10 Freepick|Rexxar - Conquest of Azeroth|Vol'jin - Conquest of Azeroth	11	2025-10-05	2026-08-13
worldforged	515212	3	Dustwallow Marsh|Fel Rock	1	Area 52 - Free-Pick|Bronzebeard - Warcraft Reborn|Darkmoon - Season 10 Wildcard|Dawnrise - Season 10 Freepick|Rexxar - Conquest of Azeroth|Vol'jin - Conquest of Azeroth	11	2025-10-09	2026-08-28
worldforged	515213	2	Dustwallow Marsh	1	Area 52 - Free-Pick|Bronzebeard - Warcraft Reborn|Darkmoon - Season 10 Wildcard|Dawnrise - Season 10 Freepick|Rexxar - Conquest of Azeroth|Vol'jin - Conquest of Azeroth	10	2025-10-14	2026-08-28
worldforged	515214	4	Dustwallow Marsh|Fel Rock|Thousand Needles	1	Area 52 - Free-Pick|Bronzebeard - Warcraft Reborn|Darkmoon - Season 10 Wildcard|Dawnrise - Season 10 Freepick|Rexxar - Conquest of Azeroth|Vol'jin - Conquest of Azeroth	15	2025-10-07	2026-08-29
worldforged	515215	2	Dustwallow Marsh	1	Area 52 - Free-Pick|Bronzebeard - Warcraft Reborn|Darkmoon - Season 10 Wildcard|Dawnrise - Season 10 Freepick|Rexxar - Conquest of Azeroth|Vol'jin - Conquest of Azeroth	11	2025-10-05	2026-08-30
worldforged	515216	2	Dustwallow Marsh	1	Area 52 - Free-Pick|Bronzebeard - Warcraft Reborn|Darkmoon - Season 10 Wildcard|Dawnrise - Season 10 Freepick|Rexxar - Conquest of Azeroth|Vol'jin - Conquest of Azeroth	10	2025-10-10	2026-08-30
worldforged	515217	2	Dustwallow Marsh	1	Area 52 - Free-Pick|Bronzebeard - Warcraft Reborn|Darkmoon - Season 10 Wildcard|Dawnrise - Season 10 Freepick|Rexxar - Conquest of Azeroth|Vol'jin - Conquest of Azeroth	11	2025-10-05	2026-08-29
worldforged	515218	2	Dustwallow Marsh|Fel Rock	1	Area 52 - Free-Pick|Bronzebeard - Warcraft Reborn|Darkmoon - Season 10 Wildcard|Dawnrise - Season 10 Freepick|Rexxar - Conquest of Azeroth|Vol'jin - Conquest of Azeroth	13	2025-10-05	2026-08-29
worldforged	515219	3	Burning Steppes|Dustwallow Marsh	0|1	Area 52 - Free-Pick|Bronzebeard - Warcraft Reborn|Darkmoon - Season 10 Wildcard|Dawnrise - Season 10 Freepick|Rexxar - Conquest of Azeroth|Vol'jin - Conquest of Azeroth	10	2025-10-08	2026-08-28
worldforged	515220	1	Dustwallow Marsh	1	Area 52 - Free-Pick|Darkmoon - Season 10 Wildcard|Dawnrise - Season 10 Freepick|Rexxar - Conquest of Azeroth|Vol'jin - Conquest of Azeroth	9	2025-10-11	2026-08-28
worldforged	515221	2	Dustwallow Marsh|Fel Rock	1	Area 52 - Free-Pick|Bronzebeard - Warcraft Reborn|Darkmoon - Season 10 Wildcard|Dawnrise - Season 10 Freepick|Rexxar - Conquest of Azeroth|Vol'jin - Conquest of Azeroth	11	2025-10-05	2026-08-27
worldforged	515222	2	Dustwallow Marsh	1	Area 52 - Free-Pick|Bronzebeard - Warcraft Reborn|Darkmoon - Season 10 Wildcard|Dawnrise - Season 10 Freepick|Rexxar - Conquest of Azeroth|Vol'jin - Conquest of Azeroth	11	2025-10-07	2026-08-26
worldforged	515223	4	Deadwind Pass|Dustwallow Marsh|Fel Rock	0|1	Area 52 - Free-Pick|Bronzebeard - Warcraft Reborn|Darkmoon - Season 10 Wildcard|Dawnrise - Season 10 Freepick|Rexxar - Conquest of Azeroth|Vol'jin - Conquest of Azeroth	14	2025-10-07	2026-08-29
worldforged	515224	2	Dustwallow Marsh|Dustwind Cave	1	Area 52 - Free-Pick|Bronzebeard - Warcraft Reborn|Darkmoon - Season 10 Wildcard|Dawnrise - Season 10 Freepick|Rexxar - Conquest of Azeroth|Vol'jin - Conquest of Azeroth	10	2025-10-18	2026-08-27
worldforged	515225	2	Dustwallow Marsh	1	Area 52 - Free-Pick|Bronzebeard - Warcraft Reborn|Darkmoon - Season 10 Wildcard|Dawnrise - Season 10 Freepick|Rexxar - Conquest of Azeroth|Vol'jin - Conquest of Azeroth	10	2025-10-13	2026-08-27
worldforged	515226	1	Dustwallow Marsh	1	Area 52 - Free-Pick|Bronzebeard - Warcraft Reborn|Darkmoon - Season 10 Wildcard|Dawnrise - Season 10 Freepick|Rexxar - Conquest of Azeroth|Vol'jin - Conquest of Azeroth	11	2025-10-05	2026-08-27
worldforged	515227	2	Dustwallow Marsh|Fel Rock	1	Area 52 - Free-Pick|Bronzebeard - Warcraft Reborn|Darkmoon - Season 10 Wildcard|Dawnrise - Season 10 Freepick|Rexxar - Conquest of Azeroth|Vol'jin - Conquest of Azeroth	11	2025-10-10	2026-08-14
worldforged	515228	2	Dustwallow Marsh|Scholomance	1|289	Area 52 - Free-Pick|Bronzebeard - Warcraft Reborn|Darkmoon - Season 10 Wildcard|Dawnrise - Season 10 Freepick|Rexxar - Conquest of Azeroth|Vol'jin - Conquest of Azeroth	13	2025-10-05	2026-08-28
worldforged	515229	2	Dustwallow Marsh|Stillpine Hold	1	Area 52 - Free-Pick|Darkmoon - Season 10 Wildcard|Dawnrise - Season 10 Freepick|Rexxar - Conquest of Azeroth|Vol'jin - Conquest of Azeroth	16	2025-10-07	2026-08-28
worldforged	515230	2	Dustwallow Marsh	1	Area 52 - Free-Pick|Bronzebeard - Warcraft Reborn|Darkmoon - Season 10 Wildcard|Dawnrise - Season 10 Freepick|Rexxar - Conquest of Azeroth|Vol'jin - Conquest of Azeroth	10	2025-10-31	2026-08-08
worldforged	515231	2	Dustwallow Marsh	1	Area 52 - Free-Pick|Darkmoon - Season 10 Wildcard|Dawnrise - Season 10 Freepick|Rexxar - Conquest of Azeroth|Vol'jin - Conquest of Azeroth	9	2025-10-31	2026-08-27
worldforged	515232	1	Dustwallow Marsh	1	Area 52 - Free-Pick|Bronzebeard - Warcraft Reborn|Darkmoon - Season 10 Wildcard|Dawnrise - Season 10 Freepick|Rexxar - Conquest of Azeroth|Vol'jin - Conquest of Azeroth	9	2025-10-19	2026-08-02
worldforged	515233	5	Dustwallow Marsh|Fel Rock|The Barrens	1	Area 52 - Free-Pick|Bronzebeard - Warcraft Reborn|Darkmoon - Season 10 Wildcard|Dawnrise - Season 10 Freepick|Rexxar - Conquest of Azeroth|Vol'jin - Conquest of Azeroth	15	2026-05-24	2026-08-29
worldforged	515234	2	Dustwallow Marsh|Fel Rock	1	Area 52 - Free-Pick|Bronzebeard - Warcraft Reborn|Darkmoon - Season 10 Wildcard|Dawnrise - Season 10 Freepick|Rexxar - Conquest of Azeroth|Vol'jin - Conquest of Azeroth	12	2025-10-14	2026-09-03
worldforged	515235	3	The Barrens	1	Area 52 - Free-Pick|Bronzebeard - Warcraft Reborn|Darkmoon - Season 10 Wildcard|Dawnrise - Season 10 Freepick|Rexxar - Conquest of Azeroth|Vol'jin - Conquest of Azeroth	10	2025-10-04	2026-08-21
worldforged	515236	2	Dustwallow Marsh|Skull Rock	1	Area 52 - Free-Pick|Bronzebeard - Warcraft Reborn|Darkmoon - Season 10 Wildcard|Dawnrise - Season 10 Freepick|Rexxar - Conquest of Azeroth|Vol'jin - Conquest of Azeroth	15	2025-10-05	2026-08-27
worldforged	515237	5	Dustwallow Marsh|Fel Rock	1	Area 52 - Free-Pick|Bronzebeard - Warcraft Reborn|Darkmoon - Season 10 Wildcard|Dawnrise - Season 10 Freepick|Rexxar - Conquest of Azeroth|Vol'jin - Conquest of Azeroth	11	2025-10-18	2026-09-03
worldforged	515238	3	Dustwallow Marsh|Tanaris	1	Area 52 - Free-Pick|Bronzebeard - Warcraft Reborn|Darkmoon - Season 10 Wildcard|Dawnrise - Season 10 Freepick|Rexxar - Conquest of Azeroth|Vol'jin - Conquest of Azeroth	14	2025-10-18	2026-09-03
worldforged	515239	3	Dustwallow Marsh|Skull Rock	1	Area 52 - Free-Pick|Bronzebeard - Warcraft Reborn|Darkmoon - Season 10 Wildcard|Dawnrise - Season 10 Freepick|Rexxar - Conquest of Azeroth|Vol'jin - Conquest of Azeroth	16	2025-10-14	2026-08-29
worldforged	515240	1	Dustwallow Marsh	1	Area 52 - Free-Pick|Bronzebeard - Warcraft Reborn|Darkmoon - Season 10 Wildcard|Dawnrise - Season 10 Freepick|Rexxar - Conquest of Azeroth|Vol'jin - Conquest of Azeroth	6	2025-10-27	2026-05-20
worldforged	515241	2	The Hinterlands	0	Area 52 - Free-Pick|Bronzebeard - Warcraft Reborn|Darkmoon - Season 10 Wildcard|Dawnrise - Season 10 Freepick|Rexxar - Conquest of Azeroth|Vol'jin - Conquest of Azeroth	12	2025-10-17	2026-08-22
worldforged	515242	2	The Hinterlands	0	Area 52 - Free-Pick|Bronzebeard - Warcraft Reborn|Darkmoon - Season 10 Wildcard|Dawnrise - Season 10 Freepick|Rexxar - Conquest of Azeroth|Vol'jin - Conquest of Azeroth	9	2025-10-13	2026-08-07
worldforged	515243	3	Duskwood|Searing Gorge	0	Area 52 - Free-Pick|Bronzebeard - Warcraft Reborn|Darkmoon - Season 10 Wildcard|Dawnrise - Season 10 Freepick|Rexxar - Conquest of Azeroth|Vol'jin - Conquest of Azeroth	10	2025-10-11	2026-08-28
worldforged	515244	2	Duskwood|Searing Gorge	0	Area 52 - Free-Pick|Bronzebeard - Warcraft Reborn|Darkmoon - Season 10 Wildcard|Dawnrise - Season 10 Freepick|Rexxar - Conquest of Azeroth|Vol'jin - Conquest of Azeroth	12	2025-10-17	2026-08-28
worldforged	515245	1	Searing Gorge	0	Area 52 - Free-Pick|Bronzebeard - Warcraft Reborn|Darkmoon - Season 10 Wildcard|Dawnrise - Season 10 Freepick|Rexxar - Conquest of Azeroth|Vol'jin - Conquest of Azeroth	9	2025-10-08	2026-08-27
worldforged	515246	3	Searing Gorge	0	Area 52 - Free-Pick|Bronzebeard - Warcraft Reborn|Darkmoon - Season 10 Wildcard|Dawnrise - Season 10 Freepick|Rexxar - Conquest of Azeroth|Vol'jin - Conquest of Azeroth	11	2025-10-09	2026-08-27
worldforged	515247	3	Blasted Lands|Searing Gorge|Silvermoon City	0|530	Area 52 - Free-Pick|Bronzebeard - Warcraft Reborn|Darkmoon - Season 10 Wildcard|Dawnrise - Season 10 Freepick|Rexxar - Conquest of Azeroth|Vol'jin - Conquest of Azeroth	14	2025-10-09	2026-08-31
worldforged	515248	5	Blasted Lands|Duskwood|Searing Gorge	0	Area 52 - Free-Pick|Bronzebeard - Warcraft Reborn|Darkmoon - Season 10 Wildcard|Dawnrise - Season 10 Freepick|Rexxar - Conquest of Azeroth|Vol'jin - Conquest of Azeroth	12	2025-10-15	2026-08-28
worldforged	515249	3	Duskwood|Searing Gorge|Silvermoon City	0|530	Area 52 - Free-Pick|Bronzebeard - Warcraft Reborn|Darkmoon - Season 10 Wildcard|Dawnrise - Season 10 Freepick|Rexxar - Conquest of Azeroth|Vol'jin - Conquest of Azeroth	12	2025-10-12	2026-08-22
worldforged	515251	2	Searing Gorge	0	Area 52 - Free-Pick|Bronzebeard - Warcraft Reborn|Darkmoon - Season 10 Wildcard|Dawnrise - Season 10 Freepick|Rexxar - Conquest of Azeroth|Vol'jin - Conquest of Azeroth	12	2025-10-18	2026-08-24
worldforged	515252	3	Searing Gorge	0	Area 52 - Free-Pick|Bronzebeard - Warcraft Reborn|Darkmoon - Season 10 Wildcard|Dawnrise - Season 10 Freepick|Rexxar - Conquest of Azeroth|Vol'jin - Conquest of Azeroth	11	2025-10-19	2026-08-28
worldforged	515253	1	Searing Gorge	0	Area 52 - Free-Pick|Bronzebeard - Warcraft Reborn|Darkmoon - Season 10 Wildcard|Dawnrise - Season 10 Freepick|Rexxar - Conquest of Azeroth|Vol'jin - Conquest of Azeroth	10	2025-10-12	2026-08-28
worldforged	515254	2	Duskwood|Searing Gorge	0	Area 52 - Free-Pick|Bronzebeard - Warcraft Reborn|Darkmoon - Season 10 Wildcard|Dawnrise - Season 10 Freepick|Rexxar - Conquest of Azeroth|Vol'jin - Conquest of Azeroth	11	2025-10-12	2026-08-28
worldforged	515255	2	Searing Gorge	0	Area 52 - Free-Pick|Bronzebeard - Warcraft Reborn|Darkmoon - Season 10 Wildcard|Dawnrise - Season 10 Freepick|Rexxar - Conquest of Azeroth|Vol'jin - Conquest of Azeroth	9	2025-10-12	2026-08-28
worldforged	515256	3	Duskwood|Searing Gorge	0	Area 52 - Free-Pick|Bronzebeard - Warcraft Reborn|Darkmoon - Season 10 Wildcard|Dawnrise - Season 10 Freepick|Rexxar - Conquest of Azeroth|Vol'jin - Conquest of Azeroth	13	2025-10-19	2026-08-28
worldforged	515257	1	Searing Gorge	0	Bronzebeard - Warcraft Reborn|Vol'jin - Conquest of Azeroth	2	2025-11-30	2026-06-09
worldforged	515258	1	Searing Gorge	0	Area 52 - Free-Pick|Bronzebeard - Warcraft Reborn|Darkmoon - Season 10 Wildcard|Dawnrise - Season 10 Freepick|Rexxar - Conquest of Azeroth|Vol'jin - Conquest of Azeroth	10	2025-10-08	2026-08-28
worldforged	515259	2	Duskwood|Searing Gorge	0	Area 52 - Free-Pick|Bronzebeard - Warcraft Reborn|Darkmoon - Season 10 Wildcard|Dawnrise - Season 10 Freepick|Rexxar - Conquest of Azeroth|Vol'jin - Conquest of Azeroth	14	2025-10-12	2026-08-28
worldforged	515260	3	Duskwood|Searing Gorge|Silvermoon City	0|530	Area 52 - Free-Pick|Bronzebeard - Warcraft Reborn|Darkmoon - Season 10 Wildcard|Dawnrise - Season 10 Freepick|Rexxar - Conquest of Azeroth|Vol'jin - Conquest of Azeroth	13	2025-10-12	2026-08-28
worldforged	515261	2	Searing Gorge	0	Area 52 - Free-Pick|Bronzebeard - Warcraft Reborn|Darkmoon - Season 10 Wildcard|Dawnrise - Season 10 Freepick|Rexxar - Conquest of Azeroth|Vol'jin - Conquest of Azeroth	7	2025-10-17	2026-08-29
worldforged	515262	4	Searing Gorge	0	Area 52 - Free-Pick|Bronzebeard - Warcraft Reborn|Darkmoon - Season 10 Wildcard|Dawnrise - Season 10 Freepick|Rexxar - Conquest of Azeroth|Vol'jin - Conquest of Azeroth	9	2025-10-20	2026-08-29
worldforged	515263	3	Blasted Lands|Duskwood|Searing Gorge	0	Area 52 - Free-Pick|Bronzebeard - Warcraft Reborn|Darkmoon - Season 10 Wildcard|Dawnrise - Season 10 Freepick|Rexxar - Conquest of Azeroth|Vol'jin - Conquest of Azeroth	10	2025-10-12	2026-08-27
worldforged	515264	2	Blasted Lands|Searing Gorge	0	Area 52 - Free-Pick|Bronzebeard - Warcraft Reborn|Darkmoon - Season 10 Wildcard|Dawnrise - Season 10 Freepick|Rexxar - Conquest of Azeroth|Vol'jin - Conquest of Azeroth	11	2025-10-19	2026-08-29
worldforged	515265	3	Blasted Lands|Duskwood|Searing Gorge	0	Area 52 - Free-Pick|Bronzebeard - Warcraft Reborn|Darkmoon - Season 10 Wildcard|Dawnrise - Season 10 Freepick|Rexxar - Conquest of Azeroth|Vol'jin - Conquest of Azeroth	13	2025-10-20	2026-08-30
worldforged	515266	3	Duskwood|Searing Gorge	0	Area 52 - Free-Pick|Bronzebeard - Warcraft Reborn|Darkmoon - Season 10 Wildcard|Dawnrise - Season 10 Freepick|Rexxar - Conquest of Azeroth|Vol'jin - Conquest of Azeroth	10	2025-10-15	2026-08-29
worldforged	515267	1	Searing Gorge	0	Area 52 - Free-Pick|Bronzebeard - Warcraft Reborn|Darkmoon - Season 10 Wildcard|Dawnrise - Season 10 Freepick|Rexxar - Conquest of Azeroth|Vol'jin - Conquest of Azeroth	10	2025-10-12	2026-08-29
worldforged	515268	6	Blasted Lands|Duskwood|Searing Gorge	0	Area 52 - Free-Pick|Bronzebeard - Warcraft Reborn|Darkmoon - Season 10 Wildcard|Dawnrise - Season 10 Freepick|Rexxar - Conquest of Azeroth|Vol'jin - Conquest of Azeroth	12	2025-10-20	2026-08-28
worldforged	515269	6	Desolace|Duskwood|Maraudon|Molten Core|Searing Gorge|Zul'Farrak	0|1|209|409	Area 52 - Free-Pick|Bronzebeard - Warcraft Reborn|Darkmoon - Season 10 Wildcard|Dawnrise - Season 10 Freepick|Rexxar - Conquest of Azeroth|Vol'jin - Conquest of Azeroth	16	2025-10-19	2026-08-28
worldforged	515270	3	Searing Gorge|The Hinterlands	0	Area 52 - Free-Pick|Bronzebeard - Warcraft Reborn|Darkmoon - Season 10 Wildcard|Dawnrise - Season 10 Freepick|Rexxar - Conquest of Azeroth|Vol'jin - Conquest of Azeroth	12	2025-10-17	2026-08-28
worldforged	515271	3	Searing Gorge|Silvermoon City	0|530	Area 52 - Free-Pick|Bronzebeard - Warcraft Reborn|Darkmoon - Season 10 Wildcard|Dawnrise - Season 10 Freepick|Rexxar - Conquest of Azeroth|Vol'jin - Conquest of Azeroth	12	2025-10-15	2026-08-28
worldforged	515272	1	Searing Gorge	0	Area 52 - Free-Pick|Bronzebeard - Warcraft Reborn|Darkmoon - Season 10 Wildcard|Dawnrise - Season 10 Freepick|Rexxar - Conquest of Azeroth|Vol'jin - Conquest of Azeroth	13	2025-10-20	2026-08-28
worldforged	515273	2	Duskwood|Searing Gorge	0	Area 52 - Free-Pick|Bronzebeard - Warcraft Reborn|Darkmoon - Season 10 Wildcard|Dawnrise - Season 10 Freepick|Rexxar - Conquest of Azeroth|Vol'jin - Conquest of Azeroth	11	2025-10-16	2026-08-28
worldforged	515274	2	Blasted Lands|Searing Gorge	0	Area 52 - Free-Pick|Bronzebeard - Warcraft Reborn|Darkmoon - Season 10 Wildcard|Dawnrise - Season 10 Freepick|Rexxar - Conquest of Azeroth|Vol'jin - Conquest of Azeroth	11	2025-10-16	2026-08-26
worldforged	515275	3	Duskwood|Searing Gorge|Silvermoon City	0|530	Area 52 - Free-Pick|Darkmoon - Season 10 Wildcard|Dawnrise - Season 10 Freepick|Rexxar - Conquest of Azeroth|Vol'jin - Conquest of Azeroth	12	2025-10-12	2026-08-28
worldforged	515276	2	Duskwood|Searing Gorge	0	Area 52 - Free-Pick|Darkmoon - Season 10 Wildcard|Dawnrise - Season 10 Freepick|Rexxar - Conquest of Azeroth|Vol'jin - Conquest of Azeroth	11	2025-10-15	2026-08-28
worldforged	515277	3	Duskwood|Searing Gorge	0	Area 52 - Free-Pick|Bronzebeard - Warcraft Reborn|Darkmoon - Season 10 Wildcard|Dawnrise - Season 10 Freepick|Rexxar - Conquest of Azeroth|Vol'jin - Conquest of Azeroth	14	2025-10-12	2026-08-31
worldforged	515278	2	Blasted Lands|Searing Gorge	0	Area 52 - Free-Pick|Bronzebeard - Warcraft Reborn|Darkmoon - Season 10 Wildcard|Dawnrise - Season 10 Freepick|Rexxar - Conquest of Azeroth|Vol'jin - Conquest of Azeroth	13	2025-10-12	2026-08-28
worldforged	515279	4	Blasted Lands|Duskwood|Searing Gorge	0	Area 52 - Free-Pick|Bronzebeard - Warcraft Reborn|Darkmoon - Season 10 Wildcard|Dawnrise - Season 10 Freepick|Rexxar - Conquest of Azeroth|Vol'jin - Conquest of Azeroth	14	2025-10-14	2026-08-25
worldforged	515281	1	Blasted Lands	0	Area 52 - Free-Pick|Bronzebeard - Warcraft Reborn|Darkmoon - Season 10 Wildcard|Dawnrise - Season 10 Freepick|Rexxar - Conquest of Azeroth|Vol'jin - Conquest of Azeroth	7	2025-10-11	2026-08-28
worldforged	515282	1	Blasted Lands	0	Area 52 - Free-Pick|Darkmoon - Season 10 Wildcard|Dawnrise - Season 10 Freepick|Rexxar - Conquest of Azeroth|Vol'jin - Conquest of Azeroth	8	2026-07-06	2026-07-19
worldforged	515283	1	Blasted Lands	0	Area 52 - Free-Pick|Bronzebeard - Warcraft Reborn|Darkmoon - Season 10 Wildcard|Dawnrise - Season 10 Freepick|Rexxar - Conquest of Azeroth|Vol'jin - Conquest of Azeroth	10	2025-10-05	2026-08-30
worldforged	515284	2	Blasted Lands|Eastern Plaguelands	0	Area 52 - Free-Pick|Bronzebeard - Warcraft Reborn|Darkmoon - Season 10 Wildcard|Dawnrise - Season 10 Freepick|Rexxar - Conquest of Azeroth|Vol'jin - Conquest of Azeroth	8	2025-10-18	2026-08-29
worldforged	515285	2	Blasted Lands	0	Area 52 - Free-Pick|Bronzebeard - Warcraft Reborn|Darkmoon - Season 10 Wildcard|Dawnrise - Season 10 Freepick|Rexxar - Conquest of Azeroth|Vol'jin - Conquest of Azeroth	10	2025-10-12	2026-08-04
worldforged	515286	3	Blasted Lands	0	Area 52 - Free-Pick|Bronzebeard - Warcraft Reborn|Darkmoon - Season 10 Wildcard|Dawnrise - Season 10 Freepick|Rexxar - Conquest of Azeroth|Vol'jin - Conquest of Azeroth	12	2025-10-14	2026-08-22
worldforged	515287	1	Blasted Lands	0	Area 52 - Free-Pick|Bronzebeard - Warcraft Reborn|Darkmoon - Season 10 Wildcard|Dawnrise - Season 10 Freepick|Rexxar - Conquest of Azeroth|Vol'jin - Conquest of Azeroth	10	2025-10-13	2026-08-28
worldforged	515288	1	Blasted Lands	0	Area 52 - Free-Pick|Bronzebeard - Warcraft Reborn|Darkmoon - Season 10 Wildcard|Dawnrise - Season 10 Freepick|Rexxar - Conquest of Azeroth|Vol'jin - Conquest of Azeroth	10	2025-10-12	2026-08-28
worldforged	515289	2	Blasted Lands	0	Area 52 - Free-Pick|Bronzebeard - Warcraft Reborn|Darkmoon - Season 10 Wildcard|Dawnrise - Season 10 Freepick|Rexxar - Conquest of Azeroth|Vol'jin - Conquest of Azeroth	11	2025-10-12	2026-08-31
worldforged	515290	1	Blasted Lands	0	Area 52 - Free-Pick|Bronzebeard - Warcraft Reborn|Darkmoon - Season 10 Wildcard|Dawnrise - Season 10 Freepick|Rexxar - Conquest of Azeroth|Vol'jin - Conquest of Azeroth	9	2025-10-13	2026-08-31
worldforged	515291	6	Azshara|Blasted Lands|Eastern Plaguelands|Felwood|Silithus|Winterspring	0|1	Area 52 - Free-Pick|Bronzebeard - Warcraft Reborn|Darkmoon - Season 10 Wildcard|Dawnrise - Season 10 Freepick|Rexxar - Conquest of Azeroth|Vol'jin - Conquest of Azeroth	16	2025-10-13	2026-08-05
worldforged	515292	2	Blasted Lands	0	Area 52 - Free-Pick|Bronzebeard - Warcraft Reborn|Darkmoon - Season 10 Wildcard|Dawnrise - Season 10 Freepick|Rexxar - Conquest of Azeroth|Vol'jin - Conquest of Azeroth	10	2025-10-09	2026-08-30
worldforged	515293	1	Blasted Lands	0	Area 52 - Free-Pick|Bronzebeard - Warcraft Reborn|Darkmoon - Season 10 Wildcard|Dawnrise - Season 10 Freepick|Rexxar - Conquest of Azeroth|Vol'jin - Conquest of Azeroth	10	2025-10-17	2026-08-23
worldforged	515294	2	Blasted Lands|Eastern Plaguelands	0	Area 52 - Free-Pick|Bronzebeard - Warcraft Reborn|Darkmoon - Season 10 Wildcard|Dawnrise - Season 10 Freepick|Rexxar - Conquest of Azeroth|Vol'jin - Conquest of Azeroth	9	2025-10-13	2026-08-28
worldforged	515295	2	Blasted Lands|Elwynn Forest	0	Area 52 - Free-Pick|Bronzebeard - Warcraft Reborn|Darkmoon - Season 10 Wildcard|Dawnrise - Season 10 Freepick|Rexxar - Conquest of Azeroth|Vol'jin - Conquest of Azeroth	11	2025-10-07	2026-08-29
worldforged	515296	2	Blasted Lands|Stranglethorn Vale	0	Area 52 - Free-Pick|Bronzebeard - Warcraft Reborn|Darkmoon - Season 10 Wildcard|Dawnrise - Season 10 Freepick|Rexxar - Conquest of Azeroth|Vol'jin - Conquest of Azeroth	11	2025-10-13	2026-08-27
worldforged	515297	3	Blasted Lands|Eastern Plaguelands|Winterspring	0|1	Area 52 - Free-Pick|Bronzebeard - Warcraft Reborn|Darkmoon - Season 10 Wildcard|Dawnrise - Season 10 Freepick|Rexxar - Conquest of Azeroth|Vol'jin - Conquest of Azeroth	10	2025-10-13	2026-08-28
worldforged	515298	3	Blasted Lands|Eastern Plaguelands|Stranglethorn Vale	0	Area 52 - Free-Pick|Bronzebeard - Warcraft Reborn|Darkmoon - Season 10 Wildcard|Dawnrise - Season 10 Freepick|Rexxar - Conquest of Azeroth|Vol'jin - Conquest of Azeroth	11	2025-10-13	2026-07-29
worldforged	515299	3	Blasted Lands	0	Area 52 - Free-Pick|Bronzebeard - Warcraft Reborn|Darkmoon - Season 10 Wildcard|Dawnrise - Season 10 Freepick|Rexxar - Conquest of Azeroth|Vol'jin - Conquest of Azeroth	9	2025-10-18	2026-08-23
worldforged	515300	7	Azshara|Blasted Lands|Eastern Plaguelands|Silithus|Western Plaguelands|Winterspring	0|1	Area 52 - Free-Pick|Bronzebeard - Warcraft Reborn|Darkmoon - Season 10 Wildcard|Dawnrise - Season 10 Freepick|Rexxar - Conquest of Azeroth|Vol'jin - Conquest of Azeroth	15	2025-10-11	2026-08-28
worldforged	515301	1	Blasted Lands	0	Area 52 - Free-Pick|Bronzebeard - Warcraft Reborn|Darkmoon - Season 10 Wildcard|Dawnrise - Season 10 Freepick|Rexxar - Conquest of Azeroth|Vol'jin - Conquest of Azeroth	6	2025-10-13	2026-05-20
worldforged	515302	2	Blasted Lands	0	Area 52 - Free-Pick|Bronzebeard - Warcraft Reborn|Darkmoon - Season 10 Wildcard|Dawnrise - Season 10 Freepick|Rexxar - Conquest of Azeroth|Vol'jin - Conquest of Azeroth	10	2025-10-11	2026-08-28
worldforged	515303	1	Blasted Lands	0	Area 52 - Free-Pick|Bronzebeard - Warcraft Reborn|Darkmoon - Season 10 Wildcard|Dawnrise - Season 10 Freepick|Rexxar - Conquest of Azeroth|Vol'jin - Conquest of Azeroth	8	2025-10-18	2026-07-24
worldforged	515304	3	Blasted Lands|Eastern Plaguelands	0	Area 52 - Free-Pick|Bronzebeard - Warcraft Reborn|Darkmoon - Season 10 Wildcard|Dawnrise - Season 10 Freepick|Rexxar - Conquest of Azeroth|Vol'jin - Conquest of Azeroth	10	2025-10-09	2026-08-29
worldforged	515305	1	Blasted Lands	0	Area 52 - Free-Pick|Bronzebeard - Warcraft Reborn|Darkmoon - Season 10 Wildcard|Dawnrise - Season 10 Freepick|Rexxar - Conquest of Azeroth|Vol'jin - Conquest of Azeroth	6	2025-10-11	2026-05-20
worldforged	515306	3	Blasted Lands|Eastern Plaguelands	0	Area 52 - Free-Pick|Bronzebeard - Warcraft Reborn|Darkmoon - Season 10 Wildcard|Dawnrise - Season 10 Freepick|Rexxar - Conquest of Azeroth|Vol'jin - Conquest of Azeroth	12	2025-10-13	2026-08-27
worldforged	515312	3	Felwood	1	Area 52 - Free-Pick|Bronzebeard - Warcraft Reborn|Darkmoon - Season 10 Wildcard|Dawnrise - Season 10 Freepick|Rexxar - Conquest of Azeroth|Vol'jin - Conquest of Azeroth	10	2025-10-18	2026-08-29
worldforged	515313	2	Felwood|Feralas	1	Area 52 - Free-Pick|Bronzebeard - Warcraft Reborn|Darkmoon - Season 10 Wildcard|Dawnrise - Season 10 Freepick|Rexxar - Conquest of Azeroth|Vol'jin - Conquest of Azeroth	10	2025-10-09	2026-08-10
worldforged	515314	1	Felwood	1	Area 52 - Free-Pick|Bronzebeard - Warcraft Reborn|Darkmoon - Season 10 Wildcard|Dawnrise - Season 10 Freepick|Rexxar - Conquest of Azeroth|Vol'jin - Conquest of Azeroth	6	2025-10-05	2026-05-20
worldforged	515315	1	Felwood	1	Area 52 - Free-Pick|Bronzebeard - Warcraft Reborn|Darkmoon - Season 10 Wildcard|Dawnrise - Season 10 Freepick|Rexxar - Conquest of Azeroth|Vol'jin - Conquest of Azeroth	6	2025-10-09	2026-08-29
worldforged	515316	1	Felwood	1	Area 52 - Free-Pick|Darkmoon - Season 10 Wildcard|Dawnrise - Season 10 Freepick|Rexxar - Conquest of Azeroth|Vol'jin - Conquest of Azeroth	9	2025-10-09	2026-08-29
worldforged	515317	1	Felwood	1	Area 52 - Free-Pick|Bronzebeard - Warcraft Reborn|Darkmoon - Season 10 Wildcard|Dawnrise - Season 10 Freepick|Rexxar - Conquest of Azeroth|Vol'jin - Conquest of Azeroth	12	2025-10-09	2026-08-28
worldforged	515318	1	Felwood	1	Area 52 - Free-Pick|Bronzebeard - Warcraft Reborn|Darkmoon - Season 10 Wildcard|Dawnrise - Season 10 Freepick|Rexxar - Conquest of Azeroth|Vol'jin - Conquest of Azeroth	9	2025-10-09	2026-08-25
worldforged	515319	2	Felwood	1	Area 52 - Free-Pick|Bronzebeard - Warcraft Reborn|Darkmoon - Season 10 Wildcard|Dawnrise - Season 10 Freepick|Rexxar - Conquest of Azeroth|Vol'jin - Conquest of Azeroth	10	2025-10-09	2026-08-28
worldforged	515320	1	Felwood	1	Area 52 - Free-Pick|Bronzebeard - Warcraft Reborn|Darkmoon - Season 10 Wildcard|Dawnrise - Season 10 Freepick|Rexxar - Conquest of Azeroth|Vol'jin - Conquest of Azeroth	9	2025-10-17	2026-08-27
worldforged	515321	1	Felwood	1	Area 52 - Free-Pick|Bronzebeard - Warcraft Reborn|Darkmoon - Season 10 Wildcard|Dawnrise - Season 10 Freepick|Rexxar - Conquest of Azeroth|Vol'jin - Conquest of Azeroth	10	2025-10-17	2026-08-27
worldforged	515322	2	Felwood	1	Area 52 - Free-Pick|Bronzebeard - Warcraft Reborn|Darkmoon - Season 10 Wildcard|Dawnrise - Season 10 Freepick|Rexxar - Conquest of Azeroth|Vol'jin - Conquest of Azeroth	12	2025-10-17	2026-08-27
worldforged	515323	1	Felwood	1	Area 52 - Free-Pick|Bronzebeard - Warcraft Reborn|Darkmoon - Season 10 Wildcard|Dawnrise - Season 10 Freepick|Rexxar - Conquest of Azeroth|Vol'jin - Conquest of Azeroth	9	2025-10-15	2026-08-29
worldforged	515324	2	Felwood|Maraudon	1|349	Area 52 - Free-Pick|Darkmoon - Season 10 Wildcard|Dawnrise - Season 10 Freepick|Rexxar - Conquest of Azeroth|Vol'jin - Conquest of Azeroth	10	2025-10-11	2026-08-27
worldforged	515325	1	Felwood	1	Area 52 - Free-Pick|Bronzebeard - Warcraft Reborn|Darkmoon - Season 10 Wildcard|Dawnrise - Season 10 Freepick|Rexxar - Conquest of Azeroth|Vol'jin - Conquest of Azeroth	10	2025-10-09	2026-08-29
worldforged	515326	1	Felwood	1	Area 52 - Free-Pick|Bronzebeard - Warcraft Reborn|Darkmoon - Season 10 Wildcard|Dawnrise - Season 10 Freepick|Rexxar - Conquest of Azeroth|Vol'jin - Conquest of Azeroth	10	2025-10-12	2026-08-28
worldforged	515327	1	Felwood	1	Area 52 - Free-Pick|Bronzebeard - Warcraft Reborn|Darkmoon - Season 10 Wildcard|Dawnrise - Season 10 Freepick|Rexxar - Conquest of Azeroth|Vol'jin - Conquest of Azeroth	8	2025-10-09	2026-08-27
worldforged	515328	2	Felwood	1	Area 52 - Free-Pick|Bronzebeard - Warcraft Reborn|Darkmoon - Season 10 Wildcard|Dawnrise - Season 10 Freepick|Rexxar - Conquest of Azeroth|Vol'jin - Conquest of Azeroth	10	2025-10-13	2026-08-30
worldforged	515329	1	Felwood	1	Area 52 - Free-Pick|Darkmoon - Season 10 Wildcard|Dawnrise - Season 10 Freepick|Rexxar - Conquest of Azeroth|Vol'jin - Conquest of Azeroth	9	2025-10-14	2026-08-28
worldforged	515330	1	Felwood	1	Area 52 - Free-Pick|Bronzebeard - Warcraft Reborn|Darkmoon - Season 10 Wildcard|Dawnrise - Season 10 Freepick|Rexxar - Conquest of Azeroth|Vol'jin - Conquest of Azeroth	9	2025-10-09	2026-08-28
worldforged	515331	2	Felwood	1	Area 52 - Free-Pick|Bronzebeard - Warcraft Reborn|Darkmoon - Season 10 Wildcard|Dawnrise - Season 10 Freepick|Rexxar - Conquest of Azeroth|Vol'jin - Conquest of Azeroth	10	2025-10-08	2026-08-30
worldforged	515333	2	Felwood	1	Area 52 - Free-Pick|Bronzebeard - Warcraft Reborn|Darkmoon - Season 10 Wildcard|Dawnrise - Season 10 Freepick|Rexxar - Conquest of Azeroth|Vol'jin - Conquest of Azeroth	6	2025-10-10	2026-08-21
worldforged	515334	1	Felwood	1	Area 52 - Free-Pick|Darkmoon - Season 10 Wildcard|Dawnrise - Season 10 Freepick|Rexxar - Conquest of Azeroth|Vol'jin - Conquest of Azeroth	9	2025-10-15	2026-08-26
worldforged	515336	3	Felwood|Stranglethorn Vale	0|1	Area 52 - Free-Pick|Bronzebeard - Warcraft Reborn|Darkmoon - Season 10 Wildcard|Dawnrise - Season 10 Freepick|Rexxar - Conquest of Azeroth|Vol'jin - Conquest of Azeroth	12	2025-10-10	2026-08-31
worldforged	515337	2	Felwood	1	Area 52 - Free-Pick|Bronzebeard - Warcraft Reborn|Darkmoon - Season 10 Wildcard|Dawnrise - Season 10 Freepick|Rexxar - Conquest of Azeroth|Vol'jin - Conquest of Azeroth	9	2025-10-12	2026-08-28
worldforged	515338	2	Felwood	1	Area 52 - Free-Pick|Bronzebeard - Warcraft Reborn|Darkmoon - Season 10 Wildcard|Dawnrise - Season 10 Freepick|Rexxar - Conquest of Azeroth|Vol'jin - Conquest of Azeroth	9	2025-10-09	2026-08-26
worldforged	515339	1	Felwood	1	Area 52 - Free-Pick|Bronzebeard - Warcraft Reborn|Darkmoon - Season 10 Wildcard|Dawnrise - Season 10 Freepick|Rexxar - Conquest of Azeroth|Vol'jin - Conquest of Azeroth	11	2025-10-10	2026-08-26
worldforged	515340	1	Felwood	1	Area 52 - Free-Pick|Bronzebeard - Warcraft Reborn|Darkmoon - Season 10 Wildcard|Dawnrise - Season 10 Freepick|Rexxar - Conquest of Azeroth|Vol'jin - Conquest of Azeroth	11	2025-10-12	2026-08-29
worldforged	515341	1	Felwood	1	Area 52 - Free-Pick|Bronzebeard - Warcraft Reborn|Darkmoon - Season 10 Wildcard|Dawnrise - Season 10 Freepick|Rexxar - Conquest of Azeroth|Vol'jin - Conquest of Azeroth	9	2025-10-20	2026-08-29
worldforged	515342	3	Felwood|Maraudon	1|349	Area 52 - Free-Pick|Bronzebeard - Warcraft Reborn|Darkmoon - Season 10 Wildcard|Dawnrise - Season 10 Freepick|Rexxar - Conquest of Azeroth|Vol'jin - Conquest of Azeroth	14	2025-10-18	2026-08-29
worldforged	515343	1	Felwood	1	Area 52 - Free-Pick|Bronzebeard - Warcraft Reborn|Darkmoon - Season 10 Wildcard|Dawnrise - Season 10 Freepick|Rexxar - Conquest of Azeroth|Vol'jin - Conquest of Azeroth	10	2025-10-13	2026-08-27
worldforged	515354	2	Ashenvale|Un'Goro Crater	1	Area 52 - Free-Pick|Bronzebeard - Warcraft Reborn|Darkmoon - Season 10 Wildcard|Dawnrise - Season 10 Freepick|Rexxar - Conquest of Azeroth|Vol'jin - Conquest of Azeroth	13	2025-10-09	2026-08-28
worldforged	515355	1	Un'Goro Crater	1	Area 52 - Free-Pick|Bronzebeard - Warcraft Reborn|Darkmoon - Season 10 Wildcard|Dawnrise - Season 10 Freepick|Rexxar - Conquest of Azeroth|Vol'jin - Conquest of Azeroth	10	2025-10-09	2026-08-28
worldforged	515356	5	Swamp of Sorrows|Un'Goro Crater|Winterspring	0|1	Area 52 - Free-Pick|Bronzebeard - Warcraft Reborn|Darkmoon - Season 10 Wildcard|Dawnrise - Season 10 Freepick|Rexxar - Conquest of Azeroth|Vol'jin - Conquest of Azeroth	12	2025-10-09	2026-08-27
worldforged	515357	2	Un'Goro Crater	1	Area 52 - Free-Pick|Bronzebeard - Warcraft Reborn|Darkmoon - Season 10 Wildcard|Dawnrise - Season 10 Freepick|Rexxar - Conquest of Azeroth|Vol'jin - Conquest of Azeroth	11	2025-10-09	2026-08-26
worldforged	515358	1	Un'Goro Crater	1	Area 52 - Free-Pick|Bronzebeard - Warcraft Reborn|Darkmoon - Season 10 Wildcard|Dawnrise - Season 10 Freepick|Rexxar - Conquest of Azeroth|Vol'jin - Conquest of Azeroth	10	2025-10-09	2026-08-27
worldforged	515360	4	The Barrens|Un'Goro Crater|Valley of Trials	1	Area 52 - Free-Pick|Bronzebeard - Warcraft Reborn|Darkmoon - Season 10 Wildcard|Dawnrise - Season 10 Freepick|Rexxar - Conquest of Azeroth|Vol'jin - Conquest of Azeroth	14	2025-10-08	2026-08-28
worldforged	515361	3	Un'Goro Crater|Winterspring	1	Area 52 - Free-Pick|Bronzebeard - Warcraft Reborn|Darkmoon - Season 10 Wildcard|Dawnrise - Season 10 Freepick|Rexxar - Conquest of Azeroth|Vol'jin - Conquest of Azeroth	14	2025-10-09	2026-08-31
worldforged	515362	5	Un'Goro Crater	1	Area 52 - Free-Pick|Bronzebeard - Warcraft Reborn|Darkmoon - Season 10 Wildcard|Dawnrise - Season 10 Freepick|Rexxar - Conquest of Azeroth|Vol'jin - Conquest of Azeroth	10	2025-10-18	2026-08-28
worldforged	515363	2	Un'Goro Crater	1	Area 52 - Free-Pick|Bronzebeard - Warcraft Reborn|Darkmoon - Season 10 Wildcard|Dawnrise - Season 10 Freepick|Rexxar - Conquest of Azeroth|Vol'jin - Conquest of Azeroth	10	2025-10-08	2026-08-30
worldforged	515364	1	Un'Goro Crater	1	Area 52 - Free-Pick|Bronzebeard - Warcraft Reborn|Darkmoon - Season 10 Wildcard|Dawnrise - Season 10 Freepick|Rexxar - Conquest of Azeroth|Vol'jin - Conquest of Azeroth	10	2025-10-14	2026-08-29
worldforged	515365	3	Ashenvale|Un'Goro Crater	1	Area 52 - Free-Pick|Darkmoon - Season 10 Wildcard|Dawnrise - Season 10 Freepick|Rexxar - Conquest of Azeroth|Vol'jin - Conquest of Azeroth	11	2025-10-15	2026-08-28
worldforged	515366	4	Ashenvale|The Barrens|Un'Goro Crater	1	Area 52 - Free-Pick|Bronzebeard - Warcraft Reborn|Darkmoon - Season 10 Wildcard|Dawnrise - Season 10 Freepick|Rexxar - Conquest of Azeroth|Vol'jin - Conquest of Azeroth	15	2025-10-08	2026-08-29
worldforged	515367	8	Ashenvale|Azshara|Desolace|Molten Core|Onyxia's Lair|Searing Gorge|Un'Goro Crater	0|1|249|409	Area 52 - Free-Pick|Bronzebeard - Warcraft Reborn|Darkmoon - Season 10 Wildcard|Dawnrise - Season 10 Freepick|Rexxar - Conquest of Azeroth|Vol'jin - Conquest of Azeroth	19	2025-10-17	2026-08-28
worldforged	515368	2	Un'Goro Crater	1	Area 52 - Free-Pick|Bronzebeard - Warcraft Reborn|Darkmoon - Season 10 Wildcard|Dawnrise - Season 10 Freepick|Rexxar - Conquest of Azeroth|Vol'jin - Conquest of Azeroth	11	2025-10-09	2026-08-31
worldforged	515369	1	Un'Goro Crater	1	Area 52 - Free-Pick|Bronzebeard - Warcraft Reborn|Darkmoon - Season 10 Wildcard|Dawnrise - Season 10 Freepick|Rexxar - Conquest of Azeroth|Vol'jin - Conquest of Azeroth	6	2025-10-18	2026-08-28
worldforged	515370	2	Ashenvale|Un'Goro Crater	1	Area 52 - Free-Pick|Bronzebeard - Warcraft Reborn|Darkmoon - Season 10 Wildcard|Dawnrise - Season 10 Freepick|Rexxar - Conquest of Azeroth|Vol'jin - Conquest of Azeroth	11	2025-10-08	2026-08-28
worldforged	515371	1	Un'Goro Crater	1	Area 52 - Free-Pick|Bronzebeard - Warcraft Reborn|Darkmoon - Season 10 Wildcard|Dawnrise - Season 10 Freepick|Rexxar - Conquest of Azeroth|Vol'jin - Conquest of Azeroth	11	2025-10-08	2026-08-25
worldforged	515372	2	Un'Goro Crater	1	Area 52 - Free-Pick|Bronzebeard - Warcraft Reborn|Darkmoon - Season 10 Wildcard|Dawnrise - Season 10 Freepick|Rexxar - Conquest of Azeroth|Vol'jin - Conquest of Azeroth	12	2025-10-08	2026-08-27
worldforged	515373	1	Un'Goro Crater	1	Area 52 - Free-Pick|Bronzebeard - Warcraft Reborn|Darkmoon - Season 10 Wildcard|Dawnrise - Season 10 Freepick|Rexxar - Conquest of Azeroth|Vol'jin - Conquest of Azeroth	9	2025-10-09	2026-08-31
worldforged	515374	4	Un'Goro Crater	1	Area 52 - Free-Pick|Bronzebeard - Warcraft Reborn|Darkmoon - Season 10 Wildcard|Dawnrise - Season 10 Freepick|Rexxar - Conquest of Azeroth|Vol'jin - Conquest of Azeroth	9	2025-10-20	2026-08-28
worldforged	515375	3	Ashenvale|Un'Goro Crater	1	Area 52 - Free-Pick|Darkmoon - Season 10 Wildcard|Dawnrise - Season 10 Freepick|Rexxar - Conquest of Azeroth|Vol'jin - Conquest of Azeroth	10	2025-10-09	2026-08-31
worldforged	515376	5	Azshara|Silithus|Stranglethorn Vale|Un'Goro Crater	0|1	Area 52 - Free-Pick|Bronzebeard - Warcraft Reborn|Darkmoon - Season 10 Wildcard|Dawnrise - Season 10 Freepick|Rexxar - Conquest of Azeroth|Vol'jin - Conquest of Azeroth	16	2025-10-09	2026-08-28
worldforged	515377	4	Ashenvale|Un'Goro Crater|Valley of Trials	1	Area 52 - Free-Pick|Bronzebeard - Warcraft Reborn|Darkmoon - Season 10 Wildcard|Dawnrise - Season 10 Freepick|Rexxar - Conquest of Azeroth|Vol'jin - Conquest of Azeroth	14	2025-10-09	2026-08-27
worldforged	515378	3	Un'Goro Crater	1	Area 52 - Free-Pick|Darkmoon - Season 10 Wildcard|Dawnrise - Season 10 Freepick|Rexxar - Conquest of Azeroth|Vol'jin - Conquest of Azeroth	9	2025-10-09	2026-08-27
worldforged	515379	3	Un'Goro Crater	1	Area 52 - Free-Pick|Bronzebeard - Warcraft Reborn|Darkmoon - Season 10 Wildcard|Dawnrise - Season 10 Freepick|Rexxar - Conquest of Azeroth|Vol'jin - Conquest of Azeroth	9	2025-10-19	2026-08-28
worldforged	515380	3	Un'Goro Crater|Valley of Trials	1	Area 52 - Free-Pick|Bronzebeard - Warcraft Reborn|Darkmoon - Season 10 Wildcard|Dawnrise - Season 10 Freepick|Rexxar - Conquest of Azeroth|Vol'jin - Conquest of Azeroth	13	2025-10-09	2026-08-28
worldforged	515381	2	Un'Goro Crater	1	Area 52 - Free-Pick|Bronzebeard - Warcraft Reborn|Darkmoon - Season 10 Wildcard|Dawnrise - Season 10 Freepick|Rexxar - Conquest of Azeroth|Vol'jin - Conquest of Azeroth	10	2025-10-20	2026-09-01
worldforged	515382	3	The Barrens|Un'Goro Crater	1	Area 52 - Free-Pick|Bronzebeard - Warcraft Reborn|Darkmoon - Season 10 Wildcard|Dawnrise - Season 10 Freepick|Rexxar - Conquest of Azeroth|Vol'jin - Conquest of Azeroth	12	2025-10-09	2026-08-28
worldforged	515383	2	Un'Goro Crater	1	Area 52 - Free-Pick|Bronzebeard - Warcraft Reborn|Darkmoon - Season 10 Wildcard|Dawnrise - Season 10 Freepick|Rexxar - Conquest of Azeroth|Vol'jin - Conquest of Azeroth	9	2025-10-17	2026-09-02
worldforged	515384	1	Un'Goro Crater	1	Area 52 - Free-Pick|Bronzebeard - Warcraft Reborn|Darkmoon - Season 10 Wildcard|Dawnrise - Season 10 Freepick|Rexxar - Conquest of Azeroth|Vol'jin - Conquest of Azeroth	12	2025-10-11	2026-08-27
worldforged	515385	3	Ashenvale|Un'Goro Crater	1	Area 52 - Free-Pick|Bronzebeard - Warcraft Reborn|Darkmoon - Season 10 Wildcard|Dawnrise - Season 10 Freepick|Rexxar - Conquest of Azeroth|Vol'jin - Conquest of Azeroth	12	2025-10-10	2026-08-15
worldforged	515386	1	Un'Goro Crater	1	Area 52 - Free-Pick|Bronzebeard - Warcraft Reborn|Darkmoon - Season 10 Wildcard|Dawnrise - Season 10 Freepick|Rexxar - Conquest of Azeroth|Vol'jin - Conquest of Azeroth	6	2025-10-14	2026-05-20
worldforged	515387	2	Un'Goro Crater|Winterspring	1	Area 52 - Free-Pick|Bronzebeard - Warcraft Reborn|Darkmoon - Season 10 Wildcard|Dawnrise - Season 10 Freepick|Rexxar - Conquest of Azeroth|Vol'jin - Conquest of Azeroth	9	2025-10-14	2026-08-26
worldforged	515388	1	Un'Goro Crater	1	Area 52 - Free-Pick|Bronzebeard - Warcraft Reborn|Darkmoon - Season 10 Wildcard|Dawnrise - Season 10 Freepick|Rexxar - Conquest of Azeroth|Vol'jin - Conquest of Azeroth	11	2025-10-08	2026-08-27
worldforged	515389	3	Ashenvale|Un'Goro Crater	1	Area 52 - Free-Pick|Bronzebeard - Warcraft Reborn|Darkmoon - Season 10 Wildcard|Dawnrise - Season 10 Freepick|Rexxar - Conquest of Azeroth|Vol'jin - Conquest of Azeroth	13	2025-10-14	2026-08-28
worldforged	515390	2	Un'Goro Crater	1	Area 52 - Free-Pick|Darkmoon - Season 10 Wildcard|Dawnrise - Season 10 Freepick|Rexxar - Conquest of Azeroth|Vol'jin - Conquest of Azeroth	9	2025-10-14	2026-08-30
worldforged	515391	2	Un'Goro Crater	1	Area 52 - Free-Pick|Bronzebeard - Warcraft Reborn|Darkmoon - Season 10 Wildcard|Dawnrise - Season 10 Freepick|Rexxar - Conquest of Azeroth|Vol'jin - Conquest of Azeroth	11	2025-10-11	2026-08-28
worldforged	515392	1	Un'Goro Crater	1	Area 52 - Free-Pick|Bronzebeard - Warcraft Reborn|Darkmoon - Season 10 Wildcard|Dawnrise - Season 10 Freepick|Rexxar - Conquest of Azeroth|Vol'jin - Conquest of Azeroth	10	2025-10-17	2026-08-28
worldforged	515393	17	Azshara|Blasted Lands|Dustwallow Marsh|Eastern Plaguelands|Feralas|Maraudon|Shadowglen|Silithus|The Slithering Scar|Un'Goro Crater|Winterspring	0|1	Area 52 - Free-Pick|Bronzebeard - Warcraft Reborn|Darkmoon - Season 10 Wildcard|Dawnrise - Season 10 Freepick|Rexxar - Conquest of Azeroth|Vol'jin - Conquest of Azeroth	27	2025-10-26	2026-08-28
worldforged	515394	6	The Slithering Scar|Un'Goro Crater	1	Area 52 - Free-Pick|Bronzebeard - Warcraft Reborn|Darkmoon - Season 10 Wildcard|Dawnrise - Season 10 Freepick|Rexxar - Conquest of Azeroth|Vol'jin - Conquest of Azeroth	11	2025-10-20	2026-08-28
worldforged	515395	3	The Slithering Scar	1	Area 52 - Free-Pick|Bronzebeard - Warcraft Reborn|Darkmoon - Season 10 Wildcard|Dawnrise - Season 10 Freepick|Rexxar - Conquest of Azeroth|Vol'jin - Conquest of Azeroth	10	2025-10-20	2026-08-22
worldforged	515396	3	Un'Goro Crater	1	Area 52 - Free-Pick|Darkmoon - Season 10 Wildcard|Dawnrise - Season 10 Freepick|Rexxar - Conquest of Azeroth|Vol'jin - Conquest of Azeroth	11	2025-10-14	2026-09-01
worldforged	515397	4	The Barrens|Un'Goro Crater|Winterspring	1	Area 52 - Free-Pick|Bronzebeard - Warcraft Reborn|Darkmoon - Season 10 Wildcard|Dawnrise - Season 10 Freepick|Rexxar - Conquest of Azeroth|Vol'jin - Conquest of Azeroth	13	2025-10-09	2026-08-29
worldforged	515398	3	Ashenvale|Un'Goro Crater	1	Area 52 - Free-Pick|Bronzebeard - Warcraft Reborn|Darkmoon - Season 10 Wildcard|Dawnrise - Season 10 Freepick|Rexxar - Conquest of Azeroth|Vol'jin - Conquest of Azeroth	13	2025-10-08	2026-08-29
worldforged	515399	5	Ashenvale|Blackrock Depths|Swamp of Sorrows|Un'Goro Crater	0|1|230	Area 52 - Free-Pick|Bronzebeard - Warcraft Reborn|Darkmoon - Season 10 Wildcard|Dawnrise - Season 10 Freepick|Rexxar - Conquest of Azeroth|Vol'jin - Conquest of Azeroth	14	2025-10-09	2026-08-28
worldforged	515400	1	Un'Goro Crater	1	Area 52 - Free-Pick|Bronzebeard - Warcraft Reborn|Darkmoon - Season 10 Wildcard|Dawnrise - Season 10 Freepick|Rexxar - Conquest of Azeroth|Vol'jin - Conquest of Azeroth	11	2025-10-09	2026-08-31
worldforged	515401	1	Un'Goro Crater	1	Area 52 - Free-Pick|Bronzebeard - Warcraft Reborn|Darkmoon - Season 10 Wildcard|Dawnrise - Season 10 Freepick|Rexxar - Conquest of Azeroth|Vol'jin - Conquest of Azeroth	10	2025-10-09	2026-08-28
worldforged	515402	3	Un'Goro Crater|Valley of Trials	1	Area 52 - Free-Pick|Bronzebeard - Warcraft Reborn|Darkmoon - Season 10 Wildcard|Dawnrise - Season 10 Freepick|Rexxar - Conquest of Azeroth|Vol'jin - Conquest of Azeroth	11	2025-10-16	2026-08-22
worldforged	515403	3	Un'Goro Crater|Valley of Trials	1	Area 52 - Free-Pick|Bronzebeard - Warcraft Reborn|Darkmoon - Season 10 Wildcard|Dawnrise - Season 10 Freepick|Rexxar - Conquest of Azeroth|Vol'jin - Conquest of Azeroth	12	2025-10-08	2026-08-28
worldforged	515404	2	Un'Goro Crater	1	Area 52 - Free-Pick|Darkmoon - Season 10 Wildcard|Dawnrise - Season 10 Freepick|Rexxar - Conquest of Azeroth|Vol'jin - Conquest of Azeroth	9	2026-07-06	2026-08-22
worldforged	515405	4	Un'Goro Crater|Winterspring	1	Area 52 - Free-Pick|Bronzebeard - Warcraft Reborn|Darkmoon - Season 10 Wildcard|Dawnrise - Season 10 Freepick|Rexxar - Conquest of Azeroth|Vol'jin - Conquest of Azeroth	10	2025-10-09	2026-08-28
worldforged	515406	2	Ashenvale|Un'Goro Crater	1	Area 52 - Free-Pick|Bronzebeard - Warcraft Reborn|Darkmoon - Season 10 Wildcard|Dawnrise - Season 10 Freepick|Rexxar - Conquest of Azeroth|Vol'jin - Conquest of Azeroth	11	2025-10-09	2026-08-30
worldforged	515407	1	Un'Goro Crater	1	Area 52 - Free-Pick|Bronzebeard - Warcraft Reborn|Darkmoon - Season 10 Wildcard|Dawnrise - Season 10 Freepick|Rexxar - Conquest of Azeroth|Vol'jin - Conquest of Azeroth	9	2025-10-09	2026-08-27
worldforged	515408	4	Arathi Highlands|Desolace|Un'Goro Crater	0|1	Area 52 - Free-Pick|Bronzebeard - Warcraft Reborn|Darkmoon - Season 10 Wildcard|Dawnrise - Season 10 Freepick|Rexxar - Conquest of Azeroth|Vol'jin - Conquest of Azeroth	11	2025-10-17	2026-08-08
worldforged	515409	4	Un'Goro Crater|Valley of Trials|Winterspring	1	Area 52 - Free-Pick|Bronzebeard - Warcraft Reborn|Darkmoon - Season 10 Wildcard|Dawnrise - Season 10 Freepick|Rexxar - Conquest of Azeroth|Vol'jin - Conquest of Azeroth	12	2025-10-09	2026-08-26
worldforged	515410	2	Un'Goro Crater	1	Area 52 - Free-Pick|Bronzebeard - Warcraft Reborn|Darkmoon - Season 10 Wildcard|Dawnrise - Season 10 Freepick|Rexxar - Conquest of Azeroth|Vol'jin - Conquest of Azeroth	10	2025-10-08	2026-08-28
worldforged	515411	1	Un'Goro Crater	1	Area 52 - Free-Pick|Darkmoon - Season 10 Wildcard|Dawnrise - Season 10 Freepick|Rexxar - Conquest of Azeroth|Vol'jin - Conquest of Azeroth	8	2025-10-11	2026-08-29
worldforged	515413	1	Un'Goro Crater	1	Area 52 - Free-Pick|Bronzebeard - Warcraft Reborn|Darkmoon - Season 10 Wildcard|Dawnrise - Season 10 Freepick|Rexxar - Conquest of Azeroth|Vol'jin - Conquest of Azeroth	11	2025-10-09	2026-08-27
worldforged	515414	1	Un'Goro Crater	1	Area 52 - Free-Pick|Bronzebeard - Warcraft Reborn|Darkmoon - Season 10 Wildcard|Dawnrise - Season 10 Freepick|Rexxar - Conquest of Azeroth|Vol'jin - Conquest of Azeroth	6	2025-10-09	2026-05-20
worldforged	515415	3	Un'Goro Crater|Winterspring	1	Area 52 - Free-Pick|Darkmoon - Season 10 Wildcard|Dawnrise - Season 10 Freepick|Rexxar - Conquest of Azeroth|Vol'jin - Conquest of Azeroth	11	2025-10-20	2026-08-26
worldforged	515425	3	Ashenvale|Stranglethorn Vale|Wetlands	0|1	Area 52 - Free-Pick|Bronzebeard - Warcraft Reborn|Darkmoon - Season 10 Wildcard|Dawnrise - Season 10 Freepick|Rexxar - Conquest of Azeroth|Vol'jin - Conquest of Azeroth	14	2025-10-05	2026-08-29
worldforged	515426	1	Ashenvale	1	Area 52 - Free-Pick|Bronzebeard - Warcraft Reborn|Darkmoon - Season 10 Wildcard|Dawnrise - Season 10 Freepick|Rexxar - Conquest of Azeroth|Vol'jin - Conquest of Azeroth	11	2025-10-04	2026-08-28
worldforged	515427	1	Ashenvale	1	Area 52 - Free-Pick|Bronzebeard - Warcraft Reborn|Darkmoon - Season 10 Wildcard|Dawnrise - Season 10 Freepick|Rexxar - Conquest of Azeroth|Vol'jin - Conquest of Azeroth	10	2025-10-05	2026-08-28
worldforged	515428	1	Teldrassil	1	Area 52 - Free-Pick|Bronzebeard - Warcraft Reborn|Darkmoon - Season 10 Wildcard|Dawnrise - Season 10 Freepick|Rexxar - Conquest of Azeroth|Vol'jin - Conquest of Azeroth	8	2025-10-04	2026-08-18
worldforged	515429	3	Ashenvale|Teldrassil|The Gaping Chasm	1	Area 52 - Free-Pick|Bronzebeard - Warcraft Reborn|Darkmoon - Season 10 Wildcard|Dawnrise - Season 10 Freepick|Rexxar - Conquest of Azeroth|Vol'jin - Conquest of Azeroth	12	2025-10-04	2026-09-01
worldforged	515430	1	Teldrassil	1	Area 52 - Free-Pick|Bronzebeard - Warcraft Reborn|Darkmoon - Season 10 Wildcard|Dawnrise - Season 10 Freepick|Rexxar - Conquest of Azeroth|Vol'jin - Conquest of Azeroth	11	2025-10-26	2026-08-30
worldforged	515431	3	Teldrassil	1	Area 52 - Free-Pick|Bronzebeard - Warcraft Reborn|Darkmoon - Season 10 Wildcard|Dawnrise - Season 10 Freepick|Rexxar - Conquest of Azeroth|Vol'jin - Conquest of Azeroth	11	2025-10-04	2026-08-28
worldforged	515432	3	Darkshore|Teldrassil	1	Area 52 - Free-Pick|Bronzebeard - Warcraft Reborn|Darkmoon - Season 10 Wildcard|Dawnrise - Season 10 Freepick|Rexxar - Conquest of Azeroth|Vol'jin - Conquest of Azeroth	11	2025-10-04	2026-08-30
worldforged	515433	2	Teldrassil	1	Area 52 - Free-Pick|Bronzebeard - Warcraft Reborn|Darkmoon - Season 10 Wildcard|Dawnrise - Season 10 Freepick|Rexxar - Conquest of Azeroth|Vol'jin - Conquest of Azeroth	12	2025-10-04	2026-08-26
worldforged	515434	2	Teldrassil	1	Area 52 - Free-Pick|Bronzebeard - Warcraft Reborn|Darkmoon - Season 10 Wildcard|Dawnrise - Season 10 Freepick|Rexxar - Conquest of Azeroth|Vol'jin - Conquest of Azeroth	6	2025-10-05	2026-08-24
worldforged	515435	3	Teldrassil	1	Area 52 - Free-Pick|Bronzebeard - Warcraft Reborn|Darkmoon - Season 10 Wildcard|Dawnrise - Season 10 Freepick|Rexxar - Conquest of Azeroth|Vol'jin - Conquest of Azeroth	10	2025-10-04	2026-08-31
worldforged	515436	2	Teldrassil	1	Area 52 - Free-Pick|Bronzebeard - Warcraft Reborn|Darkmoon - Season 10 Wildcard|Dawnrise - Season 10 Freepick|Rexxar - Conquest of Azeroth|Vol'jin - Conquest of Azeroth	12	2025-10-05	2026-08-27
worldforged	515437	4	Darkshore|Teldrassil|The Gaping Chasm	1	Area 52 - Free-Pick|Bronzebeard - Warcraft Reborn|Darkmoon - Season 10 Wildcard|Dawnrise - Season 10 Freepick|Rexxar - Conquest of Azeroth|Vol'jin - Conquest of Azeroth	12	2025-10-04	2026-08-27
worldforged	515438	2	Ashenvale|Teldrassil	1	Area 52 - Free-Pick|Bronzebeard - Warcraft Reborn|Darkmoon - Season 10 Wildcard|Dawnrise - Season 10 Freepick|Rexxar - Conquest of Azeroth|Vol'jin - Conquest of Azeroth	13	2025-10-04	2026-08-27
worldforged	515439	5	Shadowglen|Shadowthread Cave|Sinister Lair	1	Area 52 - Free-Pick|Bronzebeard - Warcraft Reborn|Darkmoon - Season 10 Wildcard|Dawnrise - Season 10 Freepick|Rexxar - Conquest of Azeroth|Vol'jin - Conquest of Azeroth	15	2025-10-05	2026-08-31
worldforged	515440	1	Ashenvale	1	Area 52 - Free-Pick|Bronzebeard - Warcraft Reborn|Darkmoon - Season 10 Wildcard|Dawnrise - Season 10 Freepick|Rexxar - Conquest of Azeroth|Vol'jin - Conquest of Azeroth	9	2025-10-04	2026-08-22
worldforged	515441	4	Alterac Mountains|Ashenvale|Stranglethorn Vale|Wetlands	0|1	Area 52 - Free-Pick|Bronzebeard - Warcraft Reborn|Darkmoon - Season 10 Wildcard|Dawnrise - Season 10 Freepick|Rexxar - Conquest of Azeroth|Vol'jin - Conquest of Azeroth	13	2025-10-04	2026-08-25
worldforged	515442	2	Ashenvale|Stonetalon Mountains	1	Area 52 - Free-Pick|Bronzebeard - Warcraft Reborn|Darkmoon - Season 10 Wildcard|Dawnrise - Season 10 Freepick|Rexxar - Conquest of Azeroth|Vol'jin - Conquest of Azeroth	14	2025-10-04	2026-08-28
worldforged	515444	2	Ashenvale	1	Area 52 - Free-Pick|Bronzebeard - Warcraft Reborn|Darkmoon - Season 10 Wildcard|Dawnrise - Season 10 Freepick|Rexxar - Conquest of Azeroth|Vol'jin - Conquest of Azeroth	12	2025-10-05	2026-08-26
worldforged	515466	2	Stranglethorn Vale|The Hinterlands	0	Area 52 - Free-Pick|Bronzebeard - Warcraft Reborn|Darkmoon - Season 10 Wildcard|Dawnrise - Season 10 Freepick|Rexxar - Conquest of Azeroth|Vol'jin - Conquest of Azeroth	12	2025-10-04	2026-08-28
worldforged	515502	1	Thousand Needles	1	Area 52 - Free-Pick|Bronzebeard - Warcraft Reborn|Darkmoon - Season 10 Wildcard|Dawnrise - Season 10 Freepick|Rexxar - Conquest of Azeroth|Vol'jin - Conquest of Azeroth	12	2025-10-30	2026-08-30
worldforged	515503	2	Thousand Needles	1	Area 52 - Free-Pick|Bronzebeard - Warcraft Reborn|Darkmoon - Season 10 Wildcard|Dawnrise - Season 10 Freepick|Rexxar - Conquest of Azeroth|Vol'jin - Conquest of Azeroth	13	2025-10-05	2026-08-28
worldforged	515504	4	Blackrock Depths|Darkshore|Dire Maul|Thousand Needles	1|230|429	Area 52 - Free-Pick|Bronzebeard - Warcraft Reborn|Darkmoon - Season 10 Wildcard|Dawnrise - Season 10 Freepick|Rexxar - Conquest of Azeroth|Vol'jin - Conquest of Azeroth	18	2025-10-05	2026-08-28
worldforged	515505	3	Darkshore|Thousand Needles|Twilight's Run	1	Area 52 - Free-Pick|Bronzebeard - Warcraft Reborn|Darkmoon - Season 10 Wildcard|Dawnrise - Season 10 Freepick|Rexxar - Conquest of Azeroth|Vol'jin - Conquest of Azeroth	19	2025-10-05	2026-08-28
worldforged	515506	2	Darkshore|Thousand Needles	1	Area 52 - Free-Pick|Bronzebeard - Warcraft Reborn|Darkmoon - Season 10 Wildcard|Dawnrise - Season 10 Freepick|Rexxar - Conquest of Azeroth|Vol'jin - Conquest of Azeroth	15	2025-10-05	2026-08-28
worldforged	515507	6	Thousand Needles|Uldaman	1|70	Area 52 - Free-Pick|Bronzebeard - Warcraft Reborn|Darkmoon - Season 10 Wildcard|Dawnrise - Season 10 Freepick|Rexxar - Conquest of Azeroth|Vol'jin - Conquest of Azeroth	11	2025-10-17	2026-08-28
worldforged	515508	2	Stranglethorn Vale|Thousand Needles	0|1	Area 52 - Free-Pick|Bronzebeard - Warcraft Reborn|Darkmoon - Season 10 Wildcard|Dawnrise - Season 10 Freepick|Rexxar - Conquest of Azeroth|Vol'jin - Conquest of Azeroth	12	2025-10-04	2026-08-28
worldforged	515509	5	Darkshore|Teldrassil|Thousand Needles	1	Area 52 - Free-Pick|Bronzebeard - Warcraft Reborn|Darkmoon - Season 10 Wildcard|Dawnrise - Season 10 Freepick|Rexxar - Conquest of Azeroth|Vol'jin - Conquest of Azeroth	15	2025-10-05	2026-08-28
worldforged	515510	2	Thousand Needles	1	Area 52 - Free-Pick|Bronzebeard - Warcraft Reborn|Darkmoon - Season 10 Wildcard|Dawnrise - Season 10 Freepick|Rexxar - Conquest of Azeroth|Vol'jin - Conquest of Azeroth	12	2025-10-05	2026-08-28
worldforged	515511	4	Darkshore|Razorfen Kraul|Thousand Needles|Twilight's Run	1|47	Area 52 - Free-Pick|Bronzebeard - Warcraft Reborn|Darkmoon - Season 10 Wildcard|Dawnrise - Season 10 Freepick|Rexxar - Conquest of Azeroth|Vol'jin - Conquest of Azeroth	20	2025-10-05	2026-08-26
worldforged	515512	5	Darkshore|Thousand Needles	1	Area 52 - Free-Pick|Bronzebeard - Warcraft Reborn|Darkmoon - Season 10 Wildcard|Dawnrise - Season 10 Freepick|Rexxar - Conquest of Azeroth|Vol'jin - Conquest of Azeroth	15	2025-10-17	2026-08-28
worldforged	515513	3	Thousand Needles|Twilight's Run	1	Area 52 - Free-Pick|Bronzebeard - Warcraft Reborn|Darkmoon - Season 10 Wildcard|Dawnrise - Season 10 Freepick|Rexxar - Conquest of Azeroth|Vol'jin - Conquest of Azeroth	16	2025-10-05	2026-08-28
worldforged	515514	2	Thousand Needles	1	Area 52 - Free-Pick|Bronzebeard - Warcraft Reborn|Darkmoon - Season 10 Wildcard|Dawnrise - Season 10 Freepick|Rexxar - Conquest of Azeroth|Vol'jin - Conquest of Azeroth	10	2025-10-18	2026-08-28
worldforged	515515	3	Azshara|Darkshore|Thousand Needles	1	Area 52 - Free-Pick|Bronzebeard - Warcraft Reborn|Darkmoon - Season 10 Wildcard|Dawnrise - Season 10 Freepick|Rexxar - Conquest of Azeroth|Vol'jin - Conquest of Azeroth	13	2025-10-05	2026-08-23
worldforged	515516	1	Thousand Needles	1	Area 52 - Free-Pick|Bronzebeard - Warcraft Reborn|Darkmoon - Season 10 Wildcard|Dawnrise - Season 10 Freepick|Rexxar - Conquest of Azeroth|Vol'jin - Conquest of Azeroth	6	2025-10-12	2026-05-20
worldforged	515517	5	Darkshore|Teldrassil|Thousand Needles|Twilight's Run	1	Area 52 - Free-Pick|Bronzebeard - Warcraft Reborn|Darkmoon - Season 10 Wildcard|Dawnrise - Season 10 Freepick|Rexxar - Conquest of Azeroth|Vol'jin - Conquest of Azeroth	19	2025-10-05	2026-08-22
worldforged	515518	4	Thousand Needles|Twilight's Run	1	Area 52 - Free-Pick|Bronzebeard - Warcraft Reborn|Darkmoon - Season 10 Wildcard|Dawnrise - Season 10 Freepick|Rexxar - Conquest of Azeroth|Vol'jin - Conquest of Azeroth	15	2025-10-05	2026-08-28
worldforged	515519	9	Ashenvale|Darkshore|Desolace|Thousand Needles	1	Area 52 - Free-Pick|Bronzebeard - Warcraft Reborn|Darkmoon - Season 10 Wildcard|Dawnrise - Season 10 Freepick|Rexxar - Conquest of Azeroth|Vol'jin - Conquest of Azeroth	17	2025-10-04	2026-08-28
worldforged	515520	5	Darkshore|Teldrassil|Thousand Needles|Twilight's Run	1	Area 52 - Free-Pick|Bronzebeard - Warcraft Reborn|Darkmoon - Season 10 Wildcard|Dawnrise - Season 10 Freepick|Rexxar - Conquest of Azeroth|Vol'jin - Conquest of Azeroth	19	2025-10-04	2026-08-25
worldforged	515524	2	Thousand Needles	1	Area 52 - Free-Pick|Bronzebeard - Warcraft Reborn|Darkmoon - Season 10 Wildcard|Dawnrise - Season 10 Freepick|Rexxar - Conquest of Azeroth|Vol'jin - Conquest of Azeroth	10	2025-10-05	2026-08-28
worldforged	515525	23	Alterac Mountains|Ashenvale|Azshara|Darkshore|Dustwallow Marsh|Eastern Plaguelands|Gnomeregan|Razorfen Kraul|Silithus|The Gaping Chasm|The Temple of Atal'Hakkar|Thousand Needles|Un'Goro Crater|Winterspring	0|1|47|90|109	Area 52 - Free-Pick|Bronzebeard - Warcraft Reborn|Darkmoon - Season 10 Wildcard|Dawnrise - Season 10 Freepick|Rexxar - Conquest of Azeroth|Vol'jin - Conquest of Azeroth	40	2025-10-05	2026-08-27
worldforged	515528	4	Teldrassil|Thousand Needles|Twilight's Run	1	Area 52 - Free-Pick|Bronzebeard - Warcraft Reborn|Darkmoon - Season 10 Wildcard|Dawnrise - Season 10 Freepick|Rexxar - Conquest of Azeroth|Vol'jin - Conquest of Azeroth	13	2025-10-17	2026-08-25
worldforged	515529	2	Thousand Needles	1	Area 52 - Free-Pick|Bronzebeard - Warcraft Reborn|Darkmoon - Season 10 Wildcard|Dawnrise - Season 10 Freepick|Rexxar - Conquest of Azeroth|Vol'jin - Conquest of Azeroth	12	2025-10-05	2026-08-27
worldforged	515530	2	Thousand Needles	1	Area 52 - Free-Pick|Bronzebeard - Warcraft Reborn|Darkmoon - Season 10 Wildcard|Dawnrise - Season 10 Freepick|Rexxar - Conquest of Azeroth|Vol'jin - Conquest of Azeroth	11	2025-10-05	2026-08-28
worldforged	515531	3	Stranglethorn Vale|Thousand Needles	0|1	Area 52 - Free-Pick|Bronzebeard - Warcraft Reborn|Darkmoon - Season 10 Wildcard|Dawnrise - Season 10 Freepick|Rexxar - Conquest of Azeroth|Vol'jin - Conquest of Azeroth	15	2025-10-05	2026-09-02
worldforged	515532	2	Thousand Needles	1	Area 52 - Free-Pick|Bronzebeard - Warcraft Reborn|Darkmoon - Season 10 Wildcard|Dawnrise - Season 10 Freepick|Rexxar - Conquest of Azeroth|Vol'jin - Conquest of Azeroth	13	2025-10-05	2026-08-27
worldforged	515533	1	Thousand Needles	1	Area 52 - Free-Pick|Bronzebeard - Warcraft Reborn|Darkmoon - Season 10 Wildcard|Dawnrise - Season 10 Freepick|Rexxar - Conquest of Azeroth|Vol'jin - Conquest of Azeroth	11	2025-10-05	2026-08-28
worldforged	515534	1	Thousand Needles	1	Area 52 - Free-Pick|Bronzebeard - Warcraft Reborn|Darkmoon - Season 10 Wildcard|Dawnrise - Season 10 Freepick|Rexxar - Conquest of Azeroth|Vol'jin - Conquest of Azeroth	12	2025-10-05	2026-08-25
worldforged	515535	3	Darkshore|Thousand Needles	1	Area 52 - Free-Pick|Bronzebeard - Warcraft Reborn|Darkmoon - Season 10 Wildcard|Dawnrise - Season 10 Freepick|Rexxar - Conquest of Azeroth|Vol'jin - Conquest of Azeroth	11	2025-10-06	2026-08-28
worldforged	515536	2	Teldrassil|Thousand Needles	1	Area 52 - Free-Pick|Bronzebeard - Warcraft Reborn|Darkmoon - Season 10 Wildcard|Dawnrise - Season 10 Freepick|Rexxar - Conquest of Azeroth|Vol'jin - Conquest of Azeroth	12	2025-10-05	2026-08-27
worldforged	515537	4	Darkshore|Teldrassil|Thousand Needles	1	Area 52 - Free-Pick|Bronzebeard - Warcraft Reborn|Darkmoon - Season 10 Wildcard|Dawnrise - Season 10 Freepick|Rexxar - Conquest of Azeroth|Vol'jin - Conquest of Azeroth	15	2025-10-05	2026-08-28
worldforged	515539	4	Darkshore|Thousand Needles|Twilight's Run	1	Area 52 - Free-Pick|Bronzebeard - Warcraft Reborn|Darkmoon - Season 10 Wildcard|Dawnrise - Season 10 Freepick|Rexxar - Conquest of Azeroth|Vol'jin - Conquest of Azeroth	20	2025-10-05	2026-08-27
worldforged	515540	2	Thousand Needles	1	Area 52 - Free-Pick|Bronzebeard - Warcraft Reborn|Darkmoon - Season 10 Wildcard|Dawnrise - Season 10 Freepick|Rexxar - Conquest of Azeroth|Vol'jin - Conquest of Azeroth	12	2025-10-05	2026-08-28
worldforged	515541	6	Azshara|Dire Maul|Mulgore|Thousand Needles|Un'Goro Crater	1|429	Area 52 - Free-Pick|Bronzebeard - Warcraft Reborn|Darkmoon - Season 10 Wildcard|Dawnrise - Season 10 Freepick|Rexxar - Conquest of Azeroth|Vol'jin - Conquest of Azeroth	14	2025-10-05	2026-08-23
worldforged	515542	3	Teldrassil|Thousand Needles	1	Area 52 - Free-Pick|Bronzebeard - Warcraft Reborn|Darkmoon - Season 10 Wildcard|Dawnrise - Season 10 Freepick|Rexxar - Conquest of Azeroth|Vol'jin - Conquest of Azeroth	13	2025-10-14	2026-08-28
worldforged	515599	1	Azshara	1	Area 52 - Free-Pick|Bronzebeard - Warcraft Reborn|Darkmoon - Season 10 Wildcard|Dawnrise - Season 10 Freepick|Rexxar - Conquest of Azeroth|Vol'jin - Conquest of Azeroth	9	2025-10-12	2026-08-28
worldforged	515600	1	Azshara	1	Area 52 - Free-Pick|Bronzebeard - Warcraft Reborn|Darkmoon - Season 10 Wildcard|Dawnrise - Season 10 Freepick|Rexxar - Conquest of Azeroth|Vol'jin - Conquest of Azeroth	8	2025-10-18	2026-08-30
worldforged	515601	1	Azshara	1	Area 52 - Free-Pick|Bronzebeard - Warcraft Reborn|Darkmoon - Season 10 Wildcard|Dawnrise - Season 10 Freepick|Rexxar - Conquest of Azeroth|Vol'jin - Conquest of Azeroth	10	2025-10-17	2026-08-28
worldforged	515602	3	Azshara	1	Area 52 - Free-Pick|Bronzebeard - Warcraft Reborn|Darkmoon - Season 10 Wildcard|Dawnrise - Season 10 Freepick|Rexxar - Conquest of Azeroth|Vol'jin - Conquest of Azeroth	9	2025-10-14	2026-08-10
worldforged	515603	1	Azshara	1	Area 52 - Free-Pick|Bronzebeard - Warcraft Reborn|Darkmoon - Season 10 Wildcard|Dawnrise - Season 10 Freepick|Rexxar - Conquest of Azeroth|Vol'jin - Conquest of Azeroth	11	2025-10-09	2026-08-05
worldforged	515604	1	Azshara	1	Area 52 - Free-Pick|Bronzebeard - Warcraft Reborn|Darkmoon - Season 10 Wildcard|Dawnrise - Season 10 Freepick|Rexxar - Conquest of Azeroth|Vol'jin - Conquest of Azeroth	9	2025-10-18	2026-08-27
worldforged	515605	1	Azshara	1	Area 52 - Free-Pick|Darkmoon - Season 10 Wildcard|Dawnrise - Season 10 Freepick|Rexxar - Conquest of Azeroth|Vol'jin - Conquest of Azeroth	11	2026-04-10	2026-08-27
worldforged	515606	1	Azshara	1	Area 52 - Free-Pick|Darkmoon - Season 10 Wildcard|Dawnrise - Season 10 Freepick|Rexxar - Conquest of Azeroth|Vol'jin - Conquest of Azeroth	5	2025-10-09	2026-07-08
worldforged	515607	2	Azshara	1	Area 52 - Free-Pick|Bronzebeard - Warcraft Reborn|Darkmoon - Season 10 Wildcard|Dawnrise - Season 10 Freepick|Rexxar - Conquest of Azeroth|Vol'jin - Conquest of Azeroth	11	2025-10-28	2026-08-05
worldforged	515608	1	Azshara	1	Area 52 - Free-Pick|Bronzebeard - Warcraft Reborn|Darkmoon - Season 10 Wildcard|Dawnrise - Season 10 Freepick|Rexxar - Conquest of Azeroth|Vol'jin - Conquest of Azeroth	10	2025-10-13	2026-08-28
worldforged	515609	1	Azshara	1	Area 52 - Free-Pick|Bronzebeard - Warcraft Reborn|Darkmoon - Season 10 Wildcard|Dawnrise - Season 10 Freepick|Rexxar - Conquest of Azeroth|Vol'jin - Conquest of Azeroth	11	2025-10-28	2026-08-14
worldforged	515610	3	Azshara|Eastern Plaguelands	0|1	Area 52 - Free-Pick|Bronzebeard - Warcraft Reborn|Darkmoon - Season 10 Wildcard|Dawnrise - Season 10 Freepick|Rexxar - Conquest of Azeroth|Vol'jin - Conquest of Azeroth	11	2025-10-13	2026-08-17
worldforged	515611	2	Azshara	1	Area 52 - Free-Pick|Bronzebeard - Warcraft Reborn|Darkmoon - Season 10 Wildcard|Dawnrise - Season 10 Freepick|Rexxar - Conquest of Azeroth|Vol'jin - Conquest of Azeroth	10	2025-10-18	2026-08-12
worldforged	515612	1	Azshara	1	Area 52 - Free-Pick|Bronzebeard - Warcraft Reborn|Darkmoon - Season 10 Wildcard|Dawnrise - Season 10 Freepick|Rexxar - Conquest of Azeroth|Vol'jin - Conquest of Azeroth	11	2025-10-13	2026-08-24
worldforged	515613	3	Azshara	1	Area 52 - Free-Pick|Bronzebeard - Warcraft Reborn|Darkmoon - Season 10 Wildcard|Dawnrise - Season 10 Freepick|Rexxar - Conquest of Azeroth|Vol'jin - Conquest of Azeroth	11	2025-10-28	2026-08-26
worldforged	515614	1	Azshara	1	Area 52 - Free-Pick|Bronzebeard - Warcraft Reborn|Darkmoon - Season 10 Wildcard|Dawnrise - Season 10 Freepick|Rexxar - Conquest of Azeroth|Vol'jin - Conquest of Azeroth	10	2025-10-15	2026-08-26
worldforged	515615	2	Azshara|Burning Steppes	0|1	Area 52 - Free-Pick|Bronzebeard - Warcraft Reborn|Darkmoon - Season 10 Wildcard|Dawnrise - Season 10 Freepick|Rexxar - Conquest of Azeroth|Vol'jin - Conquest of Azeroth	12	2025-10-19	2026-08-28
worldforged	515616	1	Azshara	1	Area 52 - Free-Pick|Bronzebeard - Warcraft Reborn|Darkmoon - Season 10 Wildcard|Dawnrise - Season 10 Freepick|Rexxar - Conquest of Azeroth|Vol'jin - Conquest of Azeroth	8	2025-10-12	2026-08-27
worldforged	515617	4	Azshara|Searing Gorge|Un'Goro Crater|Winterspring	0|1	Area 52 - Free-Pick|Bronzebeard - Warcraft Reborn|Darkmoon - Season 10 Wildcard|Dawnrise - Season 10 Freepick|Rexxar - Conquest of Azeroth|Vol'jin - Conquest of Azeroth	14	2025-10-17	2026-08-28
worldforged	515618	4	Azshara	1	Area 52 - Free-Pick|Bronzebeard - Warcraft Reborn|Darkmoon - Season 10 Wildcard|Dawnrise - Season 10 Freepick|Rexxar - Conquest of Azeroth|Vol'jin - Conquest of Azeroth	9	2025-10-18	2026-08-04
worldforged	515619	1	Azshara	1	Area 52 - Free-Pick|Bronzebeard - Warcraft Reborn|Darkmoon - Season 10 Wildcard|Dawnrise - Season 10 Freepick|Rexxar - Conquest of Azeroth|Vol'jin - Conquest of Azeroth	10	2025-10-28	2026-08-08
worldforged	515620	2	Azshara	1	Area 52 - Free-Pick|Bronzebeard - Warcraft Reborn|Darkmoon - Season 10 Wildcard|Dawnrise - Season 10 Freepick|Rexxar - Conquest of Azeroth|Vol'jin - Conquest of Azeroth	10	2025-10-13	2026-08-28
worldforged	515621	2	Azshara	1	Area 52 - Free-Pick|Bronzebeard - Warcraft Reborn|Darkmoon - Season 10 Wildcard|Dawnrise - Season 10 Freepick|Rexxar - Conquest of Azeroth|Vol'jin - Conquest of Azeroth	11	2026-06-08	2026-08-28
worldforged	515622	2	Azshara|Wailing Caverns	1	Area 52 - Free-Pick|Bronzebeard - Warcraft Reborn|Darkmoon - Season 10 Wildcard|Dawnrise - Season 10 Freepick|Rexxar - Conquest of Azeroth|Vol'jin - Conquest of Azeroth	11	2025-10-19	2026-08-28
worldforged	515623	1	Azshara	1	Area 52 - Free-Pick|Bronzebeard - Warcraft Reborn|Darkmoon - Season 10 Wildcard|Dawnrise - Season 10 Freepick|Rexxar - Conquest of Azeroth|Vol'jin - Conquest of Azeroth	10	2025-10-14	2026-08-31
worldforged	515624	2	Azshara	1	Area 52 - Free-Pick|Bronzebeard - Warcraft Reborn|Darkmoon - Season 10 Wildcard|Dawnrise - Season 10 Freepick|Rexxar - Conquest of Azeroth|Vol'jin - Conquest of Azeroth	9	2025-10-17	2026-08-30
worldforged	515625	1	Azshara	1	Area 52 - Free-Pick|Bronzebeard - Warcraft Reborn|Darkmoon - Season 10 Wildcard|Dawnrise - Season 10 Freepick|Rexxar - Conquest of Azeroth|Vol'jin - Conquest of Azeroth	11	2025-10-14	2026-08-28
worldforged	515626	1	Azshara	1	Area 52 - Free-Pick|Bronzebeard - Warcraft Reborn|Darkmoon - Season 10 Wildcard|Dawnrise - Season 10 Freepick|Rexxar - Conquest of Azeroth|Vol'jin - Conquest of Azeroth	9	2025-10-28	2026-08-30
worldforged	515627	1	Azshara	1	Area 52 - Free-Pick|Bronzebeard - Warcraft Reborn|Darkmoon - Season 10 Wildcard|Dawnrise - Season 10 Freepick|Rexxar - Conquest of Azeroth|Vol'jin - Conquest of Azeroth	9	2025-10-13	2026-08-28
worldforged	515628	2	Azshara	1	Area 52 - Free-Pick|Bronzebeard - Warcraft Reborn|Darkmoon - Season 10 Wildcard|Dawnrise - Season 10 Freepick|Rexxar - Conquest of Azeroth|Vol'jin - Conquest of Azeroth	8	2025-10-18	2026-08-24
worldforged	515629	4	Azshara|Eastern Plaguelands	0|1	Area 52 - Free-Pick|Bronzebeard - Warcraft Reborn|Darkmoon - Season 10 Wildcard|Dawnrise - Season 10 Freepick|Rexxar - Conquest of Azeroth|Vol'jin - Conquest of Azeroth	12	2025-11-23	2026-08-30
worldforged	515630	1	Azshara	1	Area 52 - Free-Pick|Bronzebeard - Warcraft Reborn|Darkmoon - Season 10 Wildcard|Dawnrise - Season 10 Freepick|Rexxar - Conquest of Azeroth|Vol'jin - Conquest of Azeroth	11	2025-10-30	2026-08-30
worldforged	515631	1	Azshara	1	Area 52 - Free-Pick|Bronzebeard - Warcraft Reborn|Darkmoon - Season 10 Wildcard|Dawnrise - Season 10 Freepick|Rexxar - Conquest of Azeroth|Vol'jin - Conquest of Azeroth	11	2025-10-17	2026-08-28
worldforged	515632	1	Azshara	1	Area 52 - Free-Pick|Bronzebeard - Warcraft Reborn|Darkmoon - Season 10 Wildcard|Dawnrise - Season 10 Freepick|Rexxar - Conquest of Azeroth|Vol'jin - Conquest of Azeroth	9	2026-03-24	2026-08-27
worldforged	515633	1	Azshara	1	Area 52 - Free-Pick|Bronzebeard - Warcraft Reborn|Darkmoon - Season 10 Wildcard|Dawnrise - Season 10 Freepick|Rexxar - Conquest of Azeroth|Vol'jin - Conquest of Azeroth	7	2025-10-19	2026-08-31
worldforged	515634	1	Azshara	1	Area 52 - Free-Pick|Bronzebeard - Warcraft Reborn|Darkmoon - Season 10 Wildcard|Dawnrise - Season 10 Freepick|Rexxar - Conquest of Azeroth|Vol'jin - Conquest of Azeroth	7	2025-10-14	2026-08-21
worldforged	515676	5	Gnomeregan|Razorfen Downs|Razorfen Kraul|Stranglethorn Vale	0|47|90|129	Area 52 - Free-Pick|Bronzebeard - Warcraft Reborn|Darkmoon - Season 10 Wildcard|Dawnrise - Season 10 Freepick|Rexxar - Conquest of Azeroth|Vol'jin - Conquest of Azeroth	14	2025-10-04	2026-08-29
worldforged	515677	1	Westfall	0	Area 52 - Free-Pick|Bronzebeard - Warcraft Reborn|Darkmoon - Season 10 Wildcard|Dawnrise - Season 10 Freepick|Rexxar - Conquest of Azeroth|Vol'jin - Conquest of Azeroth	12	2025-10-04	2026-08-29
worldforged	515678	3	Westfall	0	Area 52 - Free-Pick|Bronzebeard - Warcraft Reborn|Darkmoon - Season 10 Wildcard|Dawnrise - Season 10 Freepick|Rexxar - Conquest of Azeroth|Vol'jin - Conquest of Azeroth	10	2025-10-18	2026-09-01
worldforged	515679	4	Duskwood|Stranglethorn Vale|Westfall	0	Area 52 - Free-Pick|Bronzebeard - Warcraft Reborn|Darkmoon - Season 10 Wildcard|Dawnrise - Season 10 Freepick|Rexxar - Conquest of Azeroth|Vol'jin - Conquest of Azeroth	13	2025-11-01	2026-09-03
worldforged	515680	2	Westfall	0	Area 52 - Free-Pick|Bronzebeard - Warcraft Reborn|Darkmoon - Season 10 Wildcard|Dawnrise - Season 10 Freepick|Rexxar - Conquest of Azeroth|Vol'jin - Conquest of Azeroth	11	2025-10-04	2026-08-27
worldforged	515681	2	Westfall	0	Area 52 - Free-Pick|Bronzebeard - Warcraft Reborn|Darkmoon - Season 10 Wildcard|Dawnrise - Season 10 Freepick|Rexxar - Conquest of Azeroth|Vol'jin - Conquest of Azeroth	11	2026-04-29	2026-09-01
worldforged	515682	1	Westfall	0	Area 52 - Free-Pick|Bronzebeard - Warcraft Reborn|Darkmoon - Season 10 Wildcard|Dawnrise - Season 10 Freepick|Rexxar - Conquest of Azeroth|Vol'jin - Conquest of Azeroth	10	2025-10-05	2026-09-01
worldforged	515683	1	Westfall	0	Area 52 - Free-Pick|Darkmoon - Season 10 Wildcard|Dawnrise - Season 10 Freepick|Rexxar - Conquest of Azeroth|Vol'jin - Conquest of Azeroth	12	2025-10-04	2026-09-03
worldforged	515684	4	Duskwood|Swamp of Sorrows|Westfall	0	Area 52 - Free-Pick|Bronzebeard - Warcraft Reborn|Darkmoon - Season 10 Wildcard|Dawnrise - Season 10 Freepick|Rexxar - Conquest of Azeroth|Vol'jin - Conquest of Azeroth	14	2025-10-05	2026-08-18
worldforged	515685	6	Gold Coast Quarry|Tirisfal Glades|Westfall	0	Area 52 - Free-Pick|Bronzebeard - Warcraft Reborn|Darkmoon - Season 10 Wildcard|Dawnrise - Season 10 Freepick|Rexxar - Conquest of Azeroth|Vol'jin - Conquest of Azeroth	21	2025-10-05	2026-08-31
worldforged	515686	2	Jangolode Mine|Westfall	0	Area 52 - Free-Pick|Bronzebeard - Warcraft Reborn|Darkmoon - Season 10 Wildcard|Dawnrise - Season 10 Freepick|Rexxar - Conquest of Azeroth|Vol'jin - Conquest of Azeroth	12	2025-10-04	2026-08-28
worldforged	515687	2	Stranglethorn Vale|Westfall	0	Area 52 - Free-Pick|Bronzebeard - Warcraft Reborn|Darkmoon - Season 10 Wildcard|Dawnrise - Season 10 Freepick|Rexxar - Conquest of Azeroth|Vol'jin - Conquest of Azeroth	11	2025-10-05	2026-08-29
worldforged	515688	2	The Hinterlands	0	Area 52 - Free-Pick|Bronzebeard - Warcraft Reborn|Darkmoon - Season 10 Wildcard|Dawnrise - Season 10 Freepick|Rexxar - Conquest of Azeroth|Vol'jin - Conquest of Azeroth	10	2025-10-10	2026-08-28
worldforged	515689	2	The Hinterlands	0	Area 52 - Free-Pick|Bronzebeard - Warcraft Reborn|Darkmoon - Season 10 Wildcard|Dawnrise - Season 10 Freepick|Rexxar - Conquest of Azeroth|Vol'jin - Conquest of Azeroth	10	2025-10-10	2026-08-28
worldforged	515690	1	The Hinterlands	0	Area 52 - Free-Pick|Bronzebeard - Warcraft Reborn|Darkmoon - Season 10 Wildcard|Dawnrise - Season 10 Freepick|Rexxar - Conquest of Azeroth|Vol'jin - Conquest of Azeroth	8	2025-10-07	2026-08-27
worldforged	515691	3	The Hinterlands	0	Area 52 - Free-Pick|Bronzebeard - Warcraft Reborn|Darkmoon - Season 10 Wildcard|Dawnrise - Season 10 Freepick|Rexxar - Conquest of Azeroth|Vol'jin - Conquest of Azeroth	10	2025-10-07	2026-08-27
worldforged	515692	1	The Hinterlands	0	Area 52 - Free-Pick|Bronzebeard - Warcraft Reborn|Darkmoon - Season 10 Wildcard|Dawnrise - Season 10 Freepick|Rexxar - Conquest of Azeroth|Vol'jin - Conquest of Azeroth	7	2025-10-08	2026-08-29
worldforged	515693	3	The Hinterlands|Tirisfal Glades	0	Area 52 - Free-Pick|Bronzebeard - Warcraft Reborn|Darkmoon - Season 10 Wildcard|Dawnrise - Season 10 Freepick|Rexxar - Conquest of Azeroth|Vol'jin - Conquest of Azeroth	12	2025-10-09	2026-08-29
worldforged	515694	1	The Hinterlands	0	Area 52 - Free-Pick|Bronzebeard - Warcraft Reborn|Darkmoon - Season 10 Wildcard|Dawnrise - Season 10 Freepick|Rexxar - Conquest of Azeroth|Vol'jin - Conquest of Azeroth	11	2025-10-08	2026-08-30
worldforged	515695	1	The Hinterlands	0	Area 52 - Free-Pick|Bronzebeard - Warcraft Reborn|Darkmoon - Season 10 Wildcard|Dawnrise - Season 10 Freepick|Rexxar - Conquest of Azeroth|Vol'jin - Conquest of Azeroth	10	2025-10-08	2026-08-25
worldforged	515696	2	The Hinterlands|Westfall	0	Area 52 - Free-Pick|Bronzebeard - Warcraft Reborn|Darkmoon - Season 10 Wildcard|Dawnrise - Season 10 Freepick|Rexxar - Conquest of Azeroth|Vol'jin - Conquest of Azeroth	13	2025-10-08	2026-08-27
worldforged	515697	2	The Hinterlands	0	Area 52 - Free-Pick|Bronzebeard - Warcraft Reborn|Darkmoon - Season 10 Wildcard|Dawnrise - Season 10 Freepick|Rexxar - Conquest of Azeroth|Vol'jin - Conquest of Azeroth	11	2025-10-10	2026-08-25
worldforged	515698	1	The Hinterlands	0	Area 52 - Free-Pick|Bronzebeard - Warcraft Reborn|Darkmoon - Season 10 Wildcard|Dawnrise - Season 10 Freepick|Rexxar - Conquest of Azeroth|Vol'jin - Conquest of Azeroth	6	2025-10-05	2026-05-20
worldforged	515699	1	The Hinterlands	0	Area 52 - Free-Pick|Bronzebeard - Warcraft Reborn|Darkmoon - Season 10 Wildcard|Dawnrise - Season 10 Freepick|Rexxar - Conquest of Azeroth|Vol'jin - Conquest of Azeroth	10	2025-10-05	2026-08-26
worldforged	515700	1	The Hinterlands	0	Area 52 - Free-Pick|Bronzebeard - Warcraft Reborn|Darkmoon - Season 10 Wildcard|Dawnrise - Season 10 Freepick|Rexxar - Conquest of Azeroth|Vol'jin - Conquest of Azeroth	9	2025-10-08	2026-08-23
worldforged	515701	4	Azshara|Loch Modan|The Hinterlands	0|1	Area 52 - Free-Pick|Bronzebeard - Warcraft Reborn|Darkmoon - Season 10 Wildcard|Dawnrise - Season 10 Freepick|Rexxar - Conquest of Azeroth|Vol'jin - Conquest of Azeroth	14	2025-10-07	2026-08-29
worldforged	515702	1	The Hinterlands	0	Area 52 - Free-Pick|Bronzebeard - Warcraft Reborn|Darkmoon - Season 10 Wildcard|Dawnrise - Season 10 Freepick|Rexxar - Conquest of Azeroth|Vol'jin - Conquest of Azeroth	11	2025-10-08	2026-08-28
worldforged	515703	1	The Hinterlands	0	Area 52 - Free-Pick|Bronzebeard - Warcraft Reborn|Darkmoon - Season 10 Wildcard|Dawnrise - Season 10 Freepick|Rexxar - Conquest of Azeroth|Vol'jin - Conquest of Azeroth	12	2025-10-10	2026-08-29
worldforged	515704	2	The Hinterlands	0	Area 52 - Free-Pick|Bronzebeard - Warcraft Reborn|Darkmoon - Season 10 Wildcard|Dawnrise - Season 10 Freepick|Rexxar - Conquest of Azeroth|Vol'jin - Conquest of Azeroth	11	2025-10-08	2026-08-28
worldforged	515705	1	The Hinterlands	0	Area 52 - Free-Pick|Bronzebeard - Warcraft Reborn|Darkmoon - Season 10 Wildcard|Dawnrise - Season 10 Freepick|Rexxar - Conquest of Azeroth|Vol'jin - Conquest of Azeroth	11	2025-10-08	2026-08-28
worldforged	515706	2	The Hinterlands|Westfall	0	Area 52 - Free-Pick|Bronzebeard - Warcraft Reborn|Darkmoon - Season 10 Wildcard|Dawnrise - Season 10 Freepick|Rexxar - Conquest of Azeroth|Vol'jin - Conquest of Azeroth	12	2025-10-28	2026-08-28
worldforged	515707	1	The Hinterlands	0	Area 52 - Free-Pick|Bronzebeard - Warcraft Reborn|Darkmoon - Season 10 Wildcard|Dawnrise - Season 10 Freepick|Rexxar - Conquest of Azeroth|Vol'jin - Conquest of Azeroth	11	2025-10-13	2026-08-30
worldforged	515708	1	The Hinterlands	0	Area 52 - Free-Pick|Bronzebeard - Warcraft Reborn|Darkmoon - Season 10 Wildcard|Dawnrise - Season 10 Freepick|Rexxar - Conquest of Azeroth|Vol'jin - Conquest of Azeroth	9	2025-10-09	2026-08-23
worldforged	515709	3	Loch Modan|The Hinterlands	0	Area 52 - Free-Pick|Bronzebeard - Warcraft Reborn|Darkmoon - Season 10 Wildcard|Dawnrise - Season 10 Freepick|Rexxar - Conquest of Azeroth|Vol'jin - Conquest of Azeroth	11	2025-10-07	2026-08-26
worldforged	515710	1	The Hinterlands	0	Area 52 - Free-Pick|Bronzebeard - Warcraft Reborn|Darkmoon - Season 10 Wildcard|Dawnrise - Season 10 Freepick|Rexxar - Conquest of Azeroth|Vol'jin - Conquest of Azeroth	10	2025-11-01	2026-08-22
worldforged	515711	3	The Hinterlands	0	Area 52 - Free-Pick|Bronzebeard - Warcraft Reborn|Darkmoon - Season 10 Wildcard|Dawnrise - Season 10 Freepick|Rexxar - Conquest of Azeroth|Vol'jin - Conquest of Azeroth	7	2025-10-19	2026-08-25
worldforged	515712	1	The Hinterlands	0	Area 52 - Free-Pick|Bronzebeard - Warcraft Reborn|Darkmoon - Season 10 Wildcard|Dawnrise - Season 10 Freepick|Rexxar - Conquest of Azeroth|Vol'jin - Conquest of Azeroth	14	2025-10-12	2026-08-28
worldforged	515713	1	The Hinterlands	0	Area 52 - Free-Pick|Bronzebeard - Warcraft Reborn|Darkmoon - Season 10 Wildcard|Dawnrise - Season 10 Freepick|Rexxar - Conquest of Azeroth|Vol'jin - Conquest of Azeroth	10	2025-10-08	2026-08-28
worldforged	515714	1	The Hinterlands	0	Area 52 - Free-Pick|Bronzebeard - Warcraft Reborn|Darkmoon - Season 10 Wildcard|Dawnrise - Season 10 Freepick|Rexxar - Conquest of Azeroth|Vol'jin - Conquest of Azeroth	16	2025-10-05	2026-09-03
worldforged	515715	2	The Hinterlands	0	Area 52 - Free-Pick|Bronzebeard - Warcraft Reborn|Darkmoon - Season 10 Wildcard|Dawnrise - Season 10 Freepick|Rexxar - Conquest of Azeroth|Vol'jin - Conquest of Azeroth	10	2025-10-08	2026-08-28
worldforged	515716	1	The Hinterlands	0	Area 52 - Free-Pick|Darkmoon - Season 10 Wildcard|Dawnrise - Season 10 Freepick|Rexxar - Conquest of Azeroth|Vol'jin - Conquest of Azeroth	10	2025-10-08	2026-08-28
worldforged	515717	3	The Hinterlands	0	Area 52 - Free-Pick|Bronzebeard - Warcraft Reborn|Darkmoon - Season 10 Wildcard|Dawnrise - Season 10 Freepick|Rexxar - Conquest of Azeroth|Vol'jin - Conquest of Azeroth	7	2025-10-19	2026-07-08
worldforged	515718	2	The Hinterlands	0	Area 52 - Free-Pick|Bronzebeard - Warcraft Reborn|Darkmoon - Season 10 Wildcard|Dawnrise - Season 10 Freepick|Rexxar - Conquest of Azeroth|Vol'jin - Conquest of Azeroth	10	2025-10-10	2026-08-28
worldforged	515719	3	Loch Modan|The Hinterlands	0	Area 52 - Free-Pick|Bronzebeard - Warcraft Reborn|Darkmoon - Season 10 Wildcard|Dawnrise - Season 10 Freepick|Rexxar - Conquest of Azeroth|Vol'jin - Conquest of Azeroth	11	2025-10-07	2026-08-28
worldforged	515720	1	The Hinterlands	0	Area 52 - Free-Pick|Bronzebeard - Warcraft Reborn|Darkmoon - Season 10 Wildcard|Dawnrise - Season 10 Freepick|Rexxar - Conquest of Azeroth|Vol'jin - Conquest of Azeroth	11	2025-10-05	2026-08-26
worldforged	515721	1	The Hinterlands	0	Area 52 - Free-Pick|Bronzebeard - Warcraft Reborn|Darkmoon - Season 10 Wildcard|Dawnrise - Season 10 Freepick|Rexxar - Conquest of Azeroth|Vol'jin - Conquest of Azeroth	10	2025-10-12	2026-08-22
worldforged	515722	2	The Hinterlands|Western Plaguelands	0	Area 52 - Free-Pick|Bronzebeard - Warcraft Reborn|Darkmoon - Season 10 Wildcard|Dawnrise - Season 10 Freepick|Rexxar - Conquest of Azeroth|Vol'jin - Conquest of Azeroth	10	2025-10-18	2026-08-22
worldforged	515723	1	Tanaris	1	Area 52 - Free-Pick|Bronzebeard - Warcraft Reborn|Darkmoon - Season 10 Wildcard|Dawnrise - Season 10 Freepick|Rexxar - Conquest of Azeroth|Vol'jin - Conquest of Azeroth	11	2025-10-05	2026-08-29
worldforged	515724	1	The Hinterlands	0	Area 52 - Free-Pick|Bronzebeard - Warcraft Reborn|Darkmoon - Season 10 Wildcard|Dawnrise - Season 10 Freepick|Rexxar - Conquest of Azeroth|Vol'jin - Conquest of Azeroth	10	2025-10-13	2026-08-29
worldforged	515725	1	The Hinterlands	0	Area 52 - Free-Pick|Darkmoon - Season 10 Wildcard|Dawnrise - Season 10 Freepick|Rexxar - Conquest of Azeroth|Vol'jin - Conquest of Azeroth	10	2025-10-13	2026-08-27
worldforged	515726	1	The Hinterlands	0	Area 52 - Free-Pick|Bronzebeard - Warcraft Reborn|Darkmoon - Season 10 Wildcard|Dawnrise - Season 10 Freepick|Rexxar - Conquest of Azeroth|Vol'jin - Conquest of Azeroth	10	2025-10-11	2026-08-22
worldforged	515727	3	Tanaris	1	Area 52 - Free-Pick|Bronzebeard - Warcraft Reborn|Darkmoon - Season 10 Wildcard|Dawnrise - Season 10 Freepick|Rexxar - Conquest of Azeroth|Vol'jin - Conquest of Azeroth	10	2025-10-13	2026-08-25
worldforged	515728	3	The Hinterlands	0	Area 52 - Free-Pick|Darkmoon - Season 10 Wildcard|Dawnrise - Season 10 Freepick|Rexxar - Conquest of Azeroth|Vol'jin - Conquest of Azeroth	10	2026-04-29	2026-08-28
worldforged	515729	1	The Hinterlands	0	Area 52 - Free-Pick|Darkmoon - Season 10 Wildcard|Dawnrise - Season 10 Freepick|Rexxar - Conquest of Azeroth|Vol'jin - Conquest of Azeroth	9	2026-05-02	2026-09-01
worldforged	515730	1	The Hinterlands	0	Area 52 - Free-Pick|Bronzebeard - Warcraft Reborn|Darkmoon - Season 10 Wildcard|Dawnrise - Season 10 Freepick|Rexxar - Conquest of Azeroth|Vol'jin - Conquest of Azeroth	9	2025-10-17	2026-09-01
worldforged	515731	1	The Hinterlands	0	Area 52 - Free-Pick|Bronzebeard - Warcraft Reborn|Darkmoon - Season 10 Wildcard|Dawnrise - Season 10 Freepick|Rexxar - Conquest of Azeroth|Vol'jin - Conquest of Azeroth	10	2025-10-11	2026-08-28
worldforged	515732	1	The Hinterlands	0	Area 52 - Free-Pick|Darkmoon - Season 10 Wildcard|Dawnrise - Season 10 Freepick|Rexxar - Conquest of Azeroth|Vol'jin - Conquest of Azeroth	5	2025-10-11	2026-04-25
worldforged	515733	1	The Hinterlands	0	Area 52 - Free-Pick|Bronzebeard - Warcraft Reborn|Darkmoon - Season 10 Wildcard|Dawnrise - Season 10 Freepick|Rexxar - Conquest of Azeroth|Vol'jin - Conquest of Azeroth	9	2025-10-11	2026-08-27
worldforged	515734	1	The Hinterlands	0	Area 52 - Free-Pick|Bronzebeard - Warcraft Reborn|Darkmoon - Season 10 Wildcard|Dawnrise - Season 10 Freepick|Rexxar - Conquest of Azeroth|Vol'jin - Conquest of Azeroth	9	2025-10-17	2026-08-23
worldforged	515735	4	Arathi Highlands|Westfall	0	Area 52 - Free-Pick|Darkmoon - Season 10 Wildcard|Dawnrise - Season 10 Freepick|Rexxar - Conquest of Azeroth|Vol'jin - Conquest of Azeroth	12	2025-11-06	2026-08-31
worldforged	515736	22	Azshara|Desolace|Dire Maul|Eastern Plaguelands|Felwood|Silithus|Silverpine Forest|Stranglethorn Vale|Stratholme|Swamp of Sorrows|Tanaris|The Barrens|The Hinterlands|The Stockade|Un'Goro Crater|Western Plaguelands|Winterspring|Zul'Gurub	0|1|34|309|329|429	Area 52 - Free-Pick|Bronzebeard - Warcraft Reborn|Darkmoon - Season 10 Wildcard|Dawnrise - Season 10 Freepick|Rexxar - Conquest of Azeroth|Vol'jin - Conquest of Azeroth	27	2025-10-19	2026-08-30
worldforged	515737	2	Dustwallow Marsh	1	Area 52 - Free-Pick|Bronzebeard - Warcraft Reborn|Darkmoon - Season 10 Wildcard|Dawnrise - Season 10 Freepick|Rexxar - Conquest of Azeroth|Vol'jin - Conquest of Azeroth	10	2025-10-10	2026-08-29
worldforged	515738	2	Tanaris	1	Area 52 - Free-Pick|Bronzebeard - Warcraft Reborn|Darkmoon - Season 10 Wildcard|Dawnrise - Season 10 Freepick|Rexxar - Conquest of Azeroth|Vol'jin - Conquest of Azeroth	12	2025-10-10	2026-08-28
worldforged	515739	1	Tanaris	1	Area 52 - Free-Pick|Bronzebeard - Warcraft Reborn|Darkmoon - Season 10 Wildcard|Dawnrise - Season 10 Freepick|Rexxar - Conquest of Azeroth|Vol'jin - Conquest of Azeroth	12	2025-10-10	2026-08-28
worldforged	515740	1	Tanaris	1	Area 52 - Free-Pick|Bronzebeard - Warcraft Reborn|Darkmoon - Season 10 Wildcard|Dawnrise - Season 10 Freepick|Rexxar - Conquest of Azeroth|Vol'jin - Conquest of Azeroth	9	2025-10-19	2026-08-31
worldforged	515741	3	Darkshore|Tanaris	1	Area 52 - Free-Pick|Bronzebeard - Warcraft Reborn|Darkmoon - Season 10 Wildcard|Dawnrise - Season 10 Freepick|Rexxar - Conquest of Azeroth|Vol'jin - Conquest of Azeroth	12	2025-10-19	2026-08-26
worldforged	515742	3	Feralas|Tanaris	1	Area 52 - Free-Pick|Darkmoon - Season 10 Wildcard|Dawnrise - Season 10 Freepick|Rexxar - Conquest of Azeroth|Vol'jin - Conquest of Azeroth	12	2025-10-05	2026-08-30
worldforged	515743	2	Tanaris	1	Area 52 - Free-Pick|Bronzebeard - Warcraft Reborn|Darkmoon - Season 10 Wildcard|Dawnrise - Season 10 Freepick|Rexxar - Conquest of Azeroth|Vol'jin - Conquest of Azeroth	11	2025-10-05	2026-08-29
worldforged	515744	1	Tanaris	1	Area 52 - Free-Pick|Bronzebeard - Warcraft Reborn|Darkmoon - Season 10 Wildcard|Dawnrise - Season 10 Freepick|Rexxar - Conquest of Azeroth|Vol'jin - Conquest of Azeroth	9	2025-10-08	2026-08-29
worldforged	515745	3	Silithus|Silverpine Forest|Tanaris	0|1	Area 52 - Free-Pick|Bronzebeard - Warcraft Reborn|Darkmoon - Season 10 Wildcard|Dawnrise - Season 10 Freepick|Rexxar - Conquest of Azeroth|Vol'jin - Conquest of Azeroth	13	2025-10-07	2026-08-28
worldforged	515747	2	Tanaris	1	Area 52 - Free-Pick|Bronzebeard - Warcraft Reborn|Darkmoon - Season 10 Wildcard|Dawnrise - Season 10 Freepick|Rexxar - Conquest of Azeroth|Vol'jin - Conquest of Azeroth	10	2025-10-09	2026-08-29
worldforged	515748	2	Tanaris	1	Area 52 - Free-Pick|Bronzebeard - Warcraft Reborn|Darkmoon - Season 10 Wildcard|Dawnrise - Season 10 Freepick|Rexxar - Conquest of Azeroth|Vol'jin - Conquest of Azeroth	9	2025-10-12	2026-08-28
worldforged	515749	1	The Hinterlands	0	Rexxar - Conquest of Azeroth|Vol'jin - Conquest of Azeroth	2	2026-07-08	2026-07-08
worldforged	515750	1	Tanaris	1	Area 52 - Free-Pick|Bronzebeard - Warcraft Reborn|Darkmoon - Season 10 Wildcard|Dawnrise - Season 10 Freepick|Rexxar - Conquest of Azeroth|Vol'jin - Conquest of Azeroth	9	2025-10-19	2026-08-25
worldforged	515755	2	Tanaris	1	Area 52 - Free-Pick|Bronzebeard - Warcraft Reborn|Darkmoon - Season 10 Wildcard|Dawnrise - Season 10 Freepick|Rexxar - Conquest of Azeroth|Vol'jin - Conquest of Azeroth	10	2025-10-13	2026-08-25
worldforged	515764	3	Tanaris	1	Area 52 - Free-Pick|Bronzebeard - Warcraft Reborn|Darkmoon - Season 10 Wildcard|Dawnrise - Season 10 Freepick|Rexxar - Conquest of Azeroth|Vol'jin - Conquest of Azeroth	11	2025-10-16	2026-08-28
worldforged	515765	3	Durotar|Tanaris|Teldrassil	1	Area 52 - Free-Pick|Bronzebeard - Warcraft Reborn|Darkmoon - Season 10 Wildcard|Dawnrise - Season 10 Freepick|Rexxar - Conquest of Azeroth|Vol'jin - Conquest of Azeroth	9	2025-10-09	2026-08-28
worldforged	515767	1	Tanaris	1	Rexxar - Conquest of Azeroth|Vol'jin - Conquest of Azeroth	2	2026-07-08	2026-07-08
worldforged	515769	2	Tanaris|The Noxious Lair	1	Area 52 - Free-Pick|Bronzebeard - Warcraft Reborn|Darkmoon - Season 10 Wildcard|Dawnrise - Season 10 Freepick|Rexxar - Conquest of Azeroth|Vol'jin - Conquest of Azeroth	9	2025-10-26	2026-08-25
worldforged	515770	4	Darkshore|Tanaris|The Exodar	1|530	Area 52 - Free-Pick|Bronzebeard - Warcraft Reborn|Darkmoon - Season 10 Wildcard|Dawnrise - Season 10 Freepick|Rexxar - Conquest of Azeroth|Vol'jin - Conquest of Azeroth	13	2025-10-11	2026-08-28
worldforged	515771	2	Tanaris	1	Area 52 - Free-Pick|Bronzebeard - Warcraft Reborn|Darkmoon - Season 10 Wildcard|Dawnrise - Season 10 Freepick|Rexxar - Conquest of Azeroth|Vol'jin - Conquest of Azeroth	12	2025-10-09	2026-08-29
worldforged	515772	1	Tanaris	1	Area 52 - Free-Pick|Bronzebeard - Warcraft Reborn|Darkmoon - Season 10 Wildcard|Dawnrise - Season 10 Freepick|Rexxar - Conquest of Azeroth|Vol'jin - Conquest of Azeroth	10	2025-10-09	2026-08-29
worldforged	515773	3	Tanaris	1	Area 52 - Free-Pick|Bronzebeard - Warcraft Reborn|Darkmoon - Season 10 Wildcard|Dawnrise - Season 10 Freepick|Rexxar - Conquest of Azeroth|Vol'jin - Conquest of Azeroth	10	2025-11-22	2026-08-27
worldforged	515775	3	Darkshore|Tanaris|Teldrassil	1	Area 52 - Free-Pick|Bronzebeard - Warcraft Reborn|Darkmoon - Season 10 Wildcard|Dawnrise - Season 10 Freepick|Rexxar - Conquest of Azeroth|Vol'jin - Conquest of Azeroth	16	2025-10-05	2026-08-29
worldforged	515781	3	The Gaping Chasm	1	Area 52 - Free-Pick|Bronzebeard - Warcraft Reborn|Darkmoon - Season 10 Wildcard|Dawnrise - Season 10 Freepick|Rexxar - Conquest of Azeroth|Vol'jin - Conquest of Azeroth	9	2025-10-13	2026-08-28
worldforged	515782	4	Tanaris|The Gaping Chasm	1	Area 52 - Free-Pick|Bronzebeard - Warcraft Reborn|Darkmoon - Season 10 Wildcard|Dawnrise - Season 10 Freepick|Rexxar - Conquest of Azeroth|Vol'jin - Conquest of Azeroth	12	2025-10-13	2026-08-29
worldforged	515783	1	Tanaris	1	Area 52 - Free-Pick|Bronzebeard - Warcraft Reborn|Darkmoon - Season 10 Wildcard|Dawnrise - Season 10 Freepick|Rexxar - Conquest of Azeroth|Vol'jin - Conquest of Azeroth	10	2025-10-17	2026-08-28
worldforged	515791	6	Darkshore|Tanaris|Teldrassil|Un'Goro Crater	1	Area 52 - Free-Pick|Bronzebeard - Warcraft Reborn|Darkmoon - Season 10 Wildcard|Dawnrise - Season 10 Freepick|Rexxar - Conquest of Azeroth|Vol'jin - Conquest of Azeroth	15	2025-10-19	2026-08-27
worldforged	515797	4	Tanaris	1	Area 52 - Free-Pick|Bronzebeard - Warcraft Reborn|Darkmoon - Season 10 Wildcard|Dawnrise - Season 10 Freepick|Rexxar - Conquest of Azeroth|Vol'jin - Conquest of Azeroth	11	2025-10-14	2026-08-28
worldforged	515798	3	Tanaris|Teldrassil	1	Area 52 - Free-Pick|Bronzebeard - Warcraft Reborn|Darkmoon - Season 10 Wildcard|Dawnrise - Season 10 Freepick|Rexxar - Conquest of Azeroth|Vol'jin - Conquest of Azeroth	10	2025-10-05	2026-08-31
worldforged	515800	7	Azshara|Tanaris|The Gaping Chasm|Un'Goro Crater|Winterspring	1	Area 52 - Free-Pick|Bronzebeard - Warcraft Reborn|Darkmoon - Season 10 Wildcard|Dawnrise - Season 10 Freepick|Rexxar - Conquest of Azeroth|Vol'jin - Conquest of Azeroth	18	2025-10-10	2026-08-27
worldforged	515801	1	Tanaris	1	Area 52 - Free-Pick|Bronzebeard - Warcraft Reborn|Darkmoon - Season 10 Wildcard|Dawnrise - Season 10 Freepick|Rexxar - Conquest of Azeroth|Vol'jin - Conquest of Azeroth	10	2025-10-10	2026-08-27
worldforged	515822	2	Tanaris	1	Area 52 - Free-Pick|Bronzebeard - Warcraft Reborn|Darkmoon - Season 10 Wildcard|Dawnrise - Season 10 Freepick|Rexxar - Conquest of Azeroth|Vol'jin - Conquest of Azeroth	11	2025-10-13	2026-08-27
worldforged	515823	2	Tanaris	1	Area 52 - Free-Pick|Bronzebeard - Warcraft Reborn|Darkmoon - Season 10 Wildcard|Dawnrise - Season 10 Freepick|Rexxar - Conquest of Azeroth|Vol'jin - Conquest of Azeroth	11	2025-10-14	2026-08-26
worldforged	515824	2	Tanaris	1	Area 52 - Free-Pick|Bronzebeard - Warcraft Reborn|Darkmoon - Season 10 Wildcard|Dawnrise - Season 10 Freepick|Rexxar - Conquest of Azeroth|Vol'jin - Conquest of Azeroth	12	2025-10-05	2026-08-28
worldforged	515825	4	Darkshore|Tanaris|Teldrassil	1	Area 52 - Free-Pick|Bronzebeard - Warcraft Reborn|Darkmoon - Season 10 Wildcard|Dawnrise - Season 10 Freepick|Rexxar - Conquest of Azeroth|Vol'jin - Conquest of Azeroth	13	2025-10-05	2026-09-01
worldforged	515826	2	Tanaris	1	Area 52 - Free-Pick|Bronzebeard - Warcraft Reborn|Darkmoon - Season 10 Wildcard|Dawnrise - Season 10 Freepick|Rexxar - Conquest of Azeroth|Vol'jin - Conquest of Azeroth	10	2025-10-09	2026-08-27
worldforged	515827	4	Tanaris	1	Area 52 - Free-Pick|Bronzebeard - Warcraft Reborn|Darkmoon - Season 10 Wildcard|Dawnrise - Season 10 Freepick|Rexxar - Conquest of Azeroth|Vol'jin - Conquest of Azeroth	8	2025-10-20	2026-09-01
worldforged	515828	8	Azshara|Burning Steppes|Felwood|Silithus|Tanaris|Teldrassil|Western Plaguelands|Winterspring	0|1	Area 52 - Free-Pick|Bronzebeard - Warcraft Reborn|Darkmoon - Season 10 Wildcard|Dawnrise - Season 10 Freepick|Rexxar - Conquest of Azeroth|Vol'jin - Conquest of Azeroth	19	2025-10-17	2026-09-01
worldforged	515829	3	Tanaris|Twilight's Run	1	Area 52 - Free-Pick|Bronzebeard - Warcraft Reborn|Darkmoon - Season 10 Wildcard|Dawnrise - Season 10 Freepick|Rexxar - Conquest of Azeroth|Vol'jin - Conquest of Azeroth	10	2025-10-05	2026-08-31
worldforged	515830	1	Tanaris	1	Area 52 - Free-Pick|Bronzebeard - Warcraft Reborn|Darkmoon - Season 10 Wildcard|Dawnrise - Season 10 Freepick|Rexxar - Conquest of Azeroth|Vol'jin - Conquest of Azeroth	11	2025-10-05	2026-08-28
worldforged	515834	1	Tanaris	1	Area 52 - Free-Pick|Bronzebeard - Warcraft Reborn|Darkmoon - Season 10 Wildcard|Dawnrise - Season 10 Freepick|Rexxar - Conquest of Azeroth|Vol'jin - Conquest of Azeroth	11	2025-10-09	2026-08-28
worldforged	515835	3	Tanaris|Teldrassil	1	Area 52 - Free-Pick|Bronzebeard - Warcraft Reborn|Darkmoon - Season 10 Wildcard|Dawnrise - Season 10 Freepick|Rexxar - Conquest of Azeroth|Vol'jin - Conquest of Azeroth	13	2025-10-05	2026-08-28
worldforged	515836	1	Tanaris	1	Area 52 - Free-Pick|Bronzebeard - Warcraft Reborn|Darkmoon - Season 10 Wildcard|Dawnrise - Season 10 Freepick|Rexxar - Conquest of Azeroth|Vol'jin - Conquest of Azeroth	6	2025-10-05	2026-05-20
worldforged	515837	2	Tanaris	1	Area 52 - Free-Pick|Bronzebeard - Warcraft Reborn|Darkmoon - Season 10 Wildcard|Dawnrise - Season 10 Freepick|Rexxar - Conquest of Azeroth|Vol'jin - Conquest of Azeroth	10	2025-10-05	2026-08-28
worldforged	515838	2	Tanaris	1	Area 52 - Free-Pick|Bronzebeard - Warcraft Reborn|Darkmoon - Season 10 Wildcard|Dawnrise - Season 10 Freepick|Rexxar - Conquest of Azeroth|Vol'jin - Conquest of Azeroth	11	2025-10-26	2026-08-28
worldforged	515839	2	Tanaris	1	Area 52 - Free-Pick|Bronzebeard - Warcraft Reborn|Darkmoon - Season 10 Wildcard|Dawnrise - Season 10 Freepick|Rexxar - Conquest of Azeroth|Vol'jin - Conquest of Azeroth	10	2025-10-09	2026-08-30
worldforged	515840	2	Tanaris|Teldrassil	1	Area 52 - Free-Pick|Bronzebeard - Warcraft Reborn|Darkmoon - Season 10 Wildcard|Dawnrise - Season 10 Freepick|Rexxar - Conquest of Azeroth|Vol'jin - Conquest of Azeroth	13	2025-10-18	2026-08-27
worldforged	515841	2	Tanaris	1	Area 52 - Free-Pick|Bronzebeard - Warcraft Reborn|Darkmoon - Season 10 Wildcard|Dawnrise - Season 10 Freepick|Rexxar - Conquest of Azeroth|Vol'jin - Conquest of Azeroth	9	2025-10-09	2026-08-27
worldforged	515842	1	Tanaris	1	Area 52 - Free-Pick|Bronzebeard - Warcraft Reborn|Darkmoon - Season 10 Wildcard|Dawnrise - Season 10 Freepick|Rexxar - Conquest of Azeroth|Vol'jin - Conquest of Azeroth	10	2025-10-11	2026-08-30
worldforged	515843	3	Darkshore|Tanaris|The Exodar	1|530	Area 52 - Free-Pick|Bronzebeard - Warcraft Reborn|Darkmoon - Season 10 Wildcard|Dawnrise - Season 10 Freepick|Rexxar - Conquest of Azeroth|Vol'jin - Conquest of Azeroth	15	2025-10-05	2026-08-28
worldforged	515844	2	Dustwallow Marsh	1	Area 52 - Free-Pick|Darkmoon - Season 10 Wildcard|Dawnrise - Season 10 Freepick|Rexxar - Conquest of Azeroth|Vol'jin - Conquest of Azeroth	10	2025-10-08	2026-08-28
worldforged	515900	2	Burning Steppes|Tanaris	0|1	Area 52 - Free-Pick|Bronzebeard - Warcraft Reborn|Darkmoon - Season 10 Wildcard|Dawnrise - Season 10 Freepick|Rexxar - Conquest of Azeroth|Vol'jin - Conquest of Azeroth	10	2025-10-16	2026-08-28
worldforged	515901	3	Tanaris|Teldrassil	1	Area 52 - Free-Pick|Bronzebeard - Warcraft Reborn|Darkmoon - Season 10 Wildcard|Dawnrise - Season 10 Freepick|Rexxar - Conquest of Azeroth|Vol'jin - Conquest of Azeroth	12	2025-10-05	2026-08-27
worldforged	515902	3	Darkshore|Tanaris	1	Area 52 - Free-Pick|Bronzebeard - Warcraft Reborn|Darkmoon - Season 10 Wildcard|Dawnrise - Season 10 Freepick|Rexxar - Conquest of Azeroth|Vol'jin - Conquest of Azeroth	13	2025-10-09	2026-08-28
worldforged	515903	4	Tanaris|The Exodar	1|530	Area 52 - Free-Pick|Bronzebeard - Warcraft Reborn|Darkmoon - Season 10 Wildcard|Dawnrise - Season 10 Freepick|Rexxar - Conquest of Azeroth|Vol'jin - Conquest of Azeroth	12	2025-10-05	2026-08-29
worldforged	515904	3	Tanaris|The Exodar	1|530	Area 52 - Free-Pick|Bronzebeard - Warcraft Reborn|Darkmoon - Season 10 Wildcard|Dawnrise - Season 10 Freepick|Rexxar - Conquest of Azeroth|Vol'jin - Conquest of Azeroth	13	2025-10-09	2026-08-28
worldforged	515906	4	Darkshore|Feralas|Tanaris	1	Area 52 - Free-Pick|Bronzebeard - Warcraft Reborn|Darkmoon - Season 10 Wildcard|Dawnrise - Season 10 Freepick|Rexxar - Conquest of Azeroth|Vol'jin - Conquest of Azeroth	15	2025-10-05	2026-08-29
worldforged	515909	2	Tanaris	1	Area 52 - Free-Pick|Bronzebeard - Warcraft Reborn|Darkmoon - Season 10 Wildcard|Dawnrise - Season 10 Freepick|Rexxar - Conquest of Azeroth|Vol'jin - Conquest of Azeroth	10	2025-10-09	2026-08-28
worldforged	515954	1	Felwood	1	Area 52 - Free-Pick|Bronzebeard - Warcraft Reborn|Darkmoon - Season 10 Wildcard|Dawnrise - Season 10 Freepick|Rexxar - Conquest of Azeroth|Vol'jin - Conquest of Azeroth	9	2025-10-09	2026-08-29
worldforged	516037	3	Blasted Lands|Eastern Plaguelands	0	Area 52 - Free-Pick|Bronzebeard - Warcraft Reborn|Darkmoon - Season 10 Wildcard|Dawnrise - Season 10 Freepick|Rexxar - Conquest of Azeroth|Vol'jin - Conquest of Azeroth	11	2025-10-08	2026-08-29
worldforged	521000	3	Teldrassil	1	Area 52 - Free-Pick|Darkmoon - Season 10 Wildcard|Dawnrise - Season 10 Freepick|Rexxar - Conquest of Azeroth|Vol'jin - Conquest of Azeroth	9	2025-10-04	2026-08-27
worldforged	521001	4	Ashenvale|Teldrassil|The Gaping Chasm	1	Area 52 - Free-Pick|Bronzebeard - Warcraft Reborn|Darkmoon - Season 10 Wildcard|Dawnrise - Season 10 Freepick|Rexxar - Conquest of Azeroth|Vol'jin - Conquest of Azeroth	14	2025-10-04	2026-08-28
worldforged	521002	3	Blackrock Depths|Teldrassil	1|230	Area 52 - Free-Pick|Bronzebeard - Warcraft Reborn|Darkmoon - Season 10 Wildcard|Dawnrise - Season 10 Freepick|Rexxar - Conquest of Azeroth|Vol'jin - Conquest of Azeroth	13	2025-10-05	2026-08-30
worldforged	521003	1	Teldrassil	1	Area 52 - Free-Pick|Bronzebeard - Warcraft Reborn|Darkmoon - Season 10 Wildcard|Dawnrise - Season 10 Freepick|Rexxar - Conquest of Azeroth|Vol'jin - Conquest of Azeroth	10	2025-10-04	2026-08-28
worldforged	521004	1	Teldrassil	1	Area 52 - Free-Pick|Bronzebeard - Warcraft Reborn|Darkmoon - Season 10 Wildcard|Dawnrise - Season 10 Freepick|Rexxar - Conquest of Azeroth|Vol'jin - Conquest of Azeroth	10	2025-10-04	2026-08-29
worldforged	521005	3	Teldrassil|The Gaping Chasm	1	Area 52 - Free-Pick|Bronzebeard - Warcraft Reborn|Darkmoon - Season 10 Wildcard|Dawnrise - Season 10 Freepick|Rexxar - Conquest of Azeroth|Vol'jin - Conquest of Azeroth	13	2025-10-18	2026-08-28
worldforged	521007	1	Teldrassil	1	Area 52 - Free-Pick|Bronzebeard - Warcraft Reborn|Darkmoon - Season 10 Wildcard|Dawnrise - Season 10 Freepick|Rexxar - Conquest of Azeroth|Vol'jin - Conquest of Azeroth	11	2025-10-04	2026-08-28
worldforged	521008	8	Ban'ethil Barrow Den|Durotar|Teldrassil	1	Area 52 - Free-Pick|Bronzebeard - Warcraft Reborn|Darkmoon - Season 10 Wildcard|Dawnrise - Season 10 Freepick|Rexxar - Conquest of Azeroth|Vol'jin - Conquest of Azeroth	19	2025-10-19	2026-08-30
worldforged	521009	1	Teldrassil	1	Area 52 - Free-Pick|Bronzebeard - Warcraft Reborn|Darkmoon - Season 10 Wildcard|Dawnrise - Season 10 Freepick|Rexxar - Conquest of Azeroth|Vol'jin - Conquest of Azeroth	8	2025-10-04	2026-08-03
worldforged	521010	2	Teldrassil|The Gaping Chasm	1	Area 52 - Free-Pick|Bronzebeard - Warcraft Reborn|Darkmoon - Season 10 Wildcard|Dawnrise - Season 10 Freepick|Rexxar - Conquest of Azeroth|Vol'jin - Conquest of Azeroth	12	2025-10-04	2026-08-28
worldforged	521011	2	Teldrassil	1	Area 52 - Free-Pick|Bronzebeard - Warcraft Reborn|Darkmoon - Season 10 Wildcard|Dawnrise - Season 10 Freepick|Rexxar - Conquest of Azeroth|Vol'jin - Conquest of Azeroth	12	2025-10-04	2026-08-27
worldforged	521012	4	Ashenvale|Desolace|Teldrassil	1	Area 52 - Free-Pick|Bronzebeard - Warcraft Reborn|Darkmoon - Season 10 Wildcard|Dawnrise - Season 10 Freepick|Rexxar - Conquest of Azeroth|Vol'jin - Conquest of Azeroth	12	2025-10-04	2026-08-29
worldforged	521013	1	Teldrassil	1	Area 52 - Free-Pick|Bronzebeard - Warcraft Reborn|Darkmoon - Season 10 Wildcard|Dawnrise - Season 10 Freepick|Rexxar - Conquest of Azeroth|Vol'jin - Conquest of Azeroth	9	2025-10-04	2026-08-28
worldforged	521014	9	Fel Rock|Feralas|Teldrassil	1	Area 52 - Free-Pick|Bronzebeard - Warcraft Reborn|Darkmoon - Season 10 Wildcard|Dawnrise - Season 10 Freepick|Rexxar - Conquest of Azeroth|Vol'jin - Conquest of Azeroth	17	2025-10-19	2026-08-27
worldforged	521026	3	Ashenvale|Teldrassil	1	Area 52 - Free-Pick|Bronzebeard - Warcraft Reborn|Darkmoon - Season 10 Wildcard|Dawnrise - Season 10 Freepick|Rexxar - Conquest of Azeroth|Vol'jin - Conquest of Azeroth	12	2025-10-04	2026-08-30
worldforged	521027	2	Tirisfal Glades	0	Area 52 - Free-Pick|Bronzebeard - Warcraft Reborn|Darkmoon - Season 10 Wildcard|Dawnrise - Season 10 Freepick|Rexxar - Conquest of Azeroth|Vol'jin - Conquest of Azeroth	10	2025-10-05	2026-08-27
worldforged	521028	2	The Deadmines|Tirisfal Glades	0|36	Area 52 - Free-Pick|Bronzebeard - Warcraft Reborn|Darkmoon - Season 10 Wildcard|Dawnrise - Season 10 Freepick|Rexxar - Conquest of Azeroth|Vol'jin - Conquest of Azeroth	12	2025-10-04	2026-08-31
worldforged	521029	6	Badlands|Razorfen Kraul|The Deadmines|The Grizzled Den|Tirisfal Glades	0|36|47	Area 52 - Free-Pick|Bronzebeard - Warcraft Reborn|Darkmoon - Season 10 Wildcard|Dawnrise - Season 10 Freepick|Rexxar - Conquest of Azeroth|Vol'jin - Conquest of Azeroth	21	2025-10-04	2026-08-29
worldforged	521030	5	Deathknell|Razorfen Kraul|The Grizzled Den|Tirisfal Glades	0|47	Area 52 - Free-Pick|Bronzebeard - Warcraft Reborn|Darkmoon - Season 10 Wildcard|Dawnrise - Season 10 Freepick|Rexxar - Conquest of Azeroth|Vol'jin - Conquest of Azeroth	21	2025-10-04	2026-08-31
worldforged	521031	1	Tirisfal Glades	0	Area 52 - Free-Pick|Bronzebeard - Warcraft Reborn|Darkmoon - Season 10 Wildcard|Dawnrise - Season 10 Freepick|Rexxar - Conquest of Azeroth|Vol'jin - Conquest of Azeroth	10	2025-10-05	2026-08-29
worldforged	521033	6	The Grizzled Den|Tirisfal Glades|Wailing Caverns|Western Plaguelands	0|43	Area 52 - Free-Pick|Bronzebeard - Warcraft Reborn|Darkmoon - Season 10 Wildcard|Dawnrise - Season 10 Freepick|Rexxar - Conquest of Azeroth|Vol'jin - Conquest of Azeroth	20	2025-10-04	2026-08-30
worldforged	521034	4	The Grizzled Den|Tirisfal Glades	0	Area 52 - Free-Pick|Bronzebeard - Warcraft Reborn|Darkmoon - Season 10 Wildcard|Dawnrise - Season 10 Freepick|Rexxar - Conquest of Azeroth|Vol'jin - Conquest of Azeroth	17	2025-10-03	2026-08-31
worldforged	521036	3	Tirisfal Glades|Western Plaguelands	0	Area 52 - Free-Pick|Bronzebeard - Warcraft Reborn|Darkmoon - Season 10 Wildcard|Dawnrise - Season 10 Freepick|Rexxar - Conquest of Azeroth|Vol'jin - Conquest of Azeroth	12	2025-10-04	2026-08-27
worldforged	521040	3	Tirisfal Glades|Wailing Caverns	0|43	Area 52 - Free-Pick|Bronzebeard - Warcraft Reborn|Darkmoon - Season 10 Wildcard|Dawnrise - Season 10 Freepick|Rexxar - Conquest of Azeroth|Vol'jin - Conquest of Azeroth	11	2025-10-04	2026-08-28
worldforged	521042	2	Arathi Highlands|Eversong Woods	0|530	Rexxar - Conquest of Azeroth|Vol'jin - Conquest of Azeroth	3	2025-11-09	2026-01-27
worldforged	521044	1	Eversong Woods	530	Rexxar - Conquest of Azeroth|Vol'jin - Conquest of Azeroth	2	2025-12-12	2025-12-12
worldforged	521047	1	Arathi Highlands	0	Vol'jin - Conquest of Azeroth	1	2025-11-08	2025-11-08
worldforged	521049	1	Arathi Highlands	0	Rexxar - Conquest of Azeroth|Vol'jin - Conquest of Azeroth	2	2025-11-07	2025-11-07
worldforged	521050	1	Arathi Highlands	0	Vol'jin - Conquest of Azeroth	1	2025-11-21	2025-11-21
worldforged	521059	1	Mulgore	1	Area 52 - Free-Pick|Bronzebeard - Warcraft Reborn|Darkmoon - Season 10 Wildcard|Dawnrise - Season 10 Freepick|Rexxar - Conquest of Azeroth|Vol'jin - Conquest of Azeroth	12	2025-10-05	2026-08-28
worldforged	521060	1	Mulgore	1	Area 52 - Free-Pick|Bronzebeard - Warcraft Reborn|Darkmoon - Season 10 Wildcard|Dawnrise - Season 10 Freepick|Rexxar - Conquest of Azeroth|Vol'jin - Conquest of Azeroth	11	2025-11-22	2026-08-30
worldforged	521063	6	Mulgore|Palemane Rock|The Barrens	1	Area 52 - Free-Pick|Bronzebeard - Warcraft Reborn|Darkmoon - Season 10 Wildcard|Dawnrise - Season 10 Freepick|Rexxar - Conquest of Azeroth|Vol'jin - Conquest of Azeroth	16	2025-10-09	2026-08-31
worldforged	521064	1	Mulgore	1	Area 52 - Free-Pick|Bronzebeard - Warcraft Reborn|Darkmoon - Season 10 Wildcard|Dawnrise - Season 10 Freepick|Rexxar - Conquest of Azeroth|Vol'jin - Conquest of Azeroth	11	2025-10-05	2026-08-29
worldforged	521065	1	Ashenvale	1	Area 52 - Free-Pick|Darkmoon - Season 10 Wildcard|Dawnrise - Season 10 Freepick|Rexxar - Conquest of Azeroth|Vol'jin - Conquest of Azeroth	5	2026-07-06	2026-07-06
worldforged	521066	3	Mulgore|Red Cloud Mesa	1	Area 52 - Free-Pick|Bronzebeard - Warcraft Reborn|Darkmoon - Season 10 Wildcard|Dawnrise - Season 10 Freepick|Rexxar - Conquest of Azeroth|Vol'jin - Conquest of Azeroth	14	2026-04-11	2026-08-28
worldforged	521067	7	Mulgore|Palemane Rock|The Barrens|Westfall	0|1	Area 52 - Free-Pick|Bronzebeard - Warcraft Reborn|Darkmoon - Season 10 Wildcard|Dawnrise - Season 10 Freepick|Rexxar - Conquest of Azeroth|Vol'jin - Conquest of Azeroth	18	2025-10-05	2026-08-30
worldforged	521068	3	Mulgore|Red Cloud Mesa	1	Area 52 - Free-Pick|Bronzebeard - Warcraft Reborn|Darkmoon - Season 10 Wildcard|Dawnrise - Season 10 Freepick|Rexxar - Conquest of Azeroth|Vol'jin - Conquest of Azeroth	12	2025-10-11	2026-08-28
worldforged	521069	1	Mulgore	1	Area 52 - Free-Pick|Bronzebeard - Warcraft Reborn|Darkmoon - Season 10 Wildcard|Dawnrise - Season 10 Freepick|Rexxar - Conquest of Azeroth|Vol'jin - Conquest of Azeroth	6	2025-10-05	2026-05-20
worldforged	521071	2	Mulgore|Red Cloud Mesa	1	Area 52 - Free-Pick|Bronzebeard - Warcraft Reborn|Darkmoon - Season 10 Wildcard|Dawnrise - Season 10 Freepick|Rexxar - Conquest of Azeroth|Vol'jin - Conquest of Azeroth	13	2025-10-05	2026-08-30
worldforged	521072	1	Mulgore	1	Area 52 - Free-Pick|Bronzebeard - Warcraft Reborn|Darkmoon - Season 10 Wildcard|Dawnrise - Season 10 Freepick|Rexxar - Conquest of Azeroth|Vol'jin - Conquest of Azeroth	11	2025-10-29	2026-08-27
worldforged	521073	3	Mulgore|Red Cloud Mesa	1	Area 52 - Free-Pick|Bronzebeard - Warcraft Reborn|Darkmoon - Season 10 Wildcard|Dawnrise - Season 10 Freepick|Rexxar - Conquest of Azeroth|Vol'jin - Conquest of Azeroth	13	2025-10-05	2026-08-28
worldforged	521074	1	Mulgore	1	Area 52 - Free-Pick|Bronzebeard - Warcraft Reborn|Darkmoon - Season 10 Wildcard|Dawnrise - Season 10 Freepick|Rexxar - Conquest of Azeroth|Vol'jin - Conquest of Azeroth	12	2025-10-17	2026-08-27
worldforged	521075	1	Mulgore	1	Area 52 - Free-Pick|Darkmoon - Season 10 Wildcard|Dawnrise - Season 10 Freepick|Rexxar - Conquest of Azeroth|Vol'jin - Conquest of Azeroth	9	2025-10-05	2026-08-27
worldforged	521076	1	Mulgore	1	Area 52 - Free-Pick|Bronzebeard - Warcraft Reborn|Darkmoon - Season 10 Wildcard|Dawnrise - Season 10 Freepick|Rexxar - Conquest of Azeroth|Vol'jin - Conquest of Azeroth	11	2025-10-05	2026-08-31
worldforged	521078	3	Mulgore	1	Area 52 - Free-Pick|Darkmoon - Season 10 Wildcard|Dawnrise - Season 10 Freepick|Rexxar - Conquest of Azeroth|Vol'jin - Conquest of Azeroth	6	2026-04-26	2026-05-07
worldforged	521079	2	Durotar	1	Area 52 - Free-Pick|Bronzebeard - Warcraft Reborn|Darkmoon - Season 10 Wildcard|Dawnrise - Season 10 Freepick|Rexxar - Conquest of Azeroth|Vol'jin - Conquest of Azeroth	13	2025-10-04	2026-08-29
worldforged	521080	1	Durotar	1	Area 52 - Free-Pick|Bronzebeard - Warcraft Reborn|Darkmoon - Season 10 Wildcard|Dawnrise - Season 10 Freepick|Rexxar - Conquest of Azeroth|Vol'jin - Conquest of Azeroth	11	2025-10-04	2026-08-29
worldforged	521081	3	Durotar|The Barrens	1	Area 52 - Free-Pick|Bronzebeard - Warcraft Reborn|Darkmoon - Season 10 Wildcard|Dawnrise - Season 10 Freepick|Rexxar - Conquest of Azeroth|Vol'jin - Conquest of Azeroth	13	2025-10-05	2026-08-31
worldforged	521082	3	Durotar|The Barrens	1	Area 52 - Free-Pick|Bronzebeard - Warcraft Reborn|Darkmoon - Season 10 Wildcard|Dawnrise - Season 10 Freepick|Rexxar - Conquest of Azeroth|Vol'jin - Conquest of Azeroth	12	2025-10-04	2026-09-01
worldforged	521083	1	Durotar	1	Area 52 - Free-Pick|Bronzebeard - Warcraft Reborn|Darkmoon - Season 10 Wildcard|Dawnrise - Season 10 Freepick|Rexxar - Conquest of Azeroth|Vol'jin - Conquest of Azeroth	11	2025-10-05	2026-08-28
worldforged	521084	2	Durotar	1	Area 52 - Free-Pick|Bronzebeard - Warcraft Reborn|Darkmoon - Season 10 Wildcard|Dawnrise - Season 10 Freepick|Rexxar - Conquest of Azeroth|Vol'jin - Conquest of Azeroth	10	2025-10-04	2026-08-28
worldforged	521089	3	Durotar|Dustwind Cave|Fel Rock	1	Area 52 - Free-Pick|Bronzebeard - Warcraft Reborn|Darkmoon - Season 10 Wildcard|Dawnrise - Season 10 Freepick|Rexxar - Conquest of Azeroth|Vol'jin - Conquest of Azeroth	17	2025-10-05	2026-08-30
worldforged	521092	6	Arathi Highlands|Durotar|Dustwallow Marsh|The Barrens	0|1	Area 52 - Free-Pick|Bronzebeard - Warcraft Reborn|Darkmoon - Season 10 Wildcard|Dawnrise - Season 10 Freepick|Rexxar - Conquest of Azeroth|Vol'jin - Conquest of Azeroth	17	2025-10-04	2026-08-31
worldforged	521094	1	Azuremyst Isle	530	Vol'jin - Conquest of Azeroth	1	2026-01-21	2026-01-21
worldforged	521096	1	Azuremyst Isle	530	Vol'jin - Conquest of Azeroth	1	2026-02-14	2026-02-14
worldforged	521101	1	Azuremyst Isle	530	Vol'jin - Conquest of Azeroth	1	2025-11-24	2025-11-24
worldforged	521104	1	Azuremyst Isle	530	Vol'jin - Conquest of Azeroth	1	2025-11-24	2025-11-24
worldforged	521106	1	Azuremyst Isle	530	Vol'jin - Conquest of Azeroth	1	2025-11-24	2025-11-24
worldforged	521109	1	Azuremyst Isle	530	Vol'jin - Conquest of Azeroth	1	2025-12-19	2025-12-19
worldforged	521112	1	Azuremyst Isle	530	Vol'jin - Conquest of Azeroth	1	2026-03-03	2026-03-03
worldforged	521115	3	Arathi Highlands|Elwynn Forest|Fargodeep Mine	0	Area 52 - Free-Pick|Bronzebeard - Warcraft Reborn|Darkmoon - Season 10 Wildcard|Dawnrise - Season 10 Freepick|Rexxar - Conquest of Azeroth|Vol'jin - Conquest of Azeroth	15	2025-10-04	2026-08-28
worldforged	521116	4	Badlands|Elwynn Forest|Fargodeep Mine	0	Area 52 - Free-Pick|Bronzebeard - Warcraft Reborn|Darkmoon - Season 10 Wildcard|Dawnrise - Season 10 Freepick|Rexxar - Conquest of Azeroth|Vol'jin - Conquest of Azeroth	15	2025-10-05	2026-08-29
worldforged	521118	4	Alterac Mountains|Badlands|Elwynn Forest|Fargodeep Mine	0	Area 52 - Free-Pick|Darkmoon - Season 10 Wildcard|Dawnrise - Season 10 Freepick|Rexxar - Conquest of Azeroth|Vol'jin - Conquest of Azeroth	13	2025-10-05	2026-08-28
worldforged	521121	4	Badlands|Elwynn Forest|Fargodeep Mine	0	Area 52 - Free-Pick|Bronzebeard - Warcraft Reborn|Darkmoon - Season 10 Wildcard|Dawnrise - Season 10 Freepick|Rexxar - Conquest of Azeroth|Vol'jin - Conquest of Azeroth	14	2025-10-04	2026-08-28
worldforged	521122	5	Elwynn Forest|Eversong Woods|Fargodeep Mine	0|530	Area 52 - Free-Pick|Bronzebeard - Warcraft Reborn|Darkmoon - Season 10 Wildcard|Dawnrise - Season 10 Freepick|Rexxar - Conquest of Azeroth|Vol'jin - Conquest of Azeroth	15	2025-10-04	2026-08-28
worldforged	521123	6	Badlands|Blasted Lands|Elwynn Forest|Eversong Woods|Fargodeep Mine	0|530	Area 52 - Free-Pick|Bronzebeard - Warcraft Reborn|Darkmoon - Season 10 Wildcard|Dawnrise - Season 10 Freepick|Rexxar - Conquest of Azeroth|Vol'jin - Conquest of Azeroth	18	2025-10-04	2026-09-02
worldforged	521127	2	Elwynn Forest	0	Area 52 - Free-Pick|Bronzebeard - Warcraft Reborn|Darkmoon - Season 10 Wildcard|Dawnrise - Season 10 Freepick|Rexxar - Conquest of Azeroth|Vol'jin - Conquest of Azeroth	12	2025-10-05	2026-08-28
worldforged	521128	2	Elwynn Forest	0	Area 52 - Free-Pick|Bronzebeard - Warcraft Reborn|Darkmoon - Season 10 Wildcard|Dawnrise - Season 10 Freepick|Rexxar - Conquest of Azeroth|Vol'jin - Conquest of Azeroth	13	2025-10-05	2026-08-28
worldforged	521130	2	Silverpine Forest|Swamp of Sorrows	0	Area 52 - Free-Pick|Bronzebeard - Warcraft Reborn|Darkmoon - Season 10 Wildcard|Dawnrise - Season 10 Freepick|Rexxar - Conquest of Azeroth|Vol'jin - Conquest of Azeroth	13	2025-10-04	2026-08-28
worldforged	521131	3	Silverpine Forest	0	Area 52 - Free-Pick|Bronzebeard - Warcraft Reborn|Darkmoon - Season 10 Wildcard|Dawnrise - Season 10 Freepick|Rexxar - Conquest of Azeroth|Vol'jin - Conquest of Azeroth	11	2025-10-11	2026-08-29
worldforged	521132	2	Silverpine Forest|Swamp of Sorrows	0	Area 52 - Free-Pick|Bronzebeard - Warcraft Reborn|Darkmoon - Season 10 Wildcard|Dawnrise - Season 10 Freepick|Rexxar - Conquest of Azeroth|Vol'jin - Conquest of Azeroth	12	2025-10-05	2026-08-29
worldforged	521133	3	Hillsbrad Foothills|Silverpine Forest	0	Area 52 - Free-Pick|Bronzebeard - Warcraft Reborn|Darkmoon - Season 10 Wildcard|Dawnrise - Season 10 Freepick|Rexxar - Conquest of Azeroth|Vol'jin - Conquest of Azeroth	12	2025-10-04	2026-08-28
worldforged	521139	5	Loch Modan|Silverpine Forest|Sunstrider Isle|Swamp of Sorrows	0|530	Area 52 - Free-Pick|Bronzebeard - Warcraft Reborn|Darkmoon - Season 10 Wildcard|Dawnrise - Season 10 Freepick|Rexxar - Conquest of Azeroth|Vol'jin - Conquest of Azeroth	17	2025-10-05	2026-09-03
worldforged	521140	5	Loch Modan|Silverpine Forest|Sunstrider Isle|Swamp of Sorrows	0|530	Area 52 - Free-Pick|Bronzebeard - Warcraft Reborn|Darkmoon - Season 10 Wildcard|Dawnrise - Season 10 Freepick|Rexxar - Conquest of Azeroth|Vol'jin - Conquest of Azeroth	14	2025-10-13	2026-08-28
worldforged	521142	3	Loch Modan|Northshire Valley	0	Area 52 - Free-Pick|Bronzebeard - Warcraft Reborn|Darkmoon - Season 10 Wildcard|Dawnrise - Season 10 Freepick|Rexxar - Conquest of Azeroth|Vol'jin - Conquest of Azeroth	14	2025-10-13	2026-08-28
worldforged	521143	1	Loch Modan	0	Area 52 - Free-Pick|Bronzebeard - Warcraft Reborn|Darkmoon - Season 10 Wildcard|Dawnrise - Season 10 Freepick|Rexxar - Conquest of Azeroth|Vol'jin - Conquest of Azeroth	12	2025-10-05	2026-08-27
worldforged	521144	4	Dun Morogh|Loch Modan|Northshire Valley|Searing Gorge	0	Area 52 - Free-Pick|Bronzebeard - Warcraft Reborn|Darkmoon - Season 10 Wildcard|Dawnrise - Season 10 Freepick|Rexxar - Conquest of Azeroth|Vol'jin - Conquest of Azeroth	18	2025-10-05	2026-08-29
worldforged	521145	4	Dun Morogh|Loch Modan|Searing Gorge	0	Area 52 - Free-Pick|Darkmoon - Season 10 Wildcard|Dawnrise - Season 10 Freepick|Rexxar - Conquest of Azeroth|Vol'jin - Conquest of Azeroth	14	2025-10-05	2026-08-27
worldforged	521146	6	Loch Modan|Northshire Valley|Searing Gorge|The Hinterlands	0	Area 52 - Free-Pick|Bronzebeard - Warcraft Reborn|Darkmoon - Season 10 Wildcard|Dawnrise - Season 10 Freepick|Rexxar - Conquest of Azeroth|Vol'jin - Conquest of Azeroth	17	2025-10-05	2026-08-28
worldforged	521147	4	Dun Morogh|Loch Modan|Searing Gorge	0	Area 52 - Free-Pick|Bronzebeard - Warcraft Reborn|Darkmoon - Season 10 Wildcard|Dawnrise - Season 10 Freepick|Rexxar - Conquest of Azeroth|Vol'jin - Conquest of Azeroth	14	2025-10-05	2026-08-31
worldforged	521150	2	Loch Modan|Searing Gorge	0	Area 52 - Free-Pick|Bronzebeard - Warcraft Reborn|Darkmoon - Season 10 Wildcard|Dawnrise - Season 10 Freepick|Rexxar - Conquest of Azeroth|Vol'jin - Conquest of Azeroth	15	2025-10-05	2026-08-27
worldforged	521151	3	Loch Modan|Searing Gorge	0	Area 52 - Free-Pick|Bronzebeard - Warcraft Reborn|Darkmoon - Season 10 Wildcard|Dawnrise - Season 10 Freepick|Rexxar - Conquest of Azeroth|Vol'jin - Conquest of Azeroth	12	2025-10-05	2026-08-15
worldforged	521153	4	Loch Modan|Northshire Valley|The Hinterlands	0	Area 52 - Free-Pick|Bronzebeard - Warcraft Reborn|Darkmoon - Season 10 Wildcard|Dawnrise - Season 10 Freepick|Rexxar - Conquest of Azeroth|Vol'jin - Conquest of Azeroth	15	2025-10-05	2026-08-28
worldforged	521154	3	Loch Modan|Searing Gorge	0	Area 52 - Free-Pick|Bronzebeard - Warcraft Reborn|Darkmoon - Season 10 Wildcard|Dawnrise - Season 10 Freepick|Rexxar - Conquest of Azeroth|Vol'jin - Conquest of Azeroth	13	2025-10-04	2026-08-25
worldforged	521155	4	Loch Modan|Northshire Valley|The Hinterlands	0	Area 52 - Free-Pick|Bronzebeard - Warcraft Reborn|Darkmoon - Season 10 Wildcard|Dawnrise - Season 10 Freepick|Rexxar - Conquest of Azeroth|Vol'jin - Conquest of Azeroth	14	2025-10-05	2026-08-27
worldforged	521156	2	Loch Modan|Northshire Valley	0	Area 52 - Free-Pick|Bronzebeard - Warcraft Reborn|Darkmoon - Season 10 Wildcard|Dawnrise - Season 10 Freepick|Rexxar - Conquest of Azeroth|Vol'jin - Conquest of Azeroth	14	2025-10-04	2026-08-26
worldforged	521157	3	Eastern Plaguelands|Loch Modan|Searing Gorge	0	Area 52 - Free-Pick|Bronzebeard - Warcraft Reborn|Darkmoon - Season 10 Wildcard|Dawnrise - Season 10 Freepick|Rexxar - Conquest of Azeroth|Vol'jin - Conquest of Azeroth	15	2025-10-14	2026-08-28
worldforged	521158	1	Darkshore	1	Area 52 - Free-Pick|Bronzebeard - Warcraft Reborn|Darkmoon - Season 10 Wildcard|Dawnrise - Season 10 Freepick|Rexxar - Conquest of Azeroth|Vol'jin - Conquest of Azeroth	10	2025-10-05	2026-08-27
worldforged	521159	2	Coldridge Valley|Darkshore	0|1	Area 52 - Free-Pick|Bronzebeard - Warcraft Reborn|Darkmoon - Season 10 Wildcard|Dawnrise - Season 10 Freepick|Rexxar - Conquest of Azeroth|Vol'jin - Conquest of Azeroth	11	2025-10-04	2026-07-30
worldforged	521160	2	Darkshore	1	Area 52 - Free-Pick|Bronzebeard - Warcraft Reborn|Darkmoon - Season 10 Wildcard|Dawnrise - Season 10 Freepick|Rexxar - Conquest of Azeroth|Vol'jin - Conquest of Azeroth	10	2025-10-15	2026-08-26
worldforged	521161	1	Darkshore	1	Area 52 - Free-Pick|Bronzebeard - Warcraft Reborn|Darkmoon - Season 10 Wildcard|Dawnrise - Season 10 Freepick|Rexxar - Conquest of Azeroth|Vol'jin - Conquest of Azeroth	12	2025-10-15	2026-08-28
worldforged	521162	2	Darkshore	1	Area 52 - Free-Pick|Bronzebeard - Warcraft Reborn|Darkmoon - Season 10 Wildcard|Dawnrise - Season 10 Freepick|Rexxar - Conquest of Azeroth|Vol'jin - Conquest of Azeroth	11	2025-10-15	2026-08-28
worldforged	521163	2	Darkshore	1	Area 52 - Free-Pick|Bronzebeard - Warcraft Reborn|Darkmoon - Season 10 Wildcard|Dawnrise - Season 10 Freepick|Rexxar - Conquest of Azeroth|Vol'jin - Conquest of Azeroth	11	2025-10-05	2026-08-28
worldforged	521164	1	Darkshore	1	Area 52 - Free-Pick|Bronzebeard - Warcraft Reborn|Darkmoon - Season 10 Wildcard|Dawnrise - Season 10 Freepick|Rexxar - Conquest of Azeroth|Vol'jin - Conquest of Azeroth	10	2025-10-03	2026-08-28
worldforged	521165	1	Darkshore	1	Area 52 - Free-Pick|Bronzebeard - Warcraft Reborn|Darkmoon - Season 10 Wildcard|Dawnrise - Season 10 Freepick|Rexxar - Conquest of Azeroth|Vol'jin - Conquest of Azeroth	11	2025-10-04	2026-08-28
worldforged	521166	2	Darkshore	1	Area 52 - Free-Pick|Bronzebeard - Warcraft Reborn|Darkmoon - Season 10 Wildcard|Dawnrise - Season 10 Freepick|Rexxar - Conquest of Azeroth|Vol'jin - Conquest of Azeroth	11	2025-10-15	2026-08-29
worldforged	521169	1	Bloodmyst Isle	530	Rexxar - Conquest of Azeroth|Vol'jin - Conquest of Azeroth	2	2025-12-19	2025-12-19
worldforged	521172	1	Bloodmyst Isle	530	Vol'jin - Conquest of Azeroth	1	2025-12-19	2025-12-19
worldforged	521178	1	Ghostlands	530	Rexxar - Conquest of Azeroth|Vol'jin - Conquest of Azeroth	2	2025-12-07	2025-12-07
worldforged	521179	1	Ghostlands	530	Rexxar - Conquest of Azeroth|Vol'jin - Conquest of Azeroth	2	2025-12-08	2025-12-08
worldforged	521180	1	Ghostlands	530	Vol'jin - Conquest of Azeroth	1	2025-12-11	2025-12-11
worldforged	521182	1	Ghostlands	530	Rexxar - Conquest of Azeroth|Vol'jin - Conquest of Azeroth	2	2025-12-11	2025-12-11
worldforged	521188	2	The Barrens	1	Area 52 - Free-Pick|Darkmoon - Season 10 Wildcard|Dawnrise - Season 10 Freepick|Rexxar - Conquest of Azeroth|Vol'jin - Conquest of Azeroth	11	2025-10-04	2026-09-04
worldforged	521189	6	Stonetalon Mountains|The Barrens|The Deadmines|The Noxious Lair	1|36	Area 52 - Free-Pick|Bronzebeard - Warcraft Reborn|Darkmoon - Season 10 Wildcard|Dawnrise - Season 10 Freepick|Rexxar - Conquest of Azeroth|Vol'jin - Conquest of Azeroth	16	2025-10-04	2026-09-01
worldforged	521190	1	The Barrens	1	Area 52 - Free-Pick|Darkmoon - Season 10 Wildcard|Dawnrise - Season 10 Freepick|Rexxar - Conquest of Azeroth|Vol'jin - Conquest of Azeroth	12	2025-10-05	2026-09-02
worldforged	521191	2	The Barrens	1	Area 52 - Free-Pick|Bronzebeard - Warcraft Reborn|Darkmoon - Season 10 Wildcard|Dawnrise - Season 10 Freepick|Rexxar - Conquest of Azeroth|Vol'jin - Conquest of Azeroth	11	2025-10-04	2026-08-29
worldforged	521192	2	The Barrens	1	Area 52 - Free-Pick|Bronzebeard - Warcraft Reborn|Darkmoon - Season 10 Wildcard|Dawnrise - Season 10 Freepick|Rexxar - Conquest of Azeroth|Vol'jin - Conquest of Azeroth	11	2025-10-05	2026-08-29
worldforged	521193	2	The Barrens|The Exodar	1|530	Area 52 - Free-Pick|Bronzebeard - Warcraft Reborn|Darkmoon - Season 10 Wildcard|Dawnrise - Season 10 Freepick|Rexxar - Conquest of Azeroth|Vol'jin - Conquest of Azeroth	8	2025-10-04	2026-05-20
worldforged	521194	2	The Barrens|The Exodar	1|530	Area 52 - Free-Pick|Bronzebeard - Warcraft Reborn|Darkmoon - Season 10 Wildcard|Dawnrise - Season 10 Freepick|Rexxar - Conquest of Azeroth|Vol'jin - Conquest of Azeroth	9	2025-10-05	2026-08-22
worldforged	521195	3	The Barrens|The Noxious Lair	1	Area 52 - Free-Pick|Bronzebeard - Warcraft Reborn|Darkmoon - Season 10 Wildcard|Dawnrise - Season 10 Freepick|Rexxar - Conquest of Azeroth|Vol'jin - Conquest of Azeroth	18	2025-10-05	2026-08-27
worldforged	521196	2	The Barrens|The Noxious Lair	1	Area 52 - Free-Pick|Bronzebeard - Warcraft Reborn|Darkmoon - Season 10 Wildcard|Dawnrise - Season 10 Freepick|Rexxar - Conquest of Azeroth|Vol'jin - Conquest of Azeroth	16	2025-10-14	2026-08-28
worldforged	521197	2	The Barrens	1	Area 52 - Free-Pick|Bronzebeard - Warcraft Reborn|Darkmoon - Season 10 Wildcard|Dawnrise - Season 10 Freepick|Rexxar - Conquest of Azeroth|Vol'jin - Conquest of Azeroth	12	2025-10-04	2026-08-29
worldforged	521198	7	Dire Maul|Stratholme|The Barrens|The Noxious Lair|Wetlands	0|1|329|429	Area 52 - Free-Pick|Bronzebeard - Warcraft Reborn|Darkmoon - Season 10 Wildcard|Dawnrise - Season 10 Freepick|Rexxar - Conquest of Azeroth|Vol'jin - Conquest of Azeroth	18	2025-10-14	2026-08-28
worldforged	521199	2	The Barrens|The Noxious Lair	1	Area 52 - Free-Pick|Bronzebeard - Warcraft Reborn|Darkmoon - Season 10 Wildcard|Dawnrise - Season 10 Freepick|Rexxar - Conquest of Azeroth|Vol'jin - Conquest of Azeroth	11	2025-10-04	2026-08-30
worldforged	521200	1	The Barrens	1	Area 52 - Free-Pick|Bronzebeard - Warcraft Reborn|Darkmoon - Season 10 Wildcard|Dawnrise - Season 10 Freepick|Rexxar - Conquest of Azeroth|Vol'jin - Conquest of Azeroth	10	2025-10-28	2026-08-28
worldforged	521201	1	The Barrens	1	Area 52 - Free-Pick|Bronzebeard - Warcraft Reborn|Darkmoon - Season 10 Wildcard|Dawnrise - Season 10 Freepick|Rexxar - Conquest of Azeroth|Vol'jin - Conquest of Azeroth	11	2025-10-08	2026-08-27
worldforged	521203	4	Shadowfang Keep|The Barrens	1|33	Area 52 - Free-Pick|Bronzebeard - Warcraft Reborn|Darkmoon - Season 10 Wildcard|Dawnrise - Season 10 Freepick|Rexxar - Conquest of Azeroth|Vol'jin - Conquest of Azeroth	13	2025-10-05	2026-08-28
worldforged	521204	4	Shadowfang Keep|The Barrens|The Noxious Lair	1|33	Area 52 - Free-Pick|Bronzebeard - Warcraft Reborn|Darkmoon - Season 10 Wildcard|Dawnrise - Season 10 Freepick|Rexxar - Conquest of Azeroth|Vol'jin - Conquest of Azeroth	15	2025-10-04	2026-08-28
worldforged	521205	3	The Barrens|The Noxious Lair	1	Area 52 - Free-Pick|Darkmoon - Season 10 Wildcard|Dawnrise - Season 10 Freepick|Rexxar - Conquest of Azeroth|Vol'jin - Conquest of Azeroth	20	2025-10-04	2026-09-01
worldforged	521206	2	Sunstrider Isle|The Barrens	1|530	Area 52 - Free-Pick|Bronzebeard - Warcraft Reborn|Darkmoon - Season 10 Wildcard|Dawnrise - Season 10 Freepick|Rexxar - Conquest of Azeroth|Vol'jin - Conquest of Azeroth	10	2025-10-04	2026-08-27
worldforged	521208	3	Deadwind Pass|Redridge Mountains	0	Area 52 - Free-Pick|Bronzebeard - Warcraft Reborn|Darkmoon - Season 10 Wildcard|Dawnrise - Season 10 Freepick|Rexxar - Conquest of Azeroth|Vol'jin - Conquest of Azeroth	11	2025-10-04	2026-08-28
worldforged	521209	5	Burning Steppes|Redridge Mountains|Secret Inquisitorial Dungeon	0	Area 52 - Free-Pick|Bronzebeard - Warcraft Reborn|Darkmoon - Season 10 Wildcard|Dawnrise - Season 10 Freepick|Rexxar - Conquest of Azeroth|Vol'jin - Conquest of Azeroth	12	2025-10-05	2026-08-28
worldforged	521210	4	Redridge Mountains|Secret Inquisitorial Dungeon|The Hinterlands	0	Area 52 - Free-Pick|Bronzebeard - Warcraft Reborn|Darkmoon - Season 10 Wildcard|Dawnrise - Season 10 Freepick|Rexxar - Conquest of Azeroth|Vol'jin - Conquest of Azeroth	15	2025-10-05	2026-08-28
worldforged	521211	3	Burning Steppes|Deadwind Pass|Redridge Mountains	0	Area 52 - Free-Pick|Bronzebeard - Warcraft Reborn|Darkmoon - Season 10 Wildcard|Dawnrise - Season 10 Freepick|Rexxar - Conquest of Azeroth|Vol'jin - Conquest of Azeroth	13	2025-10-05	2026-08-21
worldforged	521212	4	Deadwind Pass|Redridge Mountains|Secret Inquisitorial Dungeon	0	Area 52 - Free-Pick|Bronzebeard - Warcraft Reborn|Darkmoon - Season 10 Wildcard|Dawnrise - Season 10 Freepick|Rexxar - Conquest of Azeroth|Vol'jin - Conquest of Azeroth	16	2025-10-18	2026-08-28
worldforged	521213	3	Burning Steppes|Redridge Mountains|Secret Inquisitorial Dungeon	0	Area 52 - Free-Pick|Bronzebeard - Warcraft Reborn|Darkmoon - Season 10 Wildcard|Dawnrise - Season 10 Freepick|Rexxar - Conquest of Azeroth|Vol'jin - Conquest of Azeroth	17	2025-10-05	2026-08-27
worldforged	521214	3	Deadwind Pass|Redridge Mountains	0	Area 52 - Free-Pick|Bronzebeard - Warcraft Reborn|Darkmoon - Season 10 Wildcard|Dawnrise - Season 10 Freepick|Rexxar - Conquest of Azeroth|Vol'jin - Conquest of Azeroth	15	2025-10-14	2026-08-28
worldforged	521215	6	Burning Steppes|Deadwind Pass|Redridge Mountains|Swamp of Sorrows|The Hinterlands	0	Area 52 - Free-Pick|Bronzebeard - Warcraft Reborn|Darkmoon - Season 10 Wildcard|Dawnrise - Season 10 Freepick|Rexxar - Conquest of Azeroth|Vol'jin - Conquest of Azeroth	15	2025-10-04	2026-08-29
worldforged	521216	5	Deadwind Pass|Redridge Mountains|Secret Inquisitorial Dungeon	0	Area 52 - Free-Pick|Bronzebeard - Warcraft Reborn|Darkmoon - Season 10 Wildcard|Dawnrise - Season 10 Freepick|Rexxar - Conquest of Azeroth|Vol'jin - Conquest of Azeroth	15	2025-10-18	2026-08-28
worldforged	521217	5	Deadwind Pass|Redridge Mountains|Secret Inquisitorial Dungeon|The Hinterlands	0	Area 52 - Free-Pick|Bronzebeard - Warcraft Reborn|Darkmoon - Season 10 Wildcard|Dawnrise - Season 10 Freepick|Rexxar - Conquest of Azeroth|Vol'jin - Conquest of Azeroth	17	2025-10-04	2026-08-28
worldforged	521218	3	Redridge Mountains|Secret Inquisitorial Dungeon	0	Area 52 - Free-Pick|Bronzebeard - Warcraft Reborn|Darkmoon - Season 10 Wildcard|Dawnrise - Season 10 Freepick|Rexxar - Conquest of Azeroth|Vol'jin - Conquest of Azeroth	14	2025-10-18	2026-08-28
worldforged	521219	2	Deadwind Pass|Redridge Mountains	0	Area 52 - Free-Pick|Bronzebeard - Warcraft Reborn|Darkmoon - Season 10 Wildcard|Dawnrise - Season 10 Freepick|Rexxar - Conquest of Azeroth|Vol'jin - Conquest of Azeroth	11	2025-10-04	2026-08-29
worldforged	521220	4	Deadwind Pass|Redridge Mountains	0	Area 52 - Free-Pick|Bronzebeard - Warcraft Reborn|Darkmoon - Season 10 Wildcard|Dawnrise - Season 10 Freepick|Rexxar - Conquest of Azeroth|Vol'jin - Conquest of Azeroth	8	2025-10-05	2026-07-08
worldforged	521222	4	Burning Steppes|Redridge Mountains|The Hinterlands	0	Area 52 - Free-Pick|Bronzebeard - Warcraft Reborn|Darkmoon - Season 10 Wildcard|Dawnrise - Season 10 Freepick|Rexxar - Conquest of Azeroth|Vol'jin - Conquest of Azeroth	16	2025-10-04	2026-08-28
worldforged	521223	5	Stonetalon Mountains|The Barrens	1	Area 52 - Free-Pick|Darkmoon - Season 10 Wildcard|Dawnrise - Season 10 Freepick|Rexxar - Conquest of Azeroth|Vol'jin - Conquest of Azeroth	18	2025-10-05	2026-08-26
worldforged	521224	1	Stonetalon Mountains	1	Area 52 - Free-Pick|Bronzebeard - Warcraft Reborn|Darkmoon - Season 10 Wildcard|Dawnrise - Season 10 Freepick|Rexxar - Conquest of Azeroth|Vol'jin - Conquest of Azeroth	11	2025-10-05	2026-08-26
worldforged	521226	3	Stonetalon Mountains|Tanaris	1	Area 52 - Free-Pick|Bronzebeard - Warcraft Reborn|Darkmoon - Season 10 Wildcard|Dawnrise - Season 10 Freepick|Rexxar - Conquest of Azeroth|Vol'jin - Conquest of Azeroth	12	2025-10-05	2026-08-28
worldforged	521227	1	Stonetalon Mountains	1	Area 52 - Free-Pick|Bronzebeard - Warcraft Reborn|Darkmoon - Season 10 Wildcard|Dawnrise - Season 10 Freepick|Rexxar - Conquest of Azeroth|Vol'jin - Conquest of Azeroth	9	2025-10-05	2026-08-28
worldforged	521228	2	Stonetalon Mountains	1	Area 52 - Free-Pick|Bronzebeard - Warcraft Reborn|Darkmoon - Season 10 Wildcard|Dawnrise - Season 10 Freepick|Rexxar - Conquest of Azeroth|Vol'jin - Conquest of Azeroth	12	2025-10-05	2026-08-26
worldforged	521230	1	Stonetalon Mountains	1	Area 52 - Free-Pick|Bronzebeard - Warcraft Reborn|Darkmoon - Season 10 Wildcard|Dawnrise - Season 10 Freepick|Rexxar - Conquest of Azeroth|Vol'jin - Conquest of Azeroth	6	2025-10-05	2026-05-20
worldforged	521231	2	Stonetalon Mountains	1	Area 52 - Free-Pick|Bronzebeard - Warcraft Reborn|Darkmoon - Season 10 Wildcard|Dawnrise - Season 10 Freepick|Rexxar - Conquest of Azeroth|Vol'jin - Conquest of Azeroth	12	2025-10-05	2026-08-27
worldforged	521233	1	Stonetalon Mountains	1	Area 52 - Free-Pick|Bronzebeard - Warcraft Reborn|Darkmoon - Season 10 Wildcard|Dawnrise - Season 10 Freepick|Rexxar - Conquest of Azeroth|Vol'jin - Conquest of Azeroth	10	2025-10-05	2026-08-28
worldforged	521234	6	Alterac Mountains|Eastern Plaguelands|Hillsbrad Foothills|Silverpine Forest	0	Area 52 - Free-Pick|Bronzebeard - Warcraft Reborn|Darkmoon - Season 10 Wildcard|Dawnrise - Season 10 Freepick|Rexxar - Conquest of Azeroth|Vol'jin - Conquest of Azeroth	17	2025-10-04	2026-09-04
worldforged	521235	1	Hillsbrad Foothills	0	Area 52 - Free-Pick|Bronzebeard - Warcraft Reborn|Darkmoon - Season 10 Wildcard|Dawnrise - Season 10 Freepick|Rexxar - Conquest of Azeroth|Vol'jin - Conquest of Azeroth	12	2025-10-04	2026-08-27
worldforged	521237	1	Hillsbrad Foothills	0	Area 52 - Free-Pick|Bronzebeard - Warcraft Reborn|Darkmoon - Season 10 Wildcard|Dawnrise - Season 10 Freepick|Rexxar - Conquest of Azeroth|Vol'jin - Conquest of Azeroth	13	2025-10-04	2026-08-27
worldforged	521238	5	Eastern Plaguelands|Hillsbrad Foothills|Magisters' Terrace	0|585	Area 52 - Free-Pick|Darkmoon - Season 10 Wildcard|Dawnrise - Season 10 Freepick|Rexxar - Conquest of Azeroth|Vol'jin - Conquest of Azeroth	15	2025-10-04	2026-08-28
worldforged	521239	2	Eastern Plaguelands|Hillsbrad Foothills	0	Area 52 - Free-Pick|Bronzebeard - Warcraft Reborn|Darkmoon - Season 10 Wildcard|Dawnrise - Season 10 Freepick|Rexxar - Conquest of Azeroth|Vol'jin - Conquest of Azeroth	16	2025-10-15	2026-08-28
worldforged	521240	3	Eastern Plaguelands|Hillsbrad Foothills|Magisters' Terrace	0|585	Area 52 - Free-Pick|Bronzebeard - Warcraft Reborn|Darkmoon - Season 10 Wildcard|Dawnrise - Season 10 Freepick|Rexxar - Conquest of Azeroth|Vol'jin - Conquest of Azeroth	15	2025-10-05	2026-09-01
worldforged	521241	3	Eastern Plaguelands|Hillsbrad Foothills|Tirisfal Glades	0	Area 52 - Free-Pick|Bronzebeard - Warcraft Reborn|Darkmoon - Season 10 Wildcard|Dawnrise - Season 10 Freepick|Rexxar - Conquest of Azeroth|Vol'jin - Conquest of Azeroth	14	2025-10-05	2026-08-30
worldforged	521243	4	Hillsbrad Foothills|Magisters' Terrace|Silverpine Forest|The Deadmines	0|36|585	Area 52 - Free-Pick|Bronzebeard - Warcraft Reborn|Darkmoon - Season 10 Wildcard|Dawnrise - Season 10 Freepick|Rexxar - Conquest of Azeroth|Vol'jin - Conquest of Azeroth	17	2025-10-04	2026-08-28
worldforged	521244	4	Eastern Plaguelands|Hillsbrad Foothills|Tirisfal Glades	0	Area 52 - Free-Pick|Bronzebeard - Warcraft Reborn|Darkmoon - Season 10 Wildcard|Dawnrise - Season 10 Freepick|Rexxar - Conquest of Azeroth|Vol'jin - Conquest of Azeroth	13	2025-10-05	2026-08-27
worldforged	521245	1	Hillsbrad Foothills	0	Area 52 - Free-Pick|Bronzebeard - Warcraft Reborn|Darkmoon - Season 10 Wildcard|Dawnrise - Season 10 Freepick|Rexxar - Conquest of Azeroth|Vol'jin - Conquest of Azeroth	11	2025-10-04	2026-08-29
worldforged	521246	2	Alterac Mountains|Razorfen Kraul	0|47	Area 52 - Free-Pick|Bronzebeard - Warcraft Reborn|Darkmoon - Season 10 Wildcard|Dawnrise - Season 10 Freepick|Rexxar - Conquest of Azeroth|Vol'jin - Conquest of Azeroth	14	2025-10-04	2026-08-28
worldforged	521248	2	Westfall|Wetlands	0	Area 52 - Free-Pick|Darkmoon - Season 10 Wildcard|Dawnrise - Season 10 Freepick|Rexxar - Conquest of Azeroth|Vol'jin - Conquest of Azeroth	9	2025-10-05	2026-08-28
worldforged	521249	1	Wetlands	0	Area 52 - Free-Pick|Bronzebeard - Warcraft Reborn|Darkmoon - Season 10 Wildcard|Dawnrise - Season 10 Freepick|Rexxar - Conquest of Azeroth|Vol'jin - Conquest of Azeroth	11	2025-10-04	2026-08-28
worldforged	521250	1	Wetlands	0	Area 52 - Free-Pick|Bronzebeard - Warcraft Reborn|Darkmoon - Season 10 Wildcard|Dawnrise - Season 10 Freepick|Rexxar - Conquest of Azeroth|Vol'jin - Conquest of Azeroth	6	2025-10-05	2026-05-20
worldforged	521251	1	Wetlands	0	Area 52 - Free-Pick|Bronzebeard - Warcraft Reborn|Darkmoon - Season 10 Wildcard|Dawnrise - Season 10 Freepick|Rexxar - Conquest of Azeroth|Vol'jin - Conquest of Azeroth	9	2025-10-14	2026-08-27
worldforged	521252	1	Wetlands	0	Area 52 - Free-Pick|Bronzebeard - Warcraft Reborn|Darkmoon - Season 10 Wildcard|Dawnrise - Season 10 Freepick|Rexxar - Conquest of Azeroth|Vol'jin - Conquest of Azeroth	6	2025-10-19	2026-05-20
worldforged	521253	3	Wetlands	0	Area 52 - Free-Pick|Bronzebeard - Warcraft Reborn|Darkmoon - Season 10 Wildcard|Dawnrise - Season 10 Freepick|Rexxar - Conquest of Azeroth|Vol'jin - Conquest of Azeroth	9	2025-10-05	2026-08-22
worldforged	521254	2	Stranglethorn Vale|Wetlands	0	Area 52 - Free-Pick|Bronzebeard - Warcraft Reborn|Darkmoon - Season 10 Wildcard|Dawnrise - Season 10 Freepick|Rexxar - Conquest of Azeroth|Vol'jin - Conquest of Azeroth	10	2025-10-08	2026-08-28
worldforged	521255	1	Wetlands	0	Area 52 - Free-Pick|Bronzebeard - Warcraft Reborn|Darkmoon - Season 10 Wildcard|Dawnrise - Season 10 Freepick|Rexxar - Conquest of Azeroth|Vol'jin - Conquest of Azeroth	11	2025-10-05	2026-09-01
worldforged	521256	1	Wetlands	0	Area 52 - Free-Pick|Bronzebeard - Warcraft Reborn|Darkmoon - Season 10 Wildcard|Dawnrise - Season 10 Freepick|Rexxar - Conquest of Azeroth|Vol'jin - Conquest of Azeroth	9	2025-10-05	2026-08-28
worldforged	521257	2	Wetlands	0	Area 52 - Free-Pick|Bronzebeard - Warcraft Reborn|Darkmoon - Season 10 Wildcard|Dawnrise - Season 10 Freepick|Rexxar - Conquest of Azeroth|Vol'jin - Conquest of Azeroth	10	2025-10-04	2026-08-28
worldforged	521258	1	Wetlands	0	Area 52 - Free-Pick|Darkmoon - Season 10 Wildcard|Dawnrise - Season 10 Freepick|Rexxar - Conquest of Azeroth|Vol'jin - Conquest of Azeroth	11	2025-10-05	2026-09-03
worldforged	521259	1	Wetlands	0	Area 52 - Free-Pick|Bronzebeard - Warcraft Reborn|Darkmoon - Season 10 Wildcard|Dawnrise - Season 10 Freepick|Rexxar - Conquest of Azeroth|Vol'jin - Conquest of Azeroth	12	2025-10-11	2026-08-28
worldforged	521260	2	Hillsbrad Foothills|Wetlands	0	Area 52 - Free-Pick|Bronzebeard - Warcraft Reborn|Darkmoon - Season 10 Wildcard|Dawnrise - Season 10 Freepick|Rexxar - Conquest of Azeroth|Vol'jin - Conquest of Azeroth	13	2025-10-04	2026-08-25
worldforged	521261	1	Wetlands	0	Area 52 - Free-Pick|Bronzebeard - Warcraft Reborn|Darkmoon - Season 10 Wildcard|Dawnrise - Season 10 Freepick|Rexxar - Conquest of Azeroth|Vol'jin - Conquest of Azeroth	8	2025-10-04	2026-08-28
worldforged	521264	1	Ashenvale	1	Area 52 - Free-Pick|Bronzebeard - Warcraft Reborn|Darkmoon - Season 10 Wildcard|Dawnrise - Season 10 Freepick|Rexxar - Conquest of Azeroth|Vol'jin - Conquest of Azeroth	11	2025-10-04	2026-08-28
worldforged	521265	1	Ashenvale	1	Area 52 - Free-Pick|Bronzebeard - Warcraft Reborn|Darkmoon - Season 10 Wildcard|Dawnrise - Season 10 Freepick|Rexxar - Conquest of Azeroth|Vol'jin - Conquest of Azeroth	11	2025-10-04	2026-08-27
worldforged	521266	1	Westfall	0	Area 52 - Free-Pick|Bronzebeard - Warcraft Reborn|Darkmoon - Season 10 Wildcard|Dawnrise - Season 10 Freepick|Rexxar - Conquest of Azeroth|Vol'jin - Conquest of Azeroth	12	2025-10-08	2026-08-28
worldforged	521267	3	Stranglethorn Vale|Westfall|Wetlands	0	Area 52 - Free-Pick|Bronzebeard - Warcraft Reborn|Darkmoon - Season 10 Wildcard|Dawnrise - Season 10 Freepick|Rexxar - Conquest of Azeroth|Vol'jin - Conquest of Azeroth	16	2025-10-04	2026-08-29
worldforged	521268	1	Dun Morogh	0	Area 52 - Free-Pick|Darkmoon - Season 10 Wildcard|Dawnrise - Season 10 Freepick|Rexxar - Conquest of Azeroth|Vol'jin - Conquest of Azeroth	11	2025-10-04	2026-08-23
worldforged	521318	1	Duskwood	0	Area 52 - Free-Pick|Bronzebeard - Warcraft Reborn|Darkmoon - Season 10 Wildcard|Dawnrise - Season 10 Freepick|Rexxar - Conquest of Azeroth|Vol'jin - Conquest of Azeroth	11	2025-10-19	2026-08-28
worldforged	521319	2	Ashenvale	1	Area 52 - Free-Pick|Bronzebeard - Warcraft Reborn|Darkmoon - Season 10 Wildcard|Dawnrise - Season 10 Freepick|Rexxar - Conquest of Azeroth|Vol'jin - Conquest of Azeroth	11	2025-10-04	2026-08-29
worldforged	521320	1	Ashenvale	1	Area 52 - Free-Pick|Bronzebeard - Warcraft Reborn|Darkmoon - Season 10 Wildcard|Dawnrise - Season 10 Freepick|Rexxar - Conquest of Azeroth|Vol'jin - Conquest of Azeroth	12	2025-10-04	2026-08-28
worldforged	521321	3	Duskwood|Echo Ridge Mine	0	Area 52 - Free-Pick|Bronzebeard - Warcraft Reborn|Darkmoon - Season 10 Wildcard|Dawnrise - Season 10 Freepick|Rexxar - Conquest of Azeroth|Vol'jin - Conquest of Azeroth	13	2025-10-04	2026-08-29
worldforged	521323	2	Duskwood|Echo Ridge Mine	0	Area 52 - Free-Pick|Bronzebeard - Warcraft Reborn|Darkmoon - Season 10 Wildcard|Dawnrise - Season 10 Freepick|Rexxar - Conquest of Azeroth|Vol'jin - Conquest of Azeroth	13	2025-10-04	2026-08-28
worldforged	554055	1	Stranglethorn Vale	0	Bronzebeard - Warcraft Reborn	1	2025-10-29	2025-10-29
worldforged	650028	2	The Barrens	1	Area 52 - Free-Pick|Darkmoon - Season 10 Wildcard|Dawnrise - Season 10 Freepick|Rexxar - Conquest of Azeroth|Vol'jin - Conquest of Azeroth	11	2026-05-20	2026-08-29
worldforged	650038	1	Wetlands	0	Area 52 - Free-Pick|Bronzebeard - Warcraft Reborn|Darkmoon - Season 10 Wildcard|Dawnrise - Season 10 Freepick|Rexxar - Conquest of Azeroth|Vol'jin - Conquest of Azeroth	12	2026-05-23	2026-08-27
worldforged	650039	2	Razorfen Kraul|Wetlands	0|47	Area 52 - Free-Pick|Darkmoon - Season 10 Wildcard|Dawnrise - Season 10 Freepick|Rexxar - Conquest of Azeroth|Vol'jin - Conquest of Azeroth	10	2026-05-25	2026-08-24
worldforged	666603	1	Winterspring	1	Vol'jin - Conquest of Azeroth	1	2026-08-24	2026-08-24
worldforged	824378	8	Burning Blade Coven|Durotar|Sinister Lair|Stonetalon Mountains|Valley of Trials	1	Area 52 - Free-Pick|Bronzebeard - Warcraft Reborn|Darkmoon - Season 10 Wildcard|Dawnrise - Season 10 Freepick|Rexxar - Conquest of Azeroth|Vol'jin - Conquest of Azeroth	18	2025-10-13	2026-08-30
worldforged	824379	4	Durotar|Valley of Trials	1	Area 52 - Free-Pick|Bronzebeard - Warcraft Reborn|Darkmoon - Season 10 Wildcard|Dawnrise - Season 10 Freepick|Rexxar - Conquest of Azeroth|Vol'jin - Conquest of Azeroth	18	2025-10-04	2026-08-28
worldforged	824380	6	Durotar|Valley of Trials	1	Area 52 - Free-Pick|Bronzebeard - Warcraft Reborn|Darkmoon - Season 10 Wildcard|Dawnrise - Season 10 Freepick|Rexxar - Conquest of Azeroth|Vol'jin - Conquest of Azeroth	17	2025-10-04	2026-09-03
worldforged	824381	3	Sinister Lair|Stonetalon Mountains	1	Area 52 - Free-Pick|Bronzebeard - Warcraft Reborn|Darkmoon - Season 10 Wildcard|Dawnrise - Season 10 Freepick|Rexxar - Conquest of Azeroth|Vol'jin - Conquest of Azeroth	14	2025-10-05	2026-08-31
worldforged	824382	8	Elwynn Forest|Northshire Valley|Scarlet Monastery|Shadewell	0|189	Area 52 - Free-Pick|Bronzebeard - Warcraft Reborn|Darkmoon - Season 10 Wildcard|Dawnrise - Season 10 Freepick|Rexxar - Conquest of Azeroth|Vol'jin - Conquest of Azeroth	17	2025-10-05	2026-08-31
worldforged	824383	4	Elwynn Forest|Northshire Valley	0	Area 52 - Free-Pick|Darkmoon - Season 10 Wildcard|Dawnrise - Season 10 Freepick|Rexxar - Conquest of Azeroth|Vol'jin - Conquest of Azeroth	12	2025-10-08	2026-08-31
worldforged	824384	5	Northshire Valley|Shadewell|Winterspring	0|1	Area 52 - Free-Pick|Bronzebeard - Warcraft Reborn|Darkmoon - Season 10 Wildcard|Dawnrise - Season 10 Freepick|Rexxar - Conquest of Azeroth|Vol'jin - Conquest of Azeroth	15	2025-10-20	2026-09-03
worldforged	824385	10	Echo Ridge Mine|Elwynn Forest|Northshire Valley|Secret Inquisitorial Dungeon|Silverpine Forest	0	Area 52 - Free-Pick|Bronzebeard - Warcraft Reborn|Darkmoon - Season 10 Wildcard|Dawnrise - Season 10 Freepick|Rexxar - Conquest of Azeroth|Vol'jin - Conquest of Azeroth	20	2025-10-05	2026-09-04
worldforged	824386	4	Molten Core|Red Cloud Mesa	1|409	Area 52 - Free-Pick|Darkmoon - Season 10 Wildcard|Dawnrise - Season 10 Freepick|Rexxar - Conquest of Azeroth|Vol'jin - Conquest of Azeroth	10	2025-10-04	2026-08-31
worldforged	824387	2	Red Cloud Mesa	1	Area 52 - Free-Pick|Bronzebeard - Warcraft Reborn|Darkmoon - Season 10 Wildcard|Dawnrise - Season 10 Freepick|Rexxar - Conquest of Azeroth|Vol'jin - Conquest of Azeroth	10	2025-10-04	2026-08-31
worldforged	824388	5	Red Cloud Mesa	1	Area 52 - Free-Pick|Darkmoon - Season 10 Wildcard|Dawnrise - Season 10 Freepick|Rexxar - Conquest of Azeroth|Vol'jin - Conquest of Azeroth	12	2025-10-13	2026-09-01
worldforged	824389	2	Mulgore|Red Cloud Mesa	1	Area 52 - Free-Pick|Bronzebeard - Warcraft Reborn|Darkmoon - Season 10 Wildcard|Dawnrise - Season 10 Freepick|Rexxar - Conquest of Azeroth|Vol'jin - Conquest of Azeroth	13	2025-10-03	2026-08-28
worldforged	824390	11	Deathknell|Eastern Plaguelands|Scarlet Monastery|The Barrens|The Deadmines|Tirisfal Glades	0|1|36|189	Area 52 - Free-Pick|Bronzebeard - Warcraft Reborn|Darkmoon - Season 10 Wildcard|Rexxar - Conquest of Azeroth|Vol'jin - Conquest of Azeroth	21	2025-10-17	2026-08-30
worldforged	824391	5	Deathknell|Tirisfal Glades	0	Area 52 - Free-Pick|Bronzebeard - Warcraft Reborn|Darkmoon - Season 10 Wildcard|Rexxar - Conquest of Azeroth|Vol'jin - Conquest of Azeroth	11	2025-10-05	2026-08-31
worldforged	824392	5	Deathknell|Eastern Plaguelands|Tirisfal Glades	0	Area 52 - Free-Pick|Bronzebeard - Warcraft Reborn|Darkmoon - Season 10 Wildcard|Rexxar - Conquest of Azeroth|Vol'jin - Conquest of Azeroth	14	2025-10-03	2026-08-31
worldforged	824393	8	Deathknell|Tirisfal Glades	0	Area 52 - Free-Pick|Bronzebeard - Warcraft Reborn|Darkmoon - Season 10 Wildcard|Rexxar - Conquest of Azeroth|Vol'jin - Conquest of Azeroth	14	2025-10-03	2026-08-31
worldforged	824394	3	Arathi Highlands|Coldridge Valley	0	Area 52 - Free-Pick|Darkmoon - Season 10 Wildcard|Dawnrise - Season 10 Freepick|Rexxar - Conquest of Azeroth|Vol'jin - Conquest of Azeroth	11	2025-10-05	2026-08-31
worldforged	824395	6	Coldridge Valley|Northshire Valley	0	Area 52 - Free-Pick|Bronzebeard - Warcraft Reborn|Darkmoon - Season 10 Wildcard|Dawnrise - Season 10 Freepick|Rexxar - Conquest of Azeroth|Vol'jin - Conquest of Azeroth	16	2025-10-05	2026-08-31
worldforged	824396	4	Coldridge Valley	0	Area 52 - Free-Pick|Bronzebeard - Warcraft Reborn|Darkmoon - Season 10 Wildcard|Dawnrise - Season 10 Freepick|Rexxar - Conquest of Azeroth|Vol'jin - Conquest of Azeroth	11	2025-10-05	2026-08-31
worldforged	824397	8	Coldridge Valley|Dun Morogh|Northshire Valley	0	Area 52 - Free-Pick|Bronzebeard - Warcraft Reborn|Darkmoon - Season 10 Wildcard|Dawnrise - Season 10 Freepick|Rexxar - Conquest of Azeroth|Vol'jin - Conquest of Azeroth	18	2025-10-05	2026-09-04
worldforged	824398	3	Moonlit Ossuary|Teldrassil	1	Area 52 - Free-Pick|Bronzebeard - Warcraft Reborn|Darkmoon - Season 10 Wildcard|Dawnrise - Season 10 Freepick|Rexxar - Conquest of Azeroth|Vol'jin - Conquest of Azeroth	8	2025-10-30	2026-08-29
worldforged	824399	3	Shadowglen|Sinister Lair	1	Area 52 - Free-Pick|Bronzebeard - Warcraft Reborn|Darkmoon - Season 10 Wildcard|Dawnrise - Season 10 Freepick|Rexxar - Conquest of Azeroth|Vol'jin - Conquest of Azeroth	12	2025-10-04	2026-08-30
worldforged	824400	4	Shadowglen|Sinister Lair|Teldrassil	1	Area 52 - Free-Pick|Bronzebeard - Warcraft Reborn|Darkmoon - Season 10 Wildcard|Dawnrise - Season 10 Freepick|Rexxar - Conquest of Azeroth|Vol'jin - Conquest of Azeroth	13	2025-10-18	2026-08-30
worldforged	824401	5	Moonlit Ossuary|Shadowglen|Sinister Lair	1	Area 52 - Free-Pick|Darkmoon - Season 10 Wildcard|Dawnrise - Season 10 Freepick|Rexxar - Conquest of Azeroth|Vol'jin - Conquest of Azeroth	14	2025-10-18	2026-08-31
worldforged	903016	1	Winterspring	1	Area 52 - Free-Pick|Bronzebeard - Warcraft Reborn|Darkmoon - Season 10 Wildcard|Dawnrise - Season 10 Freepick|Rexxar - Conquest of Azeroth|Vol'jin - Conquest of Azeroth	7	2025-10-19	2026-08-22
worldforged	1013653	1	Scholomance	289	Bronzebeard - Warcraft Reborn	1	2026-03-25	2026-03-25
worldforged	1262811	3	Western Plaguelands	0	Area 52 - Free-Pick|Bronzebeard - Warcraft Reborn|Darkmoon - Season 10 Wildcard|Dawnrise - Season 10 Freepick|Rexxar - Conquest of Azeroth|Vol'jin - Conquest of Azeroth	8	2025-10-18	2026-08-26
worldforged	1378063	1	Western Plaguelands	0	Bronzebeard - Warcraft Reborn|Rexxar - Conquest of Azeroth|Vol'jin - Conquest of Azeroth	3	2026-07-08	2026-07-08
worldforged	1378065	1	Western Plaguelands	0	Rexxar - Conquest of Azeroth|Vol'jin - Conquest of Azeroth	2	2026-07-08	2026-07-08
worldforged	1378068	1	Western Plaguelands	0	Bronzebeard - Warcraft Reborn|Rexxar - Conquest of Azeroth|Vol'jin - Conquest of Azeroth	3	2026-07-08	2026-07-08
worldforged	1378069	1	The Hinterlands	0	Rexxar - Conquest of Azeroth|Vol'jin - Conquest of Azeroth	2	2026-07-08	2026-07-08
worldforged	1378108	1	Deathknell	0	Vol'jin - Conquest of Azeroth	1	2026-08-18	2026-08-18
worldforged	1378153	1	Wetlands	0	Rexxar - Conquest of Azeroth|Vol'jin - Conquest of Azeroth	2	2026-07-08	2026-07-08
worldforged	1378250	20	Arathi Highlands|Azshara|Burning Steppes|Desolace|Eastern Plaguelands|Felwood|Molten Core|Onyxia's Lair|Searing Gorge|Silithus|Stratholme|Tanaris|The Barrens|The Hinterlands|Un'Goro Crater|Winterspring|Zul'Farrak|Zul'Gurub	0|1|209|249|309|329|409	Vol'jin - Conquest of Azeroth	23	2026-08-03	2026-08-11
worldforged	1378336	3	Silithus|Wailing Caverns	1	Rexxar - Conquest of Azeroth	5	2026-08-15	2026-08-15
worldforged	1378372	1	Western Plaguelands	0	Bronzebeard - Warcraft Reborn|Rexxar - Conquest of Azeroth|Vol'jin - Conquest of Azeroth	3	2026-07-08	2026-07-08
worldforged	1378385	2	Tanaris	1	Rexxar - Conquest of Azeroth	2	2026-08-25	2026-08-25
worldforged	1378403	1	Silithus	1	Rexxar - Conquest of Azeroth|Vol'jin - Conquest of Azeroth	2	2026-07-08	2026-07-08
worldforged	1378440	1	Palemane Rock	1	Vol'jin - Conquest of Azeroth	1	2025-12-20	2025-12-20
worldforged	1378457	2	Mulgore|Tides' Hollow	1	Rexxar - Conquest of Azeroth|Vol'jin - Conquest of Azeroth	2	2025-11-24	2026-08-28
worldforged	1378509	3	Dire Maul|Eastern Plaguelands|Un'Goro Crater	0|1|429	Rexxar - Conquest of Azeroth	3	2026-08-24	2026-08-28
worldforged	1378557	3	Tirisfal Glades|Western Plaguelands	0	Rexxar - Conquest of Azeroth	4	2026-08-16	2026-08-16
worldforged	1378565	3	Azshara|Elwynn Forest|Un'Goro Crater	0|1	Vol'jin - Conquest of Azeroth	3	2026-08-23	2026-08-23
worldforged	1378571	1	Shadowglen	1	Vol'jin - Conquest of Azeroth	1	2026-08-01	2026-08-01
worldforged	1378586	1	Western Plaguelands	0	Rexxar - Conquest of Azeroth|Vol'jin - Conquest of Azeroth	2	2026-07-08	2026-07-08
worldforged	1378588	1	Western Plaguelands	0	Rexxar - Conquest of Azeroth|Vol'jin - Conquest of Azeroth	2	2026-07-08	2026-07-08
worldforged	1378589	1	Western Plaguelands	0	Rexxar - Conquest of Azeroth|Vol'jin - Conquest of Azeroth	2	2026-07-08	2026-07-08
worldforged	1378606	1	The Deadmines	36	Rexxar - Conquest of Azeroth|Vol'jin - Conquest of Azeroth	2	2026-05-29	2026-05-29
worldforged	1378627	24	Arathi Highlands|Azshara|Burning Steppes|Desolace|Eastern Plaguelands|Felwood|Molten Core|Onyxia's Lair|Searing Gorge|Silithus|Stranglethorn Vale|Stratholme|Tanaris|The Barrens|Un'Goro Crater|Western Plaguelands|Winterspring|Zul'Farrak|Zul'Gurub	0|1|209|249|309|329|409	Vol'jin - Conquest of Azeroth	25	2026-08-02	2026-08-11
worldforged	1378641	1	Stranglethorn Vale	0	Rexxar - Conquest of Azeroth	1	2026-08-18	2026-08-18
worldforged	1378646	15	Azshara|Blackrock Depths|Blackrock Mountain|Blackrock Spire|Blasted Lands|Burning Steppes|Jangolode Mine|Molten Core|Onyxia's Lair|Silithus|Stranglethorn Vale|The Hinterlands	0|1|229|230|249|409	Vol'jin - Conquest of Azeroth	15	2026-08-07	2026-08-11
worldforged	1378659	2	Deathknell|Stranglethorn Vale	0	Vol'jin - Conquest of Azeroth	2	2026-08-18	2026-08-20
worldforged	1378690	1	Azshara	1	Vol'jin - Conquest of Azeroth	1	2026-08-10	2026-08-10
worldforged	1378794	2	Desolace|Durotar	1	Vol'jin - Conquest of Azeroth	2	2026-08-14	2026-08-14
worldforged	1378815	6	Eastern Plaguelands|Searing Gorge|Tanaris|Un'Goro Crater	0|1	Rexxar - Conquest of Azeroth	7	2026-08-23	2026-08-28
worldforged	1378845	1	Northshire Valley	0	Rexxar - Conquest of Azeroth	1	2026-08-13	2026-08-13
worldforged	1378852	1	Molten Core	409	Vol'jin - Conquest of Azeroth	1	2026-08-15	2026-08-15
worldforged	1378863	1	Blackrock Depths	230	Rexxar - Conquest of Azeroth	1	2026-08-17	2026-08-17
worldforged	1378895	1	Stranglethorn Vale	0	Vol'jin - Conquest of Azeroth	1	2026-08-15	2026-08-15
worldforged	1378905	1	The Deadmines	36	Vol'jin - Conquest of Azeroth	1	2026-08-11	2026-08-11
worldforged	1378909	4	Burning Steppes|Durotar|Dustwallow Marsh|Tanaris	0|1	Vol'jin - Conquest of Azeroth	4	2026-08-17	2026-08-21
worldforged	1378929	1	Blackrock Mountain	0	Vol'jin - Conquest of Azeroth	1	2026-08-09	2026-08-09
worldforged	1378951	1	Blackrock Caverns	645	Rexxar - Conquest of Azeroth|Vol'jin - Conquest of Azeroth	2	2026-02-21	2026-02-21
worldforged	1379103	1	Tanaris	1	Vol'jin - Conquest of Azeroth	1	2026-08-08	2026-08-08
worldforged	1379105	3	Azshara|Molten Core	1|409	Vol'jin - Conquest of Azeroth	3	2026-08-09	2026-08-10
worldforged	1379108	1	Palemane Rock	1	Rexxar - Conquest of Azeroth|Vol'jin - Conquest of Azeroth	2	2026-04-03	2026-04-03
worldforged	1379135	1	Redridge Mountains	0	Vol'jin - Conquest of Azeroth	1	2026-02-13	2026-02-13
worldforged	1379147	1	Burning Steppes	0	Rexxar - Conquest of Azeroth	1	2026-08-13	2026-08-13
worldforged	1379233	1	The Barrens	1	Vol'jin - Conquest of Azeroth	1	2025-12-27	2025-12-27
worldforged	1379239	1	Palemane Rock	1	Rexxar - Conquest of Azeroth|Vol'jin - Conquest of Azeroth	2	2025-11-19	2025-11-19
worldforged	1379261	8	Desolace|Maraudon|Molten Core|Searing Gorge|Zul'Farrak	0|1|209|409	Rexxar - Conquest of Azeroth|Vol'jin - Conquest of Azeroth	8	2026-08-07	2026-08-14
worldforged	1379308	1	Felwood	1	Rexxar - Conquest of Azeroth|Vol'jin - Conquest of Azeroth	2	2026-07-08	2026-07-08
worldforged	1379324	1	Felwood	1	Bronzebeard - Warcraft Reborn|Rexxar - Conquest of Azeroth|Vol'jin - Conquest of Azeroth	3	2026-07-08	2026-07-08
worldforged	1379340	4	Molten Core|Searing Gorge|Zul'Farrak|Zul'Gurub	0|209|309|409	Vol'jin - Conquest of Azeroth	4	2026-08-05	2026-08-08
worldforged	1379343	1	Deathknell	0	Vol'jin - Conquest of Azeroth	1	2026-08-17	2026-08-17
worldforged	1379356	1	Redridge Mountains	0	Vol'jin - Conquest of Azeroth	1	2025-11-07	2025-11-07
worldforged	1379443	4	Azshara|Dire Maul|Mulgore|Un'Goro Crater	1|429	Vol'jin - Conquest of Azeroth	4	2026-08-08	2026-08-11
worldforged	1379449	1	Teldrassil	1	Bronzebeard - Warcraft Reborn	1	2026-05-06	2026-05-06
worldforged	1379464	4	Searing Gorge|Tanaris|Un'Goro Crater|Winterspring	0|1	Rexxar - Conquest of Azeroth	5	2026-08-23	2026-08-28
worldforged	1379472	1	Tides' Hollow	1	Vol'jin - Conquest of Azeroth	1	2025-11-21	2025-11-21
worldforged	1379518	1	The Hinterlands	0	Rexxar - Conquest of Azeroth	2	2026-07-08	2026-07-08
worldforged	1379520	1	The Hinterlands	0	Rexxar - Conquest of Azeroth|Vol'jin - Conquest of Azeroth	3	2026-07-08	2026-07-08
worldforged	1379523	2	The Hinterlands	0	Rexxar - Conquest of Azeroth|Vol'jin - Conquest of Azeroth	2	2026-07-08	2026-07-08
worldforged	1379534	1	The Hinterlands	0	Rexxar - Conquest of Azeroth|Vol'jin - Conquest of Azeroth	2	2026-07-08	2026-07-08
worldforged	1379535	1	The Hinterlands	0	Rexxar - Conquest of Azeroth|Vol'jin - Conquest of Azeroth	2	2026-07-08	2026-07-08
worldforged	1379540	1	The Hinterlands	0	Bronzebeard - Warcraft Reborn|Rexxar - Conquest of Azeroth|Vol'jin - Conquest of Azeroth	3	2026-07-08	2026-07-08
worldforged	1379541	1	Arathi Highlands	0	Rexxar - Conquest of Azeroth|Vol'jin - Conquest of Azeroth	2	2026-07-08	2026-07-08
worldforged	1379542	21	Azshara|Burning Steppes|Desolace|Eastern Plaguelands|Felwood|Hillsbrad Foothills|Silithus|Silverpine Forest|Stranglethorn Vale|Stratholme|Swamp of Sorrows|Tanaris|The Barrens|The Hinterlands|Un'Goro Crater|Western Plaguelands|Winterspring|Zul'Gurub	0|1|309|329	Vol'jin - Conquest of Azeroth	22	2026-08-02	2026-08-08
worldforged	1379557	1	Tanaris	1	Rexxar - Conquest of Azeroth|Vol'jin - Conquest of Azeroth	2	2026-07-08	2026-07-08
worldforged	1379565	1	Tanaris	1	Rexxar - Conquest of Azeroth|Vol'jin - Conquest of Azeroth	2	2026-07-08	2026-07-08
worldforged	1379567	1	Tanaris	1	Rexxar - Conquest of Azeroth|Vol'jin - Conquest of Azeroth	2	2026-07-08	2026-07-08
worldforged	1379569	1	Tanaris	1	Rexxar - Conquest of Azeroth|Vol'jin - Conquest of Azeroth	2	2026-07-08	2026-07-08
worldforged	1379573	1	Tanaris	1	Rexxar - Conquest of Azeroth|Vol'jin - Conquest of Azeroth	2	2026-07-08	2026-07-08
worldforged	1379584	1	Teldrassil	1	Rexxar - Conquest of Azeroth|Vol'jin - Conquest of Azeroth	2	2025-11-24	2025-11-24
worldforged	1379601	1	Redridge Mountains	0	Vol'jin - Conquest of Azeroth	1	2025-12-22	2025-12-22
worldforged	1379905	1	Stranglethorn Vale	0	Rexxar - Conquest of Azeroth	1	2026-08-06	2026-08-06
worldforged	1380196	1	Silverpine Forest	0	Vol'jin - Conquest of Azeroth	1	2026-08-13	2026-08-13
worldforged	1380336	1	The Temple of Atal'Hakkar	109	Vol'jin - Conquest of Azeroth	1	2026-08-23	2026-08-23
worldforged	1380641	1	Stranglethorn Vale	0	Rexxar - Conquest of Azeroth	1	2026-08-18	2026-08-18
worldforged	1380646	1	Zul'Farrak	209	Rexxar - Conquest of Azeroth	1	2026-08-20	2026-08-20
worldforged	1380878	1	Tides' Hollow	1	Vol'jin - Conquest of Azeroth	1	2025-12-21	2025-12-21
worldforged	1381103	2	Stonetalon Mountains|Tanaris	1	Vol'jin - Conquest of Azeroth	2	2026-08-10	2026-08-24
worldforged	1381221	2	Scholomance|Tanaris	1|289	Vol'jin - Conquest of Azeroth	2	2026-08-09	2026-08-23
worldforged	1381286	1	Elwynn Forest	0	Rexxar - Conquest of Azeroth	1	2026-08-21	2026-08-21
worldforged	1381340	6	Azshara|Desolace|Onyxia's Lair|Silithus|Winterspring	1|249	Vol'jin - Conquest of Azeroth	6	2026-08-10	2026-08-14
worldforged	1381467	2	Azshara	1	Vol'jin - Conquest of Azeroth	3	2026-08-16	2026-08-16
worldforged	1381469	1	Wailing Caverns	1	Rexxar - Conquest of Azeroth	1	2026-08-15	2026-08-15
worldforged	1382609	4	Blackrock Spire|Gnomeregan|Scholomance	90|229|289	Vol'jin - Conquest of Azeroth	4	2026-08-13	2026-08-13
worldforged	1388069	1	Feralas	1	Rexxar - Conquest of Azeroth|Vol'jin - Conquest of Azeroth	2	2026-07-08	2026-07-08
worldforged	1388096	4	Burning Steppes|Silverpine Forest|Western Plaguelands	0	Rexxar - Conquest of Azeroth|Vol'jin - Conquest of Azeroth	6	2026-08-12	2026-08-19
worldforged	1388124	1	Stonetalon Mountains	1	Rexxar - Conquest of Azeroth|Vol'jin - Conquest of Azeroth	2	2026-07-08	2026-07-08
worldforged	1388135	2	Tanaris|The Gaping Chasm	1	Rexxar - Conquest of Azeroth	2	2026-08-23	2026-08-23
worldforged	1388140	1	Blackrock Depths	230	Vol'jin - Conquest of Azeroth	1	2026-07-24	2026-07-24
worldforged	1388142	1	Wetlands	0	Rexxar - Conquest of Azeroth|Vol'jin - Conquest of Azeroth	2	2026-07-08	2026-07-08
worldforged	1388151	1	Desolace	1	Rexxar - Conquest of Azeroth|Vol'jin - Conquest of Azeroth	2	2026-07-08	2026-07-08
worldforged	1388153	1	Desolace	1	Rexxar - Conquest of Azeroth|Vol'jin - Conquest of Azeroth	2	2026-07-08	2026-07-08
worldforged	1388158	1	Desolace	1	Rexxar - Conquest of Azeroth|Vol'jin - Conquest of Azeroth	2	2026-07-08	2026-07-08
worldforged	1388162	1	Desolace	1	Rexxar - Conquest of Azeroth|Vol'jin - Conquest of Azeroth	2	2026-07-08	2026-07-08
worldforged	1388163	1	Desolace	1	Rexxar - Conquest of Azeroth|Vol'jin - Conquest of Azeroth	2	2026-07-08	2026-07-08
worldforged	1388167	1	Desolace	1	Rexxar - Conquest of Azeroth|Vol'jin - Conquest of Azeroth	2	2026-07-08	2026-07-08
worldforged	1388178	1	Desolace	1	Rexxar - Conquest of Azeroth	1	2026-07-08	2026-07-08
worldforged	1388179	1	Desolace	1	Rexxar - Conquest of Azeroth|Vol'jin - Conquest of Azeroth	2	2026-07-08	2026-07-08
worldforged	1388182	1	Desolace	1	Rexxar - Conquest of Azeroth|Vol'jin - Conquest of Azeroth	2	2026-07-08	2026-07-08
worldforged	1388183	1	Winterspring	1	Rexxar - Conquest of Azeroth|Vol'jin - Conquest of Azeroth	2	2026-07-09	2026-07-09
worldforged	1388185	1	Desolace	1	Bronzebeard - Warcraft Reborn|Rexxar - Conquest of Azeroth|Vol'jin - Conquest of Azeroth	3	2026-07-08	2026-07-08
worldforged	1388186	1	Desolace	1	Rexxar - Conquest of Azeroth|Vol'jin - Conquest of Azeroth	3	2026-07-08	2026-07-08
worldforged	1388198	2	Desolace|Winterspring	1	Rexxar - Conquest of Azeroth|Vol'jin - Conquest of Azeroth	4	2026-07-08	2026-07-12
worldforged	1388199	1	Desolace	1	Bronzebeard - Warcraft Reborn|Rexxar - Conquest of Azeroth|Vol'jin - Conquest of Azeroth	3	2026-07-08	2026-07-08
worldforged	1388200	1	Desolace	1	Rexxar - Conquest of Azeroth|Vol'jin - Conquest of Azeroth	2	2026-07-08	2026-07-08
worldforged	1388201	1	Desolace	1	Rexxar - Conquest of Azeroth|Vol'jin - Conquest of Azeroth	2	2026-07-08	2026-07-08
worldforged	1388205	1	Alterac Mountains	0	Rexxar - Conquest of Azeroth|Vol'jin - Conquest of Azeroth	2	2026-07-08	2026-07-08
worldforged	1388206	2	Hillsbrad Foothills|Stratholme	0|329	Vol'jin - Conquest of Azeroth	2	2026-07-07	2026-07-28
worldforged	1388209	1	Alterac Mountains	0	Rexxar - Conquest of Azeroth|Vol'jin - Conquest of Azeroth	2	2026-07-08	2026-07-08
worldforged	1388216	1	Alterac Mountains	0	Rexxar - Conquest of Azeroth|Vol'jin - Conquest of Azeroth	2	2026-07-08	2026-07-08
worldforged	1388218	1	Alterac Mountains	0	Rexxar - Conquest of Azeroth|Vol'jin - Conquest of Azeroth	2	2026-07-08	2026-07-08
worldforged	1388226	1	Silithus	1	Rexxar - Conquest of Azeroth|Vol'jin - Conquest of Azeroth	2	2026-07-10	2026-07-10
worldforged	1388235	7	Azshara|Durotar|Felwood|Un'Goro Crater|Western Plaguelands|Zul'Farrak	0|1|209	Vol'jin - Conquest of Azeroth	7	2026-07-27	2026-08-02
worldforged	1388266	1	Alterac Mountains	0	Bronzebeard - Warcraft Reborn|Rexxar - Conquest of Azeroth|Vol'jin - Conquest of Azeroth	3	2026-07-08	2026-07-08
worldforged	1388269	1	Deadwind Pass	0	Bronzebeard - Warcraft Reborn|Rexxar - Conquest of Azeroth|Vol'jin - Conquest of Azeroth	3	2026-07-08	2026-07-08
worldforged	1388272	1	Mulgore	1	Rexxar - Conquest of Azeroth|Vol'jin - Conquest of Azeroth	2	2026-07-08	2026-07-08
worldforged	1388273	1	Mulgore	1	Rexxar - Conquest of Azeroth|Vol'jin - Conquest of Azeroth	2	2026-07-08	2026-07-08
worldforged	1388275	1	Elwynn Forest	0	Rexxar - Conquest of Azeroth|Vol'jin - Conquest of Azeroth	2	2026-07-08	2026-07-08
worldforged	1388286	1	Alterac Mountains	0	Rexxar - Conquest of Azeroth|Vol'jin - Conquest of Azeroth	2	2026-07-08	2026-07-08
worldforged	1388291	1	Stranglethorn Vale	0	Rexxar - Conquest of Azeroth|Vol'jin - Conquest of Azeroth	2	2026-07-08	2026-07-08
worldforged	1388332	1	Arathi Highlands	0	Rexxar - Conquest of Azeroth|Vol'jin - Conquest of Azeroth	2	2026-07-08	2026-07-08
worldforged	1388347	1	Stranglethorn Vale	0	Rexxar - Conquest of Azeroth	1	2026-07-08	2026-07-08
worldforged	1388355	19	Azshara|Blasted Lands|Durotar|Eastern Plaguelands|Felwood|Feralas|Searing Gorge|Silithus|Stranglethorn Vale|Tanaris|The Temple of Atal'Hakkar|Un'Goro Crater|Wailing Caverns|Western Plaguelands|Winterspring|Zul'Farrak	0|1|109|209	Vol'jin - Conquest of Azeroth	21	2026-07-24	2026-08-02
worldforged	1388365	1	Teldrassil	1	Vol'jin - Conquest of Azeroth	1	2025-11-19	2025-11-19
worldforged	1388366	1	Stranglethorn Vale	0	Rexxar - Conquest of Azeroth|Vol'jin - Conquest of Azeroth	2	2026-07-08	2026-07-08
worldforged	1388369	2	Durotar|Stranglethorn Vale	0|1	Rexxar - Conquest of Azeroth	2	2026-08-18	2026-08-27
worldforged	1388374	5	Deathknell|Felwood|Stranglethorn Vale	0|1	Rexxar - Conquest of Azeroth|Vol'jin - Conquest of Azeroth	7	2026-07-17	2026-08-19
worldforged	1388375	1	Stranglethorn Vale	0	Vol'jin - Conquest of Azeroth	1	2026-07-07	2026-07-07
worldforged	1388390	1	Stranglethorn Vale	0	Bronzebeard - Warcraft Reborn|Rexxar - Conquest of Azeroth|Vol'jin - Conquest of Azeroth	3	2026-07-08	2026-07-08
worldforged	1388399	1	Stranglethorn Vale	0	Rexxar - Conquest of Azeroth|Vol'jin - Conquest of Azeroth	2	2026-07-08	2026-07-08
worldforged	1388401	1	Stranglethorn Vale	0	Rexxar - Conquest of Azeroth|Vol'jin - Conquest of Azeroth	2	2026-07-08	2026-07-08
worldforged	1388405	1	Stranglethorn Vale	0	Rexxar - Conquest of Azeroth|Vol'jin - Conquest of Azeroth	2	2026-07-08	2026-07-08
worldforged	1388407	3	Azshara|Stranglethorn Vale|Western Plaguelands	0|1	Rexxar - Conquest of Azeroth|Vol'jin - Conquest of Azeroth	4	2026-07-08	2026-07-28
worldforged	1388420	1	Stranglethorn Vale	0	Rexxar - Conquest of Azeroth|Vol'jin - Conquest of Azeroth	2	2026-07-08	2026-07-08
worldforged	1388423	1	Dire Maul	429	Vol'jin - Conquest of Azeroth	1	2026-08-07	2026-08-07
worldforged	1388424	10	Blackrock Depths|Burning Steppes|Dire Maul|Razorfen Downs|Razorfen Kraul|Scholomance|Searing Gorge|Stranglethorn Vale|Stratholme	0|47|129|230|289|329|429	Vol'jin - Conquest of Azeroth	13	2026-08-01	2026-08-07
worldforged	1388433	1	Stranglethorn Vale	0	Rexxar - Conquest of Azeroth|Vol'jin - Conquest of Azeroth	2	2026-07-08	2026-07-08
worldforged	1388435	1	Winterspring	1	Rexxar - Conquest of Azeroth	1	2026-07-19	2026-07-19
worldforged	1388436	1	Stranglethorn Vale	0	Rexxar - Conquest of Azeroth|Vol'jin - Conquest of Azeroth	2	2026-07-08	2026-07-08
worldforged	1388440	1	Alterac Mountains	0	Rexxar - Conquest of Azeroth|Vol'jin - Conquest of Azeroth	2	2026-07-08	2026-07-08
worldforged	1388442	1	Alterac Mountains	0	Rexxar - Conquest of Azeroth|Vol'jin - Conquest of Azeroth	2	2026-07-08	2026-07-08
worldforged	1388443	1	Hillsbrad Foothills	0	Rexxar - Conquest of Azeroth|Vol'jin - Conquest of Azeroth	2	2026-07-08	2026-07-08
worldforged	1388452	2	Blackrock Depths|Scholomance	230|289	Vol'jin - Conquest of Azeroth	2	2026-08-13	2026-08-13
worldforged	1388482	1	Dun Morogh	0	Bronzebeard - Warcraft Reborn|Rexxar - Conquest of Azeroth|Vol'jin - Conquest of Azeroth	3	2026-07-08	2026-07-08
worldforged	1388483	2	Dun Morogh|Scarlet Monastery	0|189	Rexxar - Conquest of Azeroth|Vol'jin - Conquest of Azeroth	3	2026-07-08	2026-08-22
worldforged	1388484	1	Dun Morogh	0	Rexxar - Conquest of Azeroth|Vol'jin - Conquest of Azeroth	2	2026-07-08	2026-07-08
worldforged	1388485	1	Dun Morogh	0	Rexxar - Conquest of Azeroth|Vol'jin - Conquest of Azeroth	2	2026-07-08	2026-07-08
worldforged	1388488	1	Dun Morogh	0	Rexxar - Conquest of Azeroth|Vol'jin - Conquest of Azeroth	2	2026-07-08	2026-07-08
worldforged	1388496	2	Scarlet Monastery|The Temple of Atal'Hakkar	109|189	Rexxar - Conquest of Azeroth	2	2026-08-16	2026-08-22
worldforged	1388499	1	Loch Modan	0	Rexxar - Conquest of Azeroth|Vol'jin - Conquest of Azeroth	2	2026-07-08	2026-07-08
worldforged	1388500	1	Loch Modan	0	Rexxar - Conquest of Azeroth|Vol'jin - Conquest of Azeroth	2	2026-07-08	2026-07-08
worldforged	1388508	1	Burning Steppes	0	Vol'jin - Conquest of Azeroth	1	2026-08-19	2026-08-19
worldforged	1388510	1	Winterspring	1	Vol'jin - Conquest of Azeroth	1	2026-08-04	2026-08-04
worldforged	1388511	2	Desolace|Stratholme	1|329	Rexxar - Conquest of Azeroth	2	2026-08-15	2026-08-15
worldforged	1388521	1	Durotar	1	Bronzebeard - Warcraft Reborn|Rexxar - Conquest of Azeroth|Vol'jin - Conquest of Azeroth	3	2026-07-08	2026-07-08
worldforged	1388524	1	Mulgore	1	Bronzebeard - Warcraft Reborn|Rexxar - Conquest of Azeroth|Vol'jin - Conquest of Azeroth	3	2026-07-08	2026-07-08
worldforged	1388525	1	Mulgore	1	Rexxar - Conquest of Azeroth|Vol'jin - Conquest of Azeroth	2	2026-07-08	2026-07-08
worldforged	1388526	1	Mulgore	1	Rexxar - Conquest of Azeroth|Vol'jin - Conquest of Azeroth	2	2026-07-08	2026-07-08
worldforged	1388528	1	Durotar	1	Rexxar - Conquest of Azeroth|Vol'jin - Conquest of Azeroth	2	2026-07-08	2026-07-08
worldforged	1388530	2	Mulgore|Westfall	0|1	Rexxar - Conquest of Azeroth|Vol'jin - Conquest of Azeroth	4	2026-07-08	2026-07-08
worldforged	1388532	1	Elwynn Forest	0	Rexxar - Conquest of Azeroth|Vol'jin - Conquest of Azeroth	2	2026-07-08	2026-07-08
worldforged	1388533	1	Elwynn Forest	0	Rexxar - Conquest of Azeroth|Vol'jin - Conquest of Azeroth	2	2026-07-08	2026-07-08
worldforged	1388567	1	Western Plaguelands	0	Vol'jin - Conquest of Azeroth	1	2025-11-14	2025-11-14
worldforged	1388570	2	Swamp of Sorrows|Westfall	0	Rexxar - Conquest of Azeroth|Vol'jin - Conquest of Azeroth	4	2026-07-08	2026-07-15
worldforged	1388571	2	Westfall	0	Rexxar - Conquest of Azeroth|Vol'jin - Conquest of Azeroth	3	2026-07-08	2026-07-08
worldforged	1388576	1	Scholomance	289	Vol'jin - Conquest of Azeroth	1	2026-08-28	2026-08-28
worldforged	1388577	2	Molten Core	409	Vol'jin - Conquest of Azeroth	2	2026-08-13	2026-08-13
worldforged	1388578	2	Duskwood|The Barrens	0|1	Rexxar - Conquest of Azeroth|Vol'jin - Conquest of Azeroth	4	2026-07-08	2026-07-09
worldforged	1388580	2	Dire Maul|Eastern Plaguelands	0|429	Rexxar - Conquest of Azeroth	2	2026-08-15	2026-08-18
worldforged	1388594	1	Swamp of Sorrows	0	Vol'jin - Conquest of Azeroth	1	2026-07-14	2026-07-14
worldforged	1388605	1	Stranglethorn Vale	0	Rexxar - Conquest of Azeroth	1	2026-08-07	2026-08-07
worldforged	1388606	1	Tides' Hollow	1	Vol'jin - Conquest of Azeroth	1	2025-12-21	2025-12-21
worldforged	1388610	1	Stranglethorn Vale	0	Rexxar - Conquest of Azeroth|Vol'jin - Conquest of Azeroth	2	2026-07-08	2026-07-08
worldforged	1388613	1	Duskwood	0	Rexxar - Conquest of Azeroth|Vol'jin - Conquest of Azeroth	2	2026-07-08	2026-07-08
worldforged	1388617	12	Blasted Lands|Burning Steppes|Desolace|Duskwood|Molten Core|Silithus|Un'Goro Crater|Western Plaguelands|Winterspring	0|1|409	Bronzebeard - Warcraft Reborn|Rexxar - Conquest of Azeroth|Vol'jin - Conquest of Azeroth	15	2026-07-08	2026-08-14
worldforged	1388623	1	Elwynn Forest	0	Rexxar - Conquest of Azeroth	1	2026-08-11	2026-08-11
worldforged	1388627	1	Mulgore	1	Rexxar - Conquest of Azeroth|Vol'jin - Conquest of Azeroth	2	2026-07-08	2026-07-08
worldforged	1388631	1	Mulgore	1	Rexxar - Conquest of Azeroth|Vol'jin - Conquest of Azeroth	2	2026-07-08	2026-07-08
worldforged	1388632	1	Mulgore	1	Bronzebeard - Warcraft Reborn|Rexxar - Conquest of Azeroth|Vol'jin - Conquest of Azeroth	3	2026-07-08	2026-07-08
worldforged	1388633	1	Winterspring	1	Rexxar - Conquest of Azeroth	1	2026-07-24	2026-07-24
worldforged	1388634	1	Mulgore	1	Rexxar - Conquest of Azeroth|Vol'jin - Conquest of Azeroth	2	2026-07-08	2026-07-08
worldforged	1388637	2	Mulgore|Silithus	1	Rexxar - Conquest of Azeroth|Vol'jin - Conquest of Azeroth	4	2026-07-08	2026-07-09
worldforged	1388638	1	Mulgore	1	Rexxar - Conquest of Azeroth|Vol'jin - Conquest of Azeroth	2	2026-07-08	2026-07-08
worldforged	1388656	1	Eastern Plaguelands	0	Rexxar - Conquest of Azeroth	1	2026-08-15	2026-08-15
worldforged	1388661	1	The Barrens	1	Rexxar - Conquest of Azeroth|Vol'jin - Conquest of Azeroth	2	2026-07-14	2026-07-14
worldforged	1388674	3	Elwynn Forest	0	Rexxar - Conquest of Azeroth|Vol'jin - Conquest of Azeroth	4	2026-07-08	2026-07-08
worldforged	1388677	1	Dun Morogh	0	Rexxar - Conquest of Azeroth|Vol'jin - Conquest of Azeroth	2	2026-07-08	2026-07-08
worldforged	1388679	1	Teldrassil	1	Rexxar - Conquest of Azeroth|Vol'jin - Conquest of Azeroth	2	2026-07-08	2026-07-08
worldforged	1388698	1	Durotar	1	Rexxar - Conquest of Azeroth|Vol'jin - Conquest of Azeroth	2	2026-07-08	2026-07-08
worldforged	1388705	1	Ashenvale	1	Bronzebeard - Warcraft Reborn|Rexxar - Conquest of Azeroth|Vol'jin - Conquest of Azeroth	3	2026-07-08	2026-07-08
worldforged	1388706	1	Durotar	1	Rexxar - Conquest of Azeroth|Vol'jin - Conquest of Azeroth	2	2026-07-08	2026-07-08
worldforged	1388709	3	Azshara|Scarlet Monastery|The Temple of Atal'Hakkar	1|109|189	Rexxar - Conquest of Azeroth	3	2026-08-16	2026-08-20
worldforged	1388713	1	The Hinterlands	0	Rexxar - Conquest of Azeroth|Vol'jin - Conquest of Azeroth	2	2026-07-08	2026-07-08
worldforged	1388715	1	Elwynn Forest	0	Rexxar - Conquest of Azeroth|Vol'jin - Conquest of Azeroth	2	2026-07-08	2026-07-08
worldforged	1388718	1	Dun Morogh	0	Rexxar - Conquest of Azeroth|Vol'jin - Conquest of Azeroth	2	2026-07-08	2026-07-08
worldforged	1388720	1	Stratholme	329	Rexxar - Conquest of Azeroth	1	2026-08-02	2026-08-02
worldforged	1388738	3	The Barrens|Winterspring	1	Rexxar - Conquest of Azeroth	3	2026-07-23	2026-08-14
worldforged	1388740	1	Durotar	1	Rexxar - Conquest of Azeroth|Vol'jin - Conquest of Azeroth	2	2026-07-08	2026-07-08
worldforged	1388743	1	Teldrassil	1	Rexxar - Conquest of Azeroth|Vol'jin - Conquest of Azeroth	2	2026-07-08	2026-07-08
worldforged	1388745	2	Duskwood|Elwynn Forest	0	Bronzebeard - Warcraft Reborn|Rexxar - Conquest of Azeroth|Vol'jin - Conquest of Azeroth	6	2026-07-08	2026-07-08
worldforged	1388757	1	Ashenvale	1	Rexxar - Conquest of Azeroth|Vol'jin - Conquest of Azeroth	2	2026-07-08	2026-07-08
worldforged	1388771	1	Westfall	0	Rexxar - Conquest of Azeroth|Vol'jin - Conquest of Azeroth	2	2026-07-08	2026-07-08
worldforged	1388781	1	Durotar	1	Rexxar - Conquest of Azeroth|Vol'jin - Conquest of Azeroth	2	2026-07-08	2026-07-08
worldforged	1388786	1	Durotar	1	Rexxar - Conquest of Azeroth|Vol'jin - Conquest of Azeroth	2	2026-07-08	2026-07-08
worldforged	1388789	2	Ashenvale|Winterspring	1	Rexxar - Conquest of Azeroth|Vol'jin - Conquest of Azeroth	3	2026-07-08	2026-07-19
worldforged	1388790	1	Ashenvale	1	Rexxar - Conquest of Azeroth|Vol'jin - Conquest of Azeroth	2	2026-07-08	2026-07-08
worldforged	1388793	5	Dustwallow Marsh|Scarlet Monastery|Stonetalon Mountains	1|189	Rexxar - Conquest of Azeroth	7	2026-08-08	2026-08-09
worldforged	1388795	1	Ashenvale	1	Rexxar - Conquest of Azeroth|Vol'jin - Conquest of Azeroth	2	2026-07-08	2026-07-08
worldforged	1388808	1	Dustwallow Marsh	1	Rexxar - Conquest of Azeroth|Vol'jin - Conquest of Azeroth	2	2026-07-08	2026-07-08
worldforged	1388810	1	Elwynn Forest	0	Rexxar - Conquest of Azeroth|Vol'jin - Conquest of Azeroth	2	2026-07-08	2026-07-08
worldforged	1388811	1	Ashenvale	1	Rexxar - Conquest of Azeroth|Vol'jin - Conquest of Azeroth	2	2026-07-08	2026-07-08
worldforged	1388821	1	Hillsbrad Foothills	0	Rexxar - Conquest of Azeroth|Vol'jin - Conquest of Azeroth	2	2026-07-08	2026-07-08
worldforged	1388831	1	Feralas	1	Vol'jin - Conquest of Azeroth	1	2026-08-09	2026-08-09
worldforged	1388833	3	Burning Steppes|Eastern Plaguelands|Western Plaguelands	0	Rexxar - Conquest of Azeroth	3	2026-08-15	2026-08-28
worldforged	1388843	1	Hillsbrad Foothills	0	Bronzebeard - Warcraft Reborn|Rexxar - Conquest of Azeroth|Vol'jin - Conquest of Azeroth	3	2026-07-08	2026-07-08
worldforged	1388850	1	Darkshore	1	Rexxar - Conquest of Azeroth|Vol'jin - Conquest of Azeroth	2	2026-07-08	2026-07-08
worldforged	1388868	1	Feralas	1	Rexxar - Conquest of Azeroth|Vol'jin - Conquest of Azeroth	2	2026-07-08	2026-07-08
worldforged	1388874	1	Swamp of Sorrows	0	Rexxar - Conquest of Azeroth|Vol'jin - Conquest of Azeroth	2	2026-07-12	2026-07-12
worldforged	1388888	1	Feralas	1	Rexxar - Conquest of Azeroth|Vol'jin - Conquest of Azeroth	2	2026-07-08	2026-07-08
worldforged	1388895	1	The Barrens	1	Rexxar - Conquest of Azeroth|Vol'jin - Conquest of Azeroth	2	2026-07-09	2026-07-09
worldforged	1388907	1	The Gaping Chasm	1	Rexxar - Conquest of Azeroth	1	2026-08-23	2026-08-23
worldforged	1388911	1	Dustwallow Marsh	1	Rexxar - Conquest of Azeroth|Vol'jin - Conquest of Azeroth	3	2026-07-08	2026-07-08
worldforged	1388927	2	Deadwind Pass|Dustwallow Marsh	0|1	Rexxar - Conquest of Azeroth|Vol'jin - Conquest of Azeroth	3	2026-07-08	2026-08-10
worldforged	1388928	1	Dustwallow Marsh	1	Rexxar - Conquest of Azeroth|Vol'jin - Conquest of Azeroth	2	2026-07-08	2026-07-08
worldforged	1388932	1	Dustwallow Marsh	1	Bronzebeard - Warcraft Reborn|Rexxar - Conquest of Azeroth|Vol'jin - Conquest of Azeroth	3	2026-07-08	2026-07-08
worldforged	1388938	1	Dustwallow Marsh	1	Rexxar - Conquest of Azeroth|Vol'jin - Conquest of Azeroth	2	2026-07-08	2026-07-08
worldforged	1388940	1	Silithus	1	Rexxar - Conquest of Azeroth|Vol'jin - Conquest of Azeroth	2	2026-07-09	2026-07-09
worldforged	1388942	1	Tanaris	1	Rexxar - Conquest of Azeroth|Vol'jin - Conquest of Azeroth	2	2026-07-08	2026-07-08
worldforged	1388957	1	Silithus	1	Rexxar - Conquest of Azeroth	1	2026-07-15	2026-07-15
worldforged	1388966	1	Blasted Lands	0	Rexxar - Conquest of Azeroth|Vol'jin - Conquest of Azeroth	2	2026-07-08	2026-07-08
worldforged	1388972	2	Azshara|Winterspring	1	Vol'jin - Conquest of Azeroth	2	2026-07-24	2026-07-24
worldforged	1388981	1	Blackrock Depths	230	Vol'jin - Conquest of Azeroth	1	2026-07-24	2026-07-24
worldforged	1388987	2	Arathi Highlands|Desolace	0|1	Bronzebeard - Warcraft Reborn|Rexxar - Conquest of Azeroth|Vol'jin - Conquest of Azeroth	5	2026-07-08	2026-07-08
worldforged	1388998	1	Teldrassil	1	Rexxar - Conquest of Azeroth|Vol'jin - Conquest of Azeroth	2	2026-07-08	2026-07-08
worldforged	1389009	1	Stonetalon Mountains	1	Rexxar - Conquest of Azeroth|Vol'jin - Conquest of Azeroth	2	2026-07-08	2026-07-08
worldforged	1389020	1	Thousand Needles	1	Rexxar - Conquest of Azeroth|Vol'jin - Conquest of Azeroth	3	2026-07-08	2026-07-08
worldforged	1389023	1	Thousand Needles	1	Rexxar - Conquest of Azeroth|Vol'jin - Conquest of Azeroth	2	2026-07-08	2026-07-08
worldforged	1389026	1	Thousand Needles	1	Rexxar - Conquest of Azeroth|Vol'jin - Conquest of Azeroth	2	2026-07-08	2026-07-08
worldforged	1389030	2	Thousand Needles	1	Rexxar - Conquest of Azeroth|Vol'jin - Conquest of Azeroth	2	2026-07-08	2026-07-08
worldforged	1389036	1	Redridge Mountains	0	Vol'jin - Conquest of Azeroth	1	2025-11-06	2025-11-06
worldforged	1389054	1	Stranglethorn Vale	0	Rexxar - Conquest of Azeroth	1	2026-07-08	2026-07-08
worldforged	1389055	1	Westfall	0	Bronzebeard - Warcraft Reborn|Rexxar - Conquest of Azeroth|Vol'jin - Conquest of Azeroth	3	2026-07-08	2026-07-08
worldforged	1389058	1	Westfall	0	Rexxar - Conquest of Azeroth|Vol'jin - Conquest of Azeroth	3	2026-07-08	2026-07-08
worldforged	1389063	1	The Hinterlands	0	Rexxar - Conquest of Azeroth	2	2026-07-08	2026-07-08
worldforged	1389072	1	The Hinterlands	0	Rexxar - Conquest of Azeroth|Vol'jin - Conquest of Azeroth	2	2026-07-08	2026-07-08
worldforged	1389073	1	The Hinterlands	0	Rexxar - Conquest of Azeroth|Vol'jin - Conquest of Azeroth	2	2026-07-08	2026-07-08
worldforged	1389074	1	The Hinterlands	0	Bronzebeard - Warcraft Reborn|Rexxar - Conquest of Azeroth|Vol'jin - Conquest of Azeroth	3	2026-07-08	2026-07-08
worldforged	1389081	1	Tanaris	1	Rexxar - Conquest of Azeroth|Vol'jin - Conquest of Azeroth	2	2026-07-08	2026-07-08
worldforged	1389083	1	Tanaris	1	Rexxar - Conquest of Azeroth|Vol'jin - Conquest of Azeroth	2	2026-07-08	2026-07-08
worldforged	1389086	1	The Hinterlands	0	Rexxar - Conquest of Azeroth|Vol'jin - Conquest of Azeroth	2	2026-07-08	2026-07-08
worldforged	1389093	1	Tanaris	1	Bronzebeard - Warcraft Reborn|Rexxar - Conquest of Azeroth|Vol'jin - Conquest of Azeroth	3	2026-07-08	2026-07-08
worldforged	1389094	1	Tanaris	1	Rexxar - Conquest of Azeroth|Vol'jin - Conquest of Azeroth	2	2026-07-08	2026-07-08
worldforged	1389098	6	Azshara|Felwood|Silithus|Western Plaguelands|Winterspring	0|1	Rexxar - Conquest of Azeroth	7	2026-08-09	2026-08-13
worldforged	1389101	1	Tanaris	1	Rexxar - Conquest of Azeroth|Vol'jin - Conquest of Azeroth	2	2026-07-08	2026-07-08
worldforged	1389103	1	Tanaris	1	Rexxar - Conquest of Azeroth	1	2026-07-08	2026-07-08
worldforged	1389105	1	Tanaris	1	Bronzebeard - Warcraft Reborn|Rexxar - Conquest of Azeroth|Vol'jin - Conquest of Azeroth	3	2026-07-08	2026-07-08
worldforged	1389106	1	Tanaris	1	Rexxar - Conquest of Azeroth|Vol'jin - Conquest of Azeroth	2	2026-07-08	2026-07-08
worldforged	1389108	1	Tanaris	1	Rexxar - Conquest of Azeroth|Vol'jin - Conquest of Azeroth	2	2026-07-08	2026-07-08
worldforged	1389115	1	Tanaris	1	Rexxar - Conquest of Azeroth|Vol'jin - Conquest of Azeroth	2	2026-07-08	2026-07-08
worldforged	1389120	1	Blackrock Depths	230	Rexxar - Conquest of Azeroth	1	2026-08-01	2026-08-01
worldforged	1389126	1	Stranglethorn Vale	0	Rexxar - Conquest of Azeroth	1	2026-07-24	2026-07-24
worldforged	1389354	1	Wetlands	0	Rexxar - Conquest of Azeroth|Vol'jin - Conquest of Azeroth	2	2026-07-08	2026-07-08
worldforged	1389358	1	Wetlands	0	Bronzebeard - Warcraft Reborn|Rexxar - Conquest of Azeroth|Vol'jin - Conquest of Azeroth	3	2026-07-08	2026-07-08
worldforged	1389361	1	Wetlands	0	Rexxar - Conquest of Azeroth|Vol'jin - Conquest of Azeroth	2	2026-07-08	2026-07-08
worldforged	1389379	1	Ashenvale	1	Rexxar - Conquest of Azeroth|Vol'jin - Conquest of Azeroth	2	2026-07-08	2026-07-08
worldforged	1389380	1	Ashenvale	1	Rexxar - Conquest of Azeroth|Vol'jin - Conquest of Azeroth	2	2026-07-08	2026-07-08
worldforged	1389896	1	Stranglethorn Vale	0	Rexxar - Conquest of Azeroth	1	2026-08-06	2026-08-06
worldforged	1389903	1	Teldrassil	1	Rexxar - Conquest of Azeroth|Vol'jin - Conquest of Azeroth	2	2025-11-18	2025-11-18
worldforged	1392153	2	Burning Steppes|Silithus	0|1	Rexxar - Conquest of Azeroth	2	2026-08-17	2026-08-19
worldforged	1392342	1	Deathknell	0	Vol'jin - Conquest of Azeroth	1	2026-08-18	2026-08-18
worldforged	1392481	2	Deathknell	0	Rexxar - Conquest of Azeroth	2	2026-08-19	2026-08-19
worldforged	1392650	5	Azshara|Felwood|Searing Gorge|Thousand Needles|Winterspring	0|1	Rexxar - Conquest of Azeroth	5	2026-08-15	2026-08-17
worldforged	1393039	1	Glorious Azzar Faire	909	Rexxar - Conquest of Azeroth	1	2026-08-29	2026-08-29
worldforged	1393072	2	Blackrock Mountain|Western Plaguelands	0	Rexxar - Conquest of Azeroth	3	2026-08-20	2026-08-21
worldforged	1393105	3	Blackrock Mountain|The Barrens|Western Plaguelands	0|1	Rexxar - Conquest of Azeroth	3	2026-08-18	2026-08-21
worldforged	1393136	1	The Barrens	1	Bronzebeard - Warcraft Reborn	1	2026-05-04	2026-05-04
worldforged	1393542	2	Azshara|Eastern Plaguelands	0|1	Vol'jin - Conquest of Azeroth	2	2026-08-11	2026-08-11
worldforged	1393551	2	Silverpine Forest|The Barrens	0|1	Rexxar - Conquest of Azeroth	2	2026-08-18	2026-08-18
worldforged	1393584	1	Stranglethorn Vale	0	Area 52 - Free-Pick|Darkmoon - Season 10 Wildcard|Dawnrise - Season 10 Freepick|Rexxar - Conquest of Azeroth|Vol'jin - Conquest of Azeroth	5	2026-05-08	2026-05-08
worldforged	1450513	32	Ashenvale|Burning Steppes|Coldridge Pass|Deathknell|Durotar|Elwynn Forest|Eversong Woods|Maraudon|Mulgore|Northshire Valley|Razorfen Downs|Red Cloud Mesa|Scarlet Monastery|Shadowglen|Shadowthread Cave|Sinister Lair|Stonetalon Mountains|Teldrassil|The Barrens|Uldaman|Valley of Trials	0|1|70|129|189|349|530	Area 52 - Free-Pick|Bronzebeard - Warcraft Reborn|Darkmoon - Season 10 Wildcard|Dawnrise - Season 10 Freepick|Rexxar - Conquest of Azeroth|Vol'jin - Conquest of Azeroth	99	2025-10-04	2026-09-04
worldforged	3595662	5	Maraudon|Uldaman	1|70|349	Rexxar - Conquest of Azeroth|Vol'jin - Conquest of Azeroth	8	2025-10-07	2026-05-20
worldforged	4050651	1	Ashenvale	1	Area 52 - Free-Pick|Bronzebeard - Warcraft Reborn|Darkmoon - Season 10 Wildcard|Dawnrise - Season 10 Freepick|Rexxar - Conquest of Azeroth|Vol'jin - Conquest of Azeroth	11	2025-10-04	2026-08-28
worldforged	4050652	6	Ashenvale|Silverpine Forest|Wailing Caverns|Wetlands	0|1|43	Area 52 - Free-Pick|Bronzebeard - Warcraft Reborn|Darkmoon - Season 10 Wildcard|Dawnrise - Season 10 Freepick|Rexxar - Conquest of Azeroth|Vol'jin - Conquest of Azeroth	16	2025-10-04	2026-08-28
worldforged	4050653	1	Ashenvale	1	Area 52 - Free-Pick|Darkmoon - Season 10 Wildcard|Dawnrise - Season 10 Freepick|Rexxar - Conquest of Azeroth|Vol'jin - Conquest of Azeroth	11	2025-10-04	2026-08-28
mystic_scroll	11880	2	Western Plaguelands	0	Bronzebeard - Warcraft Reborn	2	2026-05-13	2026-08-05
mystic_scroll	200047	1	Stranglethorn Vale	0	Bronzebeard - Warcraft Reborn	1	2026-05-31	2026-05-31
mystic_scroll	200049	2	Badlands|Desolace	0|1	Area 52 - Free-Pick|Bronzebeard - Warcraft Reborn|Darkmoon - Season 10 Wildcard|Dawnrise - Season 10 Freepick|Rexxar - Conquest of Azeroth	6	2025-10-23	2026-05-22
mystic_scroll	200050	2	Alterac Mountains|Caverns of Time	0|1	Area 52 - Free-Pick|Bronzebeard - Warcraft Reborn|Darkmoon - Season 10 Wildcard|Dawnrise - Season 10 Freepick	4	2026-05-01	2026-06-09
mystic_scroll	200063	3	Alterac Mountains|Teldrassil|Winterspring	0|1	Area 52 - Free-Pick|Darkmoon - Season 10 Wildcard|Dawnrise - Season 10 Freepick	9	2025-11-02	2026-04-30
mystic_scroll	200070	1	The Hinterlands	0	Bronzebeard - Warcraft Reborn	1	2026-05-24	2026-05-24
mystic_scroll	200072	1	Arathi Highlands	0	Area 52 - Free-Pick|Darkmoon - Season 10 Wildcard|Dawnrise - Season 10 Freepick	3	2025-11-09	2026-05-01
mystic_scroll	200073	4	Blackfathom Deeps|Stranglethorn Vale|Tanaris	0|1|48	Area 52 - Free-Pick|Bronzebeard - Warcraft Reborn|Darkmoon - Season 10 Wildcard|Dawnrise - Season 10 Freepick	6	2026-04-15	2026-08-13
mystic_scroll	200074	3	Feralas	1	Bronzebeard - Warcraft Reborn	3	2026-06-05	2026-06-30
mystic_scroll	200075	1	Thousand Needles	1	Bronzebeard - Warcraft Reborn	1	2026-05-03	2026-05-03
mystic_scroll	200076	1	Teldrassil	1	Bronzebeard - Warcraft Reborn	1	2026-08-22	2026-08-22
mystic_scroll	200088	1	Stranglethorn Vale	0	Area 52 - Free-Pick|Darkmoon - Season 10 Wildcard|Dawnrise - Season 10 Freepick|Rexxar - Conquest of Azeroth	4	2025-10-29	2026-04-25
mystic_scroll	200090	1	Arathi Highlands	0	Area 52 - Free-Pick|Darkmoon - Season 10 Wildcard|Dawnrise - Season 10 Freepick|Rexxar - Conquest of Azeroth	4	2025-11-08	2026-04-25
mystic_scroll	200097	1	Darkshore	1	Area 52 - Free-Pick|Bronzebeard - Warcraft Reborn|Darkmoon - Season 10 Wildcard|Dawnrise - Season 10 Freepick	4	2026-05-01	2026-06-05
mystic_scroll	200099	1	Desolace	1	Area 52 - Free-Pick|Bronzebeard - Warcraft Reborn|Darkmoon - Season 10 Wildcard|Dawnrise - Season 10 Freepick|Rexxar - Conquest of Azeroth	5	2025-11-11	2026-08-25
mystic_scroll	200102	1	Stranglethorn Vale	0	Area 52 - Free-Pick|Darkmoon - Season 10 Wildcard|Dawnrise - Season 10 Freepick	3	2026-03-08	2026-05-02
mystic_scroll	200104	2	Blasted Lands|Tanaris	0|1	Bronzebeard - Warcraft Reborn	2	2026-06-02	2026-06-19
mystic_scroll	200105	3	Azshara|Felwood	1	Area 52 - Free-Pick|Bronzebeard - Warcraft Reborn|Darkmoon - Season 10 Wildcard|Dawnrise - Season 10 Freepick	7	2025-11-22	2026-06-04
mystic_scroll	200109	1	Arathi Highlands	0	Area 52 - Free-Pick|Darkmoon - Season 10 Wildcard|Dawnrise - Season 10 Freepick	3	2025-11-22	2026-04-29
mystic_scroll	200112	2	Searing Gorge	0	Area 52 - Free-Pick|Bronzebeard - Warcraft Reborn|Darkmoon - Season 10 Wildcard|Dawnrise - Season 10 Freepick|Rexxar - Conquest of Azeroth	5	2025-11-08	2026-06-19
mystic_scroll	200116	1	Hillsbrad Foothills	0	Area 52 - Free-Pick|Darkmoon - Season 10 Wildcard|Dawnrise - Season 10 Freepick	3	2025-11-24	2026-04-28
mystic_scroll	200118	1	Tanaris	1	Area 52 - Free-Pick|Darkmoon - Season 10 Wildcard|Dawnrise - Season 10 Freepick	3	2026-04-18	2026-04-18
mystic_scroll	200122	2	Blasted Lands|Stranglethorn Vale	0	Area 52 - Free-Pick|Bronzebeard - Warcraft Reborn|Darkmoon - Season 10 Wildcard|Dawnrise - Season 10 Freepick|Rexxar - Conquest of Azeroth	5	2025-10-28	2026-08-23
mystic_scroll	200123	1	Alterac Mountains	0	Area 52 - Free-Pick|Darkmoon - Season 10 Wildcard|Dawnrise - Season 10 Freepick	3	2025-11-23	2026-05-02
mystic_scroll	200124	1	Desolace	1	Bronzebeard - Warcraft Reborn	1	2026-06-12	2026-06-12
mystic_scroll	200125	1	Desolace	1	Bronzebeard - Warcraft Reborn	1	2026-06-02	2026-06-02
mystic_scroll	200126	1	Thousand Needles	1	Area 52 - Free-Pick|Dawnrise - Season 10 Freepick	2	2025-11-22	2026-04-12
mystic_scroll	200130	1	Arathi Highlands	0	Area 52 - Free-Pick|Darkmoon - Season 10 Wildcard|Dawnrise - Season 10 Freepick|Rexxar - Conquest of Azeroth	4	2025-11-08	2026-04-25
mystic_scroll	200131	1	Desolace	1	Area 52 - Free-Pick|Bronzebeard - Warcraft Reborn|Darkmoon - Season 10 Wildcard|Dawnrise - Season 10 Freepick|Rexxar - Conquest of Azeroth	5	2025-10-26	2026-04-25
mystic_scroll	200143	2	Ashenvale|Azshara	1	Area 52 - Free-Pick|Bronzebeard - Warcraft Reborn|Darkmoon - Season 10 Wildcard|Dawnrise - Season 10 Freepick	4	2026-03-19	2026-04-29
mystic_scroll	200153	1	Badlands	0	Bronzebeard - Warcraft Reborn	1	2026-06-16	2026-06-16
mystic_scroll	200161	1	Burning Steppes	0	Area 52 - Free-Pick|Darkmoon - Season 10 Wildcard|Dawnrise - Season 10 Freepick	3	2026-05-01	2026-05-01
mystic_scroll	200179	2	Swamp of Sorrows|Wetlands	0	Area 52 - Free-Pick|Bronzebeard - Warcraft Reborn|Darkmoon - Season 10 Wildcard|Dawnrise - Season 10 Freepick	5	2025-11-06	2026-06-15
mystic_scroll	200203	5	Arathi Highlands|Dustwallow Marsh|Hillsbrad Foothills|Tanaris	0|1	Area 52 - Free-Pick|Bronzebeard - Warcraft Reborn|Darkmoon - Season 10 Wildcard|Dawnrise - Season 10 Freepick	7	2026-04-24	2026-07-01
mystic_scroll	200240	3	Azshara|Searing Gorge	0|1	Area 52 - Free-Pick|Bronzebeard - Warcraft Reborn|Darkmoon - Season 10 Wildcard|Dawnrise - Season 10 Freepick|Rexxar - Conquest of Azeroth	7	2025-11-08	2026-08-11
mystic_scroll	200317	1	Ashenvale	1	Area 52 - Free-Pick|Darkmoon - Season 10 Wildcard|Dawnrise - Season 10 Freepick	3	2026-04-14	2026-04-14
mystic_scroll	200343	1	Hillsbrad Foothills	0	Bronzebeard - Warcraft Reborn	1	2026-05-12	2026-05-12
mystic_scroll	200352	1	The Barrens	1	Dawnrise - Season 10 Freepick	1	2026-04-06	2026-04-06
mystic_scroll	200388	1	Eastern Plaguelands	0	Bronzebeard - Warcraft Reborn	1	2026-06-14	2026-06-14
mystic_scroll	200396	1	Stranglethorn Vale	0	Area 52 - Free-Pick|Bronzebeard - Warcraft Reborn|Darkmoon - Season 10 Wildcard|Dawnrise - Season 10 Freepick|Rexxar - Conquest of Azeroth	5	2025-10-29	2026-08-26
mystic_scroll	200397	1	Alterac Mountains	0	Area 52 - Free-Pick|Dawnrise - Season 10 Freepick	2	2026-04-12	2026-04-12
mystic_scroll	200410	3	Alterac Mountains|Eastern Plaguelands|The Barrens	0|1	Bronzebeard - Warcraft Reborn	3	2026-05-12	2026-06-14
mystic_scroll	200479	1	Dustwallow Marsh	1	Area 52 - Free-Pick|Darkmoon - Season 10 Wildcard|Dawnrise - Season 10 Freepick|Rexxar - Conquest of Azeroth	4	2025-11-11	2026-05-01
mystic_scroll	200507	2	Swamp of Sorrows|Wetlands	0	Area 52 - Free-Pick|Bronzebeard - Warcraft Reborn|Darkmoon - Season 10 Wildcard|Dawnrise - Season 10 Freepick	4	2025-11-20	2026-06-11
mystic_scroll	200513	1	Dustwallow Marsh	1	Bronzebeard - Warcraft Reborn	1	2026-05-18	2026-05-18
mystic_scroll	200529	2	Azshara|Feralas	1	Area 52 - Free-Pick|Bronzebeard - Warcraft Reborn|Dawnrise - Season 10 Freepick	3	2025-11-30	2026-06-30
mystic_scroll	200543	1	Alterac Mountains	0	Area 52 - Free-Pick|Darkmoon - Season 10 Wildcard|Dawnrise - Season 10 Freepick	3	2026-04-27	2026-04-27
mystic_scroll	200555	1	Desolace	1	Area 52 - Free-Pick|Darkmoon - Season 10 Wildcard|Dawnrise - Season 10 Freepick	3	2025-11-25	2026-05-01
mystic_scroll	200556	1	Arathi Highlands	0	Bronzebeard - Warcraft Reborn	1	2026-08-12	2026-08-12
mystic_scroll	200557	2	Tanaris	1	Area 52 - Free-Pick|Bronzebeard - Warcraft Reborn|Darkmoon - Season 10 Wildcard|Dawnrise - Season 10 Freepick	4	2026-05-01	2026-08-23
mystic_scroll	200559	2	Felwood|Silithus	1	Bronzebeard - Warcraft Reborn	2	2026-05-23	2026-06-05
mystic_scroll	200565	4	Blackrock Mountain|Searing Gorge|Tanaris|The Barrens	0|1	Area 52 - Free-Pick|Bronzebeard - Warcraft Reborn|Darkmoon - Season 10 Wildcard|Dawnrise - Season 10 Freepick|Rexxar - Conquest of Azeroth	9	2025-10-28	2026-05-17
mystic_scroll	200568	1	Blasted Lands	0	Bronzebeard - Warcraft Reborn	1	2026-06-21	2026-06-21
mystic_scroll	200570	2	Winterspring	1	Bronzebeard - Warcraft Reborn	2	2026-05-07	2026-06-13
mystic_scroll	200571	2	Winterspring	1	Area 52 - Free-Pick|Bronzebeard - Warcraft Reborn|Darkmoon - Season 10 Wildcard|Dawnrise - Season 10 Freepick	4	2026-04-18	2026-08-27
mystic_scroll	200572	1	Felwood	1	Bronzebeard - Warcraft Reborn	1	2026-06-25	2026-06-25
mystic_scroll	200584	1	Deadwind Pass	0	Bronzebeard - Warcraft Reborn	1	2026-05-31	2026-05-31
mystic_scroll	200585	2	Alterac Mountains|Arathi Basin	0|529	Bronzebeard - Warcraft Reborn	2	2026-05-29	2026-06-01
mystic_scroll	200590	1	Stranglethorn Vale	0	Area 52 - Free-Pick|Darkmoon - Season 10 Wildcard|Dawnrise - Season 10 Freepick|Rexxar - Conquest of Azeroth	4	2025-11-11	2026-04-25
mystic_scroll	200593	2	Stratholme	329	Bronzebeard - Warcraft Reborn	2	2026-06-17	2026-06-26
mystic_scroll	200605	2	Duskwood|Stonetalon Mountains	0|1	Area 52 - Free-Pick|Bronzebeard - Warcraft Reborn|Darkmoon - Season 10 Wildcard|Dawnrise - Season 10 Freepick|Rexxar - Conquest of Azeroth	5	2025-11-11	2026-08-29
mystic_scroll	200607	1	Western Plaguelands	0	Dawnrise - Season 10 Freepick	1	2026-04-05	2026-04-05
mystic_scroll	200620	1	Desolace	1	Area 52 - Free-Pick|Darkmoon - Season 10 Wildcard|Dawnrise - Season 10 Freepick	3	2026-04-22	2026-04-22
mystic_scroll	200621	1	Felwood	1	Area 52 - Free-Pick|Darkmoon - Season 10 Wildcard|Dawnrise - Season 10 Freepick|Rexxar - Conquest of Azeroth	4	2025-11-11	2026-04-25
mystic_scroll	200623	3	Western Plaguelands	0	Area 52 - Free-Pick|Bronzebeard - Warcraft Reborn|Darkmoon - Season 10 Wildcard|Dawnrise - Season 10 Freepick	5	2025-11-22	2026-06-20
mystic_scroll	200626	2	Stranglethorn Vale|Tanaris	0|1	Area 52 - Free-Pick|Bronzebeard - Warcraft Reborn|Darkmoon - Season 10 Wildcard|Dawnrise - Season 10 Freepick	4	2026-04-28	2026-06-30
mystic_scroll	200631	1	Desolace	1	Area 52 - Free-Pick|Darkmoon - Season 10 Wildcard|Dawnrise - Season 10 Freepick|Rexxar - Conquest of Azeroth	4	2025-10-26	2026-04-25
mystic_scroll	200632	1	Un'Goro Crater	1	Area 52 - Free-Pick|Darkmoon - Season 10 Wildcard|Dawnrise - Season 10 Freepick|Rexxar - Conquest of Azeroth	4	2025-11-09	2026-05-01
mystic_scroll	200644	1	Western Plaguelands	0	Bronzebeard - Warcraft Reborn	1	2026-06-25	2026-06-25
mystic_scroll	200652	1	Arathi Highlands	0	Area 52 - Free-Pick|Bronzebeard - Warcraft Reborn|Darkmoon - Season 10 Wildcard|Dawnrise - Season 10 Freepick	4	2025-11-23	2026-05-23
mystic_scroll	200674	1	Scarlet Monastery	189	Bronzebeard - Warcraft Reborn	1	2026-06-14	2026-06-14
mystic_scroll	200699	1	Winterspring	1	Bronzebeard - Warcraft Reborn	1	2026-06-13	2026-06-13
mystic_scroll	200700	2	Stranglethorn Vale|Zul'Gurub	0|309	Area 52 - Free-Pick|Darkmoon - Season 10 Wildcard|Dawnrise - Season 10 Freepick	6	2026-05-02	2026-05-02
mystic_scroll	200708	1	The Barrens	1	Bronzebeard - Warcraft Reborn	1	2026-06-26	2026-06-26
mystic_scroll	200714	1	Silithus	1	Bronzebeard - Warcraft Reborn	1	2026-05-25	2026-05-25
mystic_scroll	200718	1	Ashenvale	1	Bronzebeard - Warcraft Reborn	1	2026-06-06	2026-06-06
mystic_scroll	200722	3	Winterspring	1	Area 52 - Free-Pick|Bronzebeard - Warcraft Reborn|Darkmoon - Season 10 Wildcard|Dawnrise - Season 10 Freepick|Rexxar - Conquest of Azeroth	6	2025-11-12	2026-06-19
mystic_scroll	200724	1	Hillsbrad Foothills	0	Area 52 - Free-Pick|Darkmoon - Season 10 Wildcard|Dawnrise - Season 10 Freepick	3	2026-04-26	2026-04-27
mystic_scroll	200727	1	Feralas	1	Dawnrise - Season 10 Freepick	1	2026-04-06	2026-04-06
mystic_scroll	200729	1	Stranglethorn Vale	0	Bronzebeard - Warcraft Reborn	1	2026-06-20	2026-06-20
mystic_scroll	200735	5	Ashenvale|Duskwood	0|1	Bronzebeard - Warcraft Reborn	5	2026-06-10	2026-08-26
mystic_scroll	200763	3	Burning Steppes|Eastern Plaguelands|Scholomance	0|289	Area 52 - Free-Pick|Darkmoon - Season 10 Wildcard|Dawnrise - Season 10 Freepick	7	2025-11-23	2026-05-02
mystic_scroll	200784	1	Tirisfal Glades	0	Area 52 - Free-Pick|Darkmoon - Season 10 Wildcard|Dawnrise - Season 10 Freepick	3	2025-11-21	2026-05-02
mystic_scroll	200798	6	Gnomeregan|The Barrens	1|90	Bronzebeard - Warcraft Reborn	6	2026-08-11	2026-08-19
mystic_scroll	200801	2	Desolace	1	Area 52 - Free-Pick|Bronzebeard - Warcraft Reborn|Darkmoon - Season 10 Wildcard|Dawnrise - Season 10 Freepick|Rexxar - Conquest of Azeroth	5	2025-11-11	2026-06-13
mystic_scroll	200804	1	Stranglethorn Vale	0	Area 52 - Free-Pick|Darkmoon - Season 10 Wildcard|Dawnrise - Season 10 Freepick	3	2026-05-01	2026-05-02
mystic_scroll	200817	1	Feralas	1	Bronzebeard - Warcraft Reborn	1	2026-06-09	2026-06-09
mystic_scroll	200822	1	Arathi Highlands	0	Bronzebeard - Warcraft Reborn	1	2026-06-30	2026-06-30
mystic_scroll	200836	1	Feralas	1	Area 52 - Free-Pick|Darkmoon - Season 10 Wildcard|Dawnrise - Season 10 Freepick	3	2026-05-03	2026-05-03
mystic_scroll	200851	2	Blackfathom Deeps|Western Plaguelands	0|48	Bronzebeard - Warcraft Reborn	2	2026-06-05	2026-06-19
mystic_scroll	200857	2	Burning Steppes|Searing Gorge	0	Area 52 - Free-Pick|Bronzebeard - Warcraft Reborn|Darkmoon - Season 10 Wildcard|Dawnrise - Season 10 Freepick|Rexxar - Conquest of Azeroth	5	2025-11-08	2026-06-30
mystic_scroll	200861	1	Western Plaguelands	0	Area 52 - Free-Pick|Bronzebeard - Warcraft Reborn|Darkmoon - Season 10 Wildcard|Dawnrise - Season 10 Freepick	4	2026-05-02	2026-05-22
mystic_scroll	200867	1	Stranglethorn Vale	0	Area 52 - Free-Pick|Darkmoon - Season 10 Wildcard|Dawnrise - Season 10 Freepick|Rexxar - Conquest of Azeroth	4	2025-10-28	2026-04-25
mystic_scroll	200869	1	Dustwallow Marsh	1	Area 52 - Free-Pick|Bronzebeard - Warcraft Reborn|Darkmoon - Season 10 Wildcard|Dawnrise - Season 10 Freepick	4	2026-04-29	2026-07-08
mystic_scroll	200886	2	Arathi Highlands	0	Bronzebeard - Warcraft Reborn	2	2026-05-21	2026-06-05
mystic_scroll	200887	1	Desolace	1	Bronzebeard - Warcraft Reborn	1	2026-06-26	2026-06-26
mystic_scroll	200888	1	Silithus	1	Bronzebeard - Warcraft Reborn	1	2026-06-21	2026-06-21
mystic_scroll	200889	1	Badlands	0	Area 52 - Free-Pick|Darkmoon - Season 10 Wildcard|Dawnrise - Season 10 Freepick	3	2025-11-23	2026-04-30
mystic_scroll	200895	1	Silithus	1	Area 52 - Free-Pick|Darkmoon - Season 10 Wildcard|Dawnrise - Season 10 Freepick	3	2026-05-01	2026-05-01
mystic_scroll	200907	3	Arathi Highlands	0	Area 52 - Free-Pick|Bronzebeard - Warcraft Reborn|Darkmoon - Season 10 Wildcard|Dawnrise - Season 10 Freepick	5	2026-04-30	2026-08-12
mystic_scroll	200908	1	Ashenvale	1	Area 52 - Free-Pick|Darkmoon - Season 10 Wildcard|Dawnrise - Season 10 Freepick	3	2025-11-30	2026-05-01
mystic_scroll	200916	1	Ashenvale	1	Area 52 - Free-Pick|Darkmoon - Season 10 Wildcard|Dawnrise - Season 10 Freepick	3	2025-11-22	2026-05-01
mystic_scroll	200922	2	Desolace|Winterspring	1	Area 52 - Free-Pick|Bronzebeard - Warcraft Reborn|Darkmoon - Season 10 Wildcard|Dawnrise - Season 10 Freepick|Rexxar - Conquest of Azeroth	5	2025-11-11	2026-06-14
mystic_scroll	200924	1	Tanaris	1	Bronzebeard - Warcraft Reborn	1	2026-06-24	2026-06-24
mystic_scroll	200925	1	Silithus	1	Bronzebeard - Warcraft Reborn	1	2026-06-23	2026-06-23
mystic_scroll	200933	1	Desolace	1	Bronzebeard - Warcraft Reborn	1	2026-06-02	2026-06-02
mystic_scroll	200950	1	Western Plaguelands	0	Area 52 - Free-Pick|Darkmoon - Season 10 Wildcard|Dawnrise - Season 10 Freepick	3	2026-05-01	2026-05-01
mystic_scroll	200952	3	Eastern Plaguelands	0	Area 52 - Free-Pick|Bronzebeard - Warcraft Reborn|Darkmoon - Season 10 Wildcard|Dawnrise - Season 10 Freepick|Rexxar - Conquest of Azeroth	6	2025-11-10	2026-08-03
mystic_scroll	200955	1	Un'Goro Crater	1	Bronzebeard - Warcraft Reborn	1	2026-05-27	2026-05-27
mystic_scroll	200961	3	Stratholme|Western Plaguelands	0|329	Bronzebeard - Warcraft Reborn	3	2026-06-11	2026-06-25
mystic_scroll	200974	5	Burning Steppes|Felwood|Thousand Needles|Un'Goro Crater	0|1	Area 52 - Free-Pick|Bronzebeard - Warcraft Reborn|Darkmoon - Season 10 Wildcard|Dawnrise - Season 10 Freepick|Rexxar - Conquest of Azeroth	11	2025-11-11	2026-06-11
mystic_scroll	200975	1	Eastern Plaguelands	0	Area 52 - Free-Pick|Darkmoon - Season 10 Wildcard|Dawnrise - Season 10 Freepick|Rexxar - Conquest of Azeroth	4	2025-11-10	2026-04-25
mystic_scroll	200979	1	Stranglethorn Vale	0	Area 52 - Free-Pick|Dawnrise - Season 10 Freepick	2	2025-11-24	2026-04-07
mystic_scroll	200996	1	Dire Maul	429	Bronzebeard - Warcraft Reborn	1	2026-06-11	2026-06-11
mystic_scroll	200999	2	Badlands	0	Bronzebeard - Warcraft Reborn	2	2026-06-12	2026-06-29
mystic_scroll	201002	1	Thousand Needles	1	Area 52 - Free-Pick|Darkmoon - Season 10 Wildcard|Dawnrise - Season 10 Freepick	3	2026-05-01	2026-05-02
mystic_scroll	201005	1	Tanaris	1	Bronzebeard - Warcraft Reborn	1	2026-05-12	2026-05-12
mystic_scroll	201012	6	Alterac Mountains|Azshara|Searing Gorge|Silverpine Forest|Tanaris|Uldaman	0|1|70	Bronzebeard - Warcraft Reborn	6	2026-05-18	2026-06-10
mystic_scroll	201014	1	Eastern Plaguelands	0	Bronzebeard - Warcraft Reborn	1	2026-06-27	2026-06-27
mystic_scroll	201016	1	Wetlands	0	Area 52 - Free-Pick|Darkmoon - Season 10 Wildcard|Dawnrise - Season 10 Freepick	3	2026-05-02	2026-05-02
mystic_scroll	201019	3	Alterac Mountains|Ragefire Chasm	0|389	Bronzebeard - Warcraft Reborn	3	2026-05-17	2026-08-18
mystic_scroll	201027	2	Desolace	1	Bronzebeard - Warcraft Reborn	2	2026-06-08	2026-06-09
mystic_scroll	201029	1	Thousand Needles	1	Area 52 - Free-Pick|Darkmoon - Season 10 Wildcard|Dawnrise - Season 10 Freepick	3	2026-05-01	2026-05-01
mystic_scroll	201031	1	Alterac Mountains	0	Bronzebeard - Warcraft Reborn	1	2026-06-10	2026-06-10
mystic_scroll	201047	2	Azshara	1	Area 52 - Free-Pick|Bronzebeard - Warcraft Reborn|Darkmoon - Season 10 Wildcard|Dawnrise - Season 10 Freepick|Rexxar - Conquest of Azeroth	5	2025-11-11	2026-07-04
mystic_scroll	201048	2	Arathi Highlands|Feralas	0|1	Area 52 - Free-Pick|Bronzebeard - Warcraft Reborn|Darkmoon - Season 10 Wildcard|Dawnrise - Season 10 Freepick	7	2025-11-23	2026-06-10
mystic_scroll	201051	1	The Hinterlands	0	Bronzebeard - Warcraft Reborn	1	2025-11-22	2025-11-22
mystic_scroll	201054	2	Western Plaguelands	0	Bronzebeard - Warcraft Reborn	2	2026-05-21	2026-05-26
mystic_scroll	201056	1	Eastern Plaguelands	0	Area 52 - Free-Pick|Darkmoon - Season 10 Wildcard|Dawnrise - Season 10 Freepick|Rexxar - Conquest of Azeroth	4	2025-11-10	2026-04-25
mystic_scroll	201064	1	Stranglethorn Vale	0	Area 52 - Free-Pick|Darkmoon - Season 10 Wildcard|Dawnrise - Season 10 Freepick	3	2026-05-01	2026-05-02
mystic_scroll	201080	1	Azshara	1	Area 52 - Free-Pick|Darkmoon - Season 10 Wildcard|Dawnrise - Season 10 Freepick|Rexxar - Conquest of Azeroth	4	2025-10-23	2026-04-25
mystic_scroll	201086	1	Alterac Mountains	0	Bronzebeard - Warcraft Reborn	1	2026-06-13	2026-06-13
mystic_scroll	201092	2	Azshara|Westfall	0|1	Area 52 - Free-Pick|Bronzebeard - Warcraft Reborn|Darkmoon - Season 10 Wildcard|Dawnrise - Season 10 Freepick	4	2025-11-21	2026-06-09
mystic_scroll	201100	2	The Barrens|Wetlands	0|1	Area 52 - Free-Pick|Bronzebeard - Warcraft Reborn|Darkmoon - Season 10 Wildcard|Dawnrise - Season 10 Freepick|Rexxar - Conquest of Azeroth	8	2025-11-11	2026-06-09
mystic_scroll	201107	2	Azshara	1	Area 52 - Free-Pick|Bronzebeard - Warcraft Reborn|Darkmoon - Season 10 Wildcard|Dawnrise - Season 10 Freepick	4	2026-05-02	2026-06-22
mystic_scroll	201116	1	Winterspring	1	Bronzebeard - Warcraft Reborn	1	2026-05-08	2026-05-08
mystic_scroll	201117	1	Western Plaguelands	0	Bronzebeard - Warcraft Reborn	1	2026-06-03	2026-06-03
mystic_scroll	201132	1	Eastern Plaguelands	0	Area 52 - Free-Pick|Darkmoon - Season 10 Wildcard|Dawnrise - Season 10 Freepick|Rexxar - Conquest of Azeroth	4	2025-11-14	2026-04-25
mystic_scroll	201133	1	Ashenvale	1	Area 52 - Free-Pick|Darkmoon - Season 10 Wildcard|Dawnrise - Season 10 Freepick	3	2026-05-01	2026-05-01
mystic_scroll	201136	1	Felwood	1	Bronzebeard - Warcraft Reborn	1	2026-05-31	2026-05-31
mystic_scroll	201139	1	Un'Goro Crater	1	Area 52 - Free-Pick|Darkmoon - Season 10 Wildcard|Dawnrise - Season 10 Freepick|Rexxar - Conquest of Azeroth	4	2025-11-12	2026-04-25
mystic_scroll	201142	1	The Hinterlands	0	Bronzebeard - Warcraft Reborn	1	2026-05-21	2026-05-21
mystic_scroll	201156	1	Hillsbrad Foothills	0	Area 52 - Free-Pick|Darkmoon - Season 10 Wildcard|Dawnrise - Season 10 Freepick|Rexxar - Conquest of Azeroth	4	2025-10-25	2026-04-25
mystic_scroll	201159	1	Western Plaguelands	0	Bronzebeard - Warcraft Reborn	1	2026-07-03	2026-07-03
mystic_scroll	201164	2	Arathi Highlands|Eastern Plaguelands	0	Bronzebeard - Warcraft Reborn	2	2026-05-13	2026-05-20
mystic_scroll	201165	1	Searing Gorge	0	Area 52 - Free-Pick|Darkmoon - Season 10 Wildcard|Dawnrise - Season 10 Freepick|Rexxar - Conquest of Azeroth	4	2025-11-08	2026-04-25
mystic_scroll	201169	1	The Barrens	1	Bronzebeard - Warcraft Reborn	1	2026-05-29	2026-05-29
mystic_scroll	201172	1	Desolace	1	Bronzebeard - Warcraft Reborn	1	2026-06-21	2026-06-21
mystic_scroll	201182	3	The Barrens|Westfall	0|1	Area 52 - Free-Pick|Bronzebeard - Warcraft Reborn|Darkmoon - Season 10 Wildcard|Dawnrise - Season 10 Freepick	5	2025-11-23	2026-06-21
mystic_scroll	201184	4	Feralas	1	Bronzebeard - Warcraft Reborn	4	2026-05-26	2026-07-11
mystic_scroll	201185	1	Stonetalon Mountains	1	Bronzebeard - Warcraft Reborn	1	2026-05-14	2026-05-14
mystic_scroll	201187	1	Burning Steppes	0	Bronzebeard - Warcraft Reborn	1	2026-06-03	2026-06-03
mystic_scroll	201191	1	The Temple of Atal'Hakkar	109	Bronzebeard - Warcraft Reborn	1	2026-06-11	2026-06-11
mystic_scroll	201202	1	Winterspring	1	Bronzebeard - Warcraft Reborn	1	2026-06-15	2026-06-15
mystic_scroll	201219	2	Stranglethorn Vale	0	Bronzebeard - Warcraft Reborn	2	2026-06-04	2026-06-10
mystic_scroll	201222	2	The Barrens|Wetlands	0|1	Bronzebeard - Warcraft Reborn	2	2026-05-18	2026-06-13
mystic_scroll	201223	2	Arathi Highlands|Silithus	0|1	Bronzebeard - Warcraft Reborn	2	2026-05-18	2026-06-13
mystic_scroll	201225	3	Elwynn Forest|The Barrens|Westfall	0|1	Area 52 - Free-Pick|Bronzebeard - Warcraft Reborn|Darkmoon - Season 10 Wildcard|Dawnrise - Season 10 Freepick	5	2026-04-03	2026-05-18
mystic_scroll	201226	2	Dire Maul	429	Bronzebeard - Warcraft Reborn	2	2026-05-18	2026-06-07
mystic_scroll	201227	1	The Hinterlands	0	Bronzebeard - Warcraft Reborn	1	2026-06-04	2026-06-04
mystic_scroll	201230	1	The Hinterlands	0	Bronzebeard - Warcraft Reborn	1	2026-06-08	2026-06-08
mystic_scroll	201231	4	The Barrens|Westfall	0|1	Bronzebeard - Warcraft Reborn|Dawnrise - Season 10 Freepick	4	2026-04-05	2026-07-12
mystic_scroll	201232	1	Western Plaguelands	0	Bronzebeard - Warcraft Reborn	1	2026-05-18	2026-05-18
mystic_scroll	201237	1	Westfall	0	Area 52 - Free-Pick|Bronzebeard - Warcraft Reborn|Darkmoon - Season 10 Wildcard|Dawnrise - Season 10 Freepick	4	2026-05-02	2026-05-21
mystic_scroll	201240	1	Eastern Plaguelands	0	Area 52 - Free-Pick|Darkmoon - Season 10 Wildcard|Dawnrise - Season 10 Freepick|Rexxar - Conquest of Azeroth	4	2025-11-10	2026-05-02
mystic_scroll	201241	2	Silithus	1	Area 52 - Free-Pick|Bronzebeard - Warcraft Reborn|Darkmoon - Season 10 Wildcard|Dawnrise - Season 10 Freepick	4	2026-05-02	2026-05-31
mystic_scroll	201249	3	Azshara|Winterspring	1	Bronzebeard - Warcraft Reborn	3	2026-05-16	2026-08-16
mystic_scroll	201261	2	Arathi Highlands|The Hinterlands	0	Area 52 - Free-Pick|Bronzebeard - Warcraft Reborn|Dawnrise - Season 10 Freepick	3	2025-11-27	2026-06-09
mystic_scroll	201275	3	The Barrens	1	Area 52 - Free-Pick|Bronzebeard - Warcraft Reborn|Dawnrise - Season 10 Freepick	4	2026-04-13	2026-07-14
mystic_scroll	201282	1	Tanaris	1	Area 52 - Free-Pick|Darkmoon - Season 10 Wildcard|Dawnrise - Season 10 Freepick|Rexxar - Conquest of Azeroth	4	2025-11-11	2026-04-25
mystic_scroll	201288	1	Hillsbrad Foothills	0	Area 52 - Free-Pick|Darkmoon - Season 10 Wildcard|Dawnrise - Season 10 Freepick|Rexxar - Conquest of Azeroth	4	2025-11-11	2026-05-02
mystic_scroll	201289	3	Desolace|Western Plaguelands	0|1	Bronzebeard - Warcraft Reborn	3	2026-06-12	2026-06-16
mystic_scroll	201290	1	Ashenvale	1	Area 52 - Free-Pick|Darkmoon - Season 10 Wildcard|Dawnrise - Season 10 Freepick	3	2025-11-23	2026-05-02
mystic_scroll	201293	2	Western Plaguelands	0	Area 52 - Free-Pick|Bronzebeard - Warcraft Reborn|Darkmoon - Season 10 Wildcard|Dawnrise - Season 10 Freepick	4	2026-05-01	2026-06-10
mystic_scroll	201298	2	Azshara	1	Area 52 - Free-Pick|Bronzebeard - Warcraft Reborn|Darkmoon - Season 10 Wildcard|Dawnrise - Season 10 Freepick|Rexxar - Conquest of Azeroth	5	2025-11-11	2026-06-19
mystic_scroll	201304	1	Alterac Mountains	0	Bronzebeard - Warcraft Reborn	1	2026-06-10	2026-06-10
mystic_scroll	201311	5	Loch Modan|The Barrens	0|1	Area 52 - Free-Pick|Bronzebeard - Warcraft Reborn|Darkmoon - Season 10 Wildcard|Dawnrise - Season 10 Freepick	7	2026-04-22	2026-06-20
mystic_scroll	201320	1	Arathi Highlands	0	Bronzebeard - Warcraft Reborn	1	2026-06-18	2026-06-18
mystic_scroll	201329	4	Loch Modan|The Barrens	0|1	Area 52 - Free-Pick|Bronzebeard - Warcraft Reborn|Darkmoon - Season 10 Wildcard|Dawnrise - Season 10 Freepick	6	2026-05-01	2026-08-20
mystic_scroll	201331	1	Ashenvale	1	Bronzebeard - Warcraft Reborn	1	2026-05-14	2026-05-14
mystic_scroll	201332	3	Un'Goro Crater	1	Bronzebeard - Warcraft Reborn	3	2026-05-10	2026-08-04
mystic_scroll	201333	1	Eastern Plaguelands	0	Area 52 - Free-Pick|Darkmoon - Season 10 Wildcard|Dawnrise - Season 10 Freepick	3	2026-05-01	2026-05-01
mystic_scroll	201356	1	Ashenvale	1	Area 52 - Free-Pick|Bronzebeard - Warcraft Reborn|Darkmoon - Season 10 Wildcard|Dawnrise - Season 10 Freepick	4	2025-11-30	2026-06-08
mystic_scroll	201361	1	Burning Steppes	0	Bronzebeard - Warcraft Reborn	1	2026-06-09	2026-06-09
mystic_scroll	201364	1	Felwood	1	Area 52 - Free-Pick|Darkmoon - Season 10 Wildcard|Dawnrise - Season 10 Freepick|Rexxar - Conquest of Azeroth	4	2025-11-11	2026-04-25
mystic_scroll	201371	1	The Hinterlands	0	Area 52 - Free-Pick|Darkmoon - Season 10 Wildcard|Dawnrise - Season 10 Freepick	3	2026-04-14	2026-04-25
mystic_scroll	201373	1	Dustwallow Marsh	1	Bronzebeard - Warcraft Reborn	1	2026-06-29	2026-06-29
mystic_scroll	201374	1	Stranglethorn Vale	0	Bronzebeard - Warcraft Reborn	1	2026-06-13	2026-06-13
mystic_scroll	201375	3	Hillsbrad Foothills|Silverpine Forest	0	Area 52 - Free-Pick|Bronzebeard - Warcraft Reborn|Darkmoon - Season 10 Wildcard|Dawnrise - Season 10 Freepick	5	2026-04-26	2026-06-24
mystic_scroll	201380	1	Felwood	1	Bronzebeard - Warcraft Reborn	1	2026-08-05	2026-08-05
mystic_scroll	201381	2	Hillsbrad Foothills|Silverpine Forest	0	Bronzebeard - Warcraft Reborn	2	2026-08-11	2026-08-11
mystic_scroll	201382	1	Arathi Highlands	0	Bronzebeard - Warcraft Reborn	1	2026-06-11	2026-06-11
mystic_scroll	201385	1	Tanaris	1	Bronzebeard - Warcraft Reborn	1	2026-06-15	2026-06-15
mystic_scroll	201386	1	Feralas	1	Bronzebeard - Warcraft Reborn	1	2026-05-12	2026-05-12
mystic_scroll	201388	3	Duskwood|The Barrens	0|1	Bronzebeard - Warcraft Reborn	3	2026-04-14	2026-06-11
mystic_scroll	201393	1	Stonetalon Mountains	1	Area 52 - Free-Pick|Darkmoon - Season 10 Wildcard|Dawnrise - Season 10 Freepick|Rexxar - Conquest of Azeroth	4	2025-11-16	2026-04-25
mystic_scroll	201394	3	Feralas|Tanaris	1	Area 52 - Free-Pick|Bronzebeard - Warcraft Reborn|Darkmoon - Season 10 Wildcard|Dawnrise - Season 10 Freepick	5	2026-04-25	2026-08-25
mystic_scroll	201395	1	Stonetalon Mountains	1	Bronzebeard - Warcraft Reborn	1	2026-05-30	2026-05-30
mystic_scroll	201398	1	Burning Steppes	0	Bronzebeard - Warcraft Reborn	1	2026-07-30	2026-07-30
mystic_scroll	201400	1	Desolace	1	Area 52 - Free-Pick|Darkmoon - Season 10 Wildcard|Dawnrise - Season 10 Freepick|Rexxar - Conquest of Azeroth	4	2025-11-11	2026-04-25
mystic_scroll	201410	1	Felwood	1	Bronzebeard - Warcraft Reborn	1	2026-05-01	2026-05-01
mystic_scroll	201413	1	Burning Steppes	0	Area 52 - Free-Pick|Bronzebeard - Warcraft Reborn|Darkmoon - Season 10 Wildcard|Dawnrise - Season 10 Freepick	4	2025-11-23	2026-06-09
mystic_scroll	201419	1	Blasted Lands	0	Bronzebeard - Warcraft Reborn	1	2026-06-11	2026-06-11
mystic_scroll	201437	1	Un'Goro Crater	1	Area 52 - Free-Pick|Darkmoon - Season 10 Wildcard|Dawnrise - Season 10 Freepick|Rexxar - Conquest of Azeroth	4	2025-11-09	2026-04-25
mystic_scroll	201438	2	Blasted Lands|Wetlands	0	Area 52 - Free-Pick|Bronzebeard - Warcraft Reborn|Darkmoon - Season 10 Wildcard|Dawnrise - Season 10 Freepick	4	2026-05-01	2026-05-31
mystic_scroll	201439	1	Desolace	1	Bronzebeard - Warcraft Reborn	1	2026-06-08	2026-06-08
mystic_scroll	201441	2	Eastern Plaguelands|Isle of Quel'Danas	0|530	Area 52 - Free-Pick|Darkmoon - Season 10 Wildcard|Dawnrise - Season 10 Freepick|Rexxar - Conquest of Azeroth	5	2025-11-10	2026-04-25
mystic_scroll	201446	1	Azshara	1	Bronzebeard - Warcraft Reborn	1	2026-06-17	2026-06-17
mystic_scroll	201448	2	Alterac Mountains	0	Bronzebeard - Warcraft Reborn	2	2026-06-10	2026-06-13
mystic_scroll	201450	3	Silverpine Forest|Westfall	0	Area 52 - Free-Pick|Bronzebeard - Warcraft Reborn|Darkmoon - Season 10 Wildcard|Dawnrise - Season 10 Freepick	5	2026-04-19	2026-06-15
mystic_scroll	201452	1	Western Plaguelands	0	Bronzebeard - Warcraft Reborn	1	2026-05-15	2026-05-15
mystic_scroll	201453	4	Duskwood|Eastern Plaguelands|The Barrens	0|1	Bronzebeard - Warcraft Reborn	4	2026-05-02	2026-05-30
mystic_scroll	201463	2	Arathi Highlands	0	Area 52 - Free-Pick|Bronzebeard - Warcraft Reborn|Darkmoon - Season 10 Wildcard|Dawnrise - Season 10 Freepick	4	2026-03-28	2026-05-09
mystic_scroll	201467	1	Stranglethorn Vale	0	Area 52 - Free-Pick|Darkmoon - Season 10 Wildcard|Dawnrise - Season 10 Freepick	3	2025-11-22	2026-04-30
mystic_scroll	201468	3	Feralas|Stranglethorn Vale	0|1	Area 52 - Free-Pick|Bronzebeard - Warcraft Reborn|Darkmoon - Season 10 Wildcard|Dawnrise - Season 10 Freepick	6	2025-11-23	2026-06-15
mystic_scroll	201469	1	Blackrock Depths	230	Bronzebeard - Warcraft Reborn	1	2026-06-08	2026-06-08
mystic_scroll	201472	1	Desolace	1	Bronzebeard - Warcraft Reborn	1	2026-06-08	2026-06-08
mystic_scroll	201473	3	Ashenvale	1	Area 52 - Free-Pick|Bronzebeard - Warcraft Reborn|Darkmoon - Season 10 Wildcard|Dawnrise - Season 10 Freepick	5	2026-04-23	2026-08-24
mystic_scroll	201474	1	Ashenvale	1	Bronzebeard - Warcraft Reborn	1	2026-06-14	2026-06-14
mystic_scroll	201475	1	Desolace	1	Bronzebeard - Warcraft Reborn	1	2026-05-24	2026-06-29
mystic_scroll	201476	2	Stonetalon Mountains	1	Area 52 - Free-Pick|Bronzebeard - Warcraft Reborn|Darkmoon - Season 10 Wildcard|Dawnrise - Season 10 Freepick	4	2026-04-25	2026-08-26
mystic_scroll	201477	1	Arathi Highlands	0	Bronzebeard - Warcraft Reborn	1	2026-06-03	2026-06-03
mystic_scroll	201479	1	Tanaris	1	Bronzebeard - Warcraft Reborn	1	2026-06-27	2026-06-27
mystic_scroll	201480	1	The Barrens	1	Area 52 - Free-Pick|Darkmoon - Season 10 Wildcard|Dawnrise - Season 10 Freepick|Rexxar - Conquest of Azeroth	4	2025-11-11	2026-04-25
mystic_scroll	201481	1	Tanaris	1	Bronzebeard - Warcraft Reborn	1	2026-05-06	2026-05-06
mystic_scroll	201482	1	Arathi Highlands	0	Bronzebeard - Warcraft Reborn	1	2026-07-24	2026-07-24
mystic_scroll	201486	1	Stranglethorn Vale	0	Bronzebeard - Warcraft Reborn	1	2026-07-04	2026-07-04
mystic_scroll	201488	1	Arathi Highlands	0	Area 52 - Free-Pick|Darkmoon - Season 10 Wildcard|Dawnrise - Season 10 Freepick|Rexxar - Conquest of Azeroth	4	2025-11-08	2026-04-25
mystic_scroll	201489	2	Silithus|Swamp of Sorrows	0|1	Bronzebeard - Warcraft Reborn	2	2026-05-10	2026-05-11
mystic_scroll	201491	1	Badlands	0	Area 52 - Free-Pick|Darkmoon - Season 10 Wildcard|Dawnrise - Season 10 Freepick	3	2026-05-02	2026-05-02
mystic_scroll	201492	1	Badlands	0	Area 52 - Free-Pick|Darkmoon - Season 10 Wildcard|Dawnrise - Season 10 Freepick	3	2026-03-31	2026-04-18
mystic_scroll	201493	1	Badlands	0	Bronzebeard - Warcraft Reborn	1	2026-05-05	2026-05-05
mystic_scroll	201494	1	The Hinterlands	0	Bronzebeard - Warcraft Reborn	1	2026-05-05	2026-05-05
mystic_scroll	201498	1	The Barrens	1	Area 52 - Free-Pick|Darkmoon - Season 10 Wildcard|Dawnrise - Season 10 Freepick	3	2025-11-25	2026-04-26
mystic_scroll	201511	1	The Barrens	1	Area 52 - Free-Pick|Darkmoon - Season 10 Wildcard|Dawnrise - Season 10 Freepick	3	2026-05-01	2026-05-01
mystic_scroll	201513	1	Ashenvale	1	Bronzebeard - Warcraft Reborn	1	2026-06-10	2026-06-10
mystic_scroll	201514	1	Feralas	1	Bronzebeard - Warcraft Reborn	1	2026-06-08	2026-06-08
mystic_scroll	201516	4	Ashenvale|Darkshore|The Barrens	1	Bronzebeard - Warcraft Reborn	4	2026-05-19	2026-08-24
mystic_scroll	201517	1	Dustwallow Marsh	1	Area 52 - Free-Pick|Darkmoon - Season 10 Wildcard|Dawnrise - Season 10 Freepick|Rexxar - Conquest of Azeroth	4	2025-10-27	2026-05-01
mystic_scroll	201518	2	Darkshore|The Barrens	1	Area 52 - Free-Pick|Bronzebeard - Warcraft Reborn|Darkmoon - Season 10 Wildcard|Dawnrise - Season 10 Freepick	5	2026-05-01	2026-06-10
mystic_scroll	201524	3	Redridge Mountains|The Barrens	0|1	Area 52 - Free-Pick|Bronzebeard - Warcraft Reborn|Darkmoon - Season 10 Wildcard|Dawnrise - Season 10 Freepick	5	2026-04-26	2026-06-27
mystic_scroll	201525	2	Darkshore	1	Area 52 - Free-Pick|Bronzebeard - Warcraft Reborn|Darkmoon - Season 10 Wildcard|Dawnrise - Season 10 Freepick	4	2026-05-01	2026-08-23
mystic_scroll	201528	2	Alterac Mountains|Wetlands	0	Area 52 - Free-Pick|Darkmoon - Season 10 Wildcard|Dawnrise - Season 10 Freepick	6	2026-05-01	2026-05-01
mystic_scroll	201531	1	The Barrens	1	Area 52 - Free-Pick|Bronzebeard - Warcraft Reborn|Darkmoon - Season 10 Wildcard|Dawnrise - Season 10 Freepick	4	2026-05-02	2026-05-16
mystic_scroll	201532	1	Redridge Mountains	0	Area 52 - Free-Pick|Darkmoon - Season 10 Wildcard|Dawnrise - Season 10 Freepick	3	2026-05-02	2026-05-02
mystic_scroll	201533	3	Darkshore	1	Area 52 - Free-Pick|Bronzebeard - Warcraft Reborn|Darkmoon - Season 10 Wildcard|Dawnrise - Season 10 Freepick	6	2026-05-02	2026-08-23
mystic_scroll	201534	1	Wetlands	0	Area 52 - Free-Pick|Darkmoon - Season 10 Wildcard|Dawnrise - Season 10 Freepick	3	2026-05-01	2026-05-02
mystic_scroll	201538	1	Ashenvale	1	Area 52 - Free-Pick|Bronzebeard - Warcraft Reborn|Darkmoon - Season 10 Wildcard|Dawnrise - Season 10 Freepick	4	2025-12-11	2026-07-15
mystic_scroll	201539	1	Stranglethorn Vale	0	Area 52 - Free-Pick|Darkmoon - Season 10 Wildcard|Dawnrise - Season 10 Freepick	3	2025-12-03	2026-04-30
mystic_scroll	201540	2	Silverpine Forest|The Barrens	0|1	Area 52 - Free-Pick|Bronzebeard - Warcraft Reborn|Darkmoon - Season 10 Wildcard|Dawnrise - Season 10 Freepick	4	2026-05-02	2026-06-10
mystic_scroll	201541	3	Darkshore|Loch Modan|The Barrens	0|1	Area 52 - Free-Pick|Bronzebeard - Warcraft Reborn|Darkmoon - Season 10 Wildcard|Dawnrise - Season 10 Freepick	5	2026-05-01	2026-06-12
mystic_scroll	201542	1	Ashenvale	1	Bronzebeard - Warcraft Reborn	1	2026-06-12	2026-06-12
mystic_scroll	201543	4	Stonetalon Mountains|Wetlands	0|1	Area 52 - Free-Pick|Bronzebeard - Warcraft Reborn|Darkmoon - Season 10 Wildcard|Dawnrise - Season 10 Freepick	6	2026-05-01	2026-06-24
mystic_scroll	201544	2	Ashenvale|Duskwood	0|1	Area 52 - Free-Pick|Bronzebeard - Warcraft Reborn|Darkmoon - Season 10 Wildcard|Dawnrise - Season 10 Freepick|Rexxar - Conquest of Azeroth	5	2025-11-11	2026-06-06
mystic_scroll	201546	5	Darkshore|The Barrens	1	Area 52 - Free-Pick|Bronzebeard - Warcraft Reborn|Darkmoon - Season 10 Wildcard|Dawnrise - Season 10 Freepick	8	2025-11-23	2026-08-22
mystic_scroll	201547	1	Stranglethorn Vale	0	Area 52 - Free-Pick|Darkmoon - Season 10 Wildcard|Dawnrise - Season 10 Freepick|Rexxar - Conquest of Azeroth	4	2025-10-28	2026-04-25
mystic_scroll	201555	3	Ashenvale|The Barrens	1	Area 52 - Free-Pick|Bronzebeard - Warcraft Reborn|Darkmoon - Season 10 Wildcard|Dawnrise - Season 10 Freepick|Rexxar - Conquest of Azeroth	6	2025-11-11	2026-08-28
mystic_scroll	201556	3	Stonetalon Mountains|Western Plaguelands	0|1	Bronzebeard - Warcraft Reborn	3	2026-06-15	2026-06-21
mystic_scroll	201560	1	Desolace	1	Area 52 - Free-Pick|Bronzebeard - Warcraft Reborn|Darkmoon - Season 10 Wildcard|Dawnrise - Season 10 Freepick|Rexxar - Conquest of Azeroth	5	2025-10-23	2026-08-25
mystic_scroll	201563	1	Badlands	0	Area 52 - Free-Pick|Bronzebeard - Warcraft Reborn|Darkmoon - Season 10 Wildcard|Dawnrise - Season 10 Freepick	4	2026-05-01	2026-06-08
mystic_scroll	201565	4	The Barrens|Westfall	0|1	Area 52 - Free-Pick|Bronzebeard - Warcraft Reborn|Darkmoon - Season 10 Wildcard|Dawnrise - Season 10 Freepick	8	2025-11-26	2026-08-24
mystic_scroll	201566	2	Ashenvale|Duskwood	0|1	Area 52 - Free-Pick|Bronzebeard - Warcraft Reborn|Darkmoon - Season 10 Wildcard|Dawnrise - Season 10 Freepick	4	2026-05-01	2026-06-09
mystic_scroll	201567	2	Westfall|Wetlands	0	Bronzebeard - Warcraft Reborn	2	2026-05-24	2026-06-09
mystic_scroll	201568	5	Redridge Mountains|The Barrens|The Stockade|Wailing Caverns	0|1|34|43	Area 52 - Free-Pick|Bronzebeard - Warcraft Reborn|Darkmoon - Season 10 Wildcard|Dawnrise - Season 10 Freepick	7	2026-04-14	2026-08-09
mystic_scroll	201569	8	Darkshore|Loch Modan|Redridge Mountains|Silverpine Forest|The Barrens	0|1	Area 52 - Free-Pick|Bronzebeard - Warcraft Reborn|Darkmoon - Season 10 Wildcard|Dawnrise - Season 10 Freepick	13	2025-11-21	2026-08-19
mystic_scroll	201570	1	Westfall	0	Area 52 - Free-Pick|Darkmoon - Season 10 Wildcard|Dawnrise - Season 10 Freepick	3	2025-11-23	2026-04-23
mystic_scroll	201571	4	Arathi Highlands	0	Bronzebeard - Warcraft Reborn	4	2026-06-09	2026-08-13
mystic_scroll	201573	3	Redridge Mountains|Silverpine Forest|The Barrens	0|1	Area 52 - Free-Pick|Bronzebeard - Warcraft Reborn|Darkmoon - Season 10 Wildcard|Dawnrise - Season 10 Freepick	9	2026-04-22	2026-08-26
mystic_scroll	201576	1	The Barrens	1	Area 52 - Free-Pick|Bronzebeard - Warcraft Reborn|Darkmoon - Season 10 Wildcard|Dawnrise - Season 10 Freepick	4	2026-04-26	2026-06-11
mystic_scroll	201578	4	Darkshore|Silverpine Forest|The Barrens|Westfall	0|1	Area 52 - Free-Pick|Bronzebeard - Warcraft Reborn|Darkmoon - Season 10 Wildcard|Dawnrise - Season 10 Freepick	7	2026-04-11	2026-08-21
mystic_scroll	201579	1	Thousand Needles	1	Area 52 - Free-Pick|Bronzebeard - Warcraft Reborn|Darkmoon - Season 10 Wildcard|Dawnrise - Season 10 Freepick	4	2025-11-22	2026-05-09
mystic_scroll	201581	2	Darkshore|Duskwood	0|1	Bronzebeard - Warcraft Reborn	2	2026-06-05	2026-08-18
mystic_scroll	201583	1	Loch Modan	0	Area 52 - Free-Pick|Darkmoon - Season 10 Wildcard|Dawnrise - Season 10 Freepick	3	2026-05-02	2026-05-02
mystic_scroll	201584	2	Redridge Mountains|Silverpine Forest	0	Bronzebeard - Warcraft Reborn	2	2026-05-06	2026-06-19
mystic_scroll	201585	2	Thousand Needles|Wetlands	0|1	Area 52 - Free-Pick|Bronzebeard - Warcraft Reborn|Darkmoon - Season 10 Wildcard|Dawnrise - Season 10 Freepick	7	2025-11-23	2026-05-10
mystic_scroll	201586	3	Elwynn Forest|The Barrens	0|1	Area 52 - Free-Pick|Bronzebeard - Warcraft Reborn|Darkmoon - Season 10 Wildcard|Dawnrise - Season 10 Freepick	6	2026-05-01	2026-08-23
mystic_scroll	201589	5	Darkshore	1	Area 52 - Free-Pick|Bronzebeard - Warcraft Reborn|Darkmoon - Season 10 Wildcard|Dawnrise - Season 10 Freepick	7	2026-04-20	2026-08-23
mystic_scroll	201590	2	The Barrens|Wetlands	0|1	Area 52 - Free-Pick|Bronzebeard - Warcraft Reborn|Darkmoon - Season 10 Wildcard|Dawnrise - Season 10 Freepick	4	2026-04-28	2026-05-02
mystic_scroll	201591	2	Redridge Mountains|Wetlands	0	Area 52 - Free-Pick|Darkmoon - Season 10 Wildcard|Dawnrise - Season 10 Freepick	6	2026-04-25	2026-05-01
mystic_scroll	201592	1	Tirisfal Glades	0	Bronzebeard - Warcraft Reborn	1	2026-06-08	2026-06-08
mystic_scroll	201593	2	Ashenvale	1	Area 52 - Free-Pick|Bronzebeard - Warcraft Reborn|Darkmoon - Season 10 Wildcard|Dawnrise - Season 10 Freepick	4	2026-05-01	2026-05-02
mystic_scroll	201598	1	Ashenvale	1	Area 52 - Free-Pick|Darkmoon - Season 10 Wildcard|Dawnrise - Season 10 Freepick	3	2026-05-02	2026-05-02
mystic_scroll	201603	3	Redridge Mountains|Thousand Needles|Wetlands	0|1	Area 52 - Free-Pick|Bronzebeard - Warcraft Reborn|Darkmoon - Season 10 Wildcard|Dawnrise - Season 10 Freepick	8	2026-04-25	2026-07-13
mystic_scroll	201604	1	Stonetalon Mountains	1	Bronzebeard - Warcraft Reborn	1	2026-07-15	2026-07-15
mystic_scroll	201605	2	Ashenvale|Wetlands	0|1	Area 52 - Free-Pick|Bronzebeard - Warcraft Reborn|Darkmoon - Season 10 Wildcard|Dawnrise - Season 10 Freepick	8	2026-05-01	2026-05-21
mystic_scroll	201609	6	Maraudon|Stranglethorn Vale|The Hinterlands	0|349	Area 52 - Free-Pick|Bronzebeard - Warcraft Reborn|Darkmoon - Season 10 Wildcard|Dawnrise - Season 10 Freepick	8	2026-04-20	2026-06-25
mystic_scroll	201831	1	Thousand Needles	1	Area 52 - Free-Pick|Darkmoon - Season 10 Wildcard|Dawnrise - Season 10 Freepick	3	2025-12-03	2026-05-02
mystic_scroll	202553	1	Azshara	1	Area 52 - Free-Pick|Darkmoon - Season 10 Wildcard|Dawnrise - Season 10 Freepick	3	2026-05-02	2026-05-02
mystic_scroll	202566	3	Stranglethorn Vale	0	Bronzebeard - Warcraft Reborn	3	2026-06-09	2026-08-17
mystic_scroll	202587	1	Silithus	1	Bronzebeard - Warcraft Reborn	1	2026-06-21	2026-06-21
mystic_scroll	404823	1	Westfall	0	Dawnrise - Season 10 Freepick	1	2026-08-01	2026-08-01
mystic_scroll	404851	5	Deathknell|Night Web's Hollow|Tirisfal Glades	0|1769	Dawnrise - Season 10 Freepick	5	2026-08-01	2026-08-01
mystic_scroll	554002	1	Stranglethorn Vale	0	Bronzebeard - Warcraft Reborn	1	2026-08-27	2026-08-27
mystic_scroll	554003	6	Ashenvale|Darkshore|Durotar|Stonetalon Mountains|Wailing Caverns	1|43	Bronzebeard - Warcraft Reborn	6	2026-06-13	2026-08-27
mystic_scroll	554004	3	Ashenvale|Dire Maul|Teldrassil	1|429	Area 52 - Free-Pick|Bronzebeard - Warcraft Reborn|Darkmoon - Season 10 Wildcard|Dawnrise - Season 10 Freepick	5	2025-11-27	2026-06-28
mystic_scroll	554005	9	Azshara|Dire Maul|Maraudon|Tanaris|The Barrens|The Hinterlands	0|1|349|429	Area 52 - Free-Pick|Bronzebeard - Warcraft Reborn|Darkmoon - Season 10 Wildcard|Dawnrise - Season 10 Freepick	13	2026-04-19	2026-06-24
mystic_scroll	554007	3	Ban'ethil Barrow Den|Felwood|Winterspring	1	Bronzebeard - Warcraft Reborn	3	2026-05-08	2026-07-03
mystic_scroll	554009	2	Silverpine Forest	0	Area 52 - Free-Pick|Bronzebeard - Warcraft Reborn|Darkmoon - Season 10 Wildcard|Dawnrise - Season 10 Freepick	4	2026-01-24	2026-06-02
mystic_scroll	554010	1	Dustwallow Marsh	1	Bronzebeard - Warcraft Reborn	1	2026-06-20	2026-06-20
mystic_scroll	554011	3	Winterspring|Zul'Gurub	1|309	Bronzebeard - Warcraft Reborn	3	2026-05-27	2026-08-25
mystic_scroll	554012	3	Dire Maul|Feralas	1|429	Bronzebeard - Warcraft Reborn	3	2026-05-03	2026-06-13
mystic_scroll	554013	3	The Barrens|Wailing Caverns	1|43	Bronzebeard - Warcraft Reborn	3	2026-05-08	2026-06-17
mystic_scroll	554019	3	Ashenvale|Winterspring	1	Bronzebeard - Warcraft Reborn	3	2026-05-14	2026-07-09
mystic_scroll	554020	2	Ashenvale|Winterspring	1	Bronzebeard - Warcraft Reborn	2	2026-07-18	2026-07-25
mystic_scroll	554022	6	Eastern Plaguelands|Hillsbrad Foothills|Scarlet Monastery|Western Plaguelands	0|189	Area 52 - Free-Pick|Bronzebeard - Warcraft Reborn|Darkmoon - Season 10 Wildcard|Dawnrise - Season 10 Freepick	10	2025-11-23	2026-06-16
mystic_scroll	554026	3	Eastern Plaguelands	0	Bronzebeard - Warcraft Reborn	3	2026-05-30	2026-06-14
mystic_scroll	554034	4	Eastern Plaguelands|Scarlet Monastery|Western Plaguelands	0|189	Bronzebeard - Warcraft Reborn|Dawnrise - Season 10 Freepick	4	2025-11-15	2026-08-03
mystic_scroll	554035	1	Teldrassil	1	Area 52 - Free-Pick|Darkmoon - Season 10 Wildcard|Dawnrise - Season 10 Freepick	3	2026-04-19	2026-04-19
mystic_scroll	554040	18	Arathi Highlands|Ashenvale|Ban'ethil Barrow Den|Dustwallow Marsh|Felwood|Loch Modan|Redridge Mountains|Silverpine Forest|Stranglethorn Vale|Swamp of Sorrows|Teldrassil|The Hinterlands|Thousand Needles	0|1	Area 52 - Free-Pick|Bronzebeard - Warcraft Reborn|Darkmoon - Season 10 Wildcard|Dawnrise - Season 10 Freepick|Rexxar - Conquest of Azeroth	25	2025-11-16	2026-08-18
mystic_scroll	554042	13	Arathi Highlands|Ban'ethil Barrow Den|Darkshore|Dustwallow Marsh|Redridge Mountains|Silverpine Forest|Teldrassil|Thousand Needles|Westfall|Wetlands	0|1	Area 52 - Free-Pick|Bronzebeard - Warcraft Reborn|Darkmoon - Season 10 Wildcard|Dawnrise - Season 10 Freepick	17	2025-12-08	2026-08-04
mystic_scroll	554045	4	Ashenvale|Azshara|Winterspring	1	Bronzebeard - Warcraft Reborn	4	2026-06-09	2026-06-19
mystic_scroll	554050	10	Darkshore|Deadwind Pass|Desolace|Durotar|Silithus|Swamp of Sorrows|The Barrens|Tirisfal Glades	0|1	Bronzebeard - Warcraft Reborn	10	2026-05-15	2026-08-19
mystic_scroll	554051	1	Felwood	1	Bronzebeard - Warcraft Reborn	1	2026-06-03	2026-06-03
mystic_scroll	554052	6	Blasted Lands|Gnomeregan|Hillsbrad Foothills|Searing Gorge|Stranglethorn Vale|Wetlands	0|90	Area 52 - Free-Pick|Bronzebeard - Warcraft Reborn|Darkmoon - Season 10 Wildcard|Dawnrise - Season 10 Freepick	8	2026-04-19	2026-06-13
mystic_scroll	554053	4	Durotar|Scarlet Monastery|The Deadmines	1|36|189	Bronzebeard - Warcraft Reborn	4	2026-05-01	2026-06-14
mystic_scroll	554055	27	Badlands|Desolace|Dire Maul|Dun Morogh|Feralas|Hillsbrad Foothills|Loch Modan|Mulgore|Ragefire Chasm|Stranglethorn Vale|Tanaris|Thousand Needles|Wailing Caverns|Westfall|Wetlands	0|1|43|389|429	Area 52 - Free-Pick|Bronzebeard - Warcraft Reborn|Darkmoon - Season 10 Wildcard|Dawnrise - Season 10 Freepick|Rexxar - Conquest of Azeroth	32	2025-10-29	2026-07-16
mystic_scroll	554056	1	The Deadmines	36	Bronzebeard - Warcraft Reborn	1	2026-06-14	2026-06-14
mystic_scroll	554058	3	Blackwing Lair|Scarlet Monastery	189|469	Bronzebeard - Warcraft Reborn	3	2026-05-31	2026-06-16
mystic_scroll	554060	10	Eastern Plaguelands|Feralas|Scarlet Monastery|Silverpine Forest|The Barrens|Westfall	0|1|189	Area 52 - Free-Pick|Bronzebeard - Warcraft Reborn|Darkmoon - Season 10 Wildcard|Dawnrise - Season 10 Freepick	12	2026-04-30	2026-08-05
mystic_scroll	554062	1	Silithus	1	Bronzebeard - Warcraft Reborn	1	2026-05-10	2026-05-10
mystic_scroll	554063	1	Stonetalon Mountains	1	Bronzebeard - Warcraft Reborn	1	2026-06-10	2026-06-10
mystic_scroll	554065	1	Scarlet Monastery	189	Bronzebeard - Warcraft Reborn	1	2026-05-30	2026-05-30
mystic_scroll	554067	6	Maraudon|Shadowfang Keep|Stratholme|Tirisfal Glades	0|1|33|329	Bronzebeard - Warcraft Reborn	6	2026-05-10	2026-07-11
mystic_scroll	554072	1	Stranglethorn Vale	0	Bronzebeard - Warcraft Reborn	1	2026-06-26	2026-06-26
mystic_scroll	554073	6	Duskwood|Hillsbrad Foothills|Maraudon|Shadowfang Keep	0|33|349	Area 52 - Free-Pick|Bronzebeard - Warcraft Reborn|Darkmoon - Season 10 Wildcard|Dawnrise - Season 10 Freepick	10	2026-04-27	2026-06-17
mystic_scroll	554081	15	Badlands|Blackfathom Deeps|Desolace|Duskwood|Eastern Plaguelands|Felwood|Razorfen Downs|Scarlet Monastery|Scholomance|Stranglethorn Vale|Stratholme|The Barrens|Tirisfal Glades	0|1|48|129|189|289|329	Bronzebeard - Warcraft Reborn	15	2026-05-24	2026-06-24
mystic_scroll	554084	9	Ashenvale|Desolace|Silverpine Forest|Tanaris|Wetlands	0|1	Area 52 - Free-Pick|Bronzebeard - Warcraft Reborn|Darkmoon - Season 10 Wildcard|Dawnrise - Season 10 Freepick	17	2025-11-29	2026-06-21
mystic_scroll	554089	2	Tanaris|Wetlands	0|1	Bronzebeard - Warcraft Reborn	2	2026-07-02	2026-07-04
mystic_scroll	554091	19	Blackfathom Deeps|Burning Steppes|Desolace|Dire Maul|Duskwood|Eastern Plaguelands|Felwood|Hillsbrad Foothills|Redridge Mountains|Scarlet Monastery|Skull Rock|Stratholme|Tanaris|Wetlands|Zul'Farrak	0|1|48|189|209|329|429	Area 52 - Free-Pick|Bronzebeard - Warcraft Reborn|Darkmoon - Season 10 Wildcard|Dawnrise - Season 10 Freepick	25	2026-04-27	2026-08-19
mystic_scroll	554092	5	Ashenvale|Blackrock Depths|Ragefire Chasm|Swamp of Sorrows|The Barrens	0|1|230|389	Area 52 - Free-Pick|Bronzebeard - Warcraft Reborn|Darkmoon - Season 10 Wildcard|Dawnrise - Season 10 Freepick	7	2025-12-03	2026-08-16
mystic_scroll	554094	2	Eastern Plaguelands|Western Plaguelands	0	Bronzebeard - Warcraft Reborn	2	2026-05-21	2026-07-23
mystic_scroll	554100	4	Alterac Mountains|Azshara|Blackrock Depths|Dire Maul	0|1|230|429	Area 52 - Free-Pick|Bronzebeard - Warcraft Reborn|Darkmoon - Season 10 Wildcard|Dawnrise - Season 10 Freepick	6	2026-04-24	2026-08-06
mystic_scroll	554103	2	Felwood|Tanaris	1	Bronzebeard - Warcraft Reborn	2	2026-06-21	2026-06-22
mystic_scroll	554106	25	Alterac Mountains|Badlands|Blackrock Depths|Desolace|Duskwood|Gnomeregan|Gold Coast Quarry|Redridge Mountains|Scarlet Monastery|Searing Gorge|Stonetalon Mountains|The Deadmines|Thousand Needles|Wailing Caverns|Westfall|Wetlands	0|1|36|43|90|189|230	Bronzebeard - Warcraft Reborn	25	2026-05-10	2026-08-17
mystic_scroll	554107	4	Blackrock Depths|Coldridge Valley|Loch Modan|Scarlet Monastery	0|189|230	Bronzebeard - Warcraft Reborn	4	2026-05-26	2026-06-27
mystic_scroll	554108	17	Arathi Highlands|Ashenvale|Darkshore|Elwynn Forest|Feralas|Mulgore|Razorfen Downs|Redridge Mountains|Scarlet Monastery|Silverpine Forest|The Barrens|Tirisfal Glades	0|1|129|189	Area 52 - Free-Pick|Bronzebeard - Warcraft Reborn|Darkmoon - Season 10 Wildcard|Dawnrise - Season 10 Freepick	22	2025-12-15	2026-06-24
mystic_scroll	554109	1	Uldaman	70	Bronzebeard - Warcraft Reborn	1	2026-06-07	2026-06-07
mystic_scroll	554110	4	Arathi Highlands|Westfall	0	Bronzebeard - Warcraft Reborn	4	2026-06-04	2026-07-11
mystic_scroll	554114	10	Azshara|Blackfathom Deeps|Hillsbrad Foothills|Razorfen Downs|Scarlet Monastery|Stratholme|The Barrens|Twilight's Run|Uldaman	0|1|48|129|189|329	Area 52 - Free-Pick|Bronzebeard - Warcraft Reborn|Darkmoon - Season 10 Wildcard|Dawnrise - Season 10 Freepick	12	2025-11-22	2026-06-18
mystic_scroll	554120	11	Arathi Highlands|Blackfathom Deeps|Darkshore|Desolace|Shadowfang Keep|Silverpine Forest|Stranglethorn Vale|The Deadmines|Westfall	0|1|33|36|48	Bronzebeard - Warcraft Reborn	11	2026-05-18	2026-07-10
mystic_scroll	554122	7	Arathi Highlands|Ashenvale|Blackfathom Deeps|Silithus|The Barrens	0|1|48	Bronzebeard - Warcraft Reborn	7	2026-05-21	2026-08-10
mystic_scroll	554125	1	Maraudon	349	Bronzebeard - Warcraft Reborn	1	2026-05-30	2026-05-30
mystic_scroll	554126	19	Alterac Mountains|Duskwood|Elwynn Forest|Hillsbrad Foothills|Maraudon|Scarlet Monastery|Swamp of Sorrows|Tanaris|The Stockade|Tirisfal Glades|Westfall	0|1|34|189|349	Area 52 - Free-Pick|Bronzebeard - Warcraft Reborn|Darkmoon - Season 10 Wildcard|Dawnrise - Season 10 Freepick	22	2026-04-12	2026-07-29
mystic_scroll	554127	1	The Stockade	34	Bronzebeard - Warcraft Reborn	1	2026-08-20	2026-08-20
mystic_scroll	554135	5	Elwynn Forest|Felwood|Loch Modan|Tanaris	0|1	Bronzebeard - Warcraft Reborn	5	2026-05-31	2026-06-28
mystic_scroll	554142	9	Blackrock Depths|Blackrock Spire|Desolace|Eastern Plaguelands|Scarlet Monastery|Uldaman	0|1|189|229|230	Area 52 - Free-Pick|Bronzebeard - Warcraft Reborn|Darkmoon - Season 10 Wildcard|Dawnrise - Season 10 Freepick	12	2025-12-18	2026-07-10
mystic_scroll	554143	2	Dire Maul|The Temple of Atal'Hakkar	109|429	Bronzebeard - Warcraft Reborn	2	2026-06-02	2026-06-17
mystic_scroll	554144	4	Maraudon|Silverpine Forest|Wetlands	0|349	Bronzebeard - Warcraft Reborn	4	2026-05-30	2026-07-06
mystic_scroll	554152	2	Blackrock Mountain|Blackrock Spire	0|229	Area 52 - Free-Pick|Darkmoon - Season 10 Wildcard|Dawnrise - Season 10 Freepick	5	2025-12-06	2026-04-14
mystic_scroll	554167	2	Loch Modan|Razorfen Kraul	0|47	Bronzebeard - Warcraft Reborn	2	2026-06-06	2026-07-04
mystic_scroll	554168	1	Tanaris	1	Bronzebeard - Warcraft Reborn	1	2026-06-23	2026-06-23
mystic_scroll	554169	3	Burning Steppes|The Barrens|The Hinterlands	0|1	Bronzebeard - Warcraft Reborn	3	2026-05-31	2026-07-30
mystic_scroll	554171	11	Ashenvale|Blackfathom Deeps|Desolace|Feralas|Stranglethorn Vale|The Slithering Scar|Thousand Needles|Un'Goro Crater|Western Plaguelands|Zul'Farrak	0|1|48|209	Area 52 - Free-Pick|Bronzebeard - Warcraft Reborn|Darkmoon - Season 10 Wildcard|Dawnrise - Season 10 Freepick|Rexxar - Conquest of Azeroth	17	2025-10-26	2026-06-21
mystic_scroll	554172	9	Arathi Highlands|Blasted Lands|Stonetalon Mountains|Stranglethorn Vale|The Hinterlands|Thousand Needles	0|1	Area 52 - Free-Pick|Bronzebeard - Warcraft Reborn|Darkmoon - Season 10 Wildcard|Dawnrise - Season 10 Freepick|Rexxar - Conquest of Azeroth	12	2025-10-28	2026-06-13
mystic_scroll	554173	4	Ashenvale|Azshara|Eastern Plaguelands	0|1	Bronzebeard - Warcraft Reborn	4	2026-06-13	2026-08-08
mystic_scroll	554174	2	Shadowfang Keep	33	Bronzebeard - Warcraft Reborn	2	2026-06-20	2026-07-03
mystic_scroll	554175	1	Alterac Mountains	0	Bronzebeard - Warcraft Reborn	1	2026-06-25	2026-06-25
mystic_scroll	554176	9	Blackrock Depths|Maraudon|Stranglethorn Vale|Stratholme|The Barrens|Winterspring	0|1|230|329|349	Area 52 - Free-Pick|Bronzebeard - Warcraft Reborn|Darkmoon - Season 10 Wildcard|Dawnrise - Season 10 Freepick	15	2026-04-21	2026-06-27
mystic_scroll	554181	11	Ashenvale|Azshara|Blackrock Depths|Burning Steppes|Dustwallow Marsh|Searing Gorge|Swamp of Sorrows|The Deadmines|Un'Goro Crater|Winterspring	0|1|36|230	Area 52 - Free-Pick|Bronzebeard - Warcraft Reborn|Darkmoon - Season 10 Wildcard|Dawnrise - Season 10 Freepick	13	2026-04-28	2026-08-06
mystic_scroll	554184	3	Dire Maul|Stratholme	329|429	Bronzebeard - Warcraft Reborn	3	2026-05-07	2026-06-29
mystic_scroll	554221	1	Dire Maul	429	Bronzebeard - Warcraft Reborn	1	2026-06-08	2026-06-08
mystic_scroll	554265	1	Alterac Mountains	0	Bronzebeard - Warcraft Reborn	1	2026-06-16	2026-06-16
mystic_scroll	554274	7	Razorfen Downs|Stranglethorn Vale	0|129	Area 52 - Free-Pick|Bronzebeard - Warcraft Reborn|Darkmoon - Season 10 Wildcard|Dawnrise - Season 10 Freepick|Rexxar - Conquest of Azeroth	10	2025-10-28	2026-06-22
mystic_scroll	554275	1	Stratholme	329	Bronzebeard - Warcraft Reborn	1	2026-06-12	2026-06-12
mystic_scroll	554276	2	Maraudon	349	Area 52 - Free-Pick|Bronzebeard - Warcraft Reborn|Darkmoon - Season 10 Wildcard|Dawnrise - Season 10 Freepick	4	2026-04-29	2026-06-02
mystic_scroll	554277	1	Winterspring	1	Bronzebeard - Warcraft Reborn	1	2026-05-09	2026-05-09
mystic_scroll	554280	6	Stranglethorn Vale|The Deadmines|The Hinterlands	0|36	Bronzebeard - Warcraft Reborn|Dawnrise - Season 10 Freepick	6	2026-04-04	2026-08-21
mystic_scroll	554405	1	Silithus	1	Bronzebeard - Warcraft Reborn	1	2026-06-10	2026-06-10
mystic_scroll	1013601	1	Eastern Plaguelands	0	Area 52 - Free-Pick|Darkmoon - Season 10 Wildcard|Dawnrise - Season 10 Freepick|Rexxar - Conquest of Azeroth	4	2025-11-14	2026-04-25
mystic_scroll	1013602	1	Western Plaguelands	0	Area 52 - Free-Pick|Darkmoon - Season 10 Wildcard|Dawnrise - Season 10 Freepick	3	2025-11-18	2026-05-02
mystic_scroll	1013606	1	The Hinterlands	0	Area 52 - Free-Pick|Darkmoon - Season 10 Wildcard|Dawnrise - Season 10 Freepick	3	2025-11-11	2026-05-02
mystic_scroll	1013607	1	Thousand Needles	1	Bronzebeard - Warcraft Reborn	1	2026-08-26	2026-08-26
mystic_scroll	1013611	1	Burning Steppes	0	Bronzebeard - Warcraft Reborn	1	2026-06-06	2026-06-06
mystic_scroll	1013612	1	Blackrock Depths	230	Bronzebeard - Warcraft Reborn	1	2026-05-16	2026-05-16
mystic_scroll	1013614	6	Badlands|Blackrock Depths|Burning Steppes|Scarlet Monastery|Searing Gorge|Stranglethorn Vale	0|189|230	Area 52 - Free-Pick|Bronzebeard - Warcraft Reborn|Darkmoon - Season 10 Wildcard|Dawnrise - Season 10 Freepick|Rexxar - Conquest of Azeroth	9	2025-11-08	2026-07-31
mystic_scroll	1013615	2	Dire Maul|Scarlet Monastery	189|429	Area 52 - Free-Pick|Darkmoon - Season 10 Wildcard|Dawnrise - Season 10 Freepick	4	2026-04-06	2026-04-24
mystic_scroll	1013616	11	Blackwing Lair|Burning Steppes|Elwynn Forest|Scarlet Monastery|Silverpine Forest|Stranglethorn Vale|Tanaris|Twilight's Run|Uldaman|Un'Goro Crater	0|1|70|189|469	Area 52 - Free-Pick|Bronzebeard - Warcraft Reborn|Darkmoon - Season 10 Wildcard|Dawnrise - Season 10 Freepick	14	2026-04-09	2026-07-05
mystic_scroll	1013617	7	Ashenvale|Blackrock Depths|Dire Maul|Searing Gorge|Tirisfal Glades|Uldaman|Un'Goro Crater	0|1|230|429	Bronzebeard - Warcraft Reborn|Dawnrise - Season 10 Freepick	7	2026-04-03	2026-06-20
mystic_scroll	1013618	3	Blackrock Depths|Burning Steppes|Twilight's Run	0|1|230	Area 52 - Free-Pick|Bronzebeard - Warcraft Reborn|Darkmoon - Season 10 Wildcard|Dawnrise - Season 10 Freepick	5	2026-03-07	2026-07-08
mystic_scroll	1013619	9	Azshara|Blackwing Lair|Burning Steppes|Felwood|Scarlet Monastery|Stratholme|Tirisfal Glades|Un'Goro Crater	0|1|329|469	Area 52 - Free-Pick|Bronzebeard - Warcraft Reborn|Darkmoon - Season 10 Wildcard|Dawnrise - Season 10 Freepick	11	2026-05-01	2026-06-27
mystic_scroll	1013623	8	Azshara|Blackfathom Deeps|Darkshore|Feralas|Gnomeregan|Stratholme|The Deadmines|Winterspring	0|1|48|90|329	Area 52 - Free-Pick|Bronzebeard - Warcraft Reborn|Darkmoon - Season 10 Wildcard|Dawnrise - Season 10 Freepick	12	2026-02-06	2026-08-08
mystic_scroll	1013624	16	Ashenvale|Azshara|Blackrock Depths|Blackrock Spire|Dustwallow Marsh|Eastern Plaguelands|Felwood|Hillsbrad Foothills|Scarlet Monastery|Searing Gorge|Stratholme|The Deadmines|Uldaman|Western Plaguelands	0|1|36|189|229|230|329	Area 52 - Free-Pick|Bronzebeard - Warcraft Reborn|Darkmoon - Season 10 Wildcard|Dawnrise - Season 10 Freepick	20	2025-12-20	2026-08-15
mystic_scroll	1013625	7	Blackrock Depths|Duskwood|Dustwallow Marsh|Shadowfang Keep|The Deadmines|Tirisfal Glades|Zul'Gurub	0|1|33|36|230|309	Bronzebeard - Warcraft Reborn|Dawnrise - Season 10 Freepick	7	2026-04-04	2026-06-16
mystic_scroll	1013628	13	Badlands|Blackfathom Deeps|Blackrock Spire|Felwood|Feralas|Silithus|Tanaris|Tirisfal Glades|Uldaman|Western Plaguelands	0|1|48|70|229	Area 52 - Free-Pick|Bronzebeard - Warcraft Reborn|Darkmoon - Season 10 Wildcard|Dawnrise - Season 10 Freepick	19	2026-04-13	2026-08-25
mystic_scroll	1013629	10	Blackrock Depths|Dire Maul|Stranglethorn Vale|Stratholme|The Deadmines|The Temple of Atal'Hakkar|Winterspring	0|1|36|109|230|329|429	Area 52 - Free-Pick|Bronzebeard - Warcraft Reborn|Dawnrise - Season 10 Freepick	11	2026-04-03	2026-08-04
mystic_scroll	1013632	11	Azshara|Desolace|Dire Maul|Eastern Plaguelands|Redridge Mountains|Scarlet Monastery|Shadowfang Keep|Stratholme|Wetlands|Winterspring	0|1|33|189|329|429	Area 52 - Free-Pick|Bronzebeard - Warcraft Reborn|Darkmoon - Season 10 Wildcard|Dawnrise - Season 10 Freepick	13	2026-04-20	2026-08-07
mystic_scroll	1013633	4	Blackrock Spire|Deadwind Pass|Gnomeregan|Silithus	0|1|90|229	Area 52 - Free-Pick|Bronzebeard - Warcraft Reborn|Darkmoon - Season 10 Wildcard|Dawnrise - Season 10 Freepick	6	2025-11-24	2026-06-10
mystic_scroll	1013636	8	Desolace|Eastern Plaguelands|Silithus|Tanaris|Western Plaguelands	0|1	Bronzebeard - Warcraft Reborn	8	2026-05-19	2026-06-27
mystic_scroll	1013640	1	Stratholme	329	Bronzebeard - Warcraft Reborn	1	2026-06-10	2026-06-10
mystic_scroll	1013642	8	Arathi Highlands|Feralas|Scarlet Monastery|Tanaris|The Venture Co. Mine|Thousand Needles|Westfall	0|1|189	Area 52 - Free-Pick|Bronzebeard - Warcraft Reborn|Darkmoon - Season 10 Wildcard|Dawnrise - Season 10 Freepick	10	2026-04-29	2026-08-25
mystic_scroll	1013643	5	Blackrock Depths|Feralas|Stratholme|Tanaris	1|230|329	Area 52 - Free-Pick|Bronzebeard - Warcraft Reborn|Darkmoon - Season 10 Wildcard|Dawnrise - Season 10 Freepick	7	2026-04-21	2026-06-30
mystic_scroll	1013646	7	Dire Maul|Mulgore|Razorfen Downs|Scarlet Monastery|The Barrens|The Deadmines	1|36|129|189|429	Area 52 - Free-Pick|Bronzebeard - Warcraft Reborn|Darkmoon - Season 10 Wildcard|Dawnrise - Season 10 Freepick	9	2025-12-25	2026-06-27
mystic_scroll	1013648	8	Ashenvale|Azshara|Blackrock Spire|Felwood|Searing Gorge|The Deadmines|Westfall	0|1|229	Area 52 - Free-Pick|Bronzebeard - Warcraft Reborn|Darkmoon - Season 10 Wildcard|Dawnrise - Season 10 Freepick	12	2025-12-19	2026-06-23
mystic_scroll	1013649	3	Stratholme|Tanaris|Thousand Needles	1|329	Area 52 - Free-Pick|Bronzebeard - Warcraft Reborn|Dawnrise - Season 10 Freepick	4	2025-12-26	2026-06-17
mystic_scroll	1013652	1	Western Plaguelands	0	Dawnrise - Season 10 Freepick	1	2026-04-04	2026-04-04
mystic_scroll	1013653	24	Azshara|Blackrock Depths|Blackrock Spire|Burning Steppes|Dustwallow Marsh|Elwynn Forest|Felwood|Feralas|Gnomeregan|Razorfen Downs|Scarlet Monastery|Searing Gorge|Silithus|Stratholme|Tanaris|Western Plaguelands|Winterspring	0|1|90|129|189|229|230|329	Area 52 - Free-Pick|Bronzebeard - Warcraft Reborn|Darkmoon - Season 10 Wildcard|Dawnrise - Season 10 Freepick	26	2026-04-20	2026-08-06
mystic_scroll	1013654	1	Feralas	1	Bronzebeard - Warcraft Reborn	1	2026-07-01	2026-07-01
mystic_scroll	1013656	8	Azshara|Eastern Plaguelands|Felwood|Feralas|Scarlet Monastery|Stratholme|The Hinterlands|Uldaman	0|1|70|189|329	Bronzebeard - Warcraft Reborn|Dawnrise - Season 10 Freepick	8	2026-04-06	2026-07-09
mystic_scroll	1013661	13	Alterac Mountains|Dire Maul|Eastern Plaguelands|Scarlet Monastery|Stranglethorn Vale|Stratholme|Swamp of Sorrows|Tanaris|The Hinterlands|Zul'Gurub	0|1|189|309|329|429	Area 52 - Free-Pick|Bronzebeard - Warcraft Reborn|Darkmoon - Season 10 Wildcard|Dawnrise - Season 10 Freepick	16	2026-05-01	2026-08-09
mystic_scroll	1013662	5	Azshara|Blackrock Depths|Maraudon|Stranglethorn Vale|Stratholme	0|1|230|329	Area 52 - Free-Pick|Bronzebeard - Warcraft Reborn|Darkmoon - Season 10 Wildcard|Dawnrise - Season 10 Freepick	7	2026-04-16	2026-07-07
mystic_scroll	1013664	3	Hillsbrad Foothills|Stranglethorn Vale|Tanaris	0|1	Bronzebeard - Warcraft Reborn|Dawnrise - Season 10 Freepick	3	2026-04-05	2026-06-28
mystic_scroll	1013670	4	Eastern Plaguelands|Thousand Needles|Wailing Caverns|Winterspring	0|1	Bronzebeard - Warcraft Reborn	4	2026-05-19	2026-06-15
mystic_scroll	1013673	7	Hillsbrad Foothills|Scarlet Monastery|Stranglethorn Vale|Tanaris|The Hinterlands|Westfall	0|1|189	Bronzebeard - Warcraft Reborn	7	2026-05-01	2026-08-24
mystic_scroll	1013676	5	Maraudon|Stratholme|Uldaman|Western Plaguelands	0|70|329|349	Bronzebeard - Warcraft Reborn	5	2026-05-14	2026-08-09
mystic_scroll	1013677	8	Azshara|Blackwing Lair|Elwynn Forest|Maraudon|Scarlet Monastery	0|1|189|349|469	Bronzebeard - Warcraft Reborn	8	2026-05-01	2026-08-07
mystic_scroll	1013679	10	Alterac Mountains|Azshara|Blackwing Lair|Dire Maul|Eastern Plaguelands|Gnomeregan|Stranglethorn Vale|The Stockade|Wetlands	0|1|34|90|429|469	Bronzebeard - Warcraft Reborn|Dawnrise - Season 10 Freepick	10	2026-04-03	2026-08-07
mystic_scroll	1013684	1	The Stockade	34	Bronzebeard - Warcraft Reborn	1	2026-08-28	2026-08-28
mystic_scroll	1013685	1	Tirisfal Glades	0	Area 52 - Free-Pick|Dawnrise - Season 10 Freepick	2	2026-04-08	2026-04-08
mystic_scroll	1013686	2	Blackwing Lair	469	Bronzebeard - Warcraft Reborn	2	2026-06-07	2026-06-11
mystic_scroll	1013688	8	Ashenvale|Azshara|Feralas|Scarlet Monastery|Scholomance|Western Plaguelands|Winterspring|Zul'Farrak	0|1|189|209|289	Bronzebeard - Warcraft Reborn	8	2026-05-11	2026-08-25
mystic_scroll	1013689	10	Azshara|Blasted Lands|Felwood|Scarlet Monastery|Stratholme|Thousand Needles|Uldaman|Western Plaguelands|Zul'Farrak	0|1|70|189|209|329	Area 52 - Free-Pick|Bronzebeard - Warcraft Reborn|Darkmoon - Season 10 Wildcard|Dawnrise - Season 10 Freepick|Rexxar - Conquest of Azeroth	13	2025-11-16	2026-08-07
mystic_scroll	1013691	11	Azshara|Blackrock Depths|Blackwing Lair|Felwood|Feralas|Scarlet Monastery|Stonetalon Mountains|The Temple of Atal'Hakkar|Western Plaguelands	0|1|109|189|230|469	Area 52 - Free-Pick|Bronzebeard - Warcraft Reborn|Darkmoon - Season 10 Wildcard|Dawnrise - Season 10 Freepick	18	2025-12-06	2026-08-20
mystic_scroll	1013692	5	Blackrock Depths|Blackwing Lair|Stratholme|The Hinterlands|Un'Goro Crater	0|1|230|329|469	Area 52 - Free-Pick|Bronzebeard - Warcraft Reborn|Dawnrise - Season 10 Freepick	6	2026-04-08	2026-07-09
mystic_scroll	1013693	1	Western Plaguelands	0	Bronzebeard - Warcraft Reborn	1	2026-06-18	2026-06-18
mystic_scroll	1013696	7	Azshara|Blackwing Lair|Dun Morogh|Feralas|Scarlet Monastery|Thousand Needles|Zul'Farrak	0|1|189|209|469	Area 52 - Free-Pick|Bronzebeard - Warcraft Reborn|Darkmoon - Season 10 Wildcard|Dawnrise - Season 10 Freepick	9	2025-12-09	2026-07-03
mystic_scroll	1013697	3	Stratholme|Tirisfal Glades|Un'Goro Crater	0|1|329	Area 52 - Free-Pick|Bronzebeard - Warcraft Reborn|Darkmoon - Season 10 Wildcard|Dawnrise - Season 10 Freepick	5	2025-12-01	2026-06-15
mystic_scroll	1013699	4	Ashenvale|Azshara|Badlands|Razorfen Kraul	0|1|47	Area 52 - Free-Pick|Bronzebeard - Warcraft Reborn|Darkmoon - Season 10 Wildcard|Dawnrise - Season 10 Freepick|Rexxar - Conquest of Azeroth	7	2025-11-11	2026-07-28
mystic_scroll	1013700	4	Dire Maul|Maraudon|Western Plaguelands	0|1|349|429	Area 52 - Free-Pick|Bronzebeard - Warcraft Reborn|Dawnrise - Season 10 Freepick	5	2026-04-10	2026-08-15
mystic_scroll	1013702	3	Eastern Plaguelands|Scholomance|Western Plaguelands	0|289	Bronzebeard - Warcraft Reborn	3	2026-06-06	2026-08-26
mystic_scroll	1013703	3	Blackrock Depths|Maraudon|Shadowfang Keep	1|33|230	Area 52 - Free-Pick|Bronzebeard - Warcraft Reborn|Dawnrise - Season 10 Freepick	4	2026-04-08	2026-06-22
mystic_scroll	1013704	3	Dire Maul|Felwood|Silverpine Forest	0|1|429	Bronzebeard - Warcraft Reborn	3	2026-05-04	2026-06-07
mystic_scroll	1013705	1	Searing Gorge	0	Bronzebeard - Warcraft Reborn	1	2026-05-20	2026-05-20
mystic_scroll	1013707	1	Northshire Valley	0	Bronzebeard - Warcraft Reborn	1	2026-05-12	2026-05-12
mystic_scroll	1013708	1	Winterspring	1	Bronzebeard - Warcraft Reborn	1	2026-07-02	2026-07-02
mystic_scroll	1013709	4	Blackwing Lair|Zul'Farrak|Zul'Gurub	209|309|469	Bronzebeard - Warcraft Reborn	4	2026-05-12	2026-06-10
mystic_scroll	1013711	15	Azshara|Feralas|Razorfen Kraul|Scholomance|Silithus|Stonetalon Mountains|Stranglethorn Vale|Swamp of Sorrows|Wailing Caverns|Winterspring	0|1|43|47|289	Area 52 - Free-Pick|Bronzebeard - Warcraft Reborn|Darkmoon - Season 10 Wildcard|Dawnrise - Season 10 Freepick	19	2025-11-22	2026-07-19
mystic_scroll	1013712	6	Blackrock Depths|Felwood|Feralas|Silithus|Twilight's Run	1|230	Area 52 - Free-Pick|Bronzebeard - Warcraft Reborn|Darkmoon - Season 10 Wildcard|Dawnrise - Season 10 Freepick	8	2026-04-25	2026-07-03
mystic_scroll	1013713	5	Azshara|Blackfathom Deeps|Silithus|Stranglethorn Vale	0|1|48	Area 52 - Free-Pick|Bronzebeard - Warcraft Reborn|Darkmoon - Season 10 Wildcard|Dawnrise - Season 10 Freepick|Rexxar - Conquest of Azeroth	8	2025-11-13	2026-08-07
mystic_scroll	1013715	1	Western Plaguelands	0	Bronzebeard - Warcraft Reborn	1	2026-06-21	2026-06-21
mystic_scroll	1013716	8	Badlands|Dustwallow Marsh|Felwood|Silithus|Wailing Caverns	0|1|43	Area 52 - Free-Pick|Bronzebeard - Warcraft Reborn|Darkmoon - Season 10 Wildcard|Dawnrise - Season 10 Freepick	10	2026-04-29	2026-08-11
mystic_scroll	1013717	1	Uldaman	70	Bronzebeard - Warcraft Reborn	1	2026-06-11	2026-06-11
mystic_scroll	1013720	1	Desolace	1	Bronzebeard - Warcraft Reborn	1	2026-06-10	2026-06-10
mystic_scroll	1013721	13	Ashenvale|Ban'ethil Barrow Den|Blackfathom Deeps|Felwood|Feralas|Hillsbrad Foothills|Razorfen Kraul|Silithus|Stranglethorn Vale|Tanaris|Thousand Needles	0|1|47|48	Area 52 - Free-Pick|Bronzebeard - Warcraft Reborn|Darkmoon - Season 10 Wildcard|Dawnrise - Season 10 Freepick	18	2025-12-01	2026-08-04
mystic_scroll	1013722	1	Winterspring	1	Bronzebeard - Warcraft Reborn	1	2026-05-05	2026-05-05
mystic_scroll	1013723	4	Azshara|Badlands|Ban'ethil Barrow Den|Blackrock Spire	0|1|229	Area 52 - Free-Pick|Bronzebeard - Warcraft Reborn|Darkmoon - Season 10 Wildcard|Dawnrise - Season 10 Freepick	8	2026-04-17	2026-08-08
mystic_scroll	1013724	3	Blackrock Depths|Blackwing Lair|Zul'Gurub	230|309|469	Bronzebeard - Warcraft Reborn	3	2026-06-11	2026-08-18
mystic_scroll	1013725	3	Ashenvale|Desolace|Redridge Mountains	0|1	Area 52 - Free-Pick|Bronzebeard - Warcraft Reborn|Darkmoon - Season 10 Wildcard|Dawnrise - Season 10 Freepick	6	2026-04-13	2026-05-20
mystic_scroll	1013726	5	Azshara|Silithus|Tanaris|Western Plaguelands	0|1	Bronzebeard - Warcraft Reborn	5	2026-05-10	2026-06-11
mystic_scroll	1013732	7	Azshara|Blackrock Depths|Hillsbrad Foothills|Tanaris|The Barrens|The Stockade|Winterspring	0|1|34|230	Bronzebeard - Warcraft Reborn	7	2026-06-15	2026-08-21
mystic_scroll	1013733	13	Blackfathom Deeps|Blackrock Spire|Blackwing Lair|Burning Steppes|Eastern Plaguelands|Felwood|Razorfen Kraul|Redridge Mountains|Stranglethorn Vale|Stratholme|Un'Goro Crater	0|1|47|48|229|329|469	Area 52 - Free-Pick|Bronzebeard - Warcraft Reborn|Darkmoon - Season 10 Wildcard|Dawnrise - Season 10 Freepick|Rexxar - Conquest of Azeroth	19	2025-11-09	2026-07-28
mystic_scroll	1013734	36	Alterac Mountains|Arathi Highlands|Azshara|Blackfathom Deeps|Blackrock Depths|Blackrock Spire|Burning Steppes|Dire Maul|Felwood|Loch Modan|Ragefire Chasm|Scarlet Monastery|Searing Gorge|Silithus|Stranglethorn Vale|Stratholme|The Stockade|Un'Goro Crater|Western Plaguelands|Winterspring|Zul'Gurub	0|1|34|48|189|229|230|309|329|389|429	Area 52 - Free-Pick|Bronzebeard - Warcraft Reborn|Darkmoon - Season 10 Wildcard|Dawnrise - Season 10 Freepick|Rexxar - Conquest of Azeroth	48	2025-11-12	2026-08-22
mystic_scroll	1013735	9	Felwood|Maraudon|Scholomance|Searing Gorge|Stratholme|Uldaman|Western Plaguelands	0|1|70|289|329|349	Bronzebeard - Warcraft Reborn	9	2026-05-11	2026-08-03
mystic_scroll	1013736	2	Molten Core|Searing Gorge	0|409	Area 52 - Free-Pick|Bronzebeard - Warcraft Reborn|Darkmoon - Season 10 Wildcard|Dawnrise - Season 10 Freepick	4	2026-04-25	2026-05-27
mystic_scroll	1013737	9	Arathi Highlands|Azshara|Badlands|Gnomeregan|Scarlet Monastery|Stratholme|The Deadmines|Winterspring	0|1|36|90|189|329	Area 52 - Free-Pick|Bronzebeard - Warcraft Reborn|Darkmoon - Season 10 Wildcard|Dawnrise - Season 10 Freepick	11	2026-04-07	2026-07-27
mystic_scroll	1013738	3	Alterac Mountains|Blackrock Depths|Winterspring	0|1|230	Area 52 - Free-Pick|Bronzebeard - Warcraft Reborn|Darkmoon - Season 10 Wildcard|Dawnrise - Season 10 Freepick	5	2026-04-21	2026-05-27
mystic_scroll	1013739	2	Azshara|Western Plaguelands	0|1	Area 52 - Free-Pick|Bronzebeard - Warcraft Reborn|Darkmoon - Season 10 Wildcard|Dawnrise - Season 10 Freepick|Rexxar - Conquest of Azeroth	5	2025-11-09	2026-06-19
mystic_scroll	1013740	1	Dire Maul	429	Bronzebeard - Warcraft Reborn	1	2026-05-03	2026-05-03
mystic_scroll	1013741	4	Maraudon|Tanaris|Un'Goro Crater	1|349	Area 52 - Free-Pick|Bronzebeard - Warcraft Reborn|Darkmoon - Season 10 Wildcard|Dawnrise - Season 10 Freepick	6	2025-12-17	2026-07-02
mystic_scroll	1013744	3	Maraudon	349	Bronzebeard - Warcraft Reborn	3	2026-05-09	2026-08-07
mystic_scroll	1013745	1	Felwood	1	Bronzebeard - Warcraft Reborn	1	2026-06-21	2026-06-21
mystic_scroll	1013746	2	Winterspring	1	Area 52 - Free-Pick|Bronzebeard - Warcraft Reborn|Darkmoon - Season 10 Wildcard|Dawnrise - Season 10 Freepick	4	2026-04-23	2026-06-25
mystic_scroll	1013747	9	Feralas|Silverpine Forest|Stranglethorn Vale|Swamp of Sorrows|Un'Goro Crater|Wailing Caverns|Winterspring	0|1|43	Area 52 - Free-Pick|Bronzebeard - Warcraft Reborn|Darkmoon - Season 10 Wildcard|Dawnrise - Season 10 Freepick	13	2026-04-19	2026-08-27
mystic_scroll	1013748	3	Silithus	1	Area 52 - Free-Pick|Bronzebeard - Warcraft Reborn|Darkmoon - Season 10 Wildcard|Dawnrise - Season 10 Freepick|Rexxar - Conquest of Azeroth	6	2025-11-17	2026-08-22
mystic_scroll	1013749	1	Teldrassil	1	Area 52 - Free-Pick|Darkmoon - Season 10 Wildcard|Dawnrise - Season 10 Freepick	3	2026-04-22	2026-04-22
mystic_scroll	1013751	4	Felwood|Stranglethorn Vale|Winterspring	0|1	Bronzebeard - Warcraft Reborn	4	2026-05-10	2026-08-19
mystic_scroll	1013755	4	Feralas|Tanaris|Un'Goro Crater|Wailing Caverns	1	Bronzebeard - Warcraft Reborn|Dawnrise - Season 10 Freepick	4	2026-04-05	2026-07-07
mystic_scroll	1013756	1	Winterspring	1	Area 52 - Free-Pick|Darkmoon - Season 10 Wildcard|Dawnrise - Season 10 Freepick	3	2026-05-02	2026-05-02
mystic_scroll	1013759	7	Feralas|Un'Goro Crater|Wailing Caverns	1|43	Area 52 - Free-Pick|Bronzebeard - Warcraft Reborn|Darkmoon - Season 10 Wildcard|Dawnrise - Season 10 Freepick	9	2026-04-27	2026-08-21
mystic_scroll	1013760	1	Silithus	1	Bronzebeard - Warcraft Reborn	1	2026-06-21	2026-06-21
mystic_scroll	1013761	26	Ashenvale|Azshara|Blackrock Depths|Dire Maul|Duskwood|Eastern Plaguelands|Felwood|Feralas|Shadowfang Keep|Stonetalon Mountains|Stranglethorn Vale|Stratholme|Swamp of Sorrows|Un'Goro Crater|Winterspring	0|1|33|230|329|429	Area 52 - Free-Pick|Bronzebeard - Warcraft Reborn|Darkmoon - Season 10 Wildcard|Dawnrise - Season 10 Freepick|Rexxar - Conquest of Azeroth	31	2025-11-11	2026-08-11
mystic_scroll	1013762	1	Swamp of Sorrows	0	Bronzebeard - Warcraft Reborn	1	2026-05-27	2026-05-27
mystic_scroll	1013763	2	Swamp of Sorrows|Winterspring	0|1	Bronzebeard - Warcraft Reborn	2	2026-05-16	2026-08-11
mystic_scroll	1013764	4	Feralas|Scarlet Monastery|Western Plaguelands	0|1|189	Area 52 - Free-Pick|Bronzebeard - Warcraft Reborn|Darkmoon - Season 10 Wildcard|Dawnrise - Season 10 Freepick	6	2025-12-06	2026-07-23
mystic_scroll	1013765	3	Arathi Highlands|Shadowfang Keep|Zul'Farrak	0|33|209	Bronzebeard - Warcraft Reborn	3	2026-06-07	2026-06-26
mystic_scroll	1013767	8	Blackfathom Deeps|Dire Maul|Eastern Plaguelands|Felwood|Feralas	0|1|48|429	Area 52 - Free-Pick|Bronzebeard - Warcraft Reborn|Darkmoon - Season 10 Wildcard|Dawnrise - Season 10 Freepick	10	2025-12-06	2026-08-14
mystic_scroll	1013769	11	Dire Maul|Eastern Plaguelands|Felwood|Feralas|Ragefire Chasm|Scholomance|Stranglethorn Vale|Stratholme|The Barrens|Western Plaguelands	0|1|289|329|389|429	Bronzebeard - Warcraft Reborn	11	2026-05-11	2026-06-21
mystic_scroll	1013770	8	Arathi Highlands|Desolace|Felwood|Feralas|Scarlet Monastery|Stratholme|Tanaris	0|1|189|329	Area 52 - Free-Pick|Bronzebeard - Warcraft Reborn|Darkmoon - Season 10 Wildcard|Dawnrise - Season 10 Freepick	13	2026-04-13	2026-08-03
mystic_scroll	1013771	1	Stratholme	329	Bronzebeard - Warcraft Reborn	1	2026-05-31	2026-05-31
mystic_scroll	1013773	10	Blackwing Lair|Felwood|Stratholme|Tanaris|Western Plaguelands|Winterspring	0|1|329|469	Area 52 - Free-Pick|Bronzebeard - Warcraft Reborn|Darkmoon - Season 10 Wildcard|Dawnrise - Season 10 Freepick|Rexxar - Conquest of Azeroth	13	2025-11-16	2026-06-27
mystic_scroll	1013775	8	Eastern Plaguelands|Felwood|Hillsbrad Foothills|Maraudon|Scholomance|Stratholme	0|1|289|329|349	Area 52 - Free-Pick|Bronzebeard - Warcraft Reborn|Darkmoon - Season 10 Wildcard|Dawnrise - Season 10 Freepick	10	2026-04-26	2026-07-15
mystic_scroll	1013776	4	Blasted Lands|Eastern Plaguelands|Felwood|Wetlands	0|1	Bronzebeard - Warcraft Reborn	4	2026-05-29	2026-06-28
mystic_scroll	1013778	24	Badlands|Blackwing Lair|Burning Steppes|Eastern Plaguelands|Felwood|Feralas|Razorfen Kraul|Scarlet Monastery|Silithus|Stranglethorn Vale|Stratholme|The Hinterlands|Uldaman|Western Plaguelands|Winterspring|Zul'Gurub	0|1|47|70|189|309|329|469	Area 52 - Free-Pick|Bronzebeard - Warcraft Reborn|Darkmoon - Season 10 Wildcard|Dawnrise - Season 10 Freepick	27	2025-11-30	2026-08-17
mystic_scroll	1013779	10	Ashenvale|Azshara|Blackfathom Deeps|Deadwind Pass|Eastern Plaguelands|Maraudon|Razorfen Downs|Stratholme	0|1|48|129|329|349	Area 52 - Free-Pick|Bronzebeard - Warcraft Reborn|Darkmoon - Season 10 Wildcard|Dawnrise - Season 10 Freepick	15	2026-04-10	2026-08-10
mystic_scroll	1013780	2	Blackfathom Deeps|Stranglethorn Vale	0|48	Bronzebeard - Warcraft Reborn	2	2026-06-14	2026-06-20
mystic_scroll	1013782	4	Blackfathom Deeps|Felwood	1|48	Bronzebeard - Warcraft Reborn	4	2026-05-10	2026-07-09
mystic_scroll	1013786	4	Blackrock Depths|Stranglethorn Vale|Uldaman|Zul'Gurub	0|70|230|309	Bronzebeard - Warcraft Reborn	4	2026-06-11	2026-06-21
mystic_scroll	1013791	1	Alterac Mountains	0	Bronzebeard - Warcraft Reborn	1	2026-05-04	2026-05-04
mystic_scroll	1013792	2	Felwood|Redridge Mountains	0|1	Bronzebeard - Warcraft Reborn	2	2026-05-14	2026-06-08
mystic_scroll	1013796	1	Blackrock Depths	230	Bronzebeard - Warcraft Reborn	1	2026-06-30	2026-06-30
mystic_scroll	1013800	5	Scarlet Monastery|Silithus|Stratholme	1|189|329	Area 52 - Free-Pick|Bronzebeard - Warcraft Reborn|Darkmoon - Season 10 Wildcard|Dawnrise - Season 10 Freepick	7	2026-04-20	2026-06-11
mystic_scroll	1013802	1	Razorfen Kraul	47	Area 52 - Free-Pick|Dawnrise - Season 10 Freepick	2	2026-04-12	2026-04-12
mystic_scroll	1013803	1	Gnomeregan	90	Bronzebeard - Warcraft Reborn	1	2026-05-16	2026-05-16
mystic_scroll	1013808	6	Blackrock Mountain|Eastern Plaguelands|Maraudon|Mulgore	0|1	Area 52 - Free-Pick|Bronzebeard - Warcraft Reborn|Darkmoon - Season 10 Wildcard|Dawnrise - Season 10 Freepick|Rexxar - Conquest of Azeroth	13	2025-11-11	2026-05-30
mystic_scroll	1013809	8	Ashenvale|Blackwing Lair|Eastern Plaguelands|Mulgore|Razorfen Kraul|The Barrens	0|1|47|469	Area 52 - Free-Pick|Bronzebeard - Warcraft Reborn|Darkmoon - Season 10 Wildcard|Dawnrise - Season 10 Freepick	13	2025-11-24	2026-06-09
mystic_scroll	1013810	2	Redridge Mountains|Scholomance	0|289	Bronzebeard - Warcraft Reborn	2	2026-06-26	2026-07-05
mystic_scroll	1013816	1	Felwood	1	Bronzebeard - Warcraft Reborn	1	2026-05-31	2026-05-31
mystic_scroll	1013820	3	Azshara|Stranglethorn Vale|Tanaris	0|1	Area 52 - Free-Pick|Bronzebeard - Warcraft Reborn|Darkmoon - Season 10 Wildcard|Dawnrise - Season 10 Freepick	5	2026-03-31	2026-07-28
mystic_scroll	1013821	6	Alterac Mountains|Silithus|Stratholme|Tanaris|The Stockade	0|1|34|329	Area 52 - Free-Pick|Bronzebeard - Warcraft Reborn|Darkmoon - Season 10 Wildcard|Dawnrise - Season 10 Freepick	8	2025-12-09	2026-08-23
mystic_scroll	1013822	1	Stratholme	329	Bronzebeard - Warcraft Reborn	1	2026-05-30	2026-05-30
mystic_scroll	1013824	3	Arathi Highlands|Blackrock Depths|Scarlet Monastery	0|189|230	Bronzebeard - Warcraft Reborn	3	2026-05-24	2026-06-04
mystic_scroll	1013827	3	Eastern Plaguelands|Scarlet Monastery|Stratholme	0|189|329	Bronzebeard - Warcraft Reborn|Dawnrise - Season 10 Freepick	3	2026-04-06	2026-06-26
mystic_scroll	1013835	1	Silithus	1	Bronzebeard - Warcraft Reborn	1	2026-05-21	2026-05-21
mystic_scroll	1013838	5	Eastern Plaguelands|Scarlet Monastery	0|189	Bronzebeard - Warcraft Reborn	5	2026-05-26	2026-06-14
mystic_scroll	1013839	15	Blackfathom Deeps|Blackrock Depths|Blackrock Spire|Onyxia's Lair|Scarlet Monastery|Scholomance|Silithus|Stratholme|Un'Goro Crater|Wailing Caverns|Western Plaguelands	0|1|43|48|189|229|230|249|289|329	Area 52 - Free-Pick|Bronzebeard - Warcraft Reborn|Darkmoon - Season 10 Wildcard|Dawnrise - Season 10 Freepick|Rexxar - Conquest of Azeroth	25	2025-11-12	2026-08-10
mystic_scroll	1013840	2	Tanaris|The Hinterlands	0|1	Area 52 - Free-Pick|Bronzebeard - Warcraft Reborn|Darkmoon - Season 10 Wildcard|Dawnrise - Season 10 Freepick	4	2025-11-25	2026-06-14
mystic_scroll	1013841	18	Blackrock Depths|Desolace|Eastern Plaguelands|Scarlet Monastery|Searing Gorge|Silithus|Stranglethorn Vale|Stratholme|Tanaris|The Stockade|Uldaman|Zul'Gurub	0|1|34|189|230|309|329	Bronzebeard - Warcraft Reborn	18	2025-11-26	2026-08-27
mystic_scroll	1013844	2	Silithus|Wailing Caverns	1|43	Area 52 - Free-Pick|Bronzebeard - Warcraft Reborn|Darkmoon - Season 10 Wildcard|Dawnrise - Season 10 Freepick|Rexxar - Conquest of Azeroth	5	2025-11-17	2026-06-03
mystic_scroll	1013845	1	Blackrock Spire	229	Area 52 - Free-Pick|Dawnrise - Season 10 Freepick	2	2026-04-11	2026-04-11
mystic_scroll	1013846	1	Eastern Plaguelands	0	Bronzebeard - Warcraft Reborn	1	2026-06-07	2026-06-07
mystic_scroll	1013849	4	Blackfathom Deeps|Feralas|Silithus|Tanaris	1|48	Bronzebeard - Warcraft Reborn	4	2026-06-02	2026-06-19
mystic_scroll	1013850	3	Blackwing Lair|Scarlet Monastery	0|469	Bronzebeard - Warcraft Reborn	3	2026-06-10	2026-06-28
mystic_scroll	1013853	7	Elwynn Forest|Hillsbrad Foothills|Razorfen Downs|Scarlet Monastery|The Barrens|The Deadmines	0|1|36|129|189	Area 52 - Free-Pick|Bronzebeard - Warcraft Reborn|Darkmoon - Season 10 Wildcard|Dawnrise - Season 10 Freepick	10	2026-04-08	2026-06-21
mystic_scroll	1013855	10	Azshara|Felwood|Feralas|Loch Modan|Silithus|Stranglethorn Vale|The Deadmines|The Temple of Atal'Hakkar|Tirisfal Glades|Zul'Gurub	0|1|36|109|309	Area 52 - Free-Pick|Bronzebeard - Warcraft Reborn|Dawnrise - Season 10 Freepick	11	2026-04-04	2026-07-11
mystic_scroll	1013856	24	Arathi Highlands|Azshara|Blackrock Depths|Blackwing Lair|Burning Steppes|Desolace|Dire Maul|Eastern Plaguelands|Feralas|Scarlet Monastery|Shadowfang Keep|Silverpine Forest|Stratholme|Uldaman|Un'Goro Crater|Western Plaguelands	0|1|33|70|189|230|329|429|469	Area 52 - Free-Pick|Bronzebeard - Warcraft Reborn|Darkmoon - Season 10 Wildcard|Dawnrise - Season 10 Freepick|Rexxar - Conquest of Azeroth	29	2025-11-09	2026-08-26
mystic_scroll	1013857	1	Silithus	1	Bronzebeard - Warcraft Reborn	1	2026-05-02	2026-05-02
mystic_scroll	1013859	5	Badlands|Burning Steppes|Scarlet Monastery|Tanaris	0|1|189	Area 52 - Free-Pick|Bronzebeard - Warcraft Reborn|Darkmoon - Season 10 Wildcard|Dawnrise - Season 10 Freepick|Rexxar - Conquest of Azeroth	9	2025-11-09	2026-07-12
mystic_scroll	1013862	1	Scarlet Monastery	189	Bronzebeard - Warcraft Reborn	1	2026-06-25	2026-06-25
mystic_scroll	1013867	1	Eastern Plaguelands	0	Bronzebeard - Warcraft Reborn	1	2026-08-12	2026-08-12
mystic_scroll	1013869	1	The Hinterlands	0	Area 52 - Free-Pick|Dawnrise - Season 10 Freepick	2	2026-04-11	2026-04-11
mystic_scroll	1013872	1	Dustwallow Marsh	1	Area 52 - Free-Pick|Darkmoon - Season 10 Wildcard|Dawnrise - Season 10 Freepick	3	2026-04-18	2026-04-18
mystic_scroll	1013873	6	Dustwallow Marsh|Scarlet Monastery	1|189	Area 52 - Free-Pick|Bronzebeard - Warcraft Reborn|Darkmoon - Season 10 Wildcard|Dawnrise - Season 10 Freepick|Rexxar - Conquest of Azeroth	11	2025-10-26	2026-06-13
mystic_scroll	1013875	2	Ashenvale|Tirisfal Glades	0|1	Area 52 - Free-Pick|Bronzebeard - Warcraft Reborn|Darkmoon - Season 10 Wildcard|Dawnrise - Season 10 Freepick	4	2026-04-21	2026-05-06
mystic_scroll	1013877	1	Desolace	1	Area 52 - Free-Pick|Darkmoon - Season 10 Wildcard|Dawnrise - Season 10 Freepick|Rexxar - Conquest of Azeroth	4	2025-11-11	2026-04-25
mystic_scroll	1013878	1	Hillsbrad Foothills	0	Area 52 - Free-Pick|Darkmoon - Season 10 Wildcard|Dawnrise - Season 10 Freepick|Rexxar - Conquest of Azeroth	4	2025-10-22	2026-04-25
mystic_scroll	1013879	1	Western Plaguelands	0	Area 52 - Free-Pick|Darkmoon - Season 10 Wildcard|Dawnrise - Season 10 Freepick	3	2025-11-27	2026-05-02
mystic_scroll	1013880	1	Western Plaguelands	0	Area 52 - Free-Pick|Bronzebeard - Warcraft Reborn|Darkmoon - Season 10 Wildcard|Dawnrise - Season 10 Freepick	4	2025-11-26	2026-06-12
mystic_scroll	1013881	1	Alterac Mountains	0	Bronzebeard - Warcraft Reborn	1	2026-06-17	2026-06-17
mystic_scroll	1013882	1	Stranglethorn Vale	0	Bronzebeard - Warcraft Reborn	1	2026-08-27	2026-08-27
mystic_scroll	1013884	1	Feralas	1	Bronzebeard - Warcraft Reborn	1	2026-07-27	2026-07-27
mystic_scroll	1013889	1	Searing Gorge	0	Bronzebeard - Warcraft Reborn	1	2026-05-21	2026-05-21
mystic_scroll	1013891	1	Eastern Plaguelands	0	Area 52 - Free-Pick|Bronzebeard - Warcraft Reborn|Darkmoon - Season 10 Wildcard|Dawnrise - Season 10 Freepick	4	2026-05-02	2026-05-03
mystic_scroll	1013893	1	Felwood	1	Bronzebeard - Warcraft Reborn	1	2026-08-25	2026-08-25
mystic_scroll	1013895	1	Dustwallow Marsh	1	Area 52 - Free-Pick|Darkmoon - Season 10 Wildcard|Dawnrise - Season 10 Freepick|Rexxar - Conquest of Azeroth	4	2025-10-26	2026-05-02
mystic_scroll	1013896	1	Arathi Highlands	0	Area 52 - Free-Pick|Darkmoon - Season 10 Wildcard|Dawnrise - Season 10 Freepick|Rexxar - Conquest of Azeroth	4	2025-11-08	2026-04-25
mystic_scroll	1013897	2	Silithus	1	Area 52 - Free-Pick|Bronzebeard - Warcraft Reborn|Darkmoon - Season 10 Wildcard|Dawnrise - Season 10 Freepick|Rexxar - Conquest of Azeroth	6	2025-11-13	2026-07-13
mystic_scroll	1013898	1	Blasted Lands	0	Bronzebeard - Warcraft Reborn	1	2026-06-11	2026-06-11
mystic_scroll	1013899	1	Western Plaguelands	0	Bronzebeard - Warcraft Reborn	1	2026-06-26	2026-06-26
mystic_scroll	1013901	1	Wailing Caverns	1	Area 52 - Free-Pick|Dawnrise - Season 10 Freepick	2	2026-04-11	2026-04-11
mystic_scroll	1013902	1	Eastern Plaguelands	0	Bronzebeard - Warcraft Reborn	1	2026-06-15	2026-06-15
mystic_scroll	1013903	1	Stonetalon Mountains	1	Area 52 - Free-Pick|Darkmoon - Season 10 Wildcard|Dawnrise - Season 10 Freepick	3	2025-11-22	2026-05-02
mystic_scroll	1013904	1	Scarlet Monastery	189	Bronzebeard - Warcraft Reborn	1	2026-06-16	2026-06-16
mystic_scroll	1013905	4	Scarlet Monastery|Silithus|Western Plaguelands	0|1|189	Bronzebeard - Warcraft Reborn	4	2026-06-09	2026-08-06
mystic_scroll	1013907	4	Stranglethorn Vale|Zul'Gurub	0|309	Bronzebeard - Warcraft Reborn	4	2026-05-22	2026-07-11
mystic_scroll	1013908	4	Alterac Mountains|Azshara|The Hinterlands	0|1	Bronzebeard - Warcraft Reborn|Dawnrise - Season 10 Freepick	5	2026-04-03	2026-07-31
mystic_scroll	1013909	1	Arathi Highlands	0	Bronzebeard - Warcraft Reborn	1	2026-05-28	2026-05-28
mystic_scroll	1013910	1	Western Plaguelands	0	Bronzebeard - Warcraft Reborn	1	2026-06-15	2026-06-15
mystic_scroll	1013911	1	Silithus	1	Bronzebeard - Warcraft Reborn	1	2026-05-24	2026-05-24
mystic_scroll	1013936	10	Blackfathom Deeps|Razorfen Kraul|Scarlet Monastery|Silithus|Stratholme|Un'Goro Crater|Western Plaguelands|Winterspring	0|1|47|48|189|329	Bronzebeard - Warcraft Reborn	10	2026-05-04	2026-08-19
mystic_scroll	1013943	10	Ashenvale|Blackrock Depths|Deadwind Pass|Feralas|Searing Gorge|Stranglethorn Vale|Stratholme|Un'Goro Crater|Wetlands	0|1|230|329	Area 52 - Free-Pick|Bronzebeard - Warcraft Reborn|Darkmoon - Season 10 Wildcard|Dawnrise - Season 10 Freepick|Rexxar - Conquest of Azeroth	13	2025-11-09	2026-08-18
mystic_scroll	1013945	5	Azshara|Felwood|Silithus|Uldaman	1|70	Area 52 - Free-Pick|Bronzebeard - Warcraft Reborn|Darkmoon - Season 10 Wildcard|Dawnrise - Season 10 Freepick	7	2026-02-09	2026-06-23
mystic_scroll	1013948	7	Azshara|Blackwing Lair|Maraudon|Scarlet Monastery|Stratholme|Western Plaguelands	0|1|189|329|469	Bronzebeard - Warcraft Reborn	7	2026-05-06	2026-08-20
mystic_scroll	1013956	14	Azshara|Blackrock Depths|Burning Steppes|Dire Maul|Duskwood|Gold Coast Quarry|Scarlet Monastery|Searing Gorge|Tirisfal Glades|Twilight's Run|Un'Goro Crater|Winterspring	0|1|189|230|429	Area 52 - Free-Pick|Bronzebeard - Warcraft Reborn|Darkmoon - Season 10 Wildcard|Dawnrise - Season 10 Freepick|Rexxar - Conquest of Azeroth	20	2025-11-11	2026-07-24
mystic_scroll	1013959	5	Azshara|Razorfen Downs|Scarlet Monastery|Silithus|Uldaman	0|1|129|189	Area 52 - Free-Pick|Bronzebeard - Warcraft Reborn|Darkmoon - Season 10 Wildcard|Dawnrise - Season 10 Freepick|Rexxar - Conquest of Azeroth	8	2025-11-11	2026-06-27
mystic_scroll	1013965	11	Ashenvale|Azshara|Burning Steppes|Feralas|Razorfen Downs|Scarlet Monastery|Searing Gorge|Silithus|Uldaman	0|1|129|189	Area 52 - Free-Pick|Bronzebeard - Warcraft Reborn|Darkmoon - Season 10 Wildcard|Dawnrise - Season 10 Freepick|Rexxar - Conquest of Azeroth	18	2025-11-13	2026-08-07
mystic_scroll	1013968	2	Blackrock Depths	230	Area 52 - Free-Pick|Bronzebeard - Warcraft Reborn|Dawnrise - Season 10 Freepick	3	2026-04-09	2026-06-19
mystic_scroll	1013969	9	Azshara|Blackrock Depths|Dire Maul|Searing Gorge|The Deadmines|Un'Goro Crater|Western Plaguelands|Winterspring	0|1|36|230|429	Area 52 - Free-Pick|Bronzebeard - Warcraft Reborn|Darkmoon - Season 10 Wildcard|Dawnrise - Season 10 Freepick|Rexxar - Conquest of Azeroth	12	2025-11-09	2026-08-11
mystic_scroll	1013970	5	Dire Maul|Felwood|Maraudon|Un'Goro Crater|Winterspring	1|349|429	Bronzebeard - Warcraft Reborn	5	2026-06-08	2026-07-02
mystic_scroll	1013971	3	Feralas	1	Bronzebeard - Warcraft Reborn	3	2026-05-16	2026-06-27
mystic_scroll	1013974	14	Azshara|Blackrock Spire|Burning Steppes|Dire Maul|Redridge Mountains|Scarlet Monastery|Scholomance|Stratholme|Tanaris|Twilight's Run|Western Plaguelands|Winterspring|Zul'Farrak	0|1|189|209|229|289|329|429	Area 52 - Free-Pick|Bronzebeard - Warcraft Reborn|Dawnrise - Season 10 Freepick	15	2026-04-05	2026-08-07
mystic_scroll	1013975	20	Azshara|Blackrock Depths|Blackrock Spire|Desolace|Dire Maul|Dustwallow Marsh|Feralas|Gnomeregan|Loch Modan|Ragefire Chasm|Searing Gorge|Silithus|Thousand Needles|Wailing Caverns	0|1|43|90|229|230|389|429	Area 52 - Free-Pick|Bronzebeard - Warcraft Reborn|Dawnrise - Season 10 Freepick	21	2026-04-08	2026-08-28
mystic_scroll	1013977	7	Burning Steppes|Elwynn Forest|Maraudon|Tanaris|The Hinterlands	0|1|349	Bronzebeard - Warcraft Reborn	7	2026-05-13	2026-07-25
mystic_scroll	1013978	3	Feralas|Silithus|Wailing Caverns	1|43	Bronzebeard - Warcraft Reborn	3	2026-05-19	2026-06-14
mystic_scroll	1013982	3	Dustwallow Marsh	1	Area 52 - Free-Pick|Bronzebeard - Warcraft Reborn|Darkmoon - Season 10 Wildcard|Dawnrise - Season 10 Freepick|Rexxar - Conquest of Azeroth	6	2025-10-27	2026-06-19
mystic_scroll	1013985	1	Felwood	1	Area 52 - Free-Pick|Darkmoon - Season 10 Wildcard|Dawnrise - Season 10 Freepick|Rexxar - Conquest of Azeroth	4	2025-11-11	2026-04-25
mystic_scroll	1013988	1	Thousand Needles	1	Bronzebeard - Warcraft Reborn	1	2026-06-13	2026-06-13
mystic_scroll	1176146	1	Westfall	0	Area 52 - Free-Pick	1	2026-08-09	2026-08-09
mystic_scroll	1178702	2	Stranglethorn Vale	0	Area 52 - Free-Pick	2	2026-08-01	2026-08-01
mystic_scroll	1300143	1	Arathi Highlands	0	Area 52 - Free-Pick|Darkmoon - Season 10 Wildcard|Dawnrise - Season 10 Freepick	3	2026-05-01	2026-05-01
mystic_scroll	1300145	3	Searing Gorge|Stonetalon Mountains|Stranglethorn Vale	0|1	Area 52 - Free-Pick|Bronzebeard - Warcraft Reborn|Darkmoon - Season 10 Wildcard|Dawnrise - Season 10 Freepick	5	2026-05-01	2026-06-23
mystic_scroll	1300147	1	Silithus	1	Bronzebeard - Warcraft Reborn	1	2026-05-19	2026-05-19
type 4	354157	1	Elwynn Forest	0	Area 52 - Free-Pick|Darkmoon - Season 10 Wildcard|Dawnrise - Season 10 Freepick|Vol'jin - Conquest of Azeroth	4	2026-05-28	2026-05-28
type 4	1703112	1	Deadwind Pass	0	Area 52 - Free-Pick|Darkmoon - Season 10 Wildcard|Dawnrise - Season 10 Freepick|Vol'jin - Conquest of Azeroth	4	2026-05-28	2026-05-28
