realm	mode	npc	npc_key	npc_name	slot	item	item_name	money_cost	quantity	available	usable	extended_cost	honor_cost	arena_cost	cost_item_1	cost_count_1	cost_item_2	cost_count_2	cost_item_3	cost_count_3	captured
Darkmoon	Season 10 Wildcard	12781	12781:18448:31	Master Sergeant Biggins	1	18448	Sergeant Major's Chain Armguards	0	1	-1		1	3000	0							2026-09-01 00:54:49
Darkmoon	Season 10 Wildcard	12781	12781:18448:31	Master Sergeant Biggins	2	18449	Sergeant Major's Chain Armguards	0	1	-1		1	1000	0							2026-09-01 00:54:49
Darkmoon	Season 10 Wildcard	12781	12781:18448:31	Master Sergeant Biggins	3	18454	Sergeant Major's Dragonhide Armsplints	0	1	-1		1	3000	0							2026-09-01 00:54:49
Darkmoon	Season 10 Wildcard	12781	12781:18448:31	Master Sergeant Biggins	4	18455	Sergeant Major's Dragonhide Armsplints	0	1	-1		1	1000	0							2026-09-01 00:54:49
Darkmoon	Season 10 Wildcard	12781	12781:18448:31	Master Sergeant Biggins	5	18452	Sergeant Major's Leather Armsplints	0	1	-1		1	3000	0							2026-09-01 00:54:49
Darkmoon	Season 10 Wildcard	12781	12781:18448:31	Master Sergeant Biggins	6	18453	Sergeant Major's Leather Armsplints	0	1	-1		1	1000	0							2026-09-01 00:54:49
Darkmoon	Season 10 Wildcard	12781	12781:18448:31	Master Sergeant Biggins	7	18445	Sergeant Major's Plate Wristguards	0	1	-1		1	3000	0							2026-09-01 00:54:49
Darkmoon	Season 10 Wildcard	12781	12781:18448:31	Master Sergeant Biggins	8	18447	Sergeant Major's Plate Wristguards	0	1	-1		1	1000	0							2026-09-01 00:54:49
Darkmoon	Season 10 Wildcard	12781	12781:18448:31	Master Sergeant Biggins	9	18456	Sergeant Major's Silk Cuffs	0	1	-1		1	3000	0							2026-09-01 00:54:49
Darkmoon	Season 10 Wildcard	12781	12781:18448:31	Master Sergeant Biggins	10	18457	Sergeant Major's Silk Cuffs	0	1	-1		1	1000	0							2026-09-01 00:54:49
Darkmoon	Season 10 Wildcard	12781	12781:18448:31	Master Sergeant Biggins	11	16342	Sergeant's Cape	0	1	-1		1	3000	0							2026-09-01 00:54:49
Darkmoon	Season 10 Wildcard	12781	12781:18448:31	Master Sergeant Biggins	12	18440	Sergeant's Cape	0	1	-1		1	500	0							2026-09-01 00:54:49
Darkmoon	Season 10 Wildcard	12781	12781:18448:31	Master Sergeant Biggins	13	18441	Sergeant's Cape	0	1	-1		1	1000	0							2026-09-01 00:54:49
Darkmoon	Season 10 Wildcard	12781	12781:18448:31	Master Sergeant Biggins	14	18442	Master Sergeant's Insignia	0	1	-1		1	500	0							2026-09-01 00:54:49
Darkmoon	Season 10 Wildcard	12781	12781:18448:31	Master Sergeant Biggins	15	18443	Master Sergeant's Insignia	0	1	-1		1	3000	0							2026-09-01 00:54:49
Darkmoon	Season 10 Wildcard	12781	12781:18448:31	Master Sergeant Biggins	16	18444	Master Sergeant's Insignia	0	1	-1		1	1000	0							2026-09-01 00:54:49
Darkmoon	Season 10 Wildcard	12781	12781:18448:31	Master Sergeant Biggins	17	18863	Insignia of the Alliance	5000	1	-1	1	0	0	0							2026-09-01 00:54:49
Darkmoon	Season 10 Wildcard	12781	12781:18448:31	Master Sergeant Biggins	18	18864	Insignia of the Alliance	200000	1	-1		0	0	0							2026-09-01 00:54:49
Darkmoon	Season 10 Wildcard	12781	12781:18448:31	Master Sergeant Biggins	19	18606	Alliance Battle Standard	0	1	-1	1	1	15300	0							2026-09-01 00:54:49
Darkmoon	Season 10 Wildcard	12781	12781:18448:31	Master Sergeant Biggins	20	1235070	Bloody Mark of War	0	1	-1	1	1	1000	0							2026-09-01 00:54:49
Darkmoon	Season 10 Wildcard	12781	12781:18448:31	Master Sergeant Biggins	21	18839	Combat Healing Potion	1100	1	-1		1	1	0							2026-09-01 00:54:49
Darkmoon	Season 10 Wildcard	12781	12781:18448:31	Master Sergeant Biggins	22	18841	Combat Mana Potion	1100	1	-1		1	1	0							2026-09-01 00:54:49
Darkmoon	Season 10 Wildcard	12781	12781:18448:31	Master Sergeant Biggins	23	45706	Commendation of Bravery	0	1	-1	1	1	0	100							2026-09-01 00:54:49
Darkmoon	Season 10 Wildcard	12781	12781:18448:31	Master Sergeant Biggins	24	449571	Lesser Inscription of the Battle Mage	0	1	-1		1	20000	0							2026-09-01 00:54:49
Darkmoon	Season 10 Wildcard	12781	12781:18448:31	Master Sergeant Biggins	25	449570	Lesser Inscription of the Gladiator	0	1	-1		1	20000	0							2026-09-01 00:54:49
Darkmoon	Season 10 Wildcard	12781	12781:18448:31	Master Sergeant Biggins	26	18675	Military Ranks of the Horde & Alliance	100	1	-1	1	0	0	0							2026-09-01 00:54:49
Darkmoon	Season 10 Wildcard	12781	12781:18448:31	Master Sergeant Biggins	27	32455	Star's Lament	6000	5	-1		0	0	0							2026-09-01 00:54:49
Darkmoon	Season 10 Wildcard	12781	12781:18448:31	Master Sergeant Biggins	28	106954	Tome of Specialization II	0	1	-1	1	1	68200	0							2026-09-01 00:54:49
Darkmoon	Season 10 Wildcard	12781	12781:18448:31	Master Sergeant Biggins	29	97730	Worldforged Key Fragment	0	1	-1	1	1	10000	0							2026-09-01 00:54:49
Darkmoon	Season 10 Wildcard	12781	12781:18448:31	Master Sergeant Biggins	30	15198	Knight's Colors	0	1	-1	1	1	20000	0							2026-09-01 00:54:49
Darkmoon	Season 10 Wildcard	12781	12781:18448:31	Master Sergeant Biggins	31	15196	Private's Tabard	0	1	-1	1	1	15000	0							2026-09-01 00:54:49
Darkmoon	Season 10 Wildcard	12781	12781:19531:48	Master Sergeant Biggins	1	19531	Caretaker's Cape	0	1	-1		1	1800	0							2026-09-01 00:54:57
Darkmoon	Season 10 Wildcard	12781	12781:19531:48	Master Sergeant Biggins	2	19532	Caretaker's Cape	0	1	-1		1	1600	0							2026-09-01 00:54:57
Darkmoon	Season 10 Wildcard	12781	12781:19531:48	Master Sergeant Biggins	3	19533	Caretaker's Cape	0	1	-1		1	1200	0							2026-09-01 00:54:57
Darkmoon	Season 10 Wildcard	12781	12781:19531:48	Master Sergeant Biggins	4	20428	Caretaker's Cape	0	1	-1	1	1	750	0							2026-09-01 00:54:57
Darkmoon	Season 10 Wildcard	12781	12781:19531:48	Master Sergeant Biggins	5	19539	Sentinel's Medallion	0	1	-1		1	1800	0							2026-09-01 00:54:57
Darkmoon	Season 10 Wildcard	12781	12781:19531:48	Master Sergeant Biggins	6	19540	Sentinel's Medallion	0	1	-1		1	1600	0							2026-09-01 00:54:57
Darkmoon	Season 10 Wildcard	12781	12781:19531:48	Master Sergeant Biggins	7	19541	Sentinel's Medallion	0	1	-1		1	1200	0							2026-09-01 00:54:57
Darkmoon	Season 10 Wildcard	12781	12781:19531:48	Master Sergeant Biggins	8	20444	Sentinel's Medallion	0	1	-1	1	1	750	0							2026-09-01 00:54:57
Darkmoon	Season 10 Wildcard	12781	12781:19531:48	Master Sergeant Biggins	9	19523	Lorekeeper's Ring	0	1	-1		1	1800	0							2026-09-01 00:54:57
Darkmoon	Season 10 Wildcard	12781	12781:19531:48	Master Sergeant Biggins	10	19524	Lorekeeper's Ring	0	1	-1		1	1600	0							2026-09-01 00:54:57
Darkmoon	Season 10 Wildcard	12781	12781:19531:48	Master Sergeant Biggins	11	19525	Lorekeeper's Ring	0	1	-1		1	1200	0							2026-09-01 00:54:57
Darkmoon	Season 10 Wildcard	12781	12781:19531:48	Master Sergeant Biggins	12	20431	Lorekeeper's Ring	0	1	-1	1	1	750	0							2026-09-01 00:54:57
Darkmoon	Season 10 Wildcard	12781	12781:19531:48	Master Sergeant Biggins	13	19515	Protector's Band	0	1	-1		1	1600	0							2026-09-01 00:54:57
Darkmoon	Season 10 Wildcard	12781	12781:19531:48	Master Sergeant Biggins	14	19516	Protector's Band	0	1	-1		1	1800	0							2026-09-01 00:54:57
Darkmoon	Season 10 Wildcard	12781	12781:19531:48	Master Sergeant Biggins	15	19517	Protector's Band	0	1	-1		1	1200	0							2026-09-01 00:54:57
Darkmoon	Season 10 Wildcard	12781	12781:19531:48	Master Sergeant Biggins	16	20439	Protector's Band	0	1	-1	1	1	750	0							2026-09-01 00:54:57
Darkmoon	Season 10 Wildcard	12781	12781:19531:48	Master Sergeant Biggins	17	212345	Rune of Duty	0	1	-1	1	1	750	0							2026-09-01 00:54:57
Darkmoon	Season 10 Wildcard	12781	12781:19531:48	Master Sergeant Biggins	18	212346	Rune of Duty	0	1	-1		1	1600	0							2026-09-01 00:54:57
Darkmoon	Season 10 Wildcard	12781	12781:19531:48	Master Sergeant Biggins	19	212347	Rune of Perfection	0	1	-1	1	1	750	0							2026-09-01 00:54:57
Darkmoon	Season 10 Wildcard	12781	12781:19531:48	Master Sergeant Biggins	20	212348	Rune of Perfection	0	1	-1		1	1600	0							2026-09-01 00:54:57
Darkmoon	Season 10 Wildcard	12781	12781:19531:48	Master Sergeant Biggins	21	19571	Lorekeeper's Staff	0	1	-1		1	5400	0							2026-09-01 00:54:57
Darkmoon	Season 10 Wildcard	12781	12781:19531:48	Master Sergeant Biggins	22	19572	Lorekeeper's Staff	0	1	-1		1	4800	0							2026-09-01 00:54:57
Darkmoon	Season 10 Wildcard	12781	12781:19531:48	Master Sergeant Biggins	23	19573	Lorekeeper's Staff	0	1	-1		1	3600	0							2026-09-01 00:54:57
Darkmoon	Season 10 Wildcard	12781	12781:19531:48	Master Sergeant Biggins	24	20434	Lorekeeper's Staff	0	1	-1	1	1	2250	0							2026-09-01 00:54:57
Darkmoon	Season 10 Wildcard	12781	12781:19531:48	Master Sergeant Biggins	25	19555	Protector's Sword	0	1	-1		1	5400	0							2026-09-01 00:54:57
Darkmoon	Season 10 Wildcard	12781	12781:19531:48	Master Sergeant Biggins	26	19556	Protector's Sword	0	1	-1		1	4800	0							2026-09-01 00:54:57
Darkmoon	Season 10 Wildcard	12781	12781:19531:48	Master Sergeant Biggins	27	19557	Protector's Sword	0	1	-1		1	3600	0							2026-09-01 00:54:57
Darkmoon	Season 10 Wildcard	12781	12781:19531:48	Master Sergeant Biggins	28	20440	Protector's Sword	0	1	-1	1	1	2250	0							2026-09-01 00:54:57
Darkmoon	Season 10 Wildcard	12781	12781:19531:48	Master Sergeant Biggins	29	19547	Sentinel's Blade	0	1	-1		1	5400	0							2026-09-01 00:54:57
Darkmoon	Season 10 Wildcard	12781	12781:19531:48	Master Sergeant Biggins	30	19548	Sentinel's Blade	0	1	-1		1	4800	0							2026-09-01 00:54:57
Darkmoon	Season 10 Wildcard	12781	12781:19531:48	Master Sergeant Biggins	31	19549	Sentinel's Blade	0	1	-1		1	3600	0							2026-09-01 00:54:57
Darkmoon	Season 10 Wildcard	12781	12781:19531:48	Master Sergeant Biggins	32	20443	Sentinel's Blade	0	1	-1	1	1	2250	0							2026-09-01 00:54:57
Darkmoon	Season 10 Wildcard	12781	12781:19531:48	Master Sergeant Biggins	33	19563	Outrunner's Bow	0	1	-1		1	5400	0							2026-09-01 00:54:57
Darkmoon	Season 10 Wildcard	12781	12781:19531:48	Master Sergeant Biggins	34	19564	Outrunner's Bow	0	1	-1		1	4800	0							2026-09-01 00:54:57
Darkmoon	Season 10 Wildcard	12781	12781:19531:48	Master Sergeant Biggins	35	19565	Outrunner's Bow	0	1	-1		1	3600	0							2026-09-01 00:54:57
Darkmoon	Season 10 Wildcard	12781	12781:19531:48	Master Sergeant Biggins	36	20438	Outrunner's Bow	0	1	-1	1	1	2250	0							2026-09-01 00:54:57
Darkmoon	Season 10 Wildcard	12781	12781:19531:48	Master Sergeant Biggins	37	17348	Major Healing Draught	1500	1	-1		1	8	0							2026-09-01 00:54:57
Darkmoon	Season 10 Wildcard	12781	12781:19531:48	Master Sergeant Biggins	38	17351	Major Mana Draught	1500	1	-1		1	8	0							2026-09-01 00:54:57
Darkmoon	Season 10 Wildcard	12781	12781:19531:48	Master Sergeant Biggins	39	499987	Reins of the Silverwing Nightsaber	0	1	-1		1	68200	0							2026-09-01 00:54:57
Darkmoon	Season 10 Wildcard	12781	12781:19531:48	Master Sergeant Biggins	40	17349	Superior Healing Draught	1100	1	-1		1	1	0							2026-09-01 00:54:57
Darkmoon	Season 10 Wildcard	12781	12781:19531:48	Master Sergeant Biggins	41	17352	Superior Mana Draught	1100	1	-1		1	1	0							2026-09-01 00:54:57
Darkmoon	Season 10 Wildcard	12781	12781:19531:48	Master Sergeant Biggins	42	19060	Warsong Gulch Enriched Ration	2000	5	-1		0	0	0							2026-09-01 00:54:57
Darkmoon	Season 10 Wildcard	12781	12781:19531:48	Master Sergeant Biggins	43	19062	Warsong Gulch Field Ration	1000	5	-1		0	0	0							2026-09-01 00:54:57
Darkmoon	Season 10 Wildcard	12781	12781:19531:48	Master Sergeant Biggins	44	19061	Warsong Gulch Iron Ration	1500	5	-1		0	0	0							2026-09-01 00:54:57
Darkmoon	Season 10 Wildcard	12781	12781:19531:48	Master Sergeant Biggins	45	19067	Warsong Gulch Mageweave Bandage	1500	5	-1		0	0	0							2026-09-01 00:54:57
Darkmoon	Season 10 Wildcard	12781	12781:19531:48	Master Sergeant Biggins	46	19066	Warsong Gulch Runecloth Bandage	2000	5	-1		0	0	0							2026-09-01 00:54:57
Darkmoon	Season 10 Wildcard	12781	12781:19531:48	Master Sergeant Biggins	47	19068	Warsong Gulch Silk Bandage	1000	5	-1		0	0	0							2026-09-01 00:54:57
Darkmoon	Season 10 Wildcard	12781	12781:19531:48	Master Sergeant Biggins	48	19506	Silverwing Battle Tabard	0	1	-1	1	1	12000	0							2026-09-01 00:54:57
Darkmoon	Season 10 Wildcard	12781	12781:20088:54	Master Sergeant Biggins	1	20088	Highlander's Chain Girdle	0	1	-1		1	5400	0							2026-09-01 00:54:59
Darkmoon	Season 10 Wildcard	12781	12781:20088:54	Master Sergeant Biggins	2	20089	Highlander's Chain Girdle	0	1	-1		1	1600	0							2026-09-01 00:54:59
Darkmoon	Season 10 Wildcard	12781	12781:20088:54	Master Sergeant Biggins	3	20097	Highlander's Cloth Girdle	0	1	-1		1	5400	0							2026-09-01 00:54:59
Darkmoon	Season 10 Wildcard	12781	12781:20088:54	Master Sergeant Biggins	4	20098	Highlander's Cloth Girdle	0	1	-1		1	1600	0							2026-09-01 00:54:59
Darkmoon	Season 10 Wildcard	12781	12781:20088:54	Master Sergeant Biggins	5	20099	Highlander's Cloth Girdle	0	1	-1		1	1200	0							2026-09-01 00:54:59
Darkmoon	Season 10 Wildcard	12781	12781:20088:54	Master Sergeant Biggins	6	20106	Highlander's Lamellar Girdle	0	1	-1		1	5400	0							2026-09-01 00:54:59
Darkmoon	Season 10 Wildcard	12781	12781:20088:54	Master Sergeant Biggins	7	20107	Highlander's Lamellar Girdle	0	1	-1		1	1600	0							2026-09-01 00:54:59
Darkmoon	Season 10 Wildcard	12781	12781:20088:54	Master Sergeant Biggins	8	20108	Highlander's Lamellar Girdle	0	1	-1		1	1200	0							2026-09-01 00:54:59
Darkmoon	Season 10 Wildcard	12781	12781:20088:54	Master Sergeant Biggins	9	20115	Highlander's Leather Girdle	0	1	-1		1	5400	0							2026-09-01 00:54:59
Darkmoon	Season 10 Wildcard	12781	12781:20088:54	Master Sergeant Biggins	10	20116	Highlander's Leather Girdle	0	1	-1		1	1600	0							2026-09-01 00:54:59
Darkmoon	Season 10 Wildcard	12781	12781:20088:54	Master Sergeant Biggins	11	20117	Highlander's Leather Girdle	0	1	-1		1	1200	0							2026-09-01 00:54:59
Darkmoon	Season 10 Wildcard	12781	12781:20088:54	Master Sergeant Biggins	12	20103	Highlander's Lizardhide Girdle	0	1	-1		1	5400	0							2026-09-01 00:54:59
Darkmoon	Season 10 Wildcard	12781	12781:20088:54	Master Sergeant Biggins	13	20104	Highlander's Lizardhide Girdle	0	1	-1		1	1600	0							2026-09-01 00:54:59
Darkmoon	Season 10 Wildcard	12781	12781:20088:54	Master Sergeant Biggins	14	20105	Highlander's Lizardhide Girdle	0	1	-1		1	1200	0							2026-09-01 00:54:59
Darkmoon	Season 10 Wildcard	12781	12781:20088:54	Master Sergeant Biggins	15	20118	Highlander's Mail Girdle	0	1	-1		1	5400	0							2026-09-01 00:54:59
Darkmoon	Season 10 Wildcard	12781	12781:20088:54	Master Sergeant Biggins	16	20119	Highlander's Mail Girdle	0	1	-1		1	1600	0							2026-09-01 00:54:59
Darkmoon	Season 10 Wildcard	12781	12781:20088:54	Master Sergeant Biggins	17	20120	Highlander's Mail Girdle	0	1	-1		1	1200	0							2026-09-01 00:54:59
Darkmoon	Season 10 Wildcard	12781	12781:20088:54	Master Sergeant Biggins	18	20126	Highlander's Mail Girdle	0	1	-1		1	1200	0							2026-09-01 00:54:59
Darkmoon	Season 10 Wildcard	12781	12781:20088:54	Master Sergeant Biggins	19	20090	Highlander's Padded Girdle	0	1	-1		1	1200	0							2026-09-01 00:54:59
Darkmoon	Season 10 Wildcard	12781	12781:20088:54	Master Sergeant Biggins	20	20124	Highlander's Plate Girdle	0	1	-1		1	5400	0							2026-09-01 00:54:59
Darkmoon	Season 10 Wildcard	12781	12781:20088:54	Master Sergeant Biggins	21	20125	Highlander's Plate Girdle	0	1	-1		1	1600	0							2026-09-01 00:54:59
Darkmoon	Season 10 Wildcard	12781	12781:20088:54	Master Sergeant Biggins	22	20091	Highlander's Chain Greaves	0	1	-1		1	5400	0							2026-09-01 00:54:59
Darkmoon	Season 10 Wildcard	12781	12781:20088:54	Master Sergeant Biggins	23	20092	Highlander's Chain Greaves	0	1	-1		1	1600	0							2026-09-01 00:54:59
Darkmoon	Season 10 Wildcard	12781	12781:20088:54	Master Sergeant Biggins	24	20094	Highlander's Cloth Boots	0	1	-1		1	5400	0							2026-09-01 00:54:59
Darkmoon	Season 10 Wildcard	12781	12781:20088:54	Master Sergeant Biggins	25	20095	Highlander's Cloth Boots	0	1	-1		1	1600	0							2026-09-01 00:54:59
Darkmoon	Season 10 Wildcard	12781	12781:20088:54	Master Sergeant Biggins	26	20096	Highlander's Cloth Boots	0	1	-1		1	1200	0							2026-09-01 00:54:59
Darkmoon	Season 10 Wildcard	12781	12781:20088:54	Master Sergeant Biggins	27	20109	Highlander's Lamellar Greaves	0	1	-1		1	5400	0							2026-09-01 00:54:59
Darkmoon	Season 10 Wildcard	12781	12781:20088:54	Master Sergeant Biggins	28	20110	Highlander's Lamellar Greaves	0	1	-1		1	1600	0							2026-09-01 00:54:59
Darkmoon	Season 10 Wildcard	12781	12781:20088:54	Master Sergeant Biggins	29	20111	Highlander's Lamellar Greaves	0	1	-1		1	1200	0							2026-09-01 00:54:59
Darkmoon	Season 10 Wildcard	12781	12781:20088:54	Master Sergeant Biggins	30	20112	Highlander's Leather Boots	0	1	-1		1	5400	0							2026-09-01 00:54:59
Darkmoon	Season 10 Wildcard	12781	12781:20088:54	Master Sergeant Biggins	31	20113	Highlander's Leather Boots	0	1	-1		1	1600	0							2026-09-01 00:54:59
Darkmoon	Season 10 Wildcard	12781	12781:20088:54	Master Sergeant Biggins	32	20114	Highlander's Leather Boots	0	1	-1		1	1200	0							2026-09-01 00:54:59
Darkmoon	Season 10 Wildcard	12781	12781:20088:54	Master Sergeant Biggins	33	20100	Highlander's Lizardhide Boots	0	1	-1		1	5400	0							2026-09-01 00:54:59
Darkmoon	Season 10 Wildcard	12781	12781:20088:54	Master Sergeant Biggins	34	20101	Highlander's Lizardhide Boots	0	1	-1		1	1600	0							2026-09-01 00:54:59
Darkmoon	Season 10 Wildcard	12781	12781:20088:54	Master Sergeant Biggins	35	20102	Highlander's Lizardhide Boots	0	1	-1		1	1200	0							2026-09-01 00:54:59
Darkmoon	Season 10 Wildcard	12781	12781:20088:54	Master Sergeant Biggins	36	20121	Highlander's Mail Greaves	0	1	-1		1	5400	0							2026-09-01 00:54:59
Darkmoon	Season 10 Wildcard	12781	12781:20088:54	Master Sergeant Biggins	37	20122	Highlander's Mail Greaves	0	1	-1		1	1600	0							2026-09-01 00:54:59
Darkmoon	Season 10 Wildcard	12781	12781:20088:54	Master Sergeant Biggins	38	20123	Highlander's Mail Greaves	0	1	-1		1	1200	0							2026-09-01 00:54:59
Darkmoon	Season 10 Wildcard	12781	12781:20088:54	Master Sergeant Biggins	39	20129	Highlander's Mail Greaves	0	1	-1		1	1200	0							2026-09-01 00:54:59
Darkmoon	Season 10 Wildcard	12781	12781:20088:54	Master Sergeant Biggins	40	20093	Highlander's Padded Greaves	0	1	-1		1	1200	0							2026-09-01 00:54:59
Darkmoon	Season 10 Wildcard	12781	12781:20088:54	Master Sergeant Biggins	41	20127	Highlander's Plate Greaves	0	1	-1		1	5400	0							2026-09-01 00:54:59
Darkmoon	Season 10 Wildcard	12781	12781:20088:54	Master Sergeant Biggins	42	20128	Highlander's Plate Greaves	0	1	-1		1	1600	0							2026-09-01 00:54:59
Darkmoon	Season 10 Wildcard	12781	12781:20088:54	Master Sergeant Biggins	43	21117	Talisman of Arathor	0	1	-1		1	5400	0							2026-09-01 00:54:59
Darkmoon	Season 10 Wildcard	12781	12781:20088:54	Master Sergeant Biggins	44	21118	Talisman of Arathor	0	1	-1		1	1600	0							2026-09-01 00:54:59
Darkmoon	Season 10 Wildcard	12781	12781:20088:54	Master Sergeant Biggins	45	21119	Talisman of Arathor	0	1	-1		1	1200	0							2026-09-01 00:54:59
Darkmoon	Season 10 Wildcard	12781	12781:20088:54	Master Sergeant Biggins	46	20225	Highlander's Enriched Ration	2000	5	-1		0	0	0							2026-09-01 00:54:59
Darkmoon	Season 10 Wildcard	12781	12781:20088:54	Master Sergeant Biggins	47	20226	Highlander's Field Ration	1000	5	-1		0	0	0							2026-09-01 00:54:59
Darkmoon	Season 10 Wildcard	12781	12781:20088:54	Master Sergeant Biggins	48	20227	Highlander's Iron Ration	1500	5	-1		0	0	0							2026-09-01 00:54:59
Darkmoon	Season 10 Wildcard	12781	12781:20088:54	Master Sergeant Biggins	49	20237	Highlander's Mageweave Bandage	1500	5	-1		0	0	0							2026-09-01 00:54:59
Darkmoon	Season 10 Wildcard	12781	12781:20088:54	Master Sergeant Biggins	50	20243	Highlander's Runecloth Bandage	2000	5	-1		0	0	0							2026-09-01 00:54:59
Darkmoon	Season 10 Wildcard	12781	12781:20088:54	Master Sergeant Biggins	51	20244	Highlander's Silk Bandage	1000	5	-1		0	0	0							2026-09-01 00:54:59
Darkmoon	Season 10 Wildcard	12781	12781:20088:54	Master Sergeant Biggins	52	17349	Superior Healing Draught	1100	1	-1		1	1	0							2026-09-01 00:54:59
Darkmoon	Season 10 Wildcard	12781	12781:20088:54	Master Sergeant Biggins	53	17352	Superior Mana Draught	1100	1	-1		1	1	0							2026-09-01 00:54:59
Darkmoon	Season 10 Wildcard	12781	12781:20088:54	Master Sergeant Biggins	54	20132	Arathor Battle Tabard	0	1	-1	1	1	12000	0							2026-09-01 00:54:59
Darkmoon	Season 10 Wildcard	12781	12781:53870:34	Master Sergeant Biggins	1	53870	Stormpike Guard Commendation Badge	0	1	-1	1	1	2500	0							2026-09-01 00:55:02
Darkmoon	Season 10 Wildcard	12781	12781:53870:34	Master Sergeant Biggins	2	19094	Stormpike Cloth Girdle	0	1	-1		1	3000	0							2026-09-01 00:55:02
Darkmoon	Season 10 Wildcard	12781	12781:53870:34	Master Sergeant Biggins	3	19093	Stormpike Leather Girdle	0	1	-1		1	3000	0							2026-09-01 00:55:02
Darkmoon	Season 10 Wildcard	12781	12781:53870:34	Master Sergeant Biggins	4	19092	Stormpike Mail Girdle	0	1	-1		1	3000	0							2026-09-01 00:55:02
Darkmoon	Season 10 Wildcard	12781	12781:53870:34	Master Sergeant Biggins	5	19091	Stormpike Plate Girdle	0	1	-1		1	3000	0							2026-09-01 00:55:02
Darkmoon	Season 10 Wildcard	12781	12781:53870:34	Master Sergeant Biggins	6	19086	Stormpike Sage's Cloak	0	1	-1		1	1600	0							2026-09-01 00:55:02
Darkmoon	Season 10 Wildcard	12781	12781:53870:34	Master Sergeant Biggins	7	19084	Stormpike Soldier's Cloak	0	1	-1		1	1600	0							2026-09-01 00:55:02
Darkmoon	Season 10 Wildcard	12781	12781:53870:34	Master Sergeant Biggins	8	19098	Stormpike Sage's Pendant	0	1	-1		1	1600	0							2026-09-01 00:55:02
Darkmoon	Season 10 Wildcard	12781	12781:53870:34	Master Sergeant Biggins	9	19097	Stormpike Soldier's Pendant	0	1	-1		1	1600	0							2026-09-01 00:55:02
Darkmoon	Season 10 Wildcard	12781	12781:53870:34	Master Sergeant Biggins	10	19325	Don Julio's Band	0	1	-1		1	2400	0							2026-09-01 00:55:02
Darkmoon	Season 10 Wildcard	12781	12781:53870:34	Master Sergeant Biggins	11	21563	Don Rodrigo's Band	0	1	-1		1	2400	0							2026-09-01 00:55:02
Darkmoon	Season 10 Wildcard	12781	12781:53870:34	Master Sergeant Biggins	12	19102	Crackling Staff	0	1	-1		1	7200	0							2026-09-01 00:55:02
Darkmoon	Season 10 Wildcard	12781	12781:53870:34	Master Sergeant Biggins	13	19323	The Unstoppable Force	0	1	-1		1	7200	0							2026-09-01 00:55:02
Darkmoon	Season 10 Wildcard	12781	12781:53870:34	Master Sergeant Biggins	14	19100	Electrified Dagger	0	1	-1		1	3600	0							2026-09-01 00:55:02
Darkmoon	Season 10 Wildcard	12781	12781:53870:34	Master Sergeant Biggins	15	19104	Stormstrike Hammer	0	1	-1		1	3600	0							2026-09-01 00:55:02
Darkmoon	Season 10 Wildcard	12781	12781:53870:34	Master Sergeant Biggins	16	19324	The Lobotomizer	0	1	-1		1	3600	0							2026-09-01 00:55:02
Darkmoon	Season 10 Wildcard	12781	12781:53870:34	Master Sergeant Biggins	17	19321	The Immovable Object	0	1	-1		1	3600	0							2026-09-01 00:55:02
Darkmoon	Season 10 Wildcard	12781	12781:53870:34	Master Sergeant Biggins	18	19312	Lei of the Lifegiver	0	1	-1		1	3600	0							2026-09-01 00:55:02
Darkmoon	Season 10 Wildcard	12781	12781:53870:34	Master Sergeant Biggins	19	19315	Therazane's Touch	0	1	-1		1	3600	0							2026-09-01 00:55:02
Darkmoon	Season 10 Wildcard	12781	12781:53870:34	Master Sergeant Biggins	20	19308	Tome of Arcane Domination	0	1	-1		1	3600	0							2026-09-01 00:55:02
Darkmoon	Season 10 Wildcard	12781	12781:53870:34	Master Sergeant Biggins	21	19311	Tome of Fiery Arcana	0	1	-1		1	3600	0							2026-09-01 00:55:02
Darkmoon	Season 10 Wildcard	12781	12781:53870:34	Master Sergeant Biggins	22	19309	Tome of Shadow Force	0	1	-1		1	3600	0							2026-09-01 00:55:02
Darkmoon	Season 10 Wildcard	12781	12781:53870:34	Master Sergeant Biggins	23	19310	Tome of the Ice Lord	0	1	-1		1	3600	0							2026-09-01 00:55:02
Darkmoon	Season 10 Wildcard	12781	12781:53870:34	Master Sergeant Biggins	24	19307	Alterac Heavy Runecloth Bandage	8000	20	-1		0	0	0							2026-09-01 00:55:02
Darkmoon	Season 10 Wildcard	12781	12781:53870:34	Master Sergeant Biggins	25	212374	Bottled Alterac Spring Water	5000	5	-1		0	0	0							2026-09-01 00:55:02
Darkmoon	Season 10 Wildcard	12781	12781:53870:34	Master Sergeant Biggins	26	17348	Major Healing Draught	1500	1	-1		1	8	0							2026-09-01 00:55:02
Darkmoon	Season 10 Wildcard	12781	12781:53870:34	Master Sergeant Biggins	27	17351	Major Mana Draught	1500	1	-1		1	8	0							2026-09-01 00:55:02
Darkmoon	Season 10 Wildcard	12781	12781:53870:34	Master Sergeant Biggins	28	19030	Stormpike Battle Charger	0	1	-1	1	1	50000	0							2026-09-01 00:55:02
Darkmoon	Season 10 Wildcard	12781	12781:53870:34	Master Sergeant Biggins	29	19045	Stormpike Battle Standard	0	1	-1	1	1	15000	0							2026-09-01 00:55:02
Darkmoon	Season 10 Wildcard	12781	12781:53870:34	Master Sergeant Biggins	30	17349	Superior Healing Draught	1100	1	-1		1	1	0							2026-09-01 00:55:02
Darkmoon	Season 10 Wildcard	12781	12781:53870:34	Master Sergeant Biggins	31	17352	Superior Mana Draught	1100	1	-1		1	1	0							2026-09-01 00:55:02
Darkmoon	Season 10 Wildcard	12781	12781:53870:34	Master Sergeant Biggins	32	19320	Gnoll Skin Bandolier	0	1	-1	1	1	1600	0							2026-09-01 00:55:02
Darkmoon	Season 10 Wildcard	12781	12781:53870:34	Master Sergeant Biggins	33	19319	Harpy Hide Quiver	0	1	-1	1	1	1600	0							2026-09-01 00:55:02
Darkmoon	Season 10 Wildcard	12781	12781:53870:34	Master Sergeant Biggins	34	19032	Stormpike Battle Tabard	0	1	-1	1	1	15000	0							2026-09-01 00:55:02
Darkmoon	Season 10 Wildcard	12783	12783:29465:5	Lieutenant Karter	1	29465	Black Battlestrider	0	1	-1	1	1	30000	0							2026-09-01 00:54:44
Darkmoon	Season 10 Wildcard	12783	12783:29465:5	Lieutenant Karter	2	29467	Black War Ram	0	1	-1	1	1	30000	0							2026-09-01 00:54:44
Darkmoon	Season 10 Wildcard	12783	12783:29465:5	Lieutenant Karter	3	29468	Black War Steed Bridle	0	1	-1	1	1	30000	0							2026-09-01 00:54:44
Darkmoon	Season 10 Wildcard	12783	12783:29465:5	Lieutenant Karter	4	29471	Reins of the Black War Tiger	0	1	-1	1	1	30000	0							2026-09-01 00:54:44
Darkmoon	Season 10 Wildcard	12783	12783:29465:5	Lieutenant Karter	5	35906	Reins of the Black War Elekk	0	1	-1	1	1	30000	0							2026-09-01 00:54:44
Darkmoon	Season 10 Wildcard	12785	12785:18448:31	Sergeant Major Clate	1	18448	Sergeant Major's Chain Armguards	0	1	-1		1	3000	0							2026-09-01 00:55:36
Darkmoon	Season 10 Wildcard	12785	12785:18448:31	Sergeant Major Clate	2	18449	Sergeant Major's Chain Armguards	0	1	-1		1	1000	0							2026-09-01 00:55:36
Darkmoon	Season 10 Wildcard	12785	12785:18448:31	Sergeant Major Clate	3	18454	Sergeant Major's Dragonhide Armsplints	0	1	-1		1	3000	0							2026-09-01 00:55:36
Darkmoon	Season 10 Wildcard	12785	12785:18448:31	Sergeant Major Clate	4	18455	Sergeant Major's Dragonhide Armsplints	0	1	-1		1	1000	0							2026-09-01 00:55:36
Darkmoon	Season 10 Wildcard	12785	12785:18448:31	Sergeant Major Clate	5	18452	Sergeant Major's Leather Armsplints	0	1	-1		1	3000	0							2026-09-01 00:55:36
Darkmoon	Season 10 Wildcard	12785	12785:18448:31	Sergeant Major Clate	6	18453	Sergeant Major's Leather Armsplints	0	1	-1		1	1000	0							2026-09-01 00:55:36
Darkmoon	Season 10 Wildcard	12785	12785:18448:31	Sergeant Major Clate	7	18445	Sergeant Major's Plate Wristguards	0	1	-1		1	3000	0							2026-09-01 00:55:36
Darkmoon	Season 10 Wildcard	12785	12785:18448:31	Sergeant Major Clate	8	18447	Sergeant Major's Plate Wristguards	0	1	-1		1	1000	0							2026-09-01 00:55:36
Darkmoon	Season 10 Wildcard	12785	12785:18448:31	Sergeant Major Clate	9	18456	Sergeant Major's Silk Cuffs	0	1	-1		1	3000	0							2026-09-01 00:55:36
Darkmoon	Season 10 Wildcard	12785	12785:18448:31	Sergeant Major Clate	10	18457	Sergeant Major's Silk Cuffs	0	1	-1		1	1000	0							2026-09-01 00:55:36
Darkmoon	Season 10 Wildcard	12785	12785:18448:31	Sergeant Major Clate	11	16342	Sergeant's Cape	0	1	-1		1	3000	0							2026-09-01 00:55:36
Darkmoon	Season 10 Wildcard	12785	12785:18448:31	Sergeant Major Clate	12	18440	Sergeant's Cape	0	1	-1		1	500	0							2026-09-01 00:55:36
Darkmoon	Season 10 Wildcard	12785	12785:18448:31	Sergeant Major Clate	13	18441	Sergeant's Cape	0	1	-1		1	1000	0							2026-09-01 00:55:36
Darkmoon	Season 10 Wildcard	12785	12785:18448:31	Sergeant Major Clate	14	18442	Master Sergeant's Insignia	0	1	-1		1	500	0							2026-09-01 00:55:36
Darkmoon	Season 10 Wildcard	12785	12785:18448:31	Sergeant Major Clate	15	18443	Master Sergeant's Insignia	0	1	-1		1	3000	0							2026-09-01 00:55:36
Darkmoon	Season 10 Wildcard	12785	12785:18448:31	Sergeant Major Clate	16	18444	Master Sergeant's Insignia	0	1	-1		1	1000	0							2026-09-01 00:55:36
Darkmoon	Season 10 Wildcard	12785	12785:18448:31	Sergeant Major Clate	17	18863	Insignia of the Alliance	5000	1	-1	1	0	0	0							2026-09-01 00:55:36
Darkmoon	Season 10 Wildcard	12785	12785:18448:31	Sergeant Major Clate	18	18864	Insignia of the Alliance	200000	1	-1		0	0	0							2026-09-01 00:55:36
Darkmoon	Season 10 Wildcard	12785	12785:18448:31	Sergeant Major Clate	19	18606	Alliance Battle Standard	0	1	-1	1	1	15300	0							2026-09-01 00:55:36
Darkmoon	Season 10 Wildcard	12785	12785:18448:31	Sergeant Major Clate	20	1235070	Bloody Mark of War	0	1	-1	1	1	1000	0							2026-09-01 00:55:36
Darkmoon	Season 10 Wildcard	12785	12785:18448:31	Sergeant Major Clate	21	18839	Combat Healing Potion	1100	1	-1		1	1	0							2026-09-01 00:55:36
Darkmoon	Season 10 Wildcard	12785	12785:18448:31	Sergeant Major Clate	22	18841	Combat Mana Potion	1100	1	-1		1	1	0							2026-09-01 00:55:36
Darkmoon	Season 10 Wildcard	12785	12785:18448:31	Sergeant Major Clate	23	45706	Commendation of Bravery	0	1	-1	1	1	0	100							2026-09-01 00:55:36
Darkmoon	Season 10 Wildcard	12785	12785:18448:31	Sergeant Major Clate	24	449571	Lesser Inscription of the Battle Mage	0	1	-1		1	20000	0							2026-09-01 00:55:36
Darkmoon	Season 10 Wildcard	12785	12785:18448:31	Sergeant Major Clate	25	449570	Lesser Inscription of the Gladiator	0	1	-1		1	20000	0							2026-09-01 00:55:36
Darkmoon	Season 10 Wildcard	12785	12785:18448:31	Sergeant Major Clate	26	18675	Military Ranks of the Horde & Alliance	100	1	-1	1	0	0	0							2026-09-01 00:55:36
Darkmoon	Season 10 Wildcard	12785	12785:18448:31	Sergeant Major Clate	27	32455	Star's Lament	6000	5	-1		0	0	0							2026-09-01 00:55:36
Darkmoon	Season 10 Wildcard	12785	12785:18448:31	Sergeant Major Clate	28	106954	Tome of Specialization II	0	1	-1	1	1	68200	0							2026-09-01 00:55:36
Darkmoon	Season 10 Wildcard	12785	12785:18448:31	Sergeant Major Clate	29	97730	Worldforged Key Fragment	0	1	-1	1	1	10000	0							2026-09-01 00:55:36
Darkmoon	Season 10 Wildcard	12785	12785:18448:31	Sergeant Major Clate	30	15198	Knight's Colors	0	1	-1	1	1	20000	0							2026-09-01 00:55:36
Darkmoon	Season 10 Wildcard	12785	12785:18448:31	Sergeant Major Clate	31	15196	Private's Tabard	0	1	-1	1	1	15000	0							2026-09-01 00:55:36
Darkmoon	Season 10 Wildcard	12785	12785:20088:79	Sergeant Major Clate	1	20088	Highlander's Chain Girdle	0	1	-1		1	5400	0							2026-09-01 00:55:41
Darkmoon	Season 10 Wildcard	12785	12785:20088:79	Sergeant Major Clate	2	20089	Highlander's Chain Girdle	0	1	-1		1	1600	0							2026-09-01 00:55:41
Darkmoon	Season 10 Wildcard	12785	12785:20088:79	Sergeant Major Clate	3	20097	Highlander's Cloth Girdle	0	1	-1		1	5400	0							2026-09-01 00:55:41
Darkmoon	Season 10 Wildcard	12785	12785:20088:79	Sergeant Major Clate	4	20098	Highlander's Cloth Girdle	0	1	-1		1	1600	0							2026-09-01 00:55:41
Darkmoon	Season 10 Wildcard	12785	12785:20088:79	Sergeant Major Clate	5	20099	Highlander's Cloth Girdle	0	1	-1		1	1200	0							2026-09-01 00:55:41
Darkmoon	Season 10 Wildcard	12785	12785:20088:79	Sergeant Major Clate	6	20106	Highlander's Lamellar Girdle	0	1	-1		1	5400	0							2026-09-01 00:55:41
Darkmoon	Season 10 Wildcard	12785	12785:20088:79	Sergeant Major Clate	7	20107	Highlander's Lamellar Girdle	0	1	-1		1	1600	0							2026-09-01 00:55:41
Darkmoon	Season 10 Wildcard	12785	12785:20088:79	Sergeant Major Clate	8	20108	Highlander's Lamellar Girdle	0	1	-1		1	1200	0							2026-09-01 00:55:41
Darkmoon	Season 10 Wildcard	12785	12785:20088:79	Sergeant Major Clate	9	20115	Highlander's Leather Girdle	0	1	-1		1	5400	0							2026-09-01 00:55:41
Darkmoon	Season 10 Wildcard	12785	12785:20088:79	Sergeant Major Clate	10	20116	Highlander's Leather Girdle	0	1	-1		1	1600	0							2026-09-01 00:55:41
Darkmoon	Season 10 Wildcard	12785	12785:20088:79	Sergeant Major Clate	11	20117	Highlander's Leather Girdle	0	1	-1		1	1200	0							2026-09-01 00:55:41
Darkmoon	Season 10 Wildcard	12785	12785:20088:79	Sergeant Major Clate	12	20103	Highlander's Lizardhide Girdle	0	1	-1		1	5400	0							2026-09-01 00:55:41
Darkmoon	Season 10 Wildcard	12785	12785:20088:79	Sergeant Major Clate	13	20104	Highlander's Lizardhide Girdle	0	1	-1		1	1600	0							2026-09-01 00:55:41
Darkmoon	Season 10 Wildcard	12785	12785:20088:79	Sergeant Major Clate	14	20105	Highlander's Lizardhide Girdle	0	1	-1		1	1200	0							2026-09-01 00:55:41
Darkmoon	Season 10 Wildcard	12785	12785:20088:79	Sergeant Major Clate	15	20118	Highlander's Mail Girdle	0	1	-1		1	5400	0							2026-09-01 00:55:41
Darkmoon	Season 10 Wildcard	12785	12785:20088:79	Sergeant Major Clate	16	20119	Highlander's Mail Girdle	0	1	-1		1	1600	0							2026-09-01 00:55:41
Darkmoon	Season 10 Wildcard	12785	12785:20088:79	Sergeant Major Clate	17	20120	Highlander's Mail Girdle	0	1	-1		1	1200	0							2026-09-01 00:55:41
Darkmoon	Season 10 Wildcard	12785	12785:20088:79	Sergeant Major Clate	18	20126	Highlander's Mail Girdle	0	1	-1		1	1200	0							2026-09-01 00:55:41
Darkmoon	Season 10 Wildcard	12785	12785:20088:79	Sergeant Major Clate	19	20090	Highlander's Padded Girdle	0	1	-1		1	1200	0							2026-09-01 00:55:41
Darkmoon	Season 10 Wildcard	12785	12785:20088:79	Sergeant Major Clate	20	20124	Highlander's Plate Girdle	0	1	-1		1	5400	0							2026-09-01 00:55:41
Darkmoon	Season 10 Wildcard	12785	12785:20088:79	Sergeant Major Clate	21	20125	Highlander's Plate Girdle	0	1	-1		1	1600	0							2026-09-01 00:55:41
Darkmoon	Season 10 Wildcard	12785	12785:20088:79	Sergeant Major Clate	22	20091	Highlander's Chain Greaves	0	1	-1		1	5400	0							2026-09-01 00:55:41
Darkmoon	Season 10 Wildcard	12785	12785:20088:79	Sergeant Major Clate	23	20092	Highlander's Chain Greaves	0	1	-1		1	1600	0							2026-09-01 00:55:41
Darkmoon	Season 10 Wildcard	12785	12785:20088:79	Sergeant Major Clate	24	20094	Highlander's Cloth Boots	0	1	-1		1	5400	0							2026-09-01 00:55:41
Darkmoon	Season 10 Wildcard	12785	12785:20088:79	Sergeant Major Clate	25	20095	Highlander's Cloth Boots	0	1	-1		1	1600	0							2026-09-01 00:55:41
Darkmoon	Season 10 Wildcard	12785	12785:20088:79	Sergeant Major Clate	26	20096	Highlander's Cloth Boots	0	1	-1		1	1200	0							2026-09-01 00:55:41
Darkmoon	Season 10 Wildcard	12785	12785:20088:79	Sergeant Major Clate	27	20109	Highlander's Lamellar Greaves	0	1	-1		1	5400	0							2026-09-01 00:55:41
Darkmoon	Season 10 Wildcard	12785	12785:20088:79	Sergeant Major Clate	28	20110	Highlander's Lamellar Greaves	0	1	-1		1	1600	0							2026-09-01 00:55:41
Darkmoon	Season 10 Wildcard	12785	12785:20088:79	Sergeant Major Clate	29	20111	Highlander's Lamellar Greaves	0	1	-1		1	1200	0							2026-09-01 00:55:41
Darkmoon	Season 10 Wildcard	12785	12785:20088:79	Sergeant Major Clate	30	20112	Highlander's Leather Boots	0	1	-1		1	5400	0							2026-09-01 00:55:41
Darkmoon	Season 10 Wildcard	12785	12785:20088:79	Sergeant Major Clate	31	20113	Highlander's Leather Boots	0	1	-1		1	1600	0							2026-09-01 00:55:41
Darkmoon	Season 10 Wildcard	12785	12785:20088:79	Sergeant Major Clate	32	20114	Highlander's Leather Boots	0	1	-1		1	1200	0							2026-09-01 00:55:41
Darkmoon	Season 10 Wildcard	12785	12785:20088:79	Sergeant Major Clate	33	20100	Highlander's Lizardhide Boots	0	1	-1		1	5400	0							2026-09-01 00:55:41
Darkmoon	Season 10 Wildcard	12785	12785:20088:79	Sergeant Major Clate	34	20101	Highlander's Lizardhide Boots	0	1	-1		1	1600	0							2026-09-01 00:55:41
Darkmoon	Season 10 Wildcard	12785	12785:20088:79	Sergeant Major Clate	35	20102	Highlander's Lizardhide Boots	0	1	-1		1	1200	0							2026-09-01 00:55:41
Darkmoon	Season 10 Wildcard	12785	12785:20088:79	Sergeant Major Clate	36	20121	Highlander's Mail Greaves	0	1	-1		1	5400	0							2026-09-01 00:55:41
Darkmoon	Season 10 Wildcard	12785	12785:20088:79	Sergeant Major Clate	37	20122	Highlander's Mail Greaves	0	1	-1		1	1600	0							2026-09-01 00:55:41
Darkmoon	Season 10 Wildcard	12785	12785:20088:79	Sergeant Major Clate	38	20123	Highlander's Mail Greaves	0	1	-1		1	1200	0							2026-09-01 00:55:41
Darkmoon	Season 10 Wildcard	12785	12785:20088:79	Sergeant Major Clate	39	20129	Highlander's Mail Greaves	0	1	-1		1	1200	0							2026-09-01 00:55:41
Darkmoon	Season 10 Wildcard	12785	12785:20088:79	Sergeant Major Clate	40	20093	Highlander's Padded Greaves	0	1	-1		1	1200	0							2026-09-01 00:55:41
Darkmoon	Season 10 Wildcard	12785	12785:20088:79	Sergeant Major Clate	41	20127	Highlander's Plate Greaves	0	1	-1		1	5400	0							2026-09-01 00:55:41
Darkmoon	Season 10 Wildcard	12785	12785:20088:79	Sergeant Major Clate	42	20128	Highlander's Plate Greaves	0	1	-1		1	1600	0							2026-09-01 00:55:41
Darkmoon	Season 10 Wildcard	12785	12785:20088:79	Sergeant Major Clate	43	20073	Cloak of the Honor Guard	0	1	-1		1	49600	0							2026-09-01 00:55:41
Darkmoon	Season 10 Wildcard	12785	12785:20088:79	Sergeant Major Clate	44	20071	Talisman of Arathor	0	1	-1		1	18000	0							2026-09-01 00:55:41
Darkmoon	Season 10 Wildcard	12785	12785:20088:79	Sergeant Major Clate	45	21117	Talisman of Arathor	0	1	-1		1	5400	0							2026-09-01 00:55:41
Darkmoon	Season 10 Wildcard	12785	12785:20088:79	Sergeant Major Clate	46	21118	Talisman of Arathor	0	1	-1		1	1600	0							2026-09-01 00:55:41
Darkmoon	Season 10 Wildcard	12785	12785:20088:79	Sergeant Major Clate	47	21119	Talisman of Arathor	0	1	-1		1	1200	0							2026-09-01 00:55:41
Darkmoon	Season 10 Wildcard	12785	12785:20088:79	Sergeant Major Clate	48	20220	Ironbark Staff	0	1	-1		1	68200	0							2026-09-01 00:55:41
Darkmoon	Season 10 Wildcard	12785	12785:20088:79	Sergeant Major Clate	49	20214	Mindfang	0	1	-1		1	68200	0							2026-09-01 00:55:41
Darkmoon	Season 10 Wildcard	12785	12785:20088:79	Sergeant Major Clate	50	20225	Highlander's Enriched Ration	2000	5	-1		0	0	0							2026-09-01 00:55:41
Darkmoon	Season 10 Wildcard	12785	12785:20088:79	Sergeant Major Clate	51	20226	Highlander's Field Ration	1000	5	-1		0	0	0							2026-09-01 00:55:41
Darkmoon	Season 10 Wildcard	12785	12785:20088:79	Sergeant Major Clate	52	20227	Highlander's Iron Ration	1500	5	-1		0	0	0							2026-09-01 00:55:41
Darkmoon	Season 10 Wildcard	12785	12785:20088:79	Sergeant Major Clate	53	20237	Highlander's Mageweave Bandage	1500	5	-1		0	0	0							2026-09-01 00:55:41
Darkmoon	Season 10 Wildcard	12785	12785:20088:79	Sergeant Major Clate	54	20243	Highlander's Runecloth Bandage	2000	5	-1		0	0	0							2026-09-01 00:55:41
Darkmoon	Season 10 Wildcard	12785	12785:20088:79	Sergeant Major Clate	55	20244	Highlander's Silk Bandage	1000	5	-1		0	0	0							2026-09-01 00:55:41
Darkmoon	Season 10 Wildcard	12785	12785:20088:79	Sergeant Major Clate	56	17349	Superior Healing Draught	1100	1	-1		1	1	0							2026-09-01 00:55:41
Darkmoon	Season 10 Wildcard	12785	12785:20088:79	Sergeant Major Clate	57	17352	Superior Mana Draught	1100	1	-1		1	1	0							2026-09-01 00:55:41
Darkmoon	Season 10 Wildcard	12785	12785:20088:79	Sergeant Major Clate	58	20132	Arathor Battle Tabard	0	1	-1	1	1	12000	0							2026-09-01 00:55:41
Darkmoon	Season 10 Wildcard	12785	12785:20088:79	Sergeant Major Clate	59	20061	Highlander's Epaulets	0	1	-1		1	68200	0							2026-09-01 00:55:41
Darkmoon	Season 10 Wildcard	12785	12785:20088:79	Sergeant Major Clate	60	20047	Highlander's Cloth Girdle	0	1	-1		1	3000	0							2026-09-01 00:55:41
Darkmoon	Season 10 Wildcard	12785	12785:20088:79	Sergeant Major Clate	61	20054	Highlander's Cloth Boots	0	1	-1		1	3000	0							2026-09-01 00:55:41
Darkmoon	Season 10 Wildcard	12785	12785:20088:79	Sergeant Major Clate	62	20059	Highlander's Leather Shoulders	0	1	-1		1	68200	0							2026-09-01 00:55:41
Darkmoon	Season 10 Wildcard	12785	12785:20088:79	Sergeant Major Clate	63	20045	Highlander's Leather Girdle	0	1	-1		1	3000	0							2026-09-01 00:55:41
Darkmoon	Season 10 Wildcard	12785	12785:20088:79	Sergeant Major Clate	64	20052	Highlander's Leather Boots	0	1	-1		1	3000	0							2026-09-01 00:55:41
Darkmoon	Season 10 Wildcard	12785	12785:20088:79	Sergeant Major Clate	65	20060	Highlander's Lizardhide Shoulders	0	1	-1		1	68200	0							2026-09-01 00:55:41
Darkmoon	Season 10 Wildcard	12785	12785:20088:79	Sergeant Major Clate	66	20046	Highlander's Lizardhide Girdle	0	1	-1		1	3000	0							2026-09-01 00:55:41
Darkmoon	Season 10 Wildcard	12785	12785:20088:79	Sergeant Major Clate	67	20053	Highlander's Lizardhide Boots	0	1	-1		1	3000	0							2026-09-01 00:55:41
Darkmoon	Season 10 Wildcard	12785	12785:20088:79	Sergeant Major Clate	68	20055	Highlander's Chain Pauldrons	0	1	-1		1	68200	0							2026-09-01 00:55:41
Darkmoon	Season 10 Wildcard	12785	12785:20088:79	Sergeant Major Clate	69	20043	Highlander's Chain Girdle	0	1	-1		1	3000	0							2026-09-01 00:55:41
Darkmoon	Season 10 Wildcard	12785	12785:20088:79	Sergeant Major Clate	70	20050	Highlander's Chain Greaves	0	1	-1		1	3000	0							2026-09-01 00:55:41
Darkmoon	Season 10 Wildcard	12785	12785:20088:79	Sergeant Major Clate	71	20056	Highlander's Mail Pauldrons	0	1	-1		1	68200	0							2026-09-01 00:55:41
Darkmoon	Season 10 Wildcard	12785	12785:20088:79	Sergeant Major Clate	72	20044	Highlander's Mail Girdle	0	1	-1		1	3000	0							2026-09-01 00:55:41
Darkmoon	Season 10 Wildcard	12785	12785:20088:79	Sergeant Major Clate	73	20051	Highlander's Mail Greaves	0	1	-1		1	3000	0							2026-09-01 00:55:41
Darkmoon	Season 10 Wildcard	12785	12785:20088:79	Sergeant Major Clate	74	20057	Highlander's Plate Spaulders	0	1	-1		1	68200	0							2026-09-01 00:55:41
Darkmoon	Season 10 Wildcard	12785	12785:20088:79	Sergeant Major Clate	75	20041	Highlander's Plate Girdle	0	1	-1		1	3000	0							2026-09-01 00:55:41
Darkmoon	Season 10 Wildcard	12785	12785:20088:79	Sergeant Major Clate	76	20048	Highlander's Plate Greaves	0	1	-1		1	3000	0							2026-09-01 00:55:41
Darkmoon	Season 10 Wildcard	12785	12785:20088:79	Sergeant Major Clate	77	20058	Highlander's Lamellar Spaulders	0	1	-1		1	68200	0							2026-09-01 00:55:41
Darkmoon	Season 10 Wildcard	12785	12785:20088:79	Sergeant Major Clate	78	20042	Highlander's Lamellar Girdle	0	1	-1		1	3000	0							2026-09-01 00:55:41
Darkmoon	Season 10 Wildcard	12785	12785:20088:79	Sergeant Major Clate	79	20049	Highlander's Lamellar Greaves	0	1	-1		1	3000	0							2026-09-01 00:55:41
Darkmoon	Season 10 Wildcard	12785	12785:22748:68	Sergeant Major Clate	1	22748	Sentinel's Chain Leggings	0	1	-1		1	68200	0							2026-09-01 00:55:39
Darkmoon	Season 10 Wildcard	12785	12785:22748:68	Sergeant Major Clate	2	22753	Sentinel's Lamellar Legguards	0	1	-1		1	68200	0							2026-09-01 00:55:39
Darkmoon	Season 10 Wildcard	12785	12785:22748:68	Sergeant Major Clate	3	22749	Sentinel's Leather Pants	0	1	-1		1	68200	0							2026-09-01 00:55:39
Darkmoon	Season 10 Wildcard	12785	12785:22748:68	Sergeant Major Clate	4	22750	Sentinel's Lizardhide Pants	0	1	-1		1	68200	0							2026-09-01 00:55:39
Darkmoon	Season 10 Wildcard	12785	12785:22748:68	Sergeant Major Clate	5	30497	Sentinel's Mail Leggings	0	1	-1		1	68200	0							2026-09-01 00:55:39
Darkmoon	Season 10 Wildcard	12785	12785:22748:68	Sergeant Major Clate	6	22672	Sentinel's Plate Legguards	0	1	-1		1	68200	0							2026-09-01 00:55:39
Darkmoon	Season 10 Wildcard	12785	12785:22748:68	Sergeant Major Clate	7	22752	Sentinel's Silk Leggings	0	1	-1		1	68200	0							2026-09-01 00:55:39
Darkmoon	Season 10 Wildcard	12785	12785:22748:68	Sergeant Major Clate	8	212351	Berserker Bracers	0	1	-1		1	49600	0							2026-09-01 00:55:39
Darkmoon	Season 10 Wildcard	12785	12785:22748:68	Sergeant Major Clate	9	212354	Dryad's Wrist Bindings	0	1	-1		1	49600	0							2026-09-01 00:55:39
Darkmoon	Season 10 Wildcard	12785	12785:22748:68	Sergeant Major Clate	10	212357	Forest Stalker's Bracers	0	1	-1		1	49600	0							2026-09-01 00:55:39
Darkmoon	Season 10 Wildcard	12785	12785:22748:68	Sergeant Major Clate	11	212360	Windtalker's Wristguards	0	1	-1		1	49600	0							2026-09-01 00:55:39
Darkmoon	Season 10 Wildcard	12785	12785:22748:68	Sergeant Major Clate	12	19530	Caretaker's Cape	0	1	-1		1	5400	0							2026-09-01 00:55:39
Darkmoon	Season 10 Wildcard	12785	12785:22748:68	Sergeant Major Clate	13	19531	Caretaker's Cape	0	1	-1		1	1800	0							2026-09-01 00:55:39
Darkmoon	Season 10 Wildcard	12785	12785:22748:68	Sergeant Major Clate	14	19532	Caretaker's Cape	0	1	-1		1	1600	0							2026-09-01 00:55:39
Darkmoon	Season 10 Wildcard	12785	12785:22748:68	Sergeant Major Clate	15	19533	Caretaker's Cape	0	1	-1		1	1200	0							2026-09-01 00:55:39
Darkmoon	Season 10 Wildcard	12785	12785:22748:68	Sergeant Major Clate	16	20428	Caretaker's Cape	0	1	-1	1	1	750	0							2026-09-01 00:55:39
Darkmoon	Season 10 Wildcard	12785	12785:22748:68	Sergeant Major Clate	17	19538	Sentinel's Medallion	0	1	-1		1	5400	0							2026-09-01 00:55:39
Darkmoon	Season 10 Wildcard	12785	12785:22748:68	Sergeant Major Clate	18	19539	Sentinel's Medallion	0	1	-1		1	1800	0							2026-09-01 00:55:39
Darkmoon	Season 10 Wildcard	12785	12785:22748:68	Sergeant Major Clate	19	19540	Sentinel's Medallion	0	1	-1		1	1600	0							2026-09-01 00:55:39
Darkmoon	Season 10 Wildcard	12785	12785:22748:68	Sergeant Major Clate	20	19541	Sentinel's Medallion	0	1	-1		1	1200	0							2026-09-01 00:55:39
Darkmoon	Season 10 Wildcard	12785	12785:22748:68	Sergeant Major Clate	21	20444	Sentinel's Medallion	0	1	-1	1	1	750	0							2026-09-01 00:55:39
Darkmoon	Season 10 Wildcard	12785	12785:22748:68	Sergeant Major Clate	22	19522	Lorekeeper's Ring	0	1	-1		1	5400	0							2026-09-01 00:55:39
Darkmoon	Season 10 Wildcard	12785	12785:22748:68	Sergeant Major Clate	23	19523	Lorekeeper's Ring	0	1	-1		1	1800	0							2026-09-01 00:55:39
Darkmoon	Season 10 Wildcard	12785	12785:22748:68	Sergeant Major Clate	24	19524	Lorekeeper's Ring	0	1	-1		1	1600	0							2026-09-01 00:55:39
Darkmoon	Season 10 Wildcard	12785	12785:22748:68	Sergeant Major Clate	25	19525	Lorekeeper's Ring	0	1	-1		1	1200	0							2026-09-01 00:55:39
Darkmoon	Season 10 Wildcard	12785	12785:22748:68	Sergeant Major Clate	26	20431	Lorekeeper's Ring	0	1	-1	1	1	750	0							2026-09-01 00:55:39
Darkmoon	Season 10 Wildcard	12785	12785:22748:68	Sergeant Major Clate	27	19514	Protector's Band	0	1	-1		1	5400	0							2026-09-01 00:55:39
Darkmoon	Season 10 Wildcard	12785	12785:22748:68	Sergeant Major Clate	28	19515	Protector's Band	0	1	-1		1	1600	0							2026-09-01 00:55:39
Darkmoon	Season 10 Wildcard	12785	12785:22748:68	Sergeant Major Clate	29	19516	Protector's Band	0	1	-1		1	1800	0							2026-09-01 00:55:39
Darkmoon	Season 10 Wildcard	12785	12785:22748:68	Sergeant Major Clate	30	19517	Protector's Band	0	1	-1		1	1200	0							2026-09-01 00:55:39
Darkmoon	Season 10 Wildcard	12785	12785:22748:68	Sergeant Major Clate	31	20439	Protector's Band	0	1	-1	1	1	750	0							2026-09-01 00:55:39
Darkmoon	Season 10 Wildcard	12785	12785:22748:68	Sergeant Major Clate	32	212345	Rune of Duty	0	1	-1	1	1	750	0							2026-09-01 00:55:39
Darkmoon	Season 10 Wildcard	12785	12785:22748:68	Sergeant Major Clate	33	212346	Rune of Duty	0	1	-1		1	1600	0							2026-09-01 00:55:39
Darkmoon	Season 10 Wildcard	12785	12785:22748:68	Sergeant Major Clate	34	212347	Rune of Perfection	0	1	-1	1	1	750	0							2026-09-01 00:55:39
Darkmoon	Season 10 Wildcard	12785	12785:22748:68	Sergeant Major Clate	35	212348	Rune of Perfection	0	1	-1		1	1600	0							2026-09-01 00:55:39
Darkmoon	Season 10 Wildcard	12785	12785:22748:68	Sergeant Major Clate	36	215661	Rune of Perfection	0	1	-1		1	6000	0							2026-09-01 00:55:39
Darkmoon	Season 10 Wildcard	12785	12785:22748:68	Sergeant Major Clate	37	19570	Lorekeeper's Staff	0	1	-1		1	15000	0							2026-09-01 00:55:39
Darkmoon	Season 10 Wildcard	12785	12785:22748:68	Sergeant Major Clate	38	19571	Lorekeeper's Staff	0	1	-1		1	5400	0							2026-09-01 00:55:39
Darkmoon	Season 10 Wildcard	12785	12785:22748:68	Sergeant Major Clate	39	19572	Lorekeeper's Staff	0	1	-1		1	4800	0							2026-09-01 00:55:39
Darkmoon	Season 10 Wildcard	12785	12785:22748:68	Sergeant Major Clate	40	19573	Lorekeeper's Staff	0	1	-1		1	3600	0							2026-09-01 00:55:39
Darkmoon	Season 10 Wildcard	12785	12785:22748:68	Sergeant Major Clate	41	20434	Lorekeeper's Staff	0	1	-1	1	1	2250	0							2026-09-01 00:55:39
Darkmoon	Season 10 Wildcard	12785	12785:22748:68	Sergeant Major Clate	42	19554	Protector's Sword	0	1	-1		1	12000	0							2026-09-01 00:55:39
Darkmoon	Season 10 Wildcard	12785	12785:22748:68	Sergeant Major Clate	43	19555	Protector's Sword	0	1	-1		1	5400	0							2026-09-01 00:55:39
Darkmoon	Season 10 Wildcard	12785	12785:22748:68	Sergeant Major Clate	44	19556	Protector's Sword	0	1	-1		1	4800	0							2026-09-01 00:55:39
Darkmoon	Season 10 Wildcard	12785	12785:22748:68	Sergeant Major Clate	45	19557	Protector's Sword	0	1	-1		1	3600	0							2026-09-01 00:55:39
Darkmoon	Season 10 Wildcard	12785	12785:22748:68	Sergeant Major Clate	46	20440	Protector's Sword	0	1	-1	1	1	2250	0							2026-09-01 00:55:39
Darkmoon	Season 10 Wildcard	12785	12785:22748:68	Sergeant Major Clate	47	19546	Sentinel's Blade	0	1	-1		1	12000	0							2026-09-01 00:55:39
Darkmoon	Season 10 Wildcard	12785	12785:22748:68	Sergeant Major Clate	48	19547	Sentinel's Blade	0	1	-1		1	5400	0							2026-09-01 00:55:39
Darkmoon	Season 10 Wildcard	12785	12785:22748:68	Sergeant Major Clate	49	19548	Sentinel's Blade	0	1	-1		1	4800	0							2026-09-01 00:55:39
Darkmoon	Season 10 Wildcard	12785	12785:22748:68	Sergeant Major Clate	50	19549	Sentinel's Blade	0	1	-1		1	3600	0							2026-09-01 00:55:39
Darkmoon	Season 10 Wildcard	12785	12785:22748:68	Sergeant Major Clate	51	20443	Sentinel's Blade	0	1	-1	1	1	2250	0							2026-09-01 00:55:39
Darkmoon	Season 10 Wildcard	12785	12785:22748:68	Sergeant Major Clate	52	19562	Outrunner's Bow	0	1	-1		1	12000	0							2026-09-01 00:55:39
Darkmoon	Season 10 Wildcard	12785	12785:22748:68	Sergeant Major Clate	53	19563	Outrunner's Bow	0	1	-1		1	5400	0							2026-09-01 00:55:39
Darkmoon	Season 10 Wildcard	12785	12785:22748:68	Sergeant Major Clate	54	19564	Outrunner's Bow	0	1	-1		1	4800	0							2026-09-01 00:55:39
Darkmoon	Season 10 Wildcard	12785	12785:22748:68	Sergeant Major Clate	55	19565	Outrunner's Bow	0	1	-1		1	3600	0							2026-09-01 00:55:39
Darkmoon	Season 10 Wildcard	12785	12785:22748:68	Sergeant Major Clate	56	20438	Outrunner's Bow	0	1	-1	1	1	2250	0							2026-09-01 00:55:39
Darkmoon	Season 10 Wildcard	12785	12785:22748:68	Sergeant Major Clate	57	17348	Major Healing Draught	1500	1	-1		1	8	0							2026-09-01 00:55:39
Darkmoon	Season 10 Wildcard	12785	12785:22748:68	Sergeant Major Clate	58	17351	Major Mana Draught	1500	1	-1		1	8	0							2026-09-01 00:55:39
Darkmoon	Season 10 Wildcard	12785	12785:22748:68	Sergeant Major Clate	59	499987	Reins of the Silverwing Nightsaber	0	1	-1		1	68200	0							2026-09-01 00:55:39
Darkmoon	Season 10 Wildcard	12785	12785:22748:68	Sergeant Major Clate	60	17349	Superior Healing Draught	1100	1	-1		1	1	0							2026-09-01 00:55:39
Darkmoon	Season 10 Wildcard	12785	12785:22748:68	Sergeant Major Clate	61	17352	Superior Mana Draught	1100	1	-1		1	1	0							2026-09-01 00:55:39
Darkmoon	Season 10 Wildcard	12785	12785:22748:68	Sergeant Major Clate	62	19060	Warsong Gulch Enriched Ration	2000	5	-1		0	0	0							2026-09-01 00:55:39
Darkmoon	Season 10 Wildcard	12785	12785:22748:68	Sergeant Major Clate	63	19062	Warsong Gulch Field Ration	1000	5	-1		0	0	0							2026-09-01 00:55:39
Darkmoon	Season 10 Wildcard	12785	12785:22748:68	Sergeant Major Clate	64	19061	Warsong Gulch Iron Ration	1500	5	-1		0	0	0							2026-09-01 00:55:39
Darkmoon	Season 10 Wildcard	12785	12785:22748:68	Sergeant Major Clate	65	19067	Warsong Gulch Mageweave Bandage	1500	5	-1		0	0	0							2026-09-01 00:55:39
Darkmoon	Season 10 Wildcard	12785	12785:22748:68	Sergeant Major Clate	66	19066	Warsong Gulch Runecloth Bandage	2000	5	-1		0	0	0							2026-09-01 00:55:39
Darkmoon	Season 10 Wildcard	12785	12785:22748:68	Sergeant Major Clate	67	19068	Warsong Gulch Silk Bandage	1000	5	-1		0	0	0							2026-09-01 00:55:39
Darkmoon	Season 10 Wildcard	12785	12785:22748:68	Sergeant Major Clate	68	19506	Silverwing Battle Tabard	0	1	-1	1	1	12000	0							2026-09-01 00:55:39
Darkmoon	Season 10 Wildcard	12785	12785:53870:35	Sergeant Major Clate	1	53870	Stormpike Guard Commendation Badge	0	1	-1	1	1	2500	0							2026-09-01 00:55:43
Darkmoon	Season 10 Wildcard	12785	12785:53870:35	Sergeant Major Clate	2	19094	Stormpike Cloth Girdle	0	1	-1		1	3000	0							2026-09-01 00:55:43
Darkmoon	Season 10 Wildcard	12785	12785:53870:35	Sergeant Major Clate	3	19093	Stormpike Leather Girdle	0	1	-1		1	3000	0							2026-09-01 00:55:43
Darkmoon	Season 10 Wildcard	12785	12785:53870:35	Sergeant Major Clate	4	19092	Stormpike Mail Girdle	0	1	-1		1	3000	0							2026-09-01 00:55:43
Darkmoon	Season 10 Wildcard	12785	12785:53870:35	Sergeant Major Clate	5	19091	Stormpike Plate Girdle	0	1	-1		1	3000	0							2026-09-01 00:55:43
Darkmoon	Season 10 Wildcard	12785	12785:53870:35	Sergeant Major Clate	6	19086	Stormpike Sage's Cloak	0	1	-1		1	1600	0							2026-09-01 00:55:43
Darkmoon	Season 10 Wildcard	12785	12785:53870:35	Sergeant Major Clate	7	19084	Stormpike Soldier's Cloak	0	1	-1		1	1600	0							2026-09-01 00:55:43
Darkmoon	Season 10 Wildcard	12785	12785:53870:35	Sergeant Major Clate	8	19098	Stormpike Sage's Pendant	0	1	-1		1	1600	0							2026-09-01 00:55:43
Darkmoon	Season 10 Wildcard	12785	12785:53870:35	Sergeant Major Clate	9	19097	Stormpike Soldier's Pendant	0	1	-1		1	1600	0							2026-09-01 00:55:43
Darkmoon	Season 10 Wildcard	12785	12785:53870:35	Sergeant Major Clate	10	19325	Don Julio's Band	0	1	-1		1	2400	0							2026-09-01 00:55:43
Darkmoon	Season 10 Wildcard	12785	12785:53870:35	Sergeant Major Clate	11	21563	Don Rodrigo's Band	0	1	-1		1	2400	0							2026-09-01 00:55:43
Darkmoon	Season 10 Wildcard	12785	12785:53870:35	Sergeant Major Clate	12	19102	Crackling Staff	0	1	-1		1	7200	0							2026-09-01 00:55:43
Darkmoon	Season 10 Wildcard	12785	12785:53870:35	Sergeant Major Clate	13	19323	The Unstoppable Force	0	1	-1		1	7200	0							2026-09-01 00:55:43
Darkmoon	Season 10 Wildcard	12785	12785:53870:35	Sergeant Major Clate	14	19100	Electrified Dagger	0	1	-1		1	3600	0							2026-09-01 00:55:43
Darkmoon	Season 10 Wildcard	12785	12785:53870:35	Sergeant Major Clate	15	19104	Stormstrike Hammer	0	1	-1		1	3600	0							2026-09-01 00:55:43
Darkmoon	Season 10 Wildcard	12785	12785:53870:35	Sergeant Major Clate	16	19324	The Lobotomizer	0	1	-1		1	3600	0							2026-09-01 00:55:43
Darkmoon	Season 10 Wildcard	12785	12785:53870:35	Sergeant Major Clate	17	19321	The Immovable Object	0	1	-1		1	3600	0							2026-09-01 00:55:43
Darkmoon	Season 10 Wildcard	12785	12785:53870:35	Sergeant Major Clate	18	19312	Lei of the Lifegiver	0	1	-1		1	3600	0							2026-09-01 00:55:43
Darkmoon	Season 10 Wildcard	12785	12785:53870:35	Sergeant Major Clate	19	19315	Therazane's Touch	0	1	-1		1	3600	0							2026-09-01 00:55:43
Darkmoon	Season 10 Wildcard	12785	12785:53870:35	Sergeant Major Clate	20	19308	Tome of Arcane Domination	0	1	-1		1	3600	0							2026-09-01 00:55:43
Darkmoon	Season 10 Wildcard	12785	12785:53870:35	Sergeant Major Clate	21	19311	Tome of Fiery Arcana	0	1	-1		1	3600	0							2026-09-01 00:55:43
Darkmoon	Season 10 Wildcard	12785	12785:53870:35	Sergeant Major Clate	22	19309	Tome of Shadow Force	0	1	-1		1	3600	0							2026-09-01 00:55:43
Darkmoon	Season 10 Wildcard	12785	12785:53870:35	Sergeant Major Clate	23	19310	Tome of the Ice Lord	0	1	-1		1	3600	0							2026-09-01 00:55:43
Darkmoon	Season 10 Wildcard	12785	12785:53870:35	Sergeant Major Clate	24	19307	Alterac Heavy Runecloth Bandage	8000	20	-1		0	0	0							2026-09-01 00:55:43
Darkmoon	Season 10 Wildcard	12785	12785:53870:35	Sergeant Major Clate	25	19301	Alterac Manna Biscuit	7000	5	-1		0	0	0							2026-09-01 00:55:43
Darkmoon	Season 10 Wildcard	12785	12785:53870:35	Sergeant Major Clate	26	212374	Bottled Alterac Spring Water	5000	5	-1		0	0	0							2026-09-01 00:55:43
Darkmoon	Season 10 Wildcard	12785	12785:53870:35	Sergeant Major Clate	27	17348	Major Healing Draught	1500	1	-1		1	8	0							2026-09-01 00:55:43
Darkmoon	Season 10 Wildcard	12785	12785:53870:35	Sergeant Major Clate	28	17351	Major Mana Draught	1500	1	-1		1	8	0							2026-09-01 00:55:43
Darkmoon	Season 10 Wildcard	12785	12785:53870:35	Sergeant Major Clate	29	19030	Stormpike Battle Charger	0	1	-1	1	1	50000	0							2026-09-01 00:55:43
Darkmoon	Season 10 Wildcard	12785	12785:53870:35	Sergeant Major Clate	30	19045	Stormpike Battle Standard	0	1	-1	1	1	15000	0							2026-09-01 00:55:43
Darkmoon	Season 10 Wildcard	12785	12785:53870:35	Sergeant Major Clate	31	17349	Superior Healing Draught	1100	1	-1		1	1	0							2026-09-01 00:55:43
Darkmoon	Season 10 Wildcard	12785	12785:53870:35	Sergeant Major Clate	32	17352	Superior Mana Draught	1100	1	-1		1	1	0							2026-09-01 00:55:43
Darkmoon	Season 10 Wildcard	12785	12785:53870:35	Sergeant Major Clate	33	19320	Gnoll Skin Bandolier	0	1	-1	1	1	1600	0							2026-09-01 00:55:43
Darkmoon	Season 10 Wildcard	12785	12785:53870:35	Sergeant Major Clate	34	19319	Harpy Hide Quiver	0	1	-1	1	1	1600	0							2026-09-01 00:55:43
Darkmoon	Season 10 Wildcard	12785	12785:53870:35	Sergeant Major Clate	35	19032	Stormpike Battle Tabard	0	1	-1	1	1	15000	0							2026-09-01 00:55:43
Darkmoon	Season 10 Wildcard	13216	13216:53870:35	Gaelden Hammersmith	1	53870	Stormpike Guard Commendation Badge	0	1	-1	1	1	2500	0							2026-09-01 00:55:15
Darkmoon	Season 10 Wildcard	13216	13216:53870:35	Gaelden Hammersmith	2	19094	Stormpike Cloth Girdle	0	1	-1		1	3000	0							2026-09-01 00:55:15
Darkmoon	Season 10 Wildcard	13216	13216:53870:35	Gaelden Hammersmith	3	19093	Stormpike Leather Girdle	0	1	-1		1	3000	0							2026-09-01 00:55:15
Darkmoon	Season 10 Wildcard	13216	13216:53870:35	Gaelden Hammersmith	4	19092	Stormpike Mail Girdle	0	1	-1		1	3000	0							2026-09-01 00:55:15
Darkmoon	Season 10 Wildcard	13216	13216:53870:35	Gaelden Hammersmith	5	19091	Stormpike Plate Girdle	0	1	-1		1	3000	0							2026-09-01 00:55:15
Darkmoon	Season 10 Wildcard	13216	13216:53870:35	Gaelden Hammersmith	6	19086	Stormpike Sage's Cloak	0	1	-1		1	1600	0							2026-09-01 00:55:15
Darkmoon	Season 10 Wildcard	13216	13216:53870:35	Gaelden Hammersmith	7	19084	Stormpike Soldier's Cloak	0	1	-1		1	1600	0							2026-09-01 00:55:15
Darkmoon	Season 10 Wildcard	13216	13216:53870:35	Gaelden Hammersmith	8	19098	Stormpike Sage's Pendant	0	1	-1		1	1600	0							2026-09-01 00:55:15
Darkmoon	Season 10 Wildcard	13216	13216:53870:35	Gaelden Hammersmith	9	19097	Stormpike Soldier's Pendant	0	1	-1		1	1600	0							2026-09-01 00:55:15
Darkmoon	Season 10 Wildcard	13216	13216:53870:35	Gaelden Hammersmith	10	19325	Don Julio's Band	0	1	-1		1	2400	0							2026-09-01 00:55:15
Darkmoon	Season 10 Wildcard	13216	13216:53870:35	Gaelden Hammersmith	11	21563	Don Rodrigo's Band	0	1	-1		1	2400	0							2026-09-01 00:55:15
Darkmoon	Season 10 Wildcard	13216	13216:53870:35	Gaelden Hammersmith	12	19102	Crackling Staff	0	1	-1		1	7200	0							2026-09-01 00:55:15
Darkmoon	Season 10 Wildcard	13216	13216:53870:35	Gaelden Hammersmith	13	19323	The Unstoppable Force	0	1	-1		1	7200	0							2026-09-01 00:55:15
Darkmoon	Season 10 Wildcard	13216	13216:53870:35	Gaelden Hammersmith	14	19100	Electrified Dagger	0	1	-1		1	3600	0							2026-09-01 00:55:15
Darkmoon	Season 10 Wildcard	13216	13216:53870:35	Gaelden Hammersmith	15	19104	Stormstrike Hammer	0	1	-1		1	3600	0							2026-09-01 00:55:15
Darkmoon	Season 10 Wildcard	13216	13216:53870:35	Gaelden Hammersmith	16	19324	The Lobotomizer	0	1	-1		1	3600	0							2026-09-01 00:55:15
Darkmoon	Season 10 Wildcard	13216	13216:53870:35	Gaelden Hammersmith	17	19321	The Immovable Object	0	1	-1		1	3600	0							2026-09-01 00:55:15
Darkmoon	Season 10 Wildcard	13216	13216:53870:35	Gaelden Hammersmith	18	19312	Lei of the Lifegiver	0	1	-1		1	3600	0							2026-09-01 00:55:15
Darkmoon	Season 10 Wildcard	13216	13216:53870:35	Gaelden Hammersmith	19	19315	Therazane's Touch	0	1	-1		1	3600	0							2026-09-01 00:55:15
Darkmoon	Season 10 Wildcard	13216	13216:53870:35	Gaelden Hammersmith	20	19308	Tome of Arcane Domination	0	1	-1		1	3600	0							2026-09-01 00:55:15
Darkmoon	Season 10 Wildcard	13216	13216:53870:35	Gaelden Hammersmith	21	19311	Tome of Fiery Arcana	0	1	-1		1	3600	0							2026-09-01 00:55:15
Darkmoon	Season 10 Wildcard	13216	13216:53870:35	Gaelden Hammersmith	22	19309	Tome of Shadow Force	0	1	-1		1	3600	0							2026-09-01 00:55:15
Darkmoon	Season 10 Wildcard	13216	13216:53870:35	Gaelden Hammersmith	23	19310	Tome of the Ice Lord	0	1	-1		1	3600	0							2026-09-01 00:55:15
Darkmoon	Season 10 Wildcard	13216	13216:53870:35	Gaelden Hammersmith	24	19307	Alterac Heavy Runecloth Bandage	8000	20	-1		0	0	0							2026-09-01 00:55:15
Darkmoon	Season 10 Wildcard	13216	13216:53870:35	Gaelden Hammersmith	25	19301	Alterac Manna Biscuit	7000	5	-1		0	0	0							2026-09-01 00:55:15
Darkmoon	Season 10 Wildcard	13216	13216:53870:35	Gaelden Hammersmith	26	212374	Bottled Alterac Spring Water	5000	5	-1		0	0	0							2026-09-01 00:55:15
Darkmoon	Season 10 Wildcard	13216	13216:53870:35	Gaelden Hammersmith	27	17348	Major Healing Draught	1500	1	-1		1	8	0							2026-09-01 00:55:15
Darkmoon	Season 10 Wildcard	13216	13216:53870:35	Gaelden Hammersmith	28	17351	Major Mana Draught	1500	1	-1		1	8	0							2026-09-01 00:55:15
Darkmoon	Season 10 Wildcard	13216	13216:53870:35	Gaelden Hammersmith	29	19030	Stormpike Battle Charger	0	1	-1	1	1	50000	0							2026-09-01 00:55:15
Darkmoon	Season 10 Wildcard	13216	13216:53870:35	Gaelden Hammersmith	30	19045	Stormpike Battle Standard	0	1	-1	1	1	15000	0							2026-09-01 00:55:15
Darkmoon	Season 10 Wildcard	13216	13216:53870:35	Gaelden Hammersmith	31	17349	Superior Healing Draught	1100	1	-1		1	1	0							2026-09-01 00:55:15
Darkmoon	Season 10 Wildcard	13216	13216:53870:35	Gaelden Hammersmith	32	17352	Superior Mana Draught	1100	1	-1		1	1	0							2026-09-01 00:55:15
Darkmoon	Season 10 Wildcard	13216	13216:53870:35	Gaelden Hammersmith	33	19320	Gnoll Skin Bandolier	0	1	-1	1	1	1600	0							2026-09-01 00:55:15
Darkmoon	Season 10 Wildcard	13216	13216:53870:35	Gaelden Hammersmith	34	19319	Harpy Hide Quiver	0	1	-1	1	1	1600	0							2026-09-01 00:55:15
Darkmoon	Season 10 Wildcard	13216	13216:53870:35	Gaelden Hammersmith	35	19032	Stormpike Battle Tabard	0	1	-1	1	1	15000	0							2026-09-01 00:55:15
Darkmoon	Season 10 Wildcard	14753	14753:19531:48	Illiyana Moonblaze	1	19531	Caretaker's Cape	0	1	-1		1	1800	0							2026-09-01 00:55:59
Darkmoon	Season 10 Wildcard	14753	14753:19531:48	Illiyana Moonblaze	2	19532	Caretaker's Cape	0	1	-1		1	1600	0							2026-09-01 00:55:59
Darkmoon	Season 10 Wildcard	14753	14753:19531:48	Illiyana Moonblaze	3	19533	Caretaker's Cape	0	1	-1		1	1200	0							2026-09-01 00:55:59
Darkmoon	Season 10 Wildcard	14753	14753:19531:48	Illiyana Moonblaze	4	20428	Caretaker's Cape	0	1	-1	1	1	750	0							2026-09-01 00:55:59
Darkmoon	Season 10 Wildcard	14753	14753:19531:48	Illiyana Moonblaze	5	19539	Sentinel's Medallion	0	1	-1		1	1800	0							2026-09-01 00:55:59
Darkmoon	Season 10 Wildcard	14753	14753:19531:48	Illiyana Moonblaze	6	19540	Sentinel's Medallion	0	1	-1		1	1600	0							2026-09-01 00:55:59
Darkmoon	Season 10 Wildcard	14753	14753:19531:48	Illiyana Moonblaze	7	19541	Sentinel's Medallion	0	1	-1		1	1200	0							2026-09-01 00:55:59
Darkmoon	Season 10 Wildcard	14753	14753:19531:48	Illiyana Moonblaze	8	20444	Sentinel's Medallion	0	1	-1	1	1	750	0							2026-09-01 00:55:59
Darkmoon	Season 10 Wildcard	14753	14753:19531:48	Illiyana Moonblaze	9	19523	Lorekeeper's Ring	0	1	-1		1	1800	0							2026-09-01 00:55:59
Darkmoon	Season 10 Wildcard	14753	14753:19531:48	Illiyana Moonblaze	10	19524	Lorekeeper's Ring	0	1	-1		1	1600	0							2026-09-01 00:55:59
Darkmoon	Season 10 Wildcard	14753	14753:19531:48	Illiyana Moonblaze	11	19525	Lorekeeper's Ring	0	1	-1		1	1200	0							2026-09-01 00:55:59
Darkmoon	Season 10 Wildcard	14753	14753:19531:48	Illiyana Moonblaze	12	20431	Lorekeeper's Ring	0	1	-1	1	1	750	0							2026-09-01 00:55:59
Darkmoon	Season 10 Wildcard	14753	14753:19531:48	Illiyana Moonblaze	13	19515	Protector's Band	0	1	-1		1	1600	0							2026-09-01 00:55:59
Darkmoon	Season 10 Wildcard	14753	14753:19531:48	Illiyana Moonblaze	14	19516	Protector's Band	0	1	-1		1	1800	0							2026-09-01 00:55:59
Darkmoon	Season 10 Wildcard	14753	14753:19531:48	Illiyana Moonblaze	15	19517	Protector's Band	0	1	-1		1	1200	0							2026-09-01 00:55:59
Darkmoon	Season 10 Wildcard	14753	14753:19531:48	Illiyana Moonblaze	16	20439	Protector's Band	0	1	-1	1	1	750	0							2026-09-01 00:55:59
Darkmoon	Season 10 Wildcard	14753	14753:19531:48	Illiyana Moonblaze	17	212345	Rune of Duty	0	1	-1	1	1	750	0							2026-09-01 00:55:59
Darkmoon	Season 10 Wildcard	14753	14753:19531:48	Illiyana Moonblaze	18	212346	Rune of Duty	0	1	-1		1	1600	0							2026-09-01 00:55:59
Darkmoon	Season 10 Wildcard	14753	14753:19531:48	Illiyana Moonblaze	19	212347	Rune of Perfection	0	1	-1	1	1	750	0							2026-09-01 00:55:59
Darkmoon	Season 10 Wildcard	14753	14753:19531:48	Illiyana Moonblaze	20	212348	Rune of Perfection	0	1	-1		1	1600	0							2026-09-01 00:55:59
Darkmoon	Season 10 Wildcard	14753	14753:19531:48	Illiyana Moonblaze	21	19571	Lorekeeper's Staff	0	1	-1		1	5400	0							2026-09-01 00:55:59
Darkmoon	Season 10 Wildcard	14753	14753:19531:48	Illiyana Moonblaze	22	19572	Lorekeeper's Staff	0	1	-1		1	4800	0							2026-09-01 00:55:59
Darkmoon	Season 10 Wildcard	14753	14753:19531:48	Illiyana Moonblaze	23	19573	Lorekeeper's Staff	0	1	-1		1	3600	0							2026-09-01 00:55:59
Darkmoon	Season 10 Wildcard	14753	14753:19531:48	Illiyana Moonblaze	24	20434	Lorekeeper's Staff	0	1	-1	1	1	2250	0							2026-09-01 00:55:59
Darkmoon	Season 10 Wildcard	14753	14753:19531:48	Illiyana Moonblaze	25	19555	Protector's Sword	0	1	-1		1	5400	0							2026-09-01 00:55:59
Darkmoon	Season 10 Wildcard	14753	14753:19531:48	Illiyana Moonblaze	26	19556	Protector's Sword	0	1	-1		1	4800	0							2026-09-01 00:55:59
Darkmoon	Season 10 Wildcard	14753	14753:19531:48	Illiyana Moonblaze	27	19557	Protector's Sword	0	1	-1		1	3600	0							2026-09-01 00:55:59
Darkmoon	Season 10 Wildcard	14753	14753:19531:48	Illiyana Moonblaze	28	20440	Protector's Sword	0	1	-1	1	1	2250	0							2026-09-01 00:55:59
Darkmoon	Season 10 Wildcard	14753	14753:19531:48	Illiyana Moonblaze	29	19547	Sentinel's Blade	0	1	-1		1	5400	0							2026-09-01 00:55:59
Darkmoon	Season 10 Wildcard	14753	14753:19531:48	Illiyana Moonblaze	30	19548	Sentinel's Blade	0	1	-1		1	4800	0							2026-09-01 00:55:59
Darkmoon	Season 10 Wildcard	14753	14753:19531:48	Illiyana Moonblaze	31	19549	Sentinel's Blade	0	1	-1		1	3600	0							2026-09-01 00:55:59
Darkmoon	Season 10 Wildcard	14753	14753:19531:48	Illiyana Moonblaze	32	20443	Sentinel's Blade	0	1	-1	1	1	2250	0							2026-09-01 00:55:59
Darkmoon	Season 10 Wildcard	14753	14753:19531:48	Illiyana Moonblaze	33	19563	Outrunner's Bow	0	1	-1		1	5400	0							2026-09-01 00:55:59
Darkmoon	Season 10 Wildcard	14753	14753:19531:48	Illiyana Moonblaze	34	19564	Outrunner's Bow	0	1	-1		1	4800	0							2026-09-01 00:55:59
Darkmoon	Season 10 Wildcard	14753	14753:19531:48	Illiyana Moonblaze	35	19565	Outrunner's Bow	0	1	-1		1	3600	0							2026-09-01 00:55:59
Darkmoon	Season 10 Wildcard	14753	14753:19531:48	Illiyana Moonblaze	36	20438	Outrunner's Bow	0	1	-1	1	1	2250	0							2026-09-01 00:55:59
Darkmoon	Season 10 Wildcard	14753	14753:19531:48	Illiyana Moonblaze	37	17348	Major Healing Draught	1425	1	-1		1	8	0							2026-09-01 00:55:59
Darkmoon	Season 10 Wildcard	14753	14753:19531:48	Illiyana Moonblaze	38	17351	Major Mana Draught	1425	1	-1		1	8	0							2026-09-01 00:55:59
Darkmoon	Season 10 Wildcard	14753	14753:19531:48	Illiyana Moonblaze	39	499987	Reins of the Silverwing Nightsaber	0	1	-1		1	68200	0							2026-09-01 00:55:59
Darkmoon	Season 10 Wildcard	14753	14753:19531:48	Illiyana Moonblaze	40	17349	Superior Healing Draught	1045	1	-1		1	1	0							2026-09-01 00:55:59
Darkmoon	Season 10 Wildcard	14753	14753:19531:48	Illiyana Moonblaze	41	17352	Superior Mana Draught	1045	1	-1		1	1	0							2026-09-01 00:55:59
Darkmoon	Season 10 Wildcard	14753	14753:19531:48	Illiyana Moonblaze	42	19060	Warsong Gulch Enriched Ration	1900	5	-1		0	0	0							2026-09-01 00:55:59
Darkmoon	Season 10 Wildcard	14753	14753:19531:48	Illiyana Moonblaze	43	19062	Warsong Gulch Field Ration	950	5	-1		0	0	0							2026-09-01 00:55:59
Darkmoon	Season 10 Wildcard	14753	14753:19531:48	Illiyana Moonblaze	44	19061	Warsong Gulch Iron Ration	1425	5	-1		0	0	0							2026-09-01 00:55:59
Darkmoon	Season 10 Wildcard	14753	14753:19531:48	Illiyana Moonblaze	45	19067	Warsong Gulch Mageweave Bandage	1425	5	-1		0	0	0							2026-09-01 00:55:59
Darkmoon	Season 10 Wildcard	14753	14753:19531:48	Illiyana Moonblaze	46	19066	Warsong Gulch Runecloth Bandage	1900	5	-1		0	0	0							2026-09-01 00:55:59
Darkmoon	Season 10 Wildcard	14753	14753:19531:48	Illiyana Moonblaze	47	19068	Warsong Gulch Silk Bandage	950	5	-1		0	0	0							2026-09-01 00:55:59
Darkmoon	Season 10 Wildcard	14753	14753:19531:48	Illiyana Moonblaze	48	19506	Silverwing Battle Tabard	0	1	-1	1	1	12000	0							2026-09-01 00:55:59
Darkmoon	Season 10 Wildcard	15127	15127:20088:56	Samuel Hawke	1	20088	Highlander's Chain Girdle	0	1	-1		1	5400	0							2026-09-01 00:56:03
Darkmoon	Season 10 Wildcard	15127	15127:20088:56	Samuel Hawke	2	20089	Highlander's Chain Girdle	0	1	-1		1	1600	0							2026-09-01 00:56:03
Darkmoon	Season 10 Wildcard	15127	15127:20088:56	Samuel Hawke	3	20097	Highlander's Cloth Girdle	0	1	-1		1	5400	0							2026-09-01 00:56:03
Darkmoon	Season 10 Wildcard	15127	15127:20088:56	Samuel Hawke	4	20098	Highlander's Cloth Girdle	0	1	-1		1	1600	0							2026-09-01 00:56:03
Darkmoon	Season 10 Wildcard	15127	15127:20088:56	Samuel Hawke	5	20099	Highlander's Cloth Girdle	0	1	-1		1	1200	0							2026-09-01 00:56:03
Darkmoon	Season 10 Wildcard	15127	15127:20088:56	Samuel Hawke	6	20106	Highlander's Lamellar Girdle	0	1	-1		1	5400	0							2026-09-01 00:56:03
Darkmoon	Season 10 Wildcard	15127	15127:20088:56	Samuel Hawke	7	20107	Highlander's Lamellar Girdle	0	1	-1		1	1600	0							2026-09-01 00:56:03
Darkmoon	Season 10 Wildcard	15127	15127:20088:56	Samuel Hawke	8	20108	Highlander's Lamellar Girdle	0	1	-1		1	1200	0							2026-09-01 00:56:03
Darkmoon	Season 10 Wildcard	15127	15127:20088:56	Samuel Hawke	9	20115	Highlander's Leather Girdle	0	1	-1		1	5400	0							2026-09-01 00:56:03
Darkmoon	Season 10 Wildcard	15127	15127:20088:56	Samuel Hawke	10	20116	Highlander's Leather Girdle	0	1	-1		1	1600	0							2026-09-01 00:56:03
Darkmoon	Season 10 Wildcard	15127	15127:20088:56	Samuel Hawke	11	20117	Highlander's Leather Girdle	0	1	-1		1	1200	0							2026-09-01 00:56:03
Darkmoon	Season 10 Wildcard	15127	15127:20088:56	Samuel Hawke	12	20103	Highlander's Lizardhide Girdle	0	1	-1		1	5400	0							2026-09-01 00:56:03
Darkmoon	Season 10 Wildcard	15127	15127:20088:56	Samuel Hawke	13	20104	Highlander's Lizardhide Girdle	0	1	-1		1	1600	0							2026-09-01 00:56:03
Darkmoon	Season 10 Wildcard	15127	15127:20088:56	Samuel Hawke	14	20105	Highlander's Lizardhide Girdle	0	1	-1		1	1200	0							2026-09-01 00:56:03
Darkmoon	Season 10 Wildcard	15127	15127:20088:56	Samuel Hawke	15	20118	Highlander's Mail Girdle	0	1	-1		1	5400	0							2026-09-01 00:56:03
Darkmoon	Season 10 Wildcard	15127	15127:20088:56	Samuel Hawke	16	20119	Highlander's Mail Girdle	0	1	-1		1	1600	0							2026-09-01 00:56:03
Darkmoon	Season 10 Wildcard	15127	15127:20088:56	Samuel Hawke	17	20120	Highlander's Mail Girdle	0	1	-1		1	1200	0							2026-09-01 00:56:03
Darkmoon	Season 10 Wildcard	15127	15127:20088:56	Samuel Hawke	18	20126	Highlander's Mail Girdle	0	1	-1		1	1200	0							2026-09-01 00:56:03
Darkmoon	Season 10 Wildcard	15127	15127:20088:56	Samuel Hawke	19	20090	Highlander's Padded Girdle	0	1	-1		1	1200	0							2026-09-01 00:56:03
Darkmoon	Season 10 Wildcard	15127	15127:20088:56	Samuel Hawke	20	20124	Highlander's Plate Girdle	0	1	-1		1	5400	0							2026-09-01 00:56:03
Darkmoon	Season 10 Wildcard	15127	15127:20088:56	Samuel Hawke	21	20125	Highlander's Plate Girdle	0	1	-1		1	1600	0							2026-09-01 00:56:03
Darkmoon	Season 10 Wildcard	15127	15127:20088:56	Samuel Hawke	22	20091	Highlander's Chain Greaves	0	1	-1		1	5400	0							2026-09-01 00:56:03
Darkmoon	Season 10 Wildcard	15127	15127:20088:56	Samuel Hawke	23	20092	Highlander's Chain Greaves	0	1	-1		1	1600	0							2026-09-01 00:56:03
Darkmoon	Season 10 Wildcard	15127	15127:20088:56	Samuel Hawke	24	20094	Highlander's Cloth Boots	0	1	-1		1	5400	0							2026-09-01 00:56:03
Darkmoon	Season 10 Wildcard	15127	15127:20088:56	Samuel Hawke	25	20095	Highlander's Cloth Boots	0	1	-1		1	1600	0							2026-09-01 00:56:03
Darkmoon	Season 10 Wildcard	15127	15127:20088:56	Samuel Hawke	26	20096	Highlander's Cloth Boots	0	1	-1		1	1200	0							2026-09-01 00:56:03
Darkmoon	Season 10 Wildcard	15127	15127:20088:56	Samuel Hawke	27	20109	Highlander's Lamellar Greaves	0	1	-1		1	5400	0							2026-09-01 00:56:03
Darkmoon	Season 10 Wildcard	15127	15127:20088:56	Samuel Hawke	28	20110	Highlander's Lamellar Greaves	0	1	-1		1	1600	0							2026-09-01 00:56:03
Darkmoon	Season 10 Wildcard	15127	15127:20088:56	Samuel Hawke	29	20111	Highlander's Lamellar Greaves	0	1	-1		1	1200	0							2026-09-01 00:56:03
Darkmoon	Season 10 Wildcard	15127	15127:20088:56	Samuel Hawke	30	20112	Highlander's Leather Boots	0	1	-1		1	5400	0							2026-09-01 00:56:03
Darkmoon	Season 10 Wildcard	15127	15127:20088:56	Samuel Hawke	31	20113	Highlander's Leather Boots	0	1	-1		1	1600	0							2026-09-01 00:56:03
Darkmoon	Season 10 Wildcard	15127	15127:20088:56	Samuel Hawke	32	20114	Highlander's Leather Boots	0	1	-1		1	1200	0							2026-09-01 00:56:03
Darkmoon	Season 10 Wildcard	15127	15127:20088:56	Samuel Hawke	33	20100	Highlander's Lizardhide Boots	0	1	-1		1	5400	0							2026-09-01 00:56:03
Darkmoon	Season 10 Wildcard	15127	15127:20088:56	Samuel Hawke	34	20101	Highlander's Lizardhide Boots	0	1	-1		1	1600	0							2026-09-01 00:56:03
Darkmoon	Season 10 Wildcard	15127	15127:20088:56	Samuel Hawke	35	20102	Highlander's Lizardhide Boots	0	1	-1		1	1200	0							2026-09-01 00:56:03
Darkmoon	Season 10 Wildcard	15127	15127:20088:56	Samuel Hawke	36	20121	Highlander's Mail Greaves	0	1	-1		1	5400	0							2026-09-01 00:56:03
Darkmoon	Season 10 Wildcard	15127	15127:20088:56	Samuel Hawke	37	20122	Highlander's Mail Greaves	0	1	-1		1	1600	0							2026-09-01 00:56:03
Darkmoon	Season 10 Wildcard	15127	15127:20088:56	Samuel Hawke	38	20123	Highlander's Mail Greaves	0	1	-1		1	1200	0							2026-09-01 00:56:03
Darkmoon	Season 10 Wildcard	15127	15127:20088:56	Samuel Hawke	39	20129	Highlander's Mail Greaves	0	1	-1		1	1200	0							2026-09-01 00:56:03
Darkmoon	Season 10 Wildcard	15127	15127:20088:56	Samuel Hawke	40	20093	Highlander's Padded Greaves	0	1	-1		1	1200	0							2026-09-01 00:56:03
Darkmoon	Season 10 Wildcard	15127	15127:20088:56	Samuel Hawke	41	20127	Highlander's Plate Greaves	0	1	-1		1	5400	0							2026-09-01 00:56:03
Darkmoon	Season 10 Wildcard	15127	15127:20088:56	Samuel Hawke	42	20128	Highlander's Plate Greaves	0	1	-1		1	1600	0							2026-09-01 00:56:03
Darkmoon	Season 10 Wildcard	15127	15127:20088:56	Samuel Hawke	43	21117	Talisman of Arathor	0	1	-1		1	5400	0							2026-09-01 00:56:03
Darkmoon	Season 10 Wildcard	15127	15127:20088:56	Samuel Hawke	44	21118	Talisman of Arathor	0	1	-1		1	1600	0							2026-09-01 00:56:03
Darkmoon	Season 10 Wildcard	15127	15127:20088:56	Samuel Hawke	45	21119	Talisman of Arathor	0	1	-1		1	1200	0							2026-09-01 00:56:03
Darkmoon	Season 10 Wildcard	15127	15127:20088:56	Samuel Hawke	46	20220	Ironbark Staff	0	1	-1		1	68200	0							2026-09-01 00:56:03
Darkmoon	Season 10 Wildcard	15127	15127:20088:56	Samuel Hawke	47	20214	Mindfang	0	1	-1		1	68200	0							2026-09-01 00:56:03
Darkmoon	Season 10 Wildcard	15127	15127:20088:56	Samuel Hawke	48	20225	Highlander's Enriched Ration	2000	5	-1		0	0	0							2026-09-01 00:56:03
Darkmoon	Season 10 Wildcard	15127	15127:20088:56	Samuel Hawke	49	20226	Highlander's Field Ration	1000	5	-1		0	0	0							2026-09-01 00:56:03
Darkmoon	Season 10 Wildcard	15127	15127:20088:56	Samuel Hawke	50	20227	Highlander's Iron Ration	1500	5	-1		0	0	0							2026-09-01 00:56:03
Darkmoon	Season 10 Wildcard	15127	15127:20088:56	Samuel Hawke	51	20237	Highlander's Mageweave Bandage	1500	5	-1		0	0	0							2026-09-01 00:56:03
Darkmoon	Season 10 Wildcard	15127	15127:20088:56	Samuel Hawke	52	20243	Highlander's Runecloth Bandage	2000	5	-1		0	0	0							2026-09-01 00:56:03
Darkmoon	Season 10 Wildcard	15127	15127:20088:56	Samuel Hawke	53	20244	Highlander's Silk Bandage	1000	5	-1		0	0	0							2026-09-01 00:56:03
Darkmoon	Season 10 Wildcard	15127	15127:20088:56	Samuel Hawke	54	17349	Superior Healing Draught	1100	1	-1		1	1	0							2026-09-01 00:56:03
Darkmoon	Season 10 Wildcard	15127	15127:20088:56	Samuel Hawke	55	17352	Superior Mana Draught	1100	1	-1		1	1	0							2026-09-01 00:56:03
Darkmoon	Season 10 Wildcard	15127	15127:20088:56	Samuel Hawke	56	20132	Arathor Battle Tabard	0	1	-1	1	1	12000	0							2026-09-01 00:56:03
Darkmoon	Season 10 Wildcard	48053	48053:15196:26	Lieutenant Thorne	1	15196	Private's Tabard	0	1	-1	1	1	15000	0							2026-09-01 00:55:10
Darkmoon	Season 10 Wildcard	48053	48053:15196:26	Lieutenant Thorne	2	15198	Knight's Colors	0	1	-1	1	1	20000	0							2026-09-01 00:55:10
Darkmoon	Season 10 Wildcard	48053	48053:15196:26	Lieutenant Thorne	3	18024	Alliance Deadeye Standard	0	1	-1	1	1	20000	0							2026-09-01 00:55:10
Darkmoon	Season 10 Wildcard	48053	48053:15196:26	Lieutenant Thorne	4	18026	Alliance Swiftstrike Standard	0	1	-1	1	1	20000	0							2026-09-01 00:55:10
Darkmoon	Season 10 Wildcard	48053	48053:15196:26	Lieutenant Thorne	5	18028	Alliance Energizing Standard	0	1	-1	1	1	20000	0							2026-09-01 00:55:10
Darkmoon	Season 10 Wildcard	48053	48053:15196:26	Lieutenant Thorne	6	18606	Alliance Battle Standard	0	1	-1	1	1	20000	0							2026-09-01 00:55:10
Darkmoon	Season 10 Wildcard	48053	48053:15196:26	Lieutenant Thorne	7	106954	Tome of Specialization II	0	1	-1	1	1	65000	0							2026-09-01 00:55:10
Darkmoon	Season 10 Wildcard	48053	48053:15196:26	Lieutenant Thorne	8	32455	Star's Lament	6000	5	-1		0	0	0							2026-09-01 00:55:10
Darkmoon	Season 10 Wildcard	48053	48053:15196:26	Lieutenant Thorne	9	1203014	Soldier's Healing Potion	0	1	-1		1	300	0							2026-09-01 00:55:10
Darkmoon	Season 10 Wildcard	48053	48053:15196:26	Lieutenant Thorne	10	1203015	Soldier's Mana Potion	0	1	-1		1	300	0							2026-09-01 00:55:10
Darkmoon	Season 10 Wildcard	48053	48053:15196:26	Lieutenant Thorne	11	1235006	Bag of Soldier's Healing Potions	0	1	-1		1	1500	0							2026-09-01 00:55:10
Darkmoon	Season 10 Wildcard	48053	48053:15196:26	Lieutenant Thorne	12	1235007	Bag of Soldier's Mana Potions	0	1	-1		1	1500	0							2026-09-01 00:55:10
Darkmoon	Season 10 Wildcard	48053	48053:15196:26	Lieutenant Thorne	13	464750	Soldier's Strength Potion	0	1	-1		1	500	0							2026-09-01 00:55:10
Darkmoon	Season 10 Wildcard	48053	48053:15196:26	Lieutenant Thorne	14	464751	Soldier's Agility Potion	0	1	-1		1	500	0							2026-09-01 00:55:10
Darkmoon	Season 10 Wildcard	48053	48053:15196:26	Lieutenant Thorne	15	464752	Soldier's Spell Power Potion	0	1	-1		1	500	0							2026-09-01 00:55:10
Darkmoon	Season 10 Wildcard	48053	48053:15196:26	Lieutenant Thorne	16	1203016	Soldier's Haste Potion	0	1	-1		1	500	0							2026-09-01 00:55:10
Darkmoon	Season 10 Wildcard	48053	48053:15196:26	Lieutenant Thorne	17	68494	Soldier's Sharpening Stone	0	1	-1		1	500	0							2026-09-01 00:55:10
Darkmoon	Season 10 Wildcard	48053	48053:15196:26	Lieutenant Thorne	18	68495	Soldier's Iron Grip	0	1	-1		1	500	0							2026-09-01 00:55:10
Darkmoon	Season 10 Wildcard	48053	48053:15196:26	Lieutenant Thorne	19	68496	Soldier's Wizard Oil	0	1	-1		1	500	0							2026-09-01 00:55:10
Darkmoon	Season 10 Wildcard	48053	48053:15196:26	Lieutenant Thorne	20	68497	Soldier's Sage Oil	0	1	-1		1	500	0							2026-09-01 00:55:10
Darkmoon	Season 10 Wildcard	48053	48053:15196:26	Lieutenant Thorne	21	68490	Inscription of Conquest	0	1	-1		1	12000	0							2026-09-01 00:55:10
Darkmoon	Season 10 Wildcard	48053	48053:15196:26	Lieutenant Thorne	22	68491	Inscription of Supremacy	0	1	-1		1	12000	0							2026-09-01 00:55:10
Darkmoon	Season 10 Wildcard	48053	48053:15196:26	Lieutenant Thorne	23	68500	Arcanum of Dominance	0	1	-1		1	15000	0							2026-09-01 00:55:10
Darkmoon	Season 10 Wildcard	48053	48053:15196:26	Lieutenant Thorne	24	68502	Arcanum of Triumph	0	1	-1		1	15000	0							2026-09-01 00:55:10
Darkmoon	Season 10 Wildcard	48053	48053:15196:26	Lieutenant Thorne	25	68498	Studded Spurs	0	1	-1		1	5000	0							2026-09-01 00:55:10
Darkmoon	Season 10 Wildcard	48053	48053:15196:26	Lieutenant Thorne	26	1235070	Bloody Mark of War	0	1	-1	1	1	1000	0							2026-09-01 00:55:10
Darkmoon	Season 10 Wildcard	48053	48053:860372:96	Lieutenant Thorne	1	860372	Knight's Mooncloth Crown	0	1	-1		1	26000	0							2026-09-01 00:55:12
Darkmoon	Season 10 Wildcard	48053	48053:860372:96	Lieutenant Thorne	2	860402	Knight's Mooncloth Mantle	0	1	-1		1	23000	0							2026-09-01 00:55:12
Darkmoon	Season 10 Wildcard	48053	48053:860372:96	Lieutenant Thorne	3	860412	Knight's Mooncloth Leggings	0	1	-1		1	26000	0							2026-09-01 00:55:12
Darkmoon	Season 10 Wildcard	48053	48053:860372:96	Lieutenant Thorne	4	860422	Knight's Mooncloth Boots	0	1	-1		1	20000	0							2026-09-01 00:55:12
Darkmoon	Season 10 Wildcard	48053	48053:860372:96	Lieutenant Thorne	5	860382	Knight's Mooncloth Mittens	0	1	-1		1	20000	0							2026-09-01 00:55:12
Darkmoon	Season 10 Wildcard	48053	48053:860372:96	Lieutenant Thorne	6	860392	Knight's Mooncloth Robes	0	1	-1		1	26000	0							2026-09-01 00:55:12
Darkmoon	Season 10 Wildcard	48053	48053:860372:96	Lieutenant Thorne	7	860612	Knight's Satin Cowl	0	1	-1		1	26000	0							2026-09-01 00:55:12
Darkmoon	Season 10 Wildcard	48053	48053:860372:96	Lieutenant Thorne	8	860642	Knight's Satin Spaulders	0	1	-1		1	23000	0							2026-09-01 00:55:12
Darkmoon	Season 10 Wildcard	48053	48053:860372:96	Lieutenant Thorne	9	860652	Knight's Satin Pants	0	1	-1		1	26000	0							2026-09-01 00:55:12
Darkmoon	Season 10 Wildcard	48053	48053:860372:96	Lieutenant Thorne	10	860662	Knight's Satin Sandals	0	1	-1		1	20000	0							2026-09-01 00:55:12
Darkmoon	Season 10 Wildcard	48053	48053:860372:96	Lieutenant Thorne	11	860622	Knight's Satin Gloves	0	1	-1		1	20000	0							2026-09-01 00:55:12
Darkmoon	Season 10 Wildcard	48053	48053:860372:96	Lieutenant Thorne	12	860632	Knight's Satin Vestments	0	1	-1		1	26000	0							2026-09-01 00:55:12
Darkmoon	Season 10 Wildcard	48053	48053:860372:96	Lieutenant Thorne	13	860552	Knight's Silk Cowl	0	1	-1		1	26000	0							2026-09-01 00:55:12
Darkmoon	Season 10 Wildcard	48053	48053:860372:96	Lieutenant Thorne	14	860582	Knight's Silk Amice	0	1	-1		1	23000	0							2026-09-01 00:55:12
Darkmoon	Season 10 Wildcard	48053	48053:860372:96	Lieutenant Thorne	15	860592	Knight's Silk Trousers	0	1	-1		1	26000	0							2026-09-01 00:55:12
Darkmoon	Season 10 Wildcard	48053	48053:860372:96	Lieutenant Thorne	16	860602	Knight's Silk Footwraps	0	1	-1		1	20000	0							2026-09-01 00:55:12
Darkmoon	Season 10 Wildcard	48053	48053:860372:96	Lieutenant Thorne	17	860562	Knight's Silk Gloves	0	1	-1		1	20000	0							2026-09-01 00:55:12
Darkmoon	Season 10 Wildcard	48053	48053:860372:96	Lieutenant Thorne	18	860572	Knight's Silk Raiment	0	1	-1		1	26000	0							2026-09-01 00:55:12
Darkmoon	Season 10 Wildcard	48053	48053:860372:96	Lieutenant Thorne	19	860672	Knight's Dreadweave Coronal	0	1	-1		1	26000	0							2026-09-01 00:55:12
Darkmoon	Season 10 Wildcard	48053	48053:860372:96	Lieutenant Thorne	20	860702	Knight's Dreadweave Mantle	0	1	-1		1	23000	0							2026-09-01 00:55:12
Darkmoon	Season 10 Wildcard	48053	48053:860372:96	Lieutenant Thorne	21	860712	Knight's Dreadweave Pants	0	1	-1		1	26000	0							2026-09-01 00:55:12
Darkmoon	Season 10 Wildcard	48053	48053:860372:96	Lieutenant Thorne	22	860722	Knight's Dreadweave Boots	0	1	-1		1	20000	0							2026-09-01 00:55:12
Darkmoon	Season 10 Wildcard	48053	48053:860372:96	Lieutenant Thorne	23	860682	Knight's Dreadweave Gloves	0	1	-1		1	20000	0							2026-09-01 00:55:12
Darkmoon	Season 10 Wildcard	48053	48053:860372:96	Lieutenant Thorne	24	860692	Knight's Dreadweave Robe	0	1	-1		1	26000	0							2026-09-01 00:55:12
Darkmoon	Season 10 Wildcard	48053	48053:860372:96	Lieutenant Thorne	25	860012	Knight's Felshroud Headdress	0	1	-1		1	26000	0							2026-09-01 00:55:12
Darkmoon	Season 10 Wildcard	48053	48053:860372:96	Lieutenant Thorne	26	860042	Knight's Felshroud Shoulders	0	1	-1		1	23000	0							2026-09-01 00:55:12
Darkmoon	Season 10 Wildcard	48053	48053:860372:96	Lieutenant Thorne	27	860052	Knight's Felshroud Leggings	0	1	-1		1	26000	0							2026-09-01 00:55:12
Darkmoon	Season 10 Wildcard	48053	48053:860372:96	Lieutenant Thorne	28	860062	Knight's Felshroud Boots	0	1	-1		1	20000	0							2026-09-01 00:55:12
Darkmoon	Season 10 Wildcard	48053	48053:860372:96	Lieutenant Thorne	29	860022	Knight's Felshroud Gloves	0	1	-1		1	20000	0							2026-09-01 00:55:12
Darkmoon	Season 10 Wildcard	48053	48053:860372:96	Lieutenant Thorne	30	860032	Knight's Felshroud Robe	0	1	-1		1	26000	0							2026-09-01 00:55:12
Darkmoon	Season 10 Wildcard	48053	48053:860372:96	Lieutenant Thorne	31	860732	Knight's Leather Mask	0	1	-1		1	26000	0							2026-09-01 00:55:12
Darkmoon	Season 10 Wildcard	48053	48053:860372:96	Lieutenant Thorne	32	860752	Knight's Leather Spaulders	0	1	-1		1	23000	0							2026-09-01 00:55:12
Darkmoon	Season 10 Wildcard	48053	48053:860372:96	Lieutenant Thorne	33	860762	Knight's Leather Chestpiece	0	1	-1		1	26000	0							2026-09-01 00:55:12
Darkmoon	Season 10 Wildcard	48053	48053:860372:96	Lieutenant Thorne	34	860772	Knight's Leather Leggings	0	1	-1		1	26000	0							2026-09-01 00:55:12
Darkmoon	Season 10 Wildcard	48053	48053:860372:96	Lieutenant Thorne	35	860782	Knight's Leather Treads	0	1	-1		1	20000	0							2026-09-01 00:55:12
Darkmoon	Season 10 Wildcard	48053	48053:860372:96	Lieutenant Thorne	36	860742	Knight's Leather Grips	0	1	-1		1	20000	0							2026-09-01 00:55:12
Darkmoon	Season 10 Wildcard	48053	48053:860372:96	Lieutenant Thorne	37	860852	Knight's Dragonhide Helmet	0	1	-1		1	26000	0							2026-09-01 00:55:12
Darkmoon	Season 10 Wildcard	48053	48053:860372:96	Lieutenant Thorne	38	860872	Knight's Dragonhide Spaulders	0	1	-1		1	23000	0							2026-09-01 00:55:12
Darkmoon	Season 10 Wildcard	48053	48053:860372:96	Lieutenant Thorne	39	860882	Knight's Dragonhide Harness	0	1	-1		1	26000	0							2026-09-01 00:55:12
Darkmoon	Season 10 Wildcard	48053	48053:860372:96	Lieutenant Thorne	40	860892	Knight's Dragonhide Legguards	0	1	-1		1	26000	0							2026-09-01 00:55:12
Darkmoon	Season 10 Wildcard	48053	48053:860372:96	Lieutenant Thorne	41	860902	Knight's Dragonhide Stompers	0	1	-1		1	20000	0							2026-09-01 00:55:12
Darkmoon	Season 10 Wildcard	48053	48053:860372:96	Lieutenant Thorne	42	860862	Knight's Dragonhide Grips	0	1	-1		1	20000	0							2026-09-01 00:55:12
Darkmoon	Season 10 Wildcard	48053	48053:860372:96	Lieutenant Thorne	43	860072	Knight's Kodohide Helm	0	1	-1		1	26000	0							2026-09-01 00:55:12
Darkmoon	Season 10 Wildcard	48053	48053:860372:96	Lieutenant Thorne	44	860092	Knight's Kodohide Spaulders	0	1	-1		1	23000	0							2026-09-01 00:55:12
Darkmoon	Season 10 Wildcard	48053	48053:860372:96	Lieutenant Thorne	45	860102	Knight's Kodohide Hauberk	0	1	-1		1	26000	0							2026-09-01 00:55:12
Darkmoon	Season 10 Wildcard	48053	48053:860372:96	Lieutenant Thorne	46	860112	Knight's Kodohide Pants	0	1	-1		1	26000	0							2026-09-01 00:55:12
Darkmoon	Season 10 Wildcard	48053	48053:860372:96	Lieutenant Thorne	47	860122	Knight's Kodohide Boots	0	1	-1		1	20000	0							2026-09-01 00:55:12
Darkmoon	Season 10 Wildcard	48053	48053:860372:96	Lieutenant Thorne	48	860082	Knight's Kodohide Gloves	0	1	-1		1	20000	0							2026-09-01 00:55:12
Darkmoon	Season 10 Wildcard	48053	48053:860372:96	Lieutenant Thorne	49	860312	Knight's Wildhide Hood	0	1	-1		1	26000	0							2026-09-01 00:55:12
Darkmoon	Season 10 Wildcard	48053	48053:860372:96	Lieutenant Thorne	50	860332	Knight's Wildhide Epaulets	0	1	-1		1	23000	0							2026-09-01 00:55:12
Darkmoon	Season 10 Wildcard	48053	48053:860372:96	Lieutenant Thorne	51	860342	Knight's Wildhide Armor	0	1	-1		1	26000	0							2026-09-01 00:55:12
Darkmoon	Season 10 Wildcard	48053	48053:860372:96	Lieutenant Thorne	52	860352	Knight's Wildhide Leggings	0	1	-1		1	26000	0							2026-09-01 00:55:12
Darkmoon	Season 10 Wildcard	48053	48053:860372:96	Lieutenant Thorne	53	860362	Knight's Wildhide Walkers	0	1	-1		1	20000	0							2026-09-01 00:55:12
Darkmoon	Season 10 Wildcard	48053	48053:860372:96	Lieutenant Thorne	54	860322	Knight's Wildhide Wraps	0	1	-1		1	20000	0							2026-09-01 00:55:12
Darkmoon	Season 10 Wildcard	48053	48053:860372:96	Lieutenant Thorne	55	860792	Knight's Chain Helmet	0	1	-1		1	26000	0							2026-09-01 00:55:12
Darkmoon	Season 10 Wildcard	48053	48053:860372:96	Lieutenant Thorne	56	860812	Knight's Chain Shoulders	0	1	-1		1	23000	0							2026-09-01 00:55:12
Darkmoon	Season 10 Wildcard	48053	48053:860372:96	Lieutenant Thorne	57	860822	Knight's Chain Chest	0	1	-1		1	26000	0							2026-09-01 00:55:12
Darkmoon	Season 10 Wildcard	48053	48053:860372:96	Lieutenant Thorne	58	860832	Knight's Chain Legguards	0	1	-1		1	26000	0							2026-09-01 00:55:12
Darkmoon	Season 10 Wildcard	48053	48053:860372:96	Lieutenant Thorne	59	860842	Knight's Chain Boots	0	1	-1		1	20000	0							2026-09-01 00:55:12
Darkmoon	Season 10 Wildcard	48053	48053:860372:96	Lieutenant Thorne	60	860802	Knight's Chain Gloves	0	1	-1		1	20000	0							2026-09-01 00:55:12
Darkmoon	Season 10 Wildcard	48053	48053:860372:96	Lieutenant Thorne	61	860492	Knight's Linked Headguard	0	1	-1		1	26000	0							2026-09-01 00:55:12
Darkmoon	Season 10 Wildcard	48053	48053:860372:96	Lieutenant Thorne	62	860512	Knight's Linked Spaulders	0	1	-1		1	23000	0							2026-09-01 00:55:12
Darkmoon	Season 10 Wildcard	48053	48053:860372:96	Lieutenant Thorne	63	860522	Knight's Linked Harness	0	1	-1		1	26000	0							2026-09-01 00:55:12
Darkmoon	Season 10 Wildcard	48053	48053:860372:96	Lieutenant Thorne	64	860532	Knight's Linked Legguards	0	1	-1		1	26000	0							2026-09-01 00:55:12
Darkmoon	Season 10 Wildcard	48053	48053:860372:96	Lieutenant Thorne	65	860542	Knight's Linked Treads	0	1	-1		1	20000	0							2026-09-01 00:55:12
Darkmoon	Season 10 Wildcard	48053	48053:860372:96	Lieutenant Thorne	66	860502	Knight's Linked Gauntlets	0	1	-1		1	20000	0							2026-09-01 00:55:12
Darkmoon	Season 10 Wildcard	48053	48053:860372:96	Lieutenant Thorne	67	860132	Knight's Mail Helm	0	1	-1		1	26000	0							2026-09-01 00:55:12
Darkmoon	Season 10 Wildcard	48053	48053:860372:96	Lieutenant Thorne	68	860152	Knight's Mail Shoulders	0	1	-1		1	23000	0							2026-09-01 00:55:12
Darkmoon	Season 10 Wildcard	48053	48053:860372:96	Lieutenant Thorne	69	860162	Knight's Mail Armor	0	1	-1		1	26000	0							2026-09-01 00:55:12
Darkmoon	Season 10 Wildcard	48053	48053:860372:96	Lieutenant Thorne	70	860172	Knight's Mail Pants	0	1	-1		1	26000	0							2026-09-01 00:55:12
Darkmoon	Season 10 Wildcard	48053	48053:860372:96	Lieutenant Thorne	71	860182	Knight's Mail Boots	0	1	-1		1	20000	0							2026-09-01 00:55:12
Darkmoon	Season 10 Wildcard	48053	48053:860372:96	Lieutenant Thorne	72	860142	Knight's Mail Gloves	0	1	-1		1	20000	0							2026-09-01 00:55:12
Darkmoon	Season 10 Wildcard	48053	48053:860372:96	Lieutenant Thorne	73	860252	Knight's Ringmail Helmet	0	1	-1		1	26000	0							2026-09-01 00:55:12
Darkmoon	Season 10 Wildcard	48053	48053:860372:96	Lieutenant Thorne	74	860272	Knight's Ringmail Mantle	0	1	-1		1	23000	0							2026-09-01 00:55:12
Darkmoon	Season 10 Wildcard	48053	48053:860372:96	Lieutenant Thorne	75	860282	Knight's Ringmail Chestpiece	0	1	-1		1	26000	0							2026-09-01 00:55:12
Darkmoon	Season 10 Wildcard	48053	48053:860372:96	Lieutenant Thorne	76	860292	Knight's Ringmail Leggings	0	1	-1		1	26000	0							2026-09-01 00:55:12
Darkmoon	Season 10 Wildcard	48053	48053:860372:96	Lieutenant Thorne	77	860302	Knight's Ringmail Footwraps	0	1	-1		1	20000	0							2026-09-01 00:55:12
Darkmoon	Season 10 Wildcard	48053	48053:860372:96	Lieutenant Thorne	78	860262	Knight's Ringmail Handwraps	0	1	-1		1	20000	0							2026-09-01 00:55:12
Darkmoon	Season 10 Wildcard	48053	48053:860372:96	Lieutenant Thorne	79	860432	Knight's Plate Headpiece	0	1	-1		1	26000	0							2026-09-01 00:55:12
Darkmoon	Season 10 Wildcard	48053	48053:860372:96	Lieutenant Thorne	80	860452	Knight's Plate Shoulders	0	1	-1		1	23000	0							2026-09-01 00:55:12
Darkmoon	Season 10 Wildcard	48053	48053:860372:96	Lieutenant Thorne	81	860462	Knight's Plate Armor	0	1	-1		1	26000	0							2026-09-01 00:55:12
Darkmoon	Season 10 Wildcard	48053	48053:860372:96	Lieutenant Thorne	82	860472	Knight's Plate Legguards	0	1	-1		1	26000	0							2026-09-01 00:55:12
Darkmoon	Season 10 Wildcard	48053	48053:860372:96	Lieutenant Thorne	83	860482	Knight's Plate Boots	0	1	-1		1	20000	0							2026-09-01 00:55:12
Darkmoon	Season 10 Wildcard	48053	48053:860372:96	Lieutenant Thorne	84	860442	Knight's Plate Gauntlets	0	1	-1		1	20000	0							2026-09-01 00:55:12
Darkmoon	Season 10 Wildcard	48053	48053:860372:96	Lieutenant Thorne	85	860912	Knight's Lamellar Faceguard	0	1	-1		1	26000	0							2026-09-01 00:55:12
Darkmoon	Season 10 Wildcard	48053	48053:860372:96	Lieutenant Thorne	86	860932	Knight's Lamellar Pauldrons	0	1	-1		1	23000	0							2026-09-01 00:55:12
Darkmoon	Season 10 Wildcard	48053	48053:860372:96	Lieutenant Thorne	87	860942	Knight's Lamellar Breastplate	0	1	-1		1	26000	0							2026-09-01 00:55:12
Darkmoon	Season 10 Wildcard	48053	48053:860372:96	Lieutenant Thorne	88	860952	Knight's Lamellar Legplates	0	1	-1		1	26000	0							2026-09-01 00:55:12
Darkmoon	Season 10 Wildcard	48053	48053:860372:96	Lieutenant Thorne	89	860962	Knight's Lamellar Treads	0	1	-1		1	20000	0							2026-09-01 00:55:12
Darkmoon	Season 10 Wildcard	48053	48053:860372:96	Lieutenant Thorne	90	860922	Knight's Lamellar Grips	0	1	-1		1	20000	0							2026-09-01 00:55:12
Darkmoon	Season 10 Wildcard	48053	48053:860372:96	Lieutenant Thorne	91	860192	Knight's Ornamented Helmet	0	1	-1		1	26000	0							2026-09-01 00:55:12
Darkmoon	Season 10 Wildcard	48053	48053:860372:96	Lieutenant Thorne	92	860212	Knight's Ornamented Spaulders	0	1	-1		1	23000	0							2026-09-01 00:55:12
Darkmoon	Season 10 Wildcard	48053	48053:860372:96	Lieutenant Thorne	93	860222	Knight's Ornamented Armor	0	1	-1		1	26000	0							2026-09-01 00:55:12
Darkmoon	Season 10 Wildcard	48053	48053:860372:96	Lieutenant Thorne	94	860232	Knight's Ornamented Leggings	0	1	-1		1	26000	0							2026-09-01 00:55:12
Darkmoon	Season 10 Wildcard	48053	48053:860372:96	Lieutenant Thorne	95	860242	Knight's Ornamented Boots	0	1	-1		1	20000	0							2026-09-01 00:55:12
Darkmoon	Season 10 Wildcard	48053	48053:860372:96	Lieutenant Thorne	96	860202	Knight's Ornamented Gloves	0	1	-1		1	20000	0							2026-09-01 00:55:12
Darkmoon	Season 10 Wildcard	48053	48053:861782:25	Lieutenant Thorne	1	861782	Knight's Sunderer	0	1	-1		1	40000	0							2026-09-01 00:55:05
Darkmoon	Season 10 Wildcard	48053	48053:861782:25	Lieutenant Thorne	2	861362	Knight's Battle Hammer	0	1	-1		1	40000	0							2026-09-01 00:55:05
Darkmoon	Season 10 Wildcard	48053	48053:861782:25	Lieutenant Thorne	3	861492	Knight's Glaive	0	1	-1		1	40000	0							2026-09-01 00:55:05
Darkmoon	Season 10 Wildcard	48053	48053:861782:25	Lieutenant Thorne	4	861412	Knight's Claymore	0	1	-1		1	40000	0							2026-09-01 00:55:05
Darkmoon	Season 10 Wildcard	48053	48053:861782:25	Lieutenant Thorne	5	861762	Knight's Stave	0	1	-1		1	40000	0							2026-09-01 00:55:05
Darkmoon	Season 10 Wildcard	48053	48053:861782:25	Lieutenant Thorne	6	861482	Knight's Focus Staff	0	1	-1		1	40000	0							2026-09-01 00:55:05
Darkmoon	Season 10 Wildcard	48053	48053:861782:25	Lieutenant Thorne	7	861862	Knight's Warhammer	0	1	-1		1	28000	0							2026-09-01 00:55:05
Darkmoon	Season 10 Wildcard	48053	48053:861782:25	Lieutenant Thorne	8	861682	Knight's Salvation	0	1	-1		1	28000	0							2026-09-01 00:55:05
Darkmoon	Season 10 Wildcard	48053	48053:861782:25	Lieutenant Thorne	9	861432	Knight's Conviction	0	1	-1		1	28000	0							2026-09-01 00:55:05
Darkmoon	Season 10 Wildcard	48053	48053:861782:25	Lieutenant Thorne	10	861572	Knight's Mageblade	0	1	-1		1	28000	0							2026-09-01 00:55:05
Darkmoon	Season 10 Wildcard	48053	48053:861782:25	Lieutenant Thorne	11	861522	Knight's Handaxe	0	1	-1		1	28000	0							2026-09-01 00:55:05
Darkmoon	Season 10 Wildcard	48053	48053:861782:25	Lieutenant Thorne	12	861612	Knight's Punisher	0	1	-1		1	28000	0							2026-09-01 00:55:05
Darkmoon	Season 10 Wildcard	48053	48053:861782:25	Lieutenant Thorne	13	861552	Knight's Longsword	0	1	-1		1	28000	0							2026-09-01 00:55:05
Darkmoon	Season 10 Wildcard	48053	48053:861782:25	Lieutenant Thorne	14	861792	Knight's Swiftblade	0	1	-1		1	28000	0							2026-09-01 00:55:05
Darkmoon	Season 10 Wildcard	48053	48053:861782:25	Lieutenant Thorne	15	861472	Knight's Dirk	0	1	-1		1	28000	0							2026-09-01 00:55:05
Darkmoon	Season 10 Wildcard	48053	48053:861782:25	Lieutenant Thorne	16	861542	Knight's Left Hand Blade	0	1	-1		1	13000	0							2026-09-01 00:55:05
Darkmoon	Season 10 Wildcard	48053	48053:861782:25	Lieutenant Thorne	17	861672	Knight's Right Hand Blade	0	1	-1		1	28000	0							2026-09-01 00:55:05
Darkmoon	Season 10 Wildcard	48053	48053:861782:25	Lieutenant Thorne	18	861342	Knight's Barrier	0	1	-1		1	13000	0							2026-09-01 00:55:05
Darkmoon	Season 10 Wildcard	48053	48053:861782:25	Lieutenant Thorne	19	861332	Knight's Aegis	0	1	-1		1	13000	0							2026-09-01 00:55:05
Darkmoon	Season 10 Wildcard	48053	48053:861782:25	Lieutenant Thorne	20	861822	Knight's Tome of Power	0	1	-1		1	13000	0							2026-09-01 00:55:05
Darkmoon	Season 10 Wildcard	48053	48053:861782:25	Lieutenant Thorne	21	861832	Knight's Tome of Restoration	0	1	-1		1	13000	0							2026-09-01 00:55:05
Darkmoon	Season 10 Wildcard	48053	48053:861782:25	Lieutenant Thorne	22	861402	Knight's Bullseye	0	1	-1		1	28000	0							2026-09-01 00:55:05
Darkmoon	Season 10 Wildcard	48053	48053:861782:25	Lieutenant Thorne	23	861512	Knight's Hand Cannon	0	1	-1		1	28000	0							2026-09-01 00:55:05
Darkmoon	Season 10 Wildcard	48053	48053:861782:25	Lieutenant Thorne	24	861652	Knight's Repeater	0	1	-1		1	28000	0							2026-09-01 00:55:05
Darkmoon	Season 10 Wildcard	48053	48053:861782:25	Lieutenant Thorne	25	861842	Knight's Touch of Hope	0	1	-1		1	13000	0							2026-09-01 00:55:05
Darkmoon	Season 10 Wildcard	48053	48053:862378:36	Lieutenant Thorne	1	862378	Combatant's Amulet of Acumen	0	1	-1		1	15000	0							2026-09-01 00:55:07
Darkmoon	Season 10 Wildcard	48053	48053:862378:36	Lieutenant Thorne	2	862380	Combatant's Amulet of Alacrity	0	1	-1		1	15000	0							2026-09-01 00:55:07
Darkmoon	Season 10 Wildcard	48053	48053:862378:36	Lieutenant Thorne	3	862382	Combatant's Amulet of Bravery	0	1	-1		1	15000	0							2026-09-01 00:55:07
Darkmoon	Season 10 Wildcard	48053	48053:862378:36	Lieutenant Thorne	4	862384	Combatant's Amulet of Brawn	0	1	-1		1	15000	0							2026-09-01 00:55:07
Darkmoon	Season 10 Wildcard	48053	48053:862378:36	Lieutenant Thorne	5	862388	Combatant's Amulet of Insight	0	1	-1		1	15000	0							2026-09-01 00:55:07
Darkmoon	Season 10 Wildcard	48053	48053:862378:36	Lieutenant Thorne	6	862390	Combatant's Amulet of Intuition	0	1	-1		1	15000	0							2026-09-01 00:55:07
Darkmoon	Season 10 Wildcard	48053	48053:862378:36	Lieutenant Thorne	7	862392	Combatant's Amulet of Proficiency	0	1	-1		1	15000	0							2026-09-01 00:55:07
Darkmoon	Season 10 Wildcard	48053	48053:862378:36	Lieutenant Thorne	8	862394	Combatant's Amulet of Prowess	0	1	-1		1	15000	0							2026-09-01 00:55:07
Darkmoon	Season 10 Wildcard	48053	48053:862378:36	Lieutenant Thorne	9	862396	Combatant's Amulet of Subjugation	0	1	-1		1	15000	0							2026-09-01 00:55:07
Darkmoon	Season 10 Wildcard	48053	48053:862378:36	Lieutenant Thorne	10	862398	Combatant's Amulet of Sundering	0	1	-1		1	15000	0							2026-09-01 00:55:07
Darkmoon	Season 10 Wildcard	48053	48053:862378:36	Lieutenant Thorne	11	862420	Combatant's Cloak of Acumen	0	1	-1		1	15000	0							2026-09-01 00:55:07
Darkmoon	Season 10 Wildcard	48053	48053:862378:36	Lieutenant Thorne	12	862422	Combatant's Cloak of Alacrity	0	1	-1		1	15000	0							2026-09-01 00:55:07
Darkmoon	Season 10 Wildcard	48053	48053:862378:36	Lieutenant Thorne	13	862424	Combatant's Cloak of Bravery	0	1	-1		1	15000	0							2026-09-01 00:55:07
Darkmoon	Season 10 Wildcard	48053	48053:862378:36	Lieutenant Thorne	14	862426	Combatant's Cloak of Brawn	0	1	-1		1	15000	0							2026-09-01 00:55:07
Darkmoon	Season 10 Wildcard	48053	48053:862378:36	Lieutenant Thorne	15	862430	Combatant's Cloak of Insight	0	1	-1		1	15000	0							2026-09-01 00:55:07
Darkmoon	Season 10 Wildcard	48053	48053:862378:36	Lieutenant Thorne	16	862432	Combatant's Cloak of Intuition	0	1	-1		1	15000	0							2026-09-01 00:55:07
Darkmoon	Season 10 Wildcard	48053	48053:862378:36	Lieutenant Thorne	17	862434	Combatant's Cloak of Proficiency	0	1	-1		1	15000	0							2026-09-01 00:55:07
Darkmoon	Season 10 Wildcard	48053	48053:862378:36	Lieutenant Thorne	18	862436	Combatant's Cloak of Prowess	0	1	-1		1	15000	0							2026-09-01 00:55:07
Darkmoon	Season 10 Wildcard	48053	48053:862378:36	Lieutenant Thorne	19	862438	Combatant's Cloak of Subjugation	0	1	-1		1	15000	0							2026-09-01 00:55:07
Darkmoon	Season 10 Wildcard	48053	48053:862378:36	Lieutenant Thorne	20	862440	Combatant's Cloak of Sundering	0	1	-1		1	15000	0							2026-09-01 00:55:07
Darkmoon	Season 10 Wildcard	48053	48053:862378:36	Lieutenant Thorne	21	862470	Combatant's Loop of Acumen	0	1	-1		1	15000	0							2026-09-01 00:55:07
Darkmoon	Season 10 Wildcard	48053	48053:862378:36	Lieutenant Thorne	22	862472	Combatant's Loop of Alacrity	0	1	-1		1	15000	0							2026-09-01 00:55:07
Darkmoon	Season 10 Wildcard	48053	48053:862378:36	Lieutenant Thorne	23	862474	Combatant's Loop of Bravery	0	1	-1		1	15000	0							2026-09-01 00:55:07
Darkmoon	Season 10 Wildcard	48053	48053:862378:36	Lieutenant Thorne	24	862476	Combatant's Loop of Brawn	0	1	-1		1	15000	0							2026-09-01 00:55:07
Darkmoon	Season 10 Wildcard	48053	48053:862378:36	Lieutenant Thorne	25	862480	Combatant's Loop of Insight	0	1	-1		1	15000	0							2026-09-01 00:55:07
Darkmoon	Season 10 Wildcard	48053	48053:862378:36	Lieutenant Thorne	26	862482	Combatant's Loop of Intuition	0	1	-1		1	15000	0							2026-09-01 00:55:07
Darkmoon	Season 10 Wildcard	48053	48053:862378:36	Lieutenant Thorne	27	862484	Combatant's Loop of Proficiency	0	1	-1		1	15000	0							2026-09-01 00:55:07
Darkmoon	Season 10 Wildcard	48053	48053:862378:36	Lieutenant Thorne	28	862486	Combatant's Loop of Prowess	0	1	-1		1	15000	0							2026-09-01 00:55:07
Darkmoon	Season 10 Wildcard	48053	48053:862378:36	Lieutenant Thorne	29	862488	Combatant's Loop of Subjugation	0	1	-1		1	15000	0							2026-09-01 00:55:07
Darkmoon	Season 10 Wildcard	48053	48053:862378:36	Lieutenant Thorne	30	862490	Combatant's Loop of Sundering	0	1	-1		1	15000	0							2026-09-01 00:55:07
Darkmoon	Season 10 Wildcard	48053	48053:862378:36	Lieutenant Thorne	31	1118864	Insignia of the Alliance	0	1	-1		1	10000	0							2026-09-01 00:55:07
Darkmoon	Season 10 Wildcard	48053	48053:862378:36	Lieutenant Thorne	32	12135	Battlemaster's Fury	0	1	-1		1	20000	0							2026-09-01 00:55:07
Darkmoon	Season 10 Wildcard	48053	48053:862378:36	Lieutenant Thorne	33	12136	Battlemaster's Might	0	1	-1		1	20000	0							2026-09-01 00:55:07
Darkmoon	Season 10 Wildcard	48053	48053:862378:36	Lieutenant Thorne	34	12137	Battlemaster's Ruination	0	1	-1		1	20000	0							2026-09-01 00:55:07
Darkmoon	Season 10 Wildcard	48053	48053:862378:36	Lieutenant Thorne	35	12138	Battlemaster's Wrath	0	1	-1		1	20000	0							2026-09-01 00:55:07
Darkmoon	Season 10 Wildcard	48053	48053:862378:36	Lieutenant Thorne	36	12139	Battlemaster's Rage	0	1	-1		1	20000	0							2026-09-01 00:55:07
Darkmoon	Season 10 Wildcard	48066	48066:862256:96	Vik "Angry" Smalls	1	862256	Captain's Mooncloth Crown	0	1	-1		1	0	1875							2026-09-01 00:55:18
Darkmoon	Season 10 Wildcard	48066	48066:862256:96	Vik "Angry" Smalls	2	862262	Captain's Mooncloth Mantle	0	1	-1		1	0	1500							2026-09-01 00:55:18
Darkmoon	Season 10 Wildcard	48066	48066:862256:96	Vik "Angry" Smalls	3	862264	Captain's Mooncloth Leggings	0	1	-1		1	0	1875							2026-09-01 00:55:18
Darkmoon	Season 10 Wildcard	48066	48066:862256:96	Vik "Angry" Smalls	4	862266	Captain's Mooncloth Boots	0	1	-1		1	0	1200							2026-09-01 00:55:18
Darkmoon	Season 10 Wildcard	48066	48066:862256:96	Vik "Angry" Smalls	5	862258	Captain's Mooncloth Mittens	0	1	-1		1	0	1200							2026-09-01 00:55:18
Darkmoon	Season 10 Wildcard	48066	48066:862256:96	Vik "Angry" Smalls	6	862260	Captain's Mooncloth Robes	0	1	-1		1	0	1875							2026-09-01 00:55:18
Darkmoon	Season 10 Wildcard	48066	48066:862256:96	Vik "Angry" Smalls	7	862304	Captain's Satin Hood	0	1	-1		1	0	1875							2026-09-01 00:55:18
Darkmoon	Season 10 Wildcard	48066	48066:862256:96	Vik "Angry" Smalls	8	862310	Captain's Satin Mantle	0	1	-1		1	0	1500							2026-09-01 00:55:18
Darkmoon	Season 10 Wildcard	48066	48066:862256:96	Vik "Angry" Smalls	9	862312	Captain's Satin Legguards	0	1	-1		1	0	1875							2026-09-01 00:55:18
Darkmoon	Season 10 Wildcard	48066	48066:862256:96	Vik "Angry" Smalls	10	862314	Captain's Satin Walkers	0	1	-1		1	0	1200							2026-09-01 00:55:18
Darkmoon	Season 10 Wildcard	48066	48066:862256:96	Vik "Angry" Smalls	11	862306	Captain's Satin Handwraps	0	1	-1		1	0	1200							2026-09-01 00:55:18
Darkmoon	Season 10 Wildcard	48066	48066:862256:96	Vik "Angry" Smalls	12	862308	Captain's Satin Tunic	0	1	-1		1	0	1875							2026-09-01 00:55:18
Darkmoon	Season 10 Wildcard	48066	48066:862256:96	Vik "Angry" Smalls	13	862292	Captain's Silk Cowl	0	1	-1		1	0	1875							2026-09-01 00:55:18
Darkmoon	Season 10 Wildcard	48066	48066:862256:96	Vik "Angry" Smalls	14	862298	Captain's Silk Mantle	0	1	-1		1	0	1500							2026-09-01 00:55:18
Darkmoon	Season 10 Wildcard	48066	48066:862256:96	Vik "Angry" Smalls	15	862300	Captain's Silk Legguards	0	1	-1		1	0	1875							2026-09-01 00:55:18
Darkmoon	Season 10 Wildcard	48066	48066:862256:96	Vik "Angry" Smalls	16	862302	Captain's Silk Walkers	0	1	-1		1	0	1200							2026-09-01 00:55:18
Darkmoon	Season 10 Wildcard	48066	48066:862256:96	Vik "Angry" Smalls	17	862294	Captain's Silk Handwraps	0	1	-1		1	0	1200							2026-09-01 00:55:18
Darkmoon	Season 10 Wildcard	48066	48066:862256:96	Vik "Angry" Smalls	18	862296	Captain's Silk Tunic	0	1	-1		1	0	1875							2026-09-01 00:55:18
Darkmoon	Season 10 Wildcard	48066	48066:862256:96	Vik "Angry" Smalls	19	862316	Captain's Dreadweave Cowl	0	1	-1		1	0	1875							2026-09-01 00:55:18
Darkmoon	Season 10 Wildcard	48066	48066:862256:96	Vik "Angry" Smalls	20	862322	Captain's Dreadweave Spaulders	0	1	-1		1	0	1500							2026-09-01 00:55:18
Darkmoon	Season 10 Wildcard	48066	48066:862256:96	Vik "Angry" Smalls	21	862324	Captain's Dreadweave Legguards	0	1	-1		1	0	1875							2026-09-01 00:55:18
Darkmoon	Season 10 Wildcard	48066	48066:862256:96	Vik "Angry" Smalls	22	862326	Captain's Dreadweave Walkers	0	1	-1		1	0	1200							2026-09-01 00:55:18
Darkmoon	Season 10 Wildcard	48066	48066:862256:96	Vik "Angry" Smalls	23	862318	Captain's Dreadweave Handwraps	0	1	-1		1	0	1200							2026-09-01 00:55:18
Darkmoon	Season 10 Wildcard	48066	48066:862256:96	Vik "Angry" Smalls	24	862320	Captain's Dreadweave Tunic	0	1	-1		1	0	1875							2026-09-01 00:55:18
Darkmoon	Season 10 Wildcard	48066	48066:862256:96	Vik "Angry" Smalls	25	862184	Captain's Felshroud Headdress	0	1	-1		1	0	1875							2026-09-01 00:55:18
Darkmoon	Season 10 Wildcard	48066	48066:862256:96	Vik "Angry" Smalls	26	862190	Captain's Felshroud Shoulders	0	1	-1		1	0	1500							2026-09-01 00:55:18
Darkmoon	Season 10 Wildcard	48066	48066:862256:96	Vik "Angry" Smalls	27	862192	Captain's Felshroud Leggings	0	1	-1		1	0	1875							2026-09-01 00:55:18
Darkmoon	Season 10 Wildcard	48066	48066:862256:96	Vik "Angry" Smalls	28	862194	Captain's Felshroud Boots	0	1	-1		1	0	1200							2026-09-01 00:55:18
Darkmoon	Season 10 Wildcard	48066	48066:862256:96	Vik "Angry" Smalls	29	862186	Captain's Felshroud Gloves	0	1	-1		1	0	1200							2026-09-01 00:55:18
Darkmoon	Season 10 Wildcard	48066	48066:862256:96	Vik "Angry" Smalls	30	862188	Captain's Felshroud Robe	0	1	-1		1	0	1875							2026-09-01 00:55:18
Darkmoon	Season 10 Wildcard	48066	48066:862256:96	Vik "Angry" Smalls	31	862328	Captain's Leather Helm	0	1	-1		1	0	1875							2026-09-01 00:55:18
Darkmoon	Season 10 Wildcard	48066	48066:862256:96	Vik "Angry" Smalls	32	862332	Captain's Leather Shoulders	0	1	-1		1	0	1500							2026-09-01 00:55:18
Darkmoon	Season 10 Wildcard	48066	48066:862256:96	Vik "Angry" Smalls	33	862334	Captain's Leather Chestpiece	0	1	-1		1	0	1875							2026-09-01 00:55:18
Darkmoon	Season 10 Wildcard	48066	48066:862256:96	Vik "Angry" Smalls	34	862336	Captain's Leather Legguards	0	1	-1		1	0	1875							2026-09-01 00:55:18
Darkmoon	Season 10 Wildcard	48066	48066:862256:96	Vik "Angry" Smalls	35	862338	Captain's Leather Walkers	0	1	-1		1	0	1200							2026-09-01 00:55:18
Darkmoon	Season 10 Wildcard	48066	48066:862256:96	Vik "Angry" Smalls	36	862330	Captain's Leather Grips	0	1	-1		1	0	1200							2026-09-01 00:55:18
Darkmoon	Season 10 Wildcard	48066	48066:862256:96	Vik "Angry" Smalls	37	862352	Captain's Dragonhide Headguard	0	1	-1		1	0	1875							2026-09-01 00:55:18
Darkmoon	Season 10 Wildcard	48066	48066:862256:96	Vik "Angry" Smalls	38	862356	Captain's Dragonhide Shoulders	0	1	-1		1	0	1500							2026-09-01 00:55:18
Darkmoon	Season 10 Wildcard	48066	48066:862256:96	Vik "Angry" Smalls	39	862358	Captain's Dragonhide Chestpiece	0	1	-1		1	0	1875							2026-09-01 00:55:18
Darkmoon	Season 10 Wildcard	48066	48066:862256:96	Vik "Angry" Smalls	40	862360	Captain's Dragonhide Leggings	0	1	-1		1	0	1875							2026-09-01 00:55:18
Darkmoon	Season 10 Wildcard	48066	48066:862256:96	Vik "Angry" Smalls	41	862362	Captain's Dragonhide Treads	0	1	-1		1	0	1200							2026-09-01 00:55:18
Darkmoon	Season 10 Wildcard	48066	48066:862256:96	Vik "Angry" Smalls	42	862354	Captain's Dragonhide Grips	0	1	-1		1	0	1200							2026-09-01 00:55:18
Darkmoon	Season 10 Wildcard	48066	48066:862256:96	Vik "Angry" Smalls	43	862196	Captain's Kodohide Helm	0	1	-1		1	0	1875							2026-09-01 00:55:18
Darkmoon	Season 10 Wildcard	48066	48066:862256:96	Vik "Angry" Smalls	44	862200	Captain's Kodohide Spaulders	0	1	-1		1	0	1500							2026-09-01 00:55:18
Darkmoon	Season 10 Wildcard	48066	48066:862256:96	Vik "Angry" Smalls	45	862202	Captain's Kodohide Hauberk	0	1	-1		1	0	1875							2026-09-01 00:55:18
Darkmoon	Season 10 Wildcard	48066	48066:862256:96	Vik "Angry" Smalls	46	862204	Captain's Kodohide Pants	0	1	-1		1	0	1875							2026-09-01 00:55:18
Darkmoon	Season 10 Wildcard	48066	48066:862256:96	Vik "Angry" Smalls	47	862206	Captain's Kodohide Boots	0	1	-1		1	0	1200							2026-09-01 00:55:18
Darkmoon	Season 10 Wildcard	48066	48066:862256:96	Vik "Angry" Smalls	48	862198	Captain's Kodohide Gloves	0	1	-1		1	0	1200							2026-09-01 00:55:18
Darkmoon	Season 10 Wildcard	48066	48066:862256:96	Vik "Angry" Smalls	49	862244	Captain's Wildhide Hood	0	1	-1		1	0	1875							2026-09-01 00:55:18
Darkmoon	Season 10 Wildcard	48066	48066:862256:96	Vik "Angry" Smalls	50	862248	Captain's Wildhide Epaulets	0	1	-1		1	0	1500							2026-09-01 00:55:18
Darkmoon	Season 10 Wildcard	48066	48066:862256:96	Vik "Angry" Smalls	51	862250	Captain's Wildhide Armor	0	1	-1		1	0	1875							2026-09-01 00:55:18
Darkmoon	Season 10 Wildcard	48066	48066:862256:96	Vik "Angry" Smalls	52	862252	Captain's Wildhide Leggings	0	1	-1		1	0	1875							2026-09-01 00:55:18
Darkmoon	Season 10 Wildcard	48066	48066:862256:96	Vik "Angry" Smalls	53	862254	Captain's Wildhide Walkers	0	1	-1		1	0	1200							2026-09-01 00:55:18
Darkmoon	Season 10 Wildcard	48066	48066:862256:96	Vik "Angry" Smalls	54	862246	Captain's Wildhide Wraps	0	1	-1		1	0	1200							2026-09-01 00:55:18
Darkmoon	Season 10 Wildcard	48066	48066:862256:96	Vik "Angry" Smalls	55	862340	Captain's Chain Helm	0	1	-1		1	0	1875							2026-09-01 00:55:18
Darkmoon	Season 10 Wildcard	48066	48066:862256:96	Vik "Angry" Smalls	56	862344	Captain's Chain Shoulders	0	1	-1		1	0	1500							2026-09-01 00:55:18
Darkmoon	Season 10 Wildcard	48066	48066:862256:96	Vik "Angry" Smalls	57	862346	Captain's Chain Hauberk	0	1	-1		1	0	1875							2026-09-01 00:55:18
Darkmoon	Season 10 Wildcard	48066	48066:862256:96	Vik "Angry" Smalls	58	862348	Captain's Chain Legguards	0	1	-1		1	0	1875							2026-09-01 00:55:18
Darkmoon	Season 10 Wildcard	48066	48066:862256:96	Vik "Angry" Smalls	59	862350	Captain's Chain Greaves	0	1	-1		1	0	1200							2026-09-01 00:55:18
Darkmoon	Season 10 Wildcard	48066	48066:862256:96	Vik "Angry" Smalls	60	862342	Captain's Chain Vices	0	1	-1		1	0	1200							2026-09-01 00:55:18
Darkmoon	Season 10 Wildcard	48066	48066:862256:96	Vik "Angry" Smalls	61	862280	Captain's Linked Headguard	0	1	-1		1	0	1875							2026-09-01 00:55:18
Darkmoon	Season 10 Wildcard	48066	48066:862256:96	Vik "Angry" Smalls	62	862284	Captain's Linked Pauldrons	0	1	-1		1	0	1500							2026-09-01 00:55:18
Darkmoon	Season 10 Wildcard	48066	48066:862256:96	Vik "Angry" Smalls	63	862286	Captain's Linked Hauberk	0	1	-1		1	0	1875							2026-09-01 00:55:18
Darkmoon	Season 10 Wildcard	48066	48066:862256:96	Vik "Angry" Smalls	64	862288	Captain's Linked Legguards	0	1	-1		1	0	1875							2026-09-01 00:55:18
Darkmoon	Season 10 Wildcard	48066	48066:862256:96	Vik "Angry" Smalls	65	862290	Captain's Linked Greaves	0	1	-1		1	0	1200							2026-09-01 00:55:18
Darkmoon	Season 10 Wildcard	48066	48066:862256:96	Vik "Angry" Smalls	66	862282	Captain's Linked Vices	0	1	-1		1	0	1200							2026-09-01 00:55:18
Darkmoon	Season 10 Wildcard	48066	48066:862256:96	Vik "Angry" Smalls	67	862208	Captain's Mail Helm	0	1	-1		1	0	1875							2026-09-01 00:55:18
Darkmoon	Season 10 Wildcard	48066	48066:862256:96	Vik "Angry" Smalls	68	862212	Captain's Mail Shoulders	0	1	-1		1	0	1500							2026-09-01 00:55:18
Darkmoon	Season 10 Wildcard	48066	48066:862256:96	Vik "Angry" Smalls	69	862214	Captain's Mail Armor	0	1	-1		1	0	1875							2026-09-01 00:55:18
Darkmoon	Season 10 Wildcard	48066	48066:862256:96	Vik "Angry" Smalls	70	862216	Captain's Mail Pants	0	1	-1		1	0	1875							2026-09-01 00:55:18
Darkmoon	Season 10 Wildcard	48066	48066:862256:96	Vik "Angry" Smalls	71	862218	Captain's Mail Boots	0	1	-1		1	0	1200							2026-09-01 00:55:18
Darkmoon	Season 10 Wildcard	48066	48066:862256:96	Vik "Angry" Smalls	72	862210	Captain's Mail Gloves	0	1	-1		1	0	1200							2026-09-01 00:55:18
Darkmoon	Season 10 Wildcard	48066	48066:862256:96	Vik "Angry" Smalls	73	862232	Captain's Ringmail Helmet	0	1	-1		1	0	1875							2026-09-01 00:55:18
Darkmoon	Season 10 Wildcard	48066	48066:862256:96	Vik "Angry" Smalls	74	862236	Captain's Ringmail Mantle	0	1	-1		1	0	1500							2026-09-01 00:55:18
Darkmoon	Season 10 Wildcard	48066	48066:862256:96	Vik "Angry" Smalls	75	862238	Captain's Ringmail Chestpiece	0	1	-1		1	0	1875							2026-09-01 00:55:18
Darkmoon	Season 10 Wildcard	48066	48066:862256:96	Vik "Angry" Smalls	76	862240	Captain's Ringmail Leggings	0	1	-1		1	0	1875							2026-09-01 00:55:18
Darkmoon	Season 10 Wildcard	48066	48066:862256:96	Vik "Angry" Smalls	77	862242	Captain's Ringmail Footwraps	0	1	-1		1	0	1200							2026-09-01 00:55:18
Darkmoon	Season 10 Wildcard	48066	48066:862256:96	Vik "Angry" Smalls	78	862234	Captain's Ringmail Handwraps	0	1	-1		1	0	1200							2026-09-01 00:55:18
Darkmoon	Season 10 Wildcard	48066	48066:862256:96	Vik "Angry" Smalls	79	862268	Captain's Plate Helmet	0	1	-1		1	0	1875							2026-09-01 00:55:18
Darkmoon	Season 10 Wildcard	48066	48066:862256:96	Vik "Angry" Smalls	80	862272	Captain's Plate Shoulders	0	1	-1		1	0	1500							2026-09-01 00:55:18
Darkmoon	Season 10 Wildcard	48066	48066:862256:96	Vik "Angry" Smalls	81	862274	Captain's Plate Hauberk	0	1	-1		1	0	1875							2026-09-01 00:55:18
Darkmoon	Season 10 Wildcard	48066	48066:862256:96	Vik "Angry" Smalls	82	862276	Captain's Plate Leggings	0	1	-1		1	0	1875							2026-09-01 00:55:18
Darkmoon	Season 10 Wildcard	48066	48066:862256:96	Vik "Angry" Smalls	83	862278	Captain's Plate Greaves	0	1	-1		1	0	1200							2026-09-01 00:55:18
Darkmoon	Season 10 Wildcard	48066	48066:862256:96	Vik "Angry" Smalls	84	862270	Captain's Plate Gauntlets	0	1	-1		1	0	1200							2026-09-01 00:55:18
Darkmoon	Season 10 Wildcard	48066	48066:862256:96	Vik "Angry" Smalls	85	862364	Captain's Lamellar Headguard	0	1	-1		1	0	1875							2026-09-01 00:55:18
Darkmoon	Season 10 Wildcard	48066	48066:862256:96	Vik "Angry" Smalls	86	862368	Captain's Lamellar Shoulders	0	1	-1		1	0	1500							2026-09-01 00:55:18
Darkmoon	Season 10 Wildcard	48066	48066:862256:96	Vik "Angry" Smalls	87	862370	Captain's Lamellar Breastplate	0	1	-1		1	0	1875							2026-09-01 00:55:18
Darkmoon	Season 10 Wildcard	48066	48066:862256:96	Vik "Angry" Smalls	88	862372	Captain's Lamellar Leggings	0	1	-1		1	0	1875							2026-09-01 00:55:18
Darkmoon	Season 10 Wildcard	48066	48066:862256:96	Vik "Angry" Smalls	89	862374	Captain's Lamellar Sabatons	0	1	-1		1	0	1200							2026-09-01 00:55:18
Darkmoon	Season 10 Wildcard	48066	48066:862256:96	Vik "Angry" Smalls	90	862366	Captain's Lamellar Gauntlets	0	1	-1		1	0	1200							2026-09-01 00:55:18
Darkmoon	Season 10 Wildcard	48066	48066:862256:96	Vik "Angry" Smalls	91	862220	Captain's Ornamented Helmet	0	1	-1		1	0	1875							2026-09-01 00:55:18
Darkmoon	Season 10 Wildcard	48066	48066:862256:96	Vik "Angry" Smalls	92	862224	Captain's Ornamented Spaulders	0	1	-1		1	0	1500							2026-09-01 00:55:18
Darkmoon	Season 10 Wildcard	48066	48066:862256:96	Vik "Angry" Smalls	93	862226	Captain's Ornamented Armor	0	1	-1		1	0	1875							2026-09-01 00:55:18
Darkmoon	Season 10 Wildcard	48066	48066:862256:96	Vik "Angry" Smalls	94	862228	Captain's Ornamented Leggings	0	1	-1		1	0	1875							2026-09-01 00:55:18
Darkmoon	Season 10 Wildcard	48066	48066:862256:96	Vik "Angry" Smalls	95	862230	Captain's Ornamented Boots	0	1	-1		1	0	1200							2026-09-01 00:55:18
Darkmoon	Season 10 Wildcard	48066	48066:862256:96	Vik "Angry" Smalls	96	862222	Captain's Ornamented Gloves	0	1	-1		1	0	1200							2026-09-01 00:55:18
Darkmoon	Season 10 Wildcard	48066	48066:862538:25	Vik "Angry" Smalls	1	862538	Captain's Sunderer	0	1	-1		1	0	3500							2026-09-01 00:55:20
Darkmoon	Season 10 Wildcard	48066	48066:862538:25	Vik "Angry" Smalls	2	862406	Captain's Battle Hammer	0	1	-1		1	0	3500							2026-09-01 00:55:20
Darkmoon	Season 10 Wildcard	48066	48066:862538:25	Vik "Angry" Smalls	3	862456	Captain's Glaive	0	1	-1		1	0	3500							2026-09-01 00:55:20
Darkmoon	Season 10 Wildcard	48066	48066:862538:25	Vik "Angry" Smalls	4	862416	Captain's Claymore	0	1	-1		1	0	3500							2026-09-01 00:55:20
Darkmoon	Season 10 Wildcard	48066	48066:862538:25	Vik "Angry" Smalls	5	862534	Captain's Stave	0	1	-1		1	0	3500							2026-09-01 00:55:20
Darkmoon	Season 10 Wildcard	48066	48066:862538:25	Vik "Angry" Smalls	6	862454	Captain's Focus Staff	0	1	-1		1	0	3500							2026-09-01 00:55:20
Darkmoon	Season 10 Wildcard	48066	48066:862538:25	Vik "Angry" Smalls	7	862554	Captain's Warhammer	0	1	-1		1	0	2450							2026-09-01 00:55:20
Darkmoon	Season 10 Wildcard	48066	48066:862538:25	Vik "Angry" Smalls	8	862518	Captain's Salvation	0	1	-1		1	0	2450							2026-09-01 00:55:20
Darkmoon	Season 10 Wildcard	48066	48066:862538:25	Vik "Angry" Smalls	9	862444	Captain's Conviction	0	1	-1		1	0	2450							2026-09-01 00:55:20
Darkmoon	Season 10 Wildcard	48066	48066:862538:25	Vik "Angry" Smalls	10	862496	Captain's Mageblade	0	1	-1		1	0	2450							2026-09-01 00:55:20
Darkmoon	Season 10 Wildcard	48066	48066:862538:25	Vik "Angry" Smalls	11	862462	Captain's Handaxe	0	1	-1		1	0	2450							2026-09-01 00:55:20
Darkmoon	Season 10 Wildcard	48066	48066:862538:25	Vik "Angry" Smalls	12	862504	Captain's Punisher	0	1	-1		1	0	2450							2026-09-01 00:55:20
Darkmoon	Season 10 Wildcard	48066	48066:862538:25	Vik "Angry" Smalls	13	862468	Captain's Longsword	0	1	-1		1	0	2450							2026-09-01 00:55:20
Darkmoon	Season 10 Wildcard	48066	48066:862538:25	Vik "Angry" Smalls	14	862540	Captain's Swiftblade	0	1	-1		1	0	2450							2026-09-01 00:55:20
Darkmoon	Season 10 Wildcard	48066	48066:862538:25	Vik "Angry" Smalls	15	862452	Captain's Dirk	0	1	-1		1	0	2450							2026-09-01 00:55:20
Darkmoon	Season 10 Wildcard	48066	48066:862538:25	Vik "Angry" Smalls	16	862466	Captain's Left Hand Blade	0	1	-1		1	0	2450							2026-09-01 00:55:20
Darkmoon	Season 10 Wildcard	48066	48066:862538:25	Vik "Angry" Smalls	17	862516	Captain's Right Hand Blade	0	1	-1		1	0	2450							2026-09-01 00:55:20
Darkmoon	Season 10 Wildcard	48066	48066:862538:25	Vik "Angry" Smalls	18	862402	Captain's Barrier	0	1	-1		1	0	1050							2026-09-01 00:55:20
Darkmoon	Season 10 Wildcard	48066	48066:862538:25	Vik "Angry" Smalls	19	862376	Captain's Aegis	0	1	-1		1	0	1050							2026-09-01 00:55:20
Darkmoon	Season 10 Wildcard	48066	48066:862538:25	Vik "Angry" Smalls	20	862546	Captain's Tome of Power	0	1	-1		1	0	1050							2026-09-01 00:55:20
Darkmoon	Season 10 Wildcard	48066	48066:862538:25	Vik "Angry" Smalls	21	862548	Captain's Tome of Restoration	0	1	-1		1	0	1050							2026-09-01 00:55:20
Darkmoon	Season 10 Wildcard	48066	48066:862538:25	Vik "Angry" Smalls	22	862414	Captain's Bullseye	0	1	-1		1	0	1750							2026-09-01 00:55:20
Darkmoon	Season 10 Wildcard	48066	48066:862538:25	Vik "Angry" Smalls	23	862460	Captain's Hand Cannon	0	1	-1		1	0	1750							2026-09-01 00:55:20
Darkmoon	Season 10 Wildcard	48066	48066:862538:25	Vik "Angry" Smalls	24	862512	Captain's Repeater	0	1	-1		1	0	1750							2026-09-01 00:55:20
Darkmoon	Season 10 Wildcard	48066	48066:862538:25	Vik "Angry" Smalls	25	862550	Captain's Touch of Hope	0	1	-1		1	0	1750							2026-09-01 00:55:20
Darkmoon	Season 10 Wildcard	48066	48066:998531:22	Vik "Angry" Smalls	1	998531	Greater Contestant's Commendation	0	1	-1	1	1	0	100							2026-09-01 00:55:23
Darkmoon	Season 10 Wildcard	48066	48066:998531:22	Vik "Angry" Smalls	2	1235070	Bloody Mark of War	0	1	-1	1	1	1000	0							2026-09-01 00:55:23
Darkmoon	Season 10 Wildcard	48066	48066:998531:22	Vik "Angry" Smalls	3	1118865	Insignia of the Alliance	0	1	-1		1	0	50							2026-09-01 00:55:23
Darkmoon	Season 10 Wildcard	48066	48066:998531:22	Vik "Angry" Smalls	4	12130	Battlemaster's Fury	0	1	-1		1	0	500	12135	1					2026-09-01 00:55:23
Darkmoon	Season 10 Wildcard	48066	48066:998531:22	Vik "Angry" Smalls	5	12131	Battlemaster's Might	0	1	-1		1	0	500	12136	1					2026-09-01 00:55:23
Darkmoon	Season 10 Wildcard	48066	48066:998531:22	Vik "Angry" Smalls	6	12132	Battlemaster's Ruination	0	1	-1		1	0	500	12137	1					2026-09-01 00:55:23
Darkmoon	Season 10 Wildcard	48066	48066:998531:22	Vik "Angry" Smalls	7	12133	Battlemaster's Wrath	0	1	-1		1	0	500	12138	1					2026-09-01 00:55:23
Darkmoon	Season 10 Wildcard	48066	48066:998531:22	Vik "Angry" Smalls	8	12134	Battlemaster's Rage	0	1	-1		1	0	500	12139	1					2026-09-01 00:55:23
Darkmoon	Season 10 Wildcard	48066	48066:998531:22	Vik "Angry" Smalls	9	68492	Greater Inscription of Conquest	0	1	-1		1	0	500							2026-09-01 00:55:23
Darkmoon	Season 10 Wildcard	48066	48066:998531:22	Vik "Angry" Smalls	10	68493	Greater Inscription of Supremacy	0	1	-1		1	0	500							2026-09-01 00:55:23
Darkmoon	Season 10 Wildcard	48066	48066:998531:22	Vik "Angry" Smalls	11	68501	Mighty Arcanum of Dominance	0	1	-1		1	0	500							2026-09-01 00:55:23
Darkmoon	Season 10 Wildcard	48066	48066:998531:22	Vik "Angry" Smalls	12	68503	Mighty Arcanum of Triumph	0	1	-1		1	0	500							2026-09-01 00:55:23
Darkmoon	Season 10 Wildcard	48066	48066:998531:22	Vik "Angry" Smalls	13	68494	Soldier's Sharpening Stone	0	1	-1		1	0	1							2026-09-01 00:55:23
Darkmoon	Season 10 Wildcard	48066	48066:998531:22	Vik "Angry" Smalls	14	68495	Soldier's Iron Grip	0	1	-1		1	0	1							2026-09-01 00:55:23
Darkmoon	Season 10 Wildcard	48066	48066:998531:22	Vik "Angry" Smalls	15	68496	Soldier's Wizard Oil	0	1	-1		1	0	1							2026-09-01 00:55:23
Darkmoon	Season 10 Wildcard	48066	48066:998531:22	Vik "Angry" Smalls	16	68497	Soldier's Sage Oil	0	1	-1		1	0	1							2026-09-01 00:55:23
Darkmoon	Season 10 Wildcard	48066	48066:998531:22	Vik "Angry" Smalls	17	464750	Soldier's Strength Potion	0	1	-1		1	0	1							2026-09-01 00:55:23
Darkmoon	Season 10 Wildcard	48066	48066:998531:22	Vik "Angry" Smalls	18	464751	Soldier's Agility Potion	0	1	-1		1	0	1							2026-09-01 00:55:23
Darkmoon	Season 10 Wildcard	48066	48066:998531:22	Vik "Angry" Smalls	19	464752	Soldier's Spell Power Potion	0	1	-1		1	0	1							2026-09-01 00:55:23
Darkmoon	Season 10 Wildcard	48066	48066:998531:22	Vik "Angry" Smalls	20	1203016	Soldier's Haste Potion	0	1	-1		1	0	1							2026-09-01 00:55:23
Darkmoon	Season 10 Wildcard	48066	48066:998531:22	Vik "Angry" Smalls	21	1203014	Soldier's Healing Potion	0	1	-1		1	0	1							2026-09-01 00:55:23
Darkmoon	Season 10 Wildcard	48066	48066:998531:22	Vik "Angry" Smalls	22	1203015	Soldier's Mana Potion	0	1	-1		1	0	1							2026-09-01 00:55:23
Darkmoon	Season 10 Wildcard	112785	112785:18448:31	Sergeant Major Braeg	1	18448	Sergeant Major's Chain Armguards	0	1	-1		1	3000	0							2026-09-01 00:55:26
Darkmoon	Season 10 Wildcard	112785	112785:18448:31	Sergeant Major Braeg	2	18449	Sergeant Major's Chain Armguards	0	1	-1		1	1000	0							2026-09-01 00:55:26
Darkmoon	Season 10 Wildcard	112785	112785:18448:31	Sergeant Major Braeg	3	18454	Sergeant Major's Dragonhide Armsplints	0	1	-1		1	3000	0							2026-09-01 00:55:26
Darkmoon	Season 10 Wildcard	112785	112785:18448:31	Sergeant Major Braeg	4	18455	Sergeant Major's Dragonhide Armsplints	0	1	-1		1	1000	0							2026-09-01 00:55:26
Darkmoon	Season 10 Wildcard	112785	112785:18448:31	Sergeant Major Braeg	5	18452	Sergeant Major's Leather Armsplints	0	1	-1		1	3000	0							2026-09-01 00:55:26
Darkmoon	Season 10 Wildcard	112785	112785:18448:31	Sergeant Major Braeg	6	18453	Sergeant Major's Leather Armsplints	0	1	-1		1	1000	0							2026-09-01 00:55:26
Darkmoon	Season 10 Wildcard	112785	112785:18448:31	Sergeant Major Braeg	7	18445	Sergeant Major's Plate Wristguards	0	1	-1		1	3000	0							2026-09-01 00:55:26
Darkmoon	Season 10 Wildcard	112785	112785:18448:31	Sergeant Major Braeg	8	18447	Sergeant Major's Plate Wristguards	0	1	-1		1	1000	0							2026-09-01 00:55:26
Darkmoon	Season 10 Wildcard	112785	112785:18448:31	Sergeant Major Braeg	9	18456	Sergeant Major's Silk Cuffs	0	1	-1		1	3000	0							2026-09-01 00:55:26
Darkmoon	Season 10 Wildcard	112785	112785:18448:31	Sergeant Major Braeg	10	18457	Sergeant Major's Silk Cuffs	0	1	-1		1	1000	0							2026-09-01 00:55:26
Darkmoon	Season 10 Wildcard	112785	112785:18448:31	Sergeant Major Braeg	11	16342	Sergeant's Cape	0	1	-1		1	3000	0							2026-09-01 00:55:26
Darkmoon	Season 10 Wildcard	112785	112785:18448:31	Sergeant Major Braeg	12	18440	Sergeant's Cape	0	1	-1		1	500	0							2026-09-01 00:55:26
Darkmoon	Season 10 Wildcard	112785	112785:18448:31	Sergeant Major Braeg	13	18441	Sergeant's Cape	0	1	-1		1	1000	0							2026-09-01 00:55:26
Darkmoon	Season 10 Wildcard	112785	112785:18448:31	Sergeant Major Braeg	14	18442	Master Sergeant's Insignia	0	1	-1		1	500	0							2026-09-01 00:55:26
Darkmoon	Season 10 Wildcard	112785	112785:18448:31	Sergeant Major Braeg	15	18443	Master Sergeant's Insignia	0	1	-1		1	3000	0							2026-09-01 00:55:26
Darkmoon	Season 10 Wildcard	112785	112785:18448:31	Sergeant Major Braeg	16	18444	Master Sergeant's Insignia	0	1	-1		1	1000	0							2026-09-01 00:55:26
Darkmoon	Season 10 Wildcard	112785	112785:18448:31	Sergeant Major Braeg	17	18863	Insignia of the Alliance	5000	1	-1	1	0	0	0							2026-09-01 00:55:26
Darkmoon	Season 10 Wildcard	112785	112785:18448:31	Sergeant Major Braeg	18	18864	Insignia of the Alliance	200000	1	-1		0	0	0							2026-09-01 00:55:26
Darkmoon	Season 10 Wildcard	112785	112785:18448:31	Sergeant Major Braeg	19	18606	Alliance Battle Standard	0	1	-1	1	1	15300	0							2026-09-01 00:55:26
Darkmoon	Season 10 Wildcard	112785	112785:18448:31	Sergeant Major Braeg	20	1235070	Bloody Mark of War	0	1	-1	1	1	1000	0							2026-09-01 00:55:26
Darkmoon	Season 10 Wildcard	112785	112785:18448:31	Sergeant Major Braeg	21	18839	Combat Healing Potion	1100	1	-1		1	1	0							2026-09-01 00:55:26
Darkmoon	Season 10 Wildcard	112785	112785:18448:31	Sergeant Major Braeg	22	18841	Combat Mana Potion	1100	1	-1		1	1	0							2026-09-01 00:55:26
Darkmoon	Season 10 Wildcard	112785	112785:18448:31	Sergeant Major Braeg	23	45706	Commendation of Bravery	0	1	-1	1	1	0	100							2026-09-01 00:55:26
Darkmoon	Season 10 Wildcard	112785	112785:18448:31	Sergeant Major Braeg	24	449571	Lesser Inscription of the Battle Mage	0	1	-1		1	20000	0							2026-09-01 00:55:26
Darkmoon	Season 10 Wildcard	112785	112785:18448:31	Sergeant Major Braeg	25	449570	Lesser Inscription of the Gladiator	0	1	-1		1	20000	0							2026-09-01 00:55:26
Darkmoon	Season 10 Wildcard	112785	112785:18448:31	Sergeant Major Braeg	26	18675	Military Ranks of the Horde & Alliance	100	1	-1	1	0	0	0							2026-09-01 00:55:26
Darkmoon	Season 10 Wildcard	112785	112785:18448:31	Sergeant Major Braeg	27	32455	Star's Lament	6000	5	-1		0	0	0							2026-09-01 00:55:26
Darkmoon	Season 10 Wildcard	112785	112785:18448:31	Sergeant Major Braeg	28	106954	Tome of Specialization II	0	1	-1	1	1	68200	0							2026-09-01 00:55:26
Darkmoon	Season 10 Wildcard	112785	112785:18448:31	Sergeant Major Braeg	29	97730	Worldforged Key Fragment	0	1	-1	1	1	10000	0							2026-09-01 00:55:26
Darkmoon	Season 10 Wildcard	112785	112785:18448:31	Sergeant Major Braeg	30	15198	Knight's Colors	0	1	-1	1	1	20000	0							2026-09-01 00:55:26
Darkmoon	Season 10 Wildcard	112785	112785:18448:31	Sergeant Major Braeg	31	15196	Private's Tabard	0	1	-1	1	1	15000	0							2026-09-01 00:55:26
Darkmoon	Season 10 Wildcard	112785	112785:20088:79	Sergeant Major Braeg	1	20088	Highlander's Chain Girdle	0	1	-1		1	5400	0							2026-09-01 00:55:30
Darkmoon	Season 10 Wildcard	112785	112785:20088:79	Sergeant Major Braeg	2	20089	Highlander's Chain Girdle	0	1	-1		1	1600	0							2026-09-01 00:55:30
Darkmoon	Season 10 Wildcard	112785	112785:20088:79	Sergeant Major Braeg	3	20097	Highlander's Cloth Girdle	0	1	-1		1	5400	0							2026-09-01 00:55:30
Darkmoon	Season 10 Wildcard	112785	112785:20088:79	Sergeant Major Braeg	4	20098	Highlander's Cloth Girdle	0	1	-1		1	1600	0							2026-09-01 00:55:30
Darkmoon	Season 10 Wildcard	112785	112785:20088:79	Sergeant Major Braeg	5	20099	Highlander's Cloth Girdle	0	1	-1		1	1200	0							2026-09-01 00:55:30
Darkmoon	Season 10 Wildcard	112785	112785:20088:79	Sergeant Major Braeg	6	20106	Highlander's Lamellar Girdle	0	1	-1		1	5400	0							2026-09-01 00:55:30
Darkmoon	Season 10 Wildcard	112785	112785:20088:79	Sergeant Major Braeg	7	20107	Highlander's Lamellar Girdle	0	1	-1		1	1600	0							2026-09-01 00:55:30
Darkmoon	Season 10 Wildcard	112785	112785:20088:79	Sergeant Major Braeg	8	20108	Highlander's Lamellar Girdle	0	1	-1		1	1200	0							2026-09-01 00:55:30
Darkmoon	Season 10 Wildcard	112785	112785:20088:79	Sergeant Major Braeg	9	20115	Highlander's Leather Girdle	0	1	-1		1	5400	0							2026-09-01 00:55:30
Darkmoon	Season 10 Wildcard	112785	112785:20088:79	Sergeant Major Braeg	10	20116	Highlander's Leather Girdle	0	1	-1		1	1600	0							2026-09-01 00:55:30
Darkmoon	Season 10 Wildcard	112785	112785:20088:79	Sergeant Major Braeg	11	20117	Highlander's Leather Girdle	0	1	-1		1	1200	0							2026-09-01 00:55:30
Darkmoon	Season 10 Wildcard	112785	112785:20088:79	Sergeant Major Braeg	12	20103	Highlander's Lizardhide Girdle	0	1	-1		1	5400	0							2026-09-01 00:55:30
Darkmoon	Season 10 Wildcard	112785	112785:20088:79	Sergeant Major Braeg	13	20104	Highlander's Lizardhide Girdle	0	1	-1		1	1600	0							2026-09-01 00:55:30
Darkmoon	Season 10 Wildcard	112785	112785:20088:79	Sergeant Major Braeg	14	20105	Highlander's Lizardhide Girdle	0	1	-1		1	1200	0							2026-09-01 00:55:30
Darkmoon	Season 10 Wildcard	112785	112785:20088:79	Sergeant Major Braeg	15	20118	Highlander's Mail Girdle	0	1	-1		1	5400	0							2026-09-01 00:55:30
Darkmoon	Season 10 Wildcard	112785	112785:20088:79	Sergeant Major Braeg	16	20119	Highlander's Mail Girdle	0	1	-1		1	1600	0							2026-09-01 00:55:30
Darkmoon	Season 10 Wildcard	112785	112785:20088:79	Sergeant Major Braeg	17	20120	Highlander's Mail Girdle	0	1	-1		1	1200	0							2026-09-01 00:55:30
Darkmoon	Season 10 Wildcard	112785	112785:20088:79	Sergeant Major Braeg	18	20126	Highlander's Mail Girdle	0	1	-1		1	1200	0							2026-09-01 00:55:30
Darkmoon	Season 10 Wildcard	112785	112785:20088:79	Sergeant Major Braeg	19	20090	Highlander's Padded Girdle	0	1	-1		1	1200	0							2026-09-01 00:55:30
Darkmoon	Season 10 Wildcard	112785	112785:20088:79	Sergeant Major Braeg	20	20124	Highlander's Plate Girdle	0	1	-1		1	5400	0							2026-09-01 00:55:30
Darkmoon	Season 10 Wildcard	112785	112785:20088:79	Sergeant Major Braeg	21	20125	Highlander's Plate Girdle	0	1	-1		1	1600	0							2026-09-01 00:55:30
Darkmoon	Season 10 Wildcard	112785	112785:20088:79	Sergeant Major Braeg	22	20091	Highlander's Chain Greaves	0	1	-1		1	5400	0							2026-09-01 00:55:30
Darkmoon	Season 10 Wildcard	112785	112785:20088:79	Sergeant Major Braeg	23	20092	Highlander's Chain Greaves	0	1	-1		1	1600	0							2026-09-01 00:55:30
Darkmoon	Season 10 Wildcard	112785	112785:20088:79	Sergeant Major Braeg	24	20094	Highlander's Cloth Boots	0	1	-1		1	5400	0							2026-09-01 00:55:30
Darkmoon	Season 10 Wildcard	112785	112785:20088:79	Sergeant Major Braeg	25	20095	Highlander's Cloth Boots	0	1	-1		1	1600	0							2026-09-01 00:55:30
Darkmoon	Season 10 Wildcard	112785	112785:20088:79	Sergeant Major Braeg	26	20096	Highlander's Cloth Boots	0	1	-1		1	1200	0							2026-09-01 00:55:30
Darkmoon	Season 10 Wildcard	112785	112785:20088:79	Sergeant Major Braeg	27	20109	Highlander's Lamellar Greaves	0	1	-1		1	5400	0							2026-09-01 00:55:30
Darkmoon	Season 10 Wildcard	112785	112785:20088:79	Sergeant Major Braeg	28	20110	Highlander's Lamellar Greaves	0	1	-1		1	1600	0							2026-09-01 00:55:30
Darkmoon	Season 10 Wildcard	112785	112785:20088:79	Sergeant Major Braeg	29	20111	Highlander's Lamellar Greaves	0	1	-1		1	1200	0							2026-09-01 00:55:30
Darkmoon	Season 10 Wildcard	112785	112785:20088:79	Sergeant Major Braeg	30	20112	Highlander's Leather Boots	0	1	-1		1	5400	0							2026-09-01 00:55:30
Darkmoon	Season 10 Wildcard	112785	112785:20088:79	Sergeant Major Braeg	31	20113	Highlander's Leather Boots	0	1	-1		1	1600	0							2026-09-01 00:55:30
Darkmoon	Season 10 Wildcard	112785	112785:20088:79	Sergeant Major Braeg	32	20114	Highlander's Leather Boots	0	1	-1		1	1200	0							2026-09-01 00:55:30
Darkmoon	Season 10 Wildcard	112785	112785:20088:79	Sergeant Major Braeg	33	20100	Highlander's Lizardhide Boots	0	1	-1		1	5400	0							2026-09-01 00:55:30
Darkmoon	Season 10 Wildcard	112785	112785:20088:79	Sergeant Major Braeg	34	20101	Highlander's Lizardhide Boots	0	1	-1		1	1600	0							2026-09-01 00:55:30
Darkmoon	Season 10 Wildcard	112785	112785:20088:79	Sergeant Major Braeg	35	20102	Highlander's Lizardhide Boots	0	1	-1		1	1200	0							2026-09-01 00:55:30
Darkmoon	Season 10 Wildcard	112785	112785:20088:79	Sergeant Major Braeg	36	20121	Highlander's Mail Greaves	0	1	-1		1	5400	0							2026-09-01 00:55:30
Darkmoon	Season 10 Wildcard	112785	112785:20088:79	Sergeant Major Braeg	37	20122	Highlander's Mail Greaves	0	1	-1		1	1600	0							2026-09-01 00:55:30
Darkmoon	Season 10 Wildcard	112785	112785:20088:79	Sergeant Major Braeg	38	20123	Highlander's Mail Greaves	0	1	-1		1	1200	0							2026-09-01 00:55:30
Darkmoon	Season 10 Wildcard	112785	112785:20088:79	Sergeant Major Braeg	39	20129	Highlander's Mail Greaves	0	1	-1		1	1200	0							2026-09-01 00:55:30
Darkmoon	Season 10 Wildcard	112785	112785:20088:79	Sergeant Major Braeg	40	20093	Highlander's Padded Greaves	0	1	-1		1	1200	0							2026-09-01 00:55:30
Darkmoon	Season 10 Wildcard	112785	112785:20088:79	Sergeant Major Braeg	41	20127	Highlander's Plate Greaves	0	1	-1		1	5400	0							2026-09-01 00:55:30
Darkmoon	Season 10 Wildcard	112785	112785:20088:79	Sergeant Major Braeg	42	20128	Highlander's Plate Greaves	0	1	-1		1	1600	0							2026-09-01 00:55:30
Darkmoon	Season 10 Wildcard	112785	112785:20088:79	Sergeant Major Braeg	43	20073	Cloak of the Honor Guard	0	1	-1		1	49600	0							2026-09-01 00:55:30
Darkmoon	Season 10 Wildcard	112785	112785:20088:79	Sergeant Major Braeg	44	20071	Talisman of Arathor	0	1	-1		1	18000	0							2026-09-01 00:55:30
Darkmoon	Season 10 Wildcard	112785	112785:20088:79	Sergeant Major Braeg	45	21117	Talisman of Arathor	0	1	-1		1	5400	0							2026-09-01 00:55:30
Darkmoon	Season 10 Wildcard	112785	112785:20088:79	Sergeant Major Braeg	46	21118	Talisman of Arathor	0	1	-1		1	1600	0							2026-09-01 00:55:30
Darkmoon	Season 10 Wildcard	112785	112785:20088:79	Sergeant Major Braeg	47	21119	Talisman of Arathor	0	1	-1		1	1200	0							2026-09-01 00:55:30
Darkmoon	Season 10 Wildcard	112785	112785:20088:79	Sergeant Major Braeg	48	20220	Ironbark Staff	0	1	-1		1	68200	0							2026-09-01 00:55:30
Darkmoon	Season 10 Wildcard	112785	112785:20088:79	Sergeant Major Braeg	49	20214	Mindfang	0	1	-1		1	68200	0							2026-09-01 00:55:30
Darkmoon	Season 10 Wildcard	112785	112785:20088:79	Sergeant Major Braeg	50	20225	Highlander's Enriched Ration	2000	5	-1		0	0	0							2026-09-01 00:55:30
Darkmoon	Season 10 Wildcard	112785	112785:20088:79	Sergeant Major Braeg	51	20226	Highlander's Field Ration	1000	5	-1		0	0	0							2026-09-01 00:55:30
Darkmoon	Season 10 Wildcard	112785	112785:20088:79	Sergeant Major Braeg	52	20227	Highlander's Iron Ration	1500	5	-1		0	0	0							2026-09-01 00:55:30
Darkmoon	Season 10 Wildcard	112785	112785:20088:79	Sergeant Major Braeg	53	20237	Highlander's Mageweave Bandage	1500	5	-1		0	0	0							2026-09-01 00:55:30
Darkmoon	Season 10 Wildcard	112785	112785:20088:79	Sergeant Major Braeg	54	20243	Highlander's Runecloth Bandage	2000	5	-1		0	0	0							2026-09-01 00:55:30
Darkmoon	Season 10 Wildcard	112785	112785:20088:79	Sergeant Major Braeg	55	20244	Highlander's Silk Bandage	1000	5	-1		0	0	0							2026-09-01 00:55:30
Darkmoon	Season 10 Wildcard	112785	112785:20088:79	Sergeant Major Braeg	56	17349	Superior Healing Draught	1100	1	-1		1	1	0							2026-09-01 00:55:30
Darkmoon	Season 10 Wildcard	112785	112785:20088:79	Sergeant Major Braeg	57	17352	Superior Mana Draught	1100	1	-1		1	1	0							2026-09-01 00:55:30
Darkmoon	Season 10 Wildcard	112785	112785:20088:79	Sergeant Major Braeg	58	20132	Arathor Battle Tabard	0	1	-1	1	1	12000	0							2026-09-01 00:55:30
Darkmoon	Season 10 Wildcard	112785	112785:20088:79	Sergeant Major Braeg	59	20061	Highlander's Epaulets	0	1	-1		1	68200	0							2026-09-01 00:55:30
Darkmoon	Season 10 Wildcard	112785	112785:20088:79	Sergeant Major Braeg	60	20047	Highlander's Cloth Girdle	0	1	-1		1	3000	0							2026-09-01 00:55:30
Darkmoon	Season 10 Wildcard	112785	112785:20088:79	Sergeant Major Braeg	61	20054	Highlander's Cloth Boots	0	1	-1		1	3000	0							2026-09-01 00:55:30
Darkmoon	Season 10 Wildcard	112785	112785:20088:79	Sergeant Major Braeg	62	20059	Highlander's Leather Shoulders	0	1	-1		1	68200	0							2026-09-01 00:55:30
Darkmoon	Season 10 Wildcard	112785	112785:20088:79	Sergeant Major Braeg	63	20045	Highlander's Leather Girdle	0	1	-1		1	3000	0							2026-09-01 00:55:30
Darkmoon	Season 10 Wildcard	112785	112785:20088:79	Sergeant Major Braeg	64	20052	Highlander's Leather Boots	0	1	-1		1	3000	0							2026-09-01 00:55:30
Darkmoon	Season 10 Wildcard	112785	112785:20088:79	Sergeant Major Braeg	65	20060	Highlander's Lizardhide Shoulders	0	1	-1		1	68200	0							2026-09-01 00:55:30
Darkmoon	Season 10 Wildcard	112785	112785:20088:79	Sergeant Major Braeg	66	20046	Highlander's Lizardhide Girdle	0	1	-1		1	3000	0							2026-09-01 00:55:30
Darkmoon	Season 10 Wildcard	112785	112785:20088:79	Sergeant Major Braeg	67	20053	Highlander's Lizardhide Boots	0	1	-1		1	3000	0							2026-09-01 00:55:30
Darkmoon	Season 10 Wildcard	112785	112785:20088:79	Sergeant Major Braeg	68	20055	Highlander's Chain Pauldrons	0	1	-1		1	68200	0							2026-09-01 00:55:30
Darkmoon	Season 10 Wildcard	112785	112785:20088:79	Sergeant Major Braeg	69	20043	Highlander's Chain Girdle	0	1	-1		1	3000	0							2026-09-01 00:55:30
Darkmoon	Season 10 Wildcard	112785	112785:20088:79	Sergeant Major Braeg	70	20050	Highlander's Chain Greaves	0	1	-1		1	3000	0							2026-09-01 00:55:30
Darkmoon	Season 10 Wildcard	112785	112785:20088:79	Sergeant Major Braeg	71	20056	Highlander's Mail Pauldrons	0	1	-1		1	68200	0							2026-09-01 00:55:30
Darkmoon	Season 10 Wildcard	112785	112785:20088:79	Sergeant Major Braeg	72	20044	Highlander's Mail Girdle	0	1	-1		1	3000	0							2026-09-01 00:55:30
Darkmoon	Season 10 Wildcard	112785	112785:20088:79	Sergeant Major Braeg	73	20051	Highlander's Mail Greaves	0	1	-1		1	3000	0							2026-09-01 00:55:30
Darkmoon	Season 10 Wildcard	112785	112785:20088:79	Sergeant Major Braeg	74	20057	Highlander's Plate Spaulders	0	1	-1		1	68200	0							2026-09-01 00:55:30
Darkmoon	Season 10 Wildcard	112785	112785:20088:79	Sergeant Major Braeg	75	20041	Highlander's Plate Girdle	0	1	-1		1	3000	0							2026-09-01 00:55:30
Darkmoon	Season 10 Wildcard	112785	112785:20088:79	Sergeant Major Braeg	76	20048	Highlander's Plate Greaves	0	1	-1		1	3000	0							2026-09-01 00:55:30
Darkmoon	Season 10 Wildcard	112785	112785:20088:79	Sergeant Major Braeg	77	20058	Highlander's Lamellar Spaulders	0	1	-1		1	68200	0							2026-09-01 00:55:30
Darkmoon	Season 10 Wildcard	112785	112785:20088:79	Sergeant Major Braeg	78	20042	Highlander's Lamellar Girdle	0	1	-1		1	3000	0							2026-09-01 00:55:30
Darkmoon	Season 10 Wildcard	112785	112785:20088:79	Sergeant Major Braeg	79	20049	Highlander's Lamellar Greaves	0	1	-1		1	3000	0							2026-09-01 00:55:30
Darkmoon	Season 10 Wildcard	112785	112785:22748:68	Sergeant Major Braeg	1	22748	Sentinel's Chain Leggings	0	1	-1		1	68200	0							2026-09-01 00:55:28
Darkmoon	Season 10 Wildcard	112785	112785:22748:68	Sergeant Major Braeg	2	22753	Sentinel's Lamellar Legguards	0	1	-1		1	68200	0							2026-09-01 00:55:28
Darkmoon	Season 10 Wildcard	112785	112785:22748:68	Sergeant Major Braeg	3	22749	Sentinel's Leather Pants	0	1	-1		1	68200	0							2026-09-01 00:55:28
Darkmoon	Season 10 Wildcard	112785	112785:22748:68	Sergeant Major Braeg	4	22750	Sentinel's Lizardhide Pants	0	1	-1		1	68200	0							2026-09-01 00:55:28
Darkmoon	Season 10 Wildcard	112785	112785:22748:68	Sergeant Major Braeg	5	30497	Sentinel's Mail Leggings	0	1	-1		1	68200	0							2026-09-01 00:55:28
Darkmoon	Season 10 Wildcard	112785	112785:22748:68	Sergeant Major Braeg	6	22672	Sentinel's Plate Legguards	0	1	-1		1	68200	0							2026-09-01 00:55:28
Darkmoon	Season 10 Wildcard	112785	112785:22748:68	Sergeant Major Braeg	7	22752	Sentinel's Silk Leggings	0	1	-1		1	68200	0							2026-09-01 00:55:28
Darkmoon	Season 10 Wildcard	112785	112785:22748:68	Sergeant Major Braeg	8	212351	Berserker Bracers	0	1	-1		1	49600	0							2026-09-01 00:55:28
Darkmoon	Season 10 Wildcard	112785	112785:22748:68	Sergeant Major Braeg	9	212354	Dryad's Wrist Bindings	0	1	-1		1	49600	0							2026-09-01 00:55:28
Darkmoon	Season 10 Wildcard	112785	112785:22748:68	Sergeant Major Braeg	10	212357	Forest Stalker's Bracers	0	1	-1		1	49600	0							2026-09-01 00:55:28
Darkmoon	Season 10 Wildcard	112785	112785:22748:68	Sergeant Major Braeg	11	212360	Windtalker's Wristguards	0	1	-1		1	49600	0							2026-09-01 00:55:28
Darkmoon	Season 10 Wildcard	112785	112785:22748:68	Sergeant Major Braeg	12	19530	Caretaker's Cape	0	1	-1		1	5400	0							2026-09-01 00:55:28
Darkmoon	Season 10 Wildcard	112785	112785:22748:68	Sergeant Major Braeg	13	19531	Caretaker's Cape	0	1	-1		1	1800	0							2026-09-01 00:55:28
Darkmoon	Season 10 Wildcard	112785	112785:22748:68	Sergeant Major Braeg	14	19532	Caretaker's Cape	0	1	-1		1	1600	0							2026-09-01 00:55:28
Darkmoon	Season 10 Wildcard	112785	112785:22748:68	Sergeant Major Braeg	15	19533	Caretaker's Cape	0	1	-1		1	1200	0							2026-09-01 00:55:28
Darkmoon	Season 10 Wildcard	112785	112785:22748:68	Sergeant Major Braeg	16	20428	Caretaker's Cape	0	1	-1	1	1	750	0							2026-09-01 00:55:28
Darkmoon	Season 10 Wildcard	112785	112785:22748:68	Sergeant Major Braeg	17	19538	Sentinel's Medallion	0	1	-1		1	5400	0							2026-09-01 00:55:28
Darkmoon	Season 10 Wildcard	112785	112785:22748:68	Sergeant Major Braeg	18	19539	Sentinel's Medallion	0	1	-1		1	1800	0							2026-09-01 00:55:28
Darkmoon	Season 10 Wildcard	112785	112785:22748:68	Sergeant Major Braeg	19	19540	Sentinel's Medallion	0	1	-1		1	1600	0							2026-09-01 00:55:28
Darkmoon	Season 10 Wildcard	112785	112785:22748:68	Sergeant Major Braeg	20	19541	Sentinel's Medallion	0	1	-1		1	1200	0							2026-09-01 00:55:28
Darkmoon	Season 10 Wildcard	112785	112785:22748:68	Sergeant Major Braeg	21	20444	Sentinel's Medallion	0	1	-1	1	1	750	0							2026-09-01 00:55:28
Darkmoon	Season 10 Wildcard	112785	112785:22748:68	Sergeant Major Braeg	22	19522	Lorekeeper's Ring	0	1	-1		1	5400	0							2026-09-01 00:55:28
Darkmoon	Season 10 Wildcard	112785	112785:22748:68	Sergeant Major Braeg	23	19523	Lorekeeper's Ring	0	1	-1		1	1800	0							2026-09-01 00:55:28
Darkmoon	Season 10 Wildcard	112785	112785:22748:68	Sergeant Major Braeg	24	19524	Lorekeeper's Ring	0	1	-1		1	1600	0							2026-09-01 00:55:28
Darkmoon	Season 10 Wildcard	112785	112785:22748:68	Sergeant Major Braeg	25	19525	Lorekeeper's Ring	0	1	-1		1	1200	0							2026-09-01 00:55:28
Darkmoon	Season 10 Wildcard	112785	112785:22748:68	Sergeant Major Braeg	26	20431	Lorekeeper's Ring	0	1	-1	1	1	750	0							2026-09-01 00:55:28
Darkmoon	Season 10 Wildcard	112785	112785:22748:68	Sergeant Major Braeg	27	19514	Protector's Band	0	1	-1		1	5400	0							2026-09-01 00:55:28
Darkmoon	Season 10 Wildcard	112785	112785:22748:68	Sergeant Major Braeg	28	19515	Protector's Band	0	1	-1		1	1600	0							2026-09-01 00:55:28
Darkmoon	Season 10 Wildcard	112785	112785:22748:68	Sergeant Major Braeg	29	19516	Protector's Band	0	1	-1		1	1800	0							2026-09-01 00:55:28
Darkmoon	Season 10 Wildcard	112785	112785:22748:68	Sergeant Major Braeg	30	19517	Protector's Band	0	1	-1		1	1200	0							2026-09-01 00:55:28
Darkmoon	Season 10 Wildcard	112785	112785:22748:68	Sergeant Major Braeg	31	20439	Protector's Band	0	1	-1	1	1	750	0							2026-09-01 00:55:28
Darkmoon	Season 10 Wildcard	112785	112785:22748:68	Sergeant Major Braeg	32	212345	Rune of Duty	0	1	-1	1	1	750	0							2026-09-01 00:55:28
Darkmoon	Season 10 Wildcard	112785	112785:22748:68	Sergeant Major Braeg	33	212346	Rune of Duty	0	1	-1		1	1600	0							2026-09-01 00:55:28
Darkmoon	Season 10 Wildcard	112785	112785:22748:68	Sergeant Major Braeg	34	212347	Rune of Perfection	0	1	-1	1	1	750	0							2026-09-01 00:55:28
Darkmoon	Season 10 Wildcard	112785	112785:22748:68	Sergeant Major Braeg	35	212348	Rune of Perfection	0	1	-1		1	1600	0							2026-09-01 00:55:28
Darkmoon	Season 10 Wildcard	112785	112785:22748:68	Sergeant Major Braeg	36	215661	Rune of Perfection	0	1	-1		1	6000	0							2026-09-01 00:55:28
Darkmoon	Season 10 Wildcard	112785	112785:22748:68	Sergeant Major Braeg	37	19570	Lorekeeper's Staff	0	1	-1		1	15000	0							2026-09-01 00:55:28
Darkmoon	Season 10 Wildcard	112785	112785:22748:68	Sergeant Major Braeg	38	19571	Lorekeeper's Staff	0	1	-1		1	5400	0							2026-09-01 00:55:28
Darkmoon	Season 10 Wildcard	112785	112785:22748:68	Sergeant Major Braeg	39	19572	Lorekeeper's Staff	0	1	-1		1	4800	0							2026-09-01 00:55:28
Darkmoon	Season 10 Wildcard	112785	112785:22748:68	Sergeant Major Braeg	40	19573	Lorekeeper's Staff	0	1	-1		1	3600	0							2026-09-01 00:55:28
Darkmoon	Season 10 Wildcard	112785	112785:22748:68	Sergeant Major Braeg	41	20434	Lorekeeper's Staff	0	1	-1	1	1	2250	0							2026-09-01 00:55:28
Darkmoon	Season 10 Wildcard	112785	112785:22748:68	Sergeant Major Braeg	42	19554	Protector's Sword	0	1	-1		1	12000	0							2026-09-01 00:55:28
Darkmoon	Season 10 Wildcard	112785	112785:22748:68	Sergeant Major Braeg	43	19555	Protector's Sword	0	1	-1		1	5400	0							2026-09-01 00:55:28
Darkmoon	Season 10 Wildcard	112785	112785:22748:68	Sergeant Major Braeg	44	19556	Protector's Sword	0	1	-1		1	4800	0							2026-09-01 00:55:28
Darkmoon	Season 10 Wildcard	112785	112785:22748:68	Sergeant Major Braeg	45	19557	Protector's Sword	0	1	-1		1	3600	0							2026-09-01 00:55:28
Darkmoon	Season 10 Wildcard	112785	112785:22748:68	Sergeant Major Braeg	46	20440	Protector's Sword	0	1	-1	1	1	2250	0							2026-09-01 00:55:28
Darkmoon	Season 10 Wildcard	112785	112785:22748:68	Sergeant Major Braeg	47	19546	Sentinel's Blade	0	1	-1		1	12000	0							2026-09-01 00:55:28
Darkmoon	Season 10 Wildcard	112785	112785:22748:68	Sergeant Major Braeg	48	19547	Sentinel's Blade	0	1	-1		1	5400	0							2026-09-01 00:55:28
Darkmoon	Season 10 Wildcard	112785	112785:22748:68	Sergeant Major Braeg	49	19548	Sentinel's Blade	0	1	-1		1	4800	0							2026-09-01 00:55:28
Darkmoon	Season 10 Wildcard	112785	112785:22748:68	Sergeant Major Braeg	50	19549	Sentinel's Blade	0	1	-1		1	3600	0							2026-09-01 00:55:28
Darkmoon	Season 10 Wildcard	112785	112785:22748:68	Sergeant Major Braeg	51	20443	Sentinel's Blade	0	1	-1	1	1	2250	0							2026-09-01 00:55:28
Darkmoon	Season 10 Wildcard	112785	112785:22748:68	Sergeant Major Braeg	52	19562	Outrunner's Bow	0	1	-1		1	12000	0							2026-09-01 00:55:28
Darkmoon	Season 10 Wildcard	112785	112785:22748:68	Sergeant Major Braeg	53	19563	Outrunner's Bow	0	1	-1		1	5400	0							2026-09-01 00:55:28
Darkmoon	Season 10 Wildcard	112785	112785:22748:68	Sergeant Major Braeg	54	19564	Outrunner's Bow	0	1	-1		1	4800	0							2026-09-01 00:55:28
Darkmoon	Season 10 Wildcard	112785	112785:22748:68	Sergeant Major Braeg	55	19565	Outrunner's Bow	0	1	-1		1	3600	0							2026-09-01 00:55:28
Darkmoon	Season 10 Wildcard	112785	112785:22748:68	Sergeant Major Braeg	56	20438	Outrunner's Bow	0	1	-1	1	1	2250	0							2026-09-01 00:55:28
Darkmoon	Season 10 Wildcard	112785	112785:22748:68	Sergeant Major Braeg	57	17348	Major Healing Draught	1500	1	-1		1	8	0							2026-09-01 00:55:28
Darkmoon	Season 10 Wildcard	112785	112785:22748:68	Sergeant Major Braeg	58	17351	Major Mana Draught	1500	1	-1		1	8	0							2026-09-01 00:55:28
Darkmoon	Season 10 Wildcard	112785	112785:22748:68	Sergeant Major Braeg	59	499987	Reins of the Silverwing Nightsaber	0	1	-1		1	68200	0							2026-09-01 00:55:28
Darkmoon	Season 10 Wildcard	112785	112785:22748:68	Sergeant Major Braeg	60	17349	Superior Healing Draught	1100	1	-1		1	1	0							2026-09-01 00:55:28
Darkmoon	Season 10 Wildcard	112785	112785:22748:68	Sergeant Major Braeg	61	17352	Superior Mana Draught	1100	1	-1		1	1	0							2026-09-01 00:55:28
Darkmoon	Season 10 Wildcard	112785	112785:22748:68	Sergeant Major Braeg	62	19060	Warsong Gulch Enriched Ration	2000	5	-1		0	0	0							2026-09-01 00:55:28
Darkmoon	Season 10 Wildcard	112785	112785:22748:68	Sergeant Major Braeg	63	19062	Warsong Gulch Field Ration	1000	5	-1		0	0	0							2026-09-01 00:55:28
Darkmoon	Season 10 Wildcard	112785	112785:22748:68	Sergeant Major Braeg	64	19061	Warsong Gulch Iron Ration	1500	5	-1		0	0	0							2026-09-01 00:55:28
Darkmoon	Season 10 Wildcard	112785	112785:22748:68	Sergeant Major Braeg	65	19067	Warsong Gulch Mageweave Bandage	1500	5	-1		0	0	0							2026-09-01 00:55:28
Darkmoon	Season 10 Wildcard	112785	112785:22748:68	Sergeant Major Braeg	66	19066	Warsong Gulch Runecloth Bandage	2000	5	-1		0	0	0							2026-09-01 00:55:28
Darkmoon	Season 10 Wildcard	112785	112785:22748:68	Sergeant Major Braeg	67	19068	Warsong Gulch Silk Bandage	1000	5	-1		0	0	0							2026-09-01 00:55:28
Darkmoon	Season 10 Wildcard	112785	112785:22748:68	Sergeant Major Braeg	68	19506	Silverwing Battle Tabard	0	1	-1	1	1	12000	0							2026-09-01 00:55:28
Darkmoon	Season 10 Wildcard	112785	112785:53870:35	Sergeant Major Braeg	1	53870	Stormpike Guard Commendation Badge	0	1	-1	1	1	2500	0							2026-09-01 00:55:33
Darkmoon	Season 10 Wildcard	112785	112785:53870:35	Sergeant Major Braeg	2	19094	Stormpike Cloth Girdle	0	1	-1		1	3000	0							2026-09-01 00:55:33
Darkmoon	Season 10 Wildcard	112785	112785:53870:35	Sergeant Major Braeg	3	19093	Stormpike Leather Girdle	0	1	-1		1	3000	0							2026-09-01 00:55:33
Darkmoon	Season 10 Wildcard	112785	112785:53870:35	Sergeant Major Braeg	4	19092	Stormpike Mail Girdle	0	1	-1		1	3000	0							2026-09-01 00:55:33
Darkmoon	Season 10 Wildcard	112785	112785:53870:35	Sergeant Major Braeg	5	19091	Stormpike Plate Girdle	0	1	-1		1	3000	0							2026-09-01 00:55:33
Darkmoon	Season 10 Wildcard	112785	112785:53870:35	Sergeant Major Braeg	6	19086	Stormpike Sage's Cloak	0	1	-1		1	1600	0							2026-09-01 00:55:33
Darkmoon	Season 10 Wildcard	112785	112785:53870:35	Sergeant Major Braeg	7	19084	Stormpike Soldier's Cloak	0	1	-1		1	1600	0							2026-09-01 00:55:33
Darkmoon	Season 10 Wildcard	112785	112785:53870:35	Sergeant Major Braeg	8	19098	Stormpike Sage's Pendant	0	1	-1		1	1600	0							2026-09-01 00:55:33
Darkmoon	Season 10 Wildcard	112785	112785:53870:35	Sergeant Major Braeg	9	19097	Stormpike Soldier's Pendant	0	1	-1		1	1600	0							2026-09-01 00:55:33
Darkmoon	Season 10 Wildcard	112785	112785:53870:35	Sergeant Major Braeg	10	19325	Don Julio's Band	0	1	-1		1	2400	0							2026-09-01 00:55:33
Darkmoon	Season 10 Wildcard	112785	112785:53870:35	Sergeant Major Braeg	11	21563	Don Rodrigo's Band	0	1	-1		1	2400	0							2026-09-01 00:55:33
Darkmoon	Season 10 Wildcard	112785	112785:53870:35	Sergeant Major Braeg	12	19102	Crackling Staff	0	1	-1		1	7200	0							2026-09-01 00:55:33
Darkmoon	Season 10 Wildcard	112785	112785:53870:35	Sergeant Major Braeg	13	19323	The Unstoppable Force	0	1	-1		1	7200	0							2026-09-01 00:55:33
Darkmoon	Season 10 Wildcard	112785	112785:53870:35	Sergeant Major Braeg	14	19100	Electrified Dagger	0	1	-1		1	3600	0							2026-09-01 00:55:33
Darkmoon	Season 10 Wildcard	112785	112785:53870:35	Sergeant Major Braeg	15	19104	Stormstrike Hammer	0	1	-1		1	3600	0							2026-09-01 00:55:33
Darkmoon	Season 10 Wildcard	112785	112785:53870:35	Sergeant Major Braeg	16	19324	The Lobotomizer	0	1	-1		1	3600	0							2026-09-01 00:55:33
Darkmoon	Season 10 Wildcard	112785	112785:53870:35	Sergeant Major Braeg	17	19321	The Immovable Object	0	1	-1		1	3600	0							2026-09-01 00:55:33
Darkmoon	Season 10 Wildcard	112785	112785:53870:35	Sergeant Major Braeg	18	19312	Lei of the Lifegiver	0	1	-1		1	3600	0							2026-09-01 00:55:33
Darkmoon	Season 10 Wildcard	112785	112785:53870:35	Sergeant Major Braeg	19	19315	Therazane's Touch	0	1	-1		1	3600	0							2026-09-01 00:55:33
Darkmoon	Season 10 Wildcard	112785	112785:53870:35	Sergeant Major Braeg	20	19308	Tome of Arcane Domination	0	1	-1		1	3600	0							2026-09-01 00:55:33
Darkmoon	Season 10 Wildcard	112785	112785:53870:35	Sergeant Major Braeg	21	19311	Tome of Fiery Arcana	0	1	-1		1	3600	0							2026-09-01 00:55:33
Darkmoon	Season 10 Wildcard	112785	112785:53870:35	Sergeant Major Braeg	22	19309	Tome of Shadow Force	0	1	-1		1	3600	0							2026-09-01 00:55:33
Darkmoon	Season 10 Wildcard	112785	112785:53870:35	Sergeant Major Braeg	23	19310	Tome of the Ice Lord	0	1	-1		1	3600	0							2026-09-01 00:55:33
Darkmoon	Season 10 Wildcard	112785	112785:53870:35	Sergeant Major Braeg	24	19307	Alterac Heavy Runecloth Bandage	8000	20	-1		0	0	0							2026-09-01 00:55:33
Darkmoon	Season 10 Wildcard	112785	112785:53870:35	Sergeant Major Braeg	25	19301	Alterac Manna Biscuit	7000	5	-1		0	0	0							2026-09-01 00:55:33
Darkmoon	Season 10 Wildcard	112785	112785:53870:35	Sergeant Major Braeg	26	212374	Bottled Alterac Spring Water	5000	5	-1		0	0	0							2026-09-01 00:55:33
Darkmoon	Season 10 Wildcard	112785	112785:53870:35	Sergeant Major Braeg	27	17348	Major Healing Draught	1500	1	-1		1	8	0							2026-09-01 00:55:33
Darkmoon	Season 10 Wildcard	112785	112785:53870:35	Sergeant Major Braeg	28	17351	Major Mana Draught	1500	1	-1		1	8	0							2026-09-01 00:55:33
Darkmoon	Season 10 Wildcard	112785	112785:53870:35	Sergeant Major Braeg	29	19030	Stormpike Battle Charger	0	1	-1	1	1	50000	0							2026-09-01 00:55:33
Darkmoon	Season 10 Wildcard	112785	112785:53870:35	Sergeant Major Braeg	30	19045	Stormpike Battle Standard	0	1	-1	1	1	15000	0							2026-09-01 00:55:33
Darkmoon	Season 10 Wildcard	112785	112785:53870:35	Sergeant Major Braeg	31	17349	Superior Healing Draught	1100	1	-1		1	1	0							2026-09-01 00:55:33
Darkmoon	Season 10 Wildcard	112785	112785:53870:35	Sergeant Major Braeg	32	17352	Superior Mana Draught	1100	1	-1		1	1	0							2026-09-01 00:55:33
Darkmoon	Season 10 Wildcard	112785	112785:53870:35	Sergeant Major Braeg	33	19320	Gnoll Skin Bandolier	0	1	-1	1	1	1600	0							2026-09-01 00:55:33
Darkmoon	Season 10 Wildcard	112785	112785:53870:35	Sergeant Major Braeg	34	19319	Harpy Hide Quiver	0	1	-1	1	1	1600	0							2026-09-01 00:55:33
Darkmoon	Season 10 Wildcard	112785	112785:53870:35	Sergeant Major Braeg	35	19032	Stormpike Battle Tabard	0	1	-1	1	1	15000	0							2026-09-01 00:55:33
Darkmoon	Season 10 Wildcard	178081	178081:818046:2	Chromie	1	818046	Potion of Experience	0	1	-1	1	1	0	0	975001	35					2026-09-01 00:56:46
Darkmoon	Season 10 Wildcard	178081	178081:818046:2	Chromie	2	818059	Aura of Experience	0	1	-1	1	1	0	0	975001	250					2026-09-01 00:56:46
Darkmoon	Season 10 Wildcard	178081	178081:97279:120	Chromie	1	97279	Prestigious Battleplate of Winged Triumph	0	1	-1	1	1	0	0	90004	1000					2026-09-01 00:56:51
Darkmoon	Season 10 Wildcard	178081	178081:97279:120	Chromie	2	97280	Prestigious Gauntlets of Winged Triumph	0	1	-1	1	1	0	0	90004	300					2026-09-01 00:56:51
Darkmoon	Season 10 Wildcard	178081	178081:97279:120	Chromie	3	97281	Prestigious Faceguard of Winged Triumph	0	1	-1	1	1	0	0	90004	1000					2026-09-01 00:56:51
Darkmoon	Season 10 Wildcard	178081	178081:97279:120	Chromie	4	97282	Prestigious Greaves of Winged Triumph	0	1	-1	1	1	0	0	90004	300					2026-09-01 00:56:51
Darkmoon	Season 10 Wildcard	178081	178081:97279:120	Chromie	5	97283	Prestigious Mantle of Winged Triumph	0	1	-1	1	1	0	0	90004	1000					2026-09-01 00:56:51
Darkmoon	Season 10 Wildcard	178081	178081:97279:120	Chromie	6	97295	Prestigious Bracers of Winged Triumph	0	1	-1	1	1	0	0	90004	300					2026-09-01 00:56:51
Darkmoon	Season 10 Wildcard	178081	178081:97279:120	Chromie	7	97296	Prestigious Belt of Winged Triumph	0	1	-1	1	1	0	0	90004	300					2026-09-01 00:56:51
Darkmoon	Season 10 Wildcard	178081	178081:97279:120	Chromie	8	97297	Prestigious Boots of Winged Triumph	0	1	-1	1	1	0	0	90004	300					2026-09-01 00:56:51
Darkmoon	Season 10 Wildcard	178081	178081:97279:120	Chromie	9	97299	Bringer of Light	0	1	-1	1	1	0	0	90004	10000					2026-09-01 00:56:51
Darkmoon	Season 10 Wildcard	178081	178081:97279:120	Chromie	10	1777039	Hand of Nilganihmaht	0	1	-1	1	1	0	0	90004	2500					2026-09-01 00:56:51
Darkmoon	Season 10 Wildcard	178081	178081:97279:120	Chromie	11	1518202	Rethreaded Left Bear Claw	0	1	-1	1	1	0	0	90004	600					2026-09-01 00:56:51
Darkmoon	Season 10 Wildcard	178081	178081:97279:120	Chromie	12	1518203	Rethreaded Right Bear Claw	0	1	-1	1	1	0	0	90004	600					2026-09-01 00:56:51
Darkmoon	Season 10 Wildcard	178081	178081:97279:120	Chromie	13	1642896	Druid Idol of Agility	0	1	-1	1	1	0	0	90004	600					2026-09-01 00:56:51
Darkmoon	Season 10 Wildcard	178081	178081:97279:120	Chromie	14	1642897	Druid Idol of Spells	0	1	-1	1	1	0	0	90004	600					2026-09-01 00:56:51
Darkmoon	Season 10 Wildcard	178081	178081:97279:120	Chromie	15	1642898	Shaman Totem of Agility	0	1	-1	1	1	0	0	90004	600					2026-09-01 00:56:51
Darkmoon	Season 10 Wildcard	178081	178081:97279:120	Chromie	16	1642899	Shaman Totem of Spells	0	1	-1	1	1	0	0	90004	600					2026-09-01 00:56:51
Darkmoon	Season 10 Wildcard	178081	178081:97279:120	Chromie	17	1642900	Paladin Libram of Strength	0	1	-1	1	1	0	0	90004	600					2026-09-01 00:56:51
Darkmoon	Season 10 Wildcard	178081	178081:97279:120	Chromie	18	1642901	Paladin Libram of Healing	0	1	-1	1	1	0	0	90004	600					2026-09-01 00:56:51
Darkmoon	Season 10 Wildcard	178081	178081:97279:120	Chromie	19	1642902	Thrown Axe of the Executioner	0	1	-1	1	1	0	0	90004	600					2026-09-01 00:56:51
Darkmoon	Season 10 Wildcard	178081	178081:97279:120	Chromie	20	1642944	Balanced Heartseeker	0	1	-1	1	1	0	0	90004	600					2026-09-01 00:56:51
Darkmoon	Season 10 Wildcard	178081	178081:97279:120	Chromie	21	1642945	Venerable Dal'Rend's Sacred Charge	0	1	-1	1	1	0	0	90004	600					2026-09-01 00:56:51
Darkmoon	Season 10 Wildcard	178081	178081:97279:120	Chromie	22	1642948	Devout Aurastone Hammer	0	1	-1	1	1	0	0	90004	600					2026-09-01 00:56:51
Darkmoon	Season 10 Wildcard	178081	178081:97279:120	Chromie	23	1644091	Sharpened Scarlet Kris	0	1	-1	1	1	0	0	90004	600					2026-09-01 00:56:51
Darkmoon	Season 10 Wildcard	178081	178081:97279:120	Chromie	24	1644094	The Blessed Hammer of Grace	0	1	-1	1	1	0	0	90004	600					2026-09-01 00:56:51
Darkmoon	Season 10 Wildcard	178081	178081:97279:120	Chromie	25	1644096	Battleworn Thrash Blade	0	1	-1	1	1	0	0	90004	600					2026-09-01 00:56:51
Darkmoon	Season 10 Wildcard	178081	178081:97279:120	Chromie	26	1648716	Venerable Mass of McGowan	0	1	-1	1	1	0	0	90004	600					2026-09-01 00:56:51
Darkmoon	Season 10 Wildcard	178081	178081:97279:120	Chromie	27	3140350	Urn of Aspiring Light	0	1	-1	1	1	0	0	90004	600					2026-09-01 00:56:51
Darkmoon	Season 10 Wildcard	178081	178081:97279:120	Chromie	28	3148335	Polished Observer's Shield	0	1	-1	1	1	0	0	90004	600					2026-09-01 00:56:51
Darkmoon	Season 10 Wildcard	178081	178081:97279:120	Chromie	29	1642846	Wand of the Forgotten Lich	0	1	-1	1	1	0	0	90004	1000					2026-09-01 00:56:51
Darkmoon	Season 10 Wildcard	178081	178081:97279:120	Chromie	30	1642943	Bloodied Arcanite Reaper	0	1	-1	1	1	0	0	90004	1000					2026-09-01 00:56:51
Darkmoon	Season 10 Wildcard	178081	178081:97279:120	Chromie	31	1642946	Charmed Ancient Bone Bow	0	1	-1	1	1	0	0	90004	1000					2026-09-01 00:56:51
Darkmoon	Season 10 Wildcard	178081	178081:97279:120	Chromie	32	1642947	Dignified Headmaster's Charge	0	1	-1	1	1	0	0	90004	1000					2026-09-01 00:56:51
Darkmoon	Season 10 Wildcard	178081	178081:97279:120	Chromie	33	1642999	Ancient Crossbow	0	1	-1	1	1	0	0	90004	1000					2026-09-01 00:56:51
Darkmoon	Season 10 Wildcard	178081	178081:97279:120	Chromie	34	1644092	Reforged Truesilver Champion	0	1	-1	1	1	0	0	90004	1000					2026-09-01 00:56:51
Darkmoon	Season 10 Wildcard	178081	178081:97279:120	Chromie	35	1644093	Upgraded Dwarven Hand Cannon	0	1	-1	1	1	0	0	90004	1000					2026-09-01 00:56:51
Darkmoon	Season 10 Wildcard	178081	178081:97279:120	Chromie	36	1644095	Grand Staff of Jordan	0	1	-1	1	1	0	0	90004	1000					2026-09-01 00:56:51
Darkmoon	Season 10 Wildcard	178081	178081:97279:120	Chromie	37	1648718	Repurposed Lava Dredger	0	1	-1	1	1	0	0	90004	1000					2026-09-01 00:56:51
Darkmoon	Season 10 Wildcard	178081	178081:97279:120	Chromie	38	3142943	Sturdied Arcanite Spear	0	1	-1	1	1	0	0	90004	1000					2026-09-01 00:56:51
Darkmoon	Season 10 Wildcard	178081	178081:97279:120	Chromie	39	1642991	Swift Hand of Justice	0	1	-1	1	1	0	0	90004	500					2026-09-01 00:56:51
Darkmoon	Season 10 Wildcard	178081	178081:97279:120	Chromie	40	1642992	Discerning Eye of the Beast	0	1	-1	1	1	0	0	90004	500					2026-09-01 00:56:51
Darkmoon	Season 10 Wildcard	178081	178081:97279:120	Chromie	41	1644097	Inherited Insignia of the Horde	0	1	-1	1	1	0	0	90004	500					2026-09-01 00:56:51
Darkmoon	Season 10 Wildcard	178081	178081:97279:120	Chromie	42	1644098	Inherited Insignia of the Alliance	0	1	-1	1	1	0	0	90004	500					2026-09-01 00:56:51
Darkmoon	Season 10 Wildcard	178081	178081:97279:120	Chromie	43	1642949	Polished Spaulders of Valor	0	1	-1	1	1	0	0	90004	800					2026-09-01 00:56:51
Darkmoon	Season 10 Wildcard	178081	178081:97279:120	Chromie	44	1642950	Champion Herod's Shoulder	0	1	-1	1	1	0	0	90004	800					2026-09-01 00:56:51
Darkmoon	Season 10 Wildcard	178081	178081:97279:120	Chromie	45	1642951	Mystical Pauldrons of Elements	0	1	-1	1	1	0	0	90004	800					2026-09-01 00:56:51
Darkmoon	Season 10 Wildcard	178081	178081:97279:120	Chromie	46	1642952	Stained Shadowcraft Spaulders	0	1	-1	1	1	0	0	90004	800					2026-09-01 00:56:51
Darkmoon	Season 10 Wildcard	178081	178081:97279:120	Chromie	47	1642984	Preened Ironfeather Shoulders	0	1	-1	1	1	0	0	90004	800					2026-09-01 00:56:51
Darkmoon	Season 10 Wildcard	178081	178081:97279:120	Chromie	48	1642985	Tattered Dreadmist Mantle	0	1	-1	1	1	0	0	90004	800					2026-09-01 00:56:51
Darkmoon	Season 10 Wildcard	178081	178081:97279:120	Chromie	49	1644099	Strengthened Stockade Pauldrons	0	1	-1	1	1	0	0	90004	800					2026-09-01 00:56:51
Darkmoon	Season 10 Wildcard	178081	178081:97279:120	Chromie	50	1644100	Pristine Lightforge Spaulders	0	1	-1	1	1	0	0	90004	800					2026-09-01 00:56:51
Darkmoon	Season 10 Wildcard	178081	178081:97279:120	Chromie	51	1644101	Prized Beastmaster's Mantle	0	1	-1	1	1	0	0	90004	800					2026-09-01 00:56:51
Darkmoon	Season 10 Wildcard	178081	178081:97279:120	Chromie	52	1644102	Aged Pauldrons of The Five Thunders	0	1	-1	1	1	0	0	90004	800					2026-09-01 00:56:51
Darkmoon	Season 10 Wildcard	178081	178081:97279:120	Chromie	53	1644103	Exceptional Stormshroud Shoulders	0	1	-1	1	1	0	0	90004	800					2026-09-01 00:56:51
Darkmoon	Season 10 Wildcard	178081	178081:97279:120	Chromie	54	1644105	Lasting Feralheart Spaulders	0	1	-1	1	1	0	0	90004	800					2026-09-01 00:56:51
Darkmoon	Season 10 Wildcard	178081	178081:97279:120	Chromie	55	1644107	Exquisite Sunderseer Mantle	0	1	-1	1	1	0	0	90004	800					2026-09-01 00:56:51
Darkmoon	Season 10 Wildcard	178081	178081:97279:120	Chromie	56	3142949	Burnished Spaulders of Might	0	1	-1	1	1	0	0	90004	800					2026-09-01 00:56:51
Darkmoon	Season 10 Wildcard	178081	178081:97279:120	Chromie	57	1648677	Champion's Deathdealer Breastplate	0	1	-1	1	1	0	0	90004	1200					2026-09-01 00:56:51
Darkmoon	Season 10 Wildcard	178081	178081:97279:120	Chromie	58	1648683	Mystical Vest of Elements	0	1	-1	1	1	0	0	90004	1200					2026-09-01 00:56:51
Darkmoon	Season 10 Wildcard	178081	178081:97279:120	Chromie	59	1648685	Polished Breastplate of Valor	0	1	-1	1	1	0	0	90004	1200					2026-09-01 00:56:51
Darkmoon	Season 10 Wildcard	178081	178081:97279:120	Chromie	60	1648687	Preened Ironfeather Breastplate	0	1	-1	1	1	0	0	90004	1200					2026-09-01 00:56:51
Darkmoon	Season 10 Wildcard	178081	178081:97279:120	Chromie	61	1648689	Stained Shadowcraft Tunic	0	1	-1	1	1	0	0	90004	1200					2026-09-01 00:56:51
Darkmoon	Season 10 Wildcard	178081	178081:97279:120	Chromie	62	1648691	Tattered Dreadmist Robe	0	1	-1	1	1	0	0	90004	1200					2026-09-01 00:56:51
Darkmoon	Season 10 Wildcard	178081	178081:97279:120	Chromie	63	3148685	Burnished Breastplate of Might	0	1	-1	1	1	0	0	90004	1200					2026-09-01 00:56:51
Darkmoon	Season 10 Wildcard	178081	178081:97279:120	Chromie	64	1339120	Tattered Dreadmist Hood	0	1	-1	1	1	0	0	90004	375					2026-09-01 00:56:51
Darkmoon	Season 10 Wildcard	178081	178081:97279:120	Chromie	65	1339121	Stained Shadowcraft Hood	0	1	-1	1	1	0	0	90004	375					2026-09-01 00:56:51
Darkmoon	Season 10 Wildcard	178081	178081:97279:120	Chromie	66	1339122	Preened Ironfeather Headguard	0	1	-1	1	1	0	0	90004	375					2026-09-01 00:56:51
Darkmoon	Season 10 Wildcard	178081	178081:97279:120	Chromie	67	1339123	Mystical Helm of Elements	0	1	-1	1	1	0	0	90004	375					2026-09-01 00:56:51
Darkmoon	Season 10 Wildcard	178081	178081:97279:120	Chromie	68	1339124	Champion Herod's Helmet	0	1	-1	1	1	0	0	90004	375					2026-09-01 00:56:51
Darkmoon	Season 10 Wildcard	178081	178081:97279:120	Chromie	69	1339125	Polished Helmet of Valor	0	1	-1	1	1	0	0	90004	375					2026-09-01 00:56:51
Darkmoon	Season 10 Wildcard	178081	178081:97279:120	Chromie	70	1339126	Burnished Helmet of Might	0	1	-1	1	1	0	0	90004	375					2026-09-01 00:56:51
Darkmoon	Season 10 Wildcard	178081	178081:97279:120	Chromie	71	1339076	Pendant of the Warrior	0	1	-1	1	1	0	0	90004	225					2026-09-01 00:56:51
Darkmoon	Season 10 Wildcard	178081	178081:97279:120	Chromie	72	1339077	Pendant of the Sorcerer	0	1	-1	1	1	0	0	90004	225					2026-09-01 00:56:51
Darkmoon	Season 10 Wildcard	178081	178081:97279:120	Chromie	73	1339078	Pendant of the Bulwark	0	1	-1	1	1	0	0	90004	225					2026-09-01 00:56:51
Darkmoon	Season 10 Wildcard	178081	178081:97279:120	Chromie	74	1339092	Tattered Dreadmist Belt	0	1	-1	1	1	0	0	90004	375					2026-09-01 00:56:51
Darkmoon	Season 10 Wildcard	178081	178081:97279:120	Chromie	75	1339093	Stained Shadowcraft Belt	0	1	-1	1	1	0	0	90004	375					2026-09-01 00:56:51
Darkmoon	Season 10 Wildcard	178081	178081:97279:120	Chromie	76	1339094	Preened Ironfeather Belt	0	1	-1	1	1	0	0	90004	375					2026-09-01 00:56:51
Darkmoon	Season 10 Wildcard	178081	178081:97279:120	Chromie	77	1339095	Mystical Belt of Elements	0	1	-1	1	1	0	0	90004	375					2026-09-01 00:56:51
Darkmoon	Season 10 Wildcard	178081	178081:97279:120	Chromie	78	1339096	Champion Herod's Belt	0	1	-1	1	1	0	0	90004	375					2026-09-01 00:56:51
Darkmoon	Season 10 Wildcard	178081	178081:97279:120	Chromie	79	1339097	Polished Belt of Valor	0	1	-1	1	1	0	0	90004	375					2026-09-01 00:56:51
Darkmoon	Season 10 Wildcard	178081	178081:97279:120	Chromie	80	1339098	Burnished Belt of Might	0	1	-1	1	1	0	0	90004	375					2026-09-01 00:56:51
Darkmoon	Season 10 Wildcard	178081	178081:97279:120	Chromie	81	1339113	Tattered Dreadmist Leggings	0	1	-1	1	1	0	0	90004	600					2026-09-01 00:56:51
Darkmoon	Season 10 Wildcard	178081	178081:97279:120	Chromie	82	1339114	Stained Shadowcraft Pants	0	1	-1	1	1	0	0	90004	600					2026-09-01 00:56:51
Darkmoon	Season 10 Wildcard	178081	178081:97279:120	Chromie	83	1339115	Preened Ironfeather Legguards	0	1	-1	1	1	0	0	90004	600					2026-09-01 00:56:51
Darkmoon	Season 10 Wildcard	178081	178081:97279:120	Chromie	84	1339116	Mystical Kilt of Elements	0	1	-1	1	1	0	0	90004	600					2026-09-01 00:56:51
Darkmoon	Season 10 Wildcard	178081	178081:97279:120	Chromie	85	1339117	Champion Herod's Legguards	0	1	-1	1	1	0	0	90004	600					2026-09-01 00:56:51
Darkmoon	Season 10 Wildcard	178081	178081:97279:120	Chromie	86	1339118	Polished Platelegs of Valor	0	1	-1	1	1	0	0	90004	600					2026-09-01 00:56:51
Darkmoon	Season 10 Wildcard	178081	178081:97279:120	Chromie	87	1339119	Burnished Platelegs of Might	0	1	-1	1	1	0	0	90004	600					2026-09-01 00:56:51
Darkmoon	Season 10 Wildcard	178081	178081:97279:120	Chromie	88	1339099	Tattered Dreadmist Boots	0	1	-1	1	1	0	0	90004	375					2026-09-01 00:56:51
Darkmoon	Season 10 Wildcard	178081	178081:97279:120	Chromie	89	1339100	Stained Shadowcraft Boots	0	1	-1	1	1	0	0	90004	375					2026-09-01 00:56:51
Darkmoon	Season 10 Wildcard	178081	178081:97279:120	Chromie	90	1339101	Preened Ironfeather Boots	0	1	-1	1	1	0	0	90004	375					2026-09-01 00:56:51
Darkmoon	Season 10 Wildcard	178081	178081:97279:120	Chromie	91	1339102	Mystical Boots of Elements	0	1	-1	1	1	0	0	90004	375					2026-09-01 00:56:51
Darkmoon	Season 10 Wildcard	178081	178081:97279:120	Chromie	92	1339103	Champion Herod's Boots	0	1	-1	1	1	0	0	90004	375					2026-09-01 00:56:51
Darkmoon	Season 10 Wildcard	178081	178081:97279:120	Chromie	93	1339104	Polished Boots of Valor	0	1	-1	1	1	0	0	90004	375					2026-09-01 00:56:51
Darkmoon	Season 10 Wildcard	178081	178081:97279:120	Chromie	94	1339105	Burnished Boots of Might	0	1	-1	1	1	0	0	90004	375					2026-09-01 00:56:51
Darkmoon	Season 10 Wildcard	178081	178081:97279:120	Chromie	95	1339106	Tattered Dreadmist Bracers	0	1	-1	1	1	0	0	90004	375					2026-09-01 00:56:51
Darkmoon	Season 10 Wildcard	178081	178081:97279:120	Chromie	96	1339107	Stained Shadowcraft Bracers	0	1	-1	1	1	0	0	90004	375					2026-09-01 00:56:51
Darkmoon	Season 10 Wildcard	178081	178081:97279:120	Chromie	97	1339108	Preened Ironfeather Bracers	0	1	-1	1	1	0	0	90004	375					2026-09-01 00:56:51
Darkmoon	Season 10 Wildcard	178081	178081:97279:120	Chromie	98	1339109	Mystical Bracers of Elements	0	1	-1	1	1	0	0	90004	375					2026-09-01 00:56:51
Darkmoon	Season 10 Wildcard	178081	178081:97279:120	Chromie	99	1339110	Champion Herod's Bracers	0	1	-1	1	1	0	0	90004	375					2026-09-01 00:56:51
Darkmoon	Season 10 Wildcard	178081	178081:97279:120	Chromie	100	1339111	Polished Bracers of Valor	0	1	-1	1	1	0	0	90004	375					2026-09-01 00:56:51
Darkmoon	Season 10 Wildcard	178081	178081:97279:120	Chromie	101	1339112	Burnished Bracers of Might	0	1	-1	1	1	0	0	90004	375					2026-09-01 00:56:51
Darkmoon	Season 10 Wildcard	178081	178081:97279:120	Chromie	102	1339127	Tattered Dreadmist Gloves	0	1	-1	1	1	0	0	90004	225					2026-09-01 00:56:51
Darkmoon	Season 10 Wildcard	178081	178081:97279:120	Chromie	103	1339128	Stained Shadowcraft Gloves	0	1	-1	1	1	0	0	90004	225					2026-09-01 00:56:51
Darkmoon	Season 10 Wildcard	178081	178081:97279:120	Chromie	104	1339129	Preened Ironfeather Gloves	0	1	-1	1	1	0	0	90004	225					2026-09-01 00:56:51
Darkmoon	Season 10 Wildcard	178081	178081:97279:120	Chromie	105	1339130	Mystical Gloves of Elements	0	1	-1	1	1	0	0	90004	225					2026-09-01 00:56:51
Darkmoon	Season 10 Wildcard	178081	178081:97279:120	Chromie	106	1339131	Champion Herod's Gloves	0	1	-1	1	1	0	0	90004	225					2026-09-01 00:56:51
Darkmoon	Season 10 Wildcard	178081	178081:97279:120	Chromie	107	1339132	Polished Gauntlets of Valor	0	1	-1	1	1	0	0	90004	225					2026-09-01 00:56:51
Darkmoon	Season 10 Wildcard	178081	178081:97279:120	Chromie	108	1339133	Burnished Gauntlets of Might	0	1	-1	1	1	0	0	90004	225					2026-09-01 00:56:51
Darkmoon	Season 10 Wildcard	178081	178081:97279:120	Chromie	109	1339079	Ring of the Vanguard	0	1	-1	1	1	0	0	90004	225					2026-09-01 00:56:51
Darkmoon	Season 10 Wildcard	178081	178081:97279:120	Chromie	110	1339080	Ring of the Sorcerer	0	1	-1	1	1	0	0	90004	225					2026-09-01 00:56:51
Darkmoon	Season 10 Wildcard	178081	178081:97279:120	Chromie	111	1339081	Ring of the Bulwark	0	1	-1	1	1	0	0	90004	225					2026-09-01 00:56:51
Darkmoon	Season 10 Wildcard	178081	178081:97279:120	Chromie	112	1339082	Ring of the Lionhearted	0	1	-1	1	1	0	0	90004	225					2026-09-01 00:56:51
Darkmoon	Season 10 Wildcard	178081	178081:97279:120	Chromie	113	1339083	Ring of the Seer	0	1	-1	1	1	0	0	90004	225					2026-09-01 00:56:51
Darkmoon	Season 10 Wildcard	178081	178081:97279:120	Chromie	114	1339084	Champion's Deathdealer Cloak	0	1	-1	1	1	0	0	90004	375					2026-09-01 00:56:51
Darkmoon	Season 10 Wildcard	178081	178081:97279:120	Chromie	115	1339085	Polished Cloak of Valor	0	1	-1	1	1	0	0	90004	375					2026-09-01 00:56:51
Darkmoon	Season 10 Wildcard	178081	178081:97279:120	Chromie	116	1339086	Tattered Dreadmist Cloak	0	1	-1	1	1	0	0	90004	375					2026-09-01 00:56:51
Darkmoon	Season 10 Wildcard	178081	178081:97279:120	Chromie	117	1339087	Strengthened Cloak of Might	0	1	-1	1	1	0	0	90004	375					2026-09-01 00:56:51
Darkmoon	Season 10 Wildcard	178081	178081:97279:120	Chromie	118	1339088	Stained Shadowcraft Cloak	0	1	-1	1	1	0	0	90004	375					2026-09-01 00:56:51
Darkmoon	Season 10 Wildcard	178081	178081:97279:120	Chromie	119	1339089	Preened Ironfeather Cloak	0	1	-1	1	1	0	0	90004	375					2026-09-01 00:56:51
Darkmoon	Season 10 Wildcard	178081	178081:97279:120	Chromie	120	1339090	Mystical Cloak of Elements	0	1	-1	1	1	0	0	90004	375					2026-09-01 00:56:51
Darkmoon	Season 10 Wildcard	179538	179538:1500126:9	Millhouse Manastorm	1	1500126	Tome of Eye of Kilrogg	0	1	-1	1	1	0	0	1297307	150					2026-09-01 00:53:11
Darkmoon	Season 10 Wildcard	179538	179538:1500126:9	Millhouse Manastorm	2	1500128	Tome of Mind Soothe	0	1	-1	1	1	0	0	1297307	150					2026-09-01 00:53:11
Darkmoon	Season 10 Wildcard	179538	179538:1500126:9	Millhouse Manastorm	3	1500134	Tome of Levitate	0	1	-1	1	1	0	0	1297307	150					2026-09-01 00:53:11
Darkmoon	Season 10 Wildcard	179538	179538:1500126:9	Millhouse Manastorm	4	1500135	Tome of Safe Fall	0	1	-1	1	1	0	0	1297307	150					2026-09-01 00:53:11
Darkmoon	Season 10 Wildcard	179538	179538:1500126:9	Millhouse Manastorm	5	1500136	Tome of Mind Vision	0	1	-1	1	1	0	0	1297307	150					2026-09-01 00:53:11
Darkmoon	Season 10 Wildcard	179538	179538:1500126:9	Millhouse Manastorm	6	1500141	Tome of Teleport: Moonglade	0	1	-1	1	1	0	0	1297307	150					2026-09-01 00:53:11
Darkmoon	Season 10 Wildcard	179538	179538:1500126:9	Millhouse Manastorm	7	1500147	Tome of Conjure Refreshment	0	1	-1	1	1	0	0	1297307	150					2026-09-01 00:53:11
Darkmoon	Season 10 Wildcard	179538	179538:1500126:9	Millhouse Manastorm	8	1500153	Tome of Call of the Elements	0	1	-1	1	1	0	0	1297307	150					2026-09-01 00:53:11
Darkmoon	Season 10 Wildcard	179538	179538:1500126:9	Millhouse Manastorm	9	2903513	Mechanical Mystic Altar	0	1	-1	1	1	0	0	1297307	3000					2026-09-01 00:53:11
Darkmoon	Season 10 Wildcard	179538	179538:53834:34	Millhouse Manastorm	1	53834	Empty Heart Container	0	1	-1	1	1	0	0	1297307	200					2026-09-01 00:53:08
Darkmoon	Season 10 Wildcard	179538	179538:53834:34	Millhouse Manastorm	2	427920	Millhouse's Goggles of Imminent Peril	0	1	-1	1	1	0	0	1297307	200					2026-09-01 00:53:08
Darkmoon	Season 10 Wildcard	179538	179538:53834:34	Millhouse Manastorm	3	453836	Millhouse Mixtape	0	1	-1	1	1	0	0	1297307	500					2026-09-01 00:53:08
Darkmoon	Season 10 Wildcard	179538	179538:53834:34	Millhouse Manastorm	4	509890	Manastorm's Duplicator	0	1	-1	1	1	0	0	1297307	500					2026-09-01 00:53:08
Darkmoon	Season 10 Wildcard	179538	179538:53834:34	Millhouse Manastorm	5	980060	Beastmaster's Whistle: Pink Elekk	0	1	-1	1	1	0	0	1297307	500					2026-09-01 00:53:08
Darkmoon	Season 10 Wildcard	179538	179538:53834:34	Millhouse Manastorm	6	233223	Millhouse's Mystical Transportation Device	0	1	-1	1	1	0	0	1297307	1500					2026-09-01 00:53:08
Darkmoon	Season 10 Wildcard	179538	179538:53834:34	Millhouse Manastorm	7	532570	Pip	0	1	-1	1	1	0	0	1297307	1500					2026-09-01 00:53:08
Darkmoon	Season 10 Wildcard	179538	179538:53834:34	Millhouse Manastorm	8	532571	Boomer	0	1	-1	1	1	0	0	1297307	1500					2026-09-01 00:53:08
Darkmoon	Season 10 Wildcard	179538	179538:53834:34	Millhouse Manastorm	9	236415	Celestial Glitterplume	0	1	-1	1	1	0	0	1297307	5000					2026-09-01 00:53:08
Darkmoon	Season 10 Wildcard	179538	179538:53834:34	Millhouse Manastorm	10	309907	Recalibrator Pylon	0	1	-1	1	1	0	0	1297307	500					2026-09-01 00:53:08
Darkmoon	Season 10 Wildcard	179538	179538:53834:34	Millhouse Manastorm	11	439040	Tinkertrot	0	1	-1	1	1	0	0	1297307	5000					2026-09-01 00:53:08
Darkmoon	Season 10 Wildcard	179538	179538:53834:34	Millhouse Manastorm	12	532577	Dazzling Rod	0	1	-1	1	1	0	0	1297307	5000					2026-09-01 00:53:08
Darkmoon	Season 10 Wildcard	179538	179538:53834:34	Millhouse Manastorm	13	69078	Purple Desert Satin Cord	0	1	-1	1	1	0	0	1297307	2000					2026-09-01 00:53:08
Darkmoon	Season 10 Wildcard	179538	179538:53834:34	Millhouse Manastorm	14	69079	Purple Desert Satin Treads	0	1	-1	1	1	0	0	1297307	2000					2026-09-01 00:53:08
Darkmoon	Season 10 Wildcard	179538	179538:53834:34	Millhouse Manastorm	15	69080	Purple Desert Satin Tunic	0	1	-1	1	1	0	0	1297307	2000					2026-09-01 00:53:08
Darkmoon	Season 10 Wildcard	179538	179538:53834:34	Millhouse Manastorm	16	69081	Purple Desert Satin Gloves	0	1	-1	1	1	0	0	1297307	2000					2026-09-01 00:53:08
Darkmoon	Season 10 Wildcard	179538	179538:53834:34	Millhouse Manastorm	17	69082	Purple Desert Satin Hood	0	1	-1	1	1	0	0	1297307	2000					2026-09-01 00:53:08
Darkmoon	Season 10 Wildcard	179538	179538:53834:34	Millhouse Manastorm	18	69083	Purple Desert Satin Leggings	0	1	-1	1	1	0	0	1297307	2000					2026-09-01 00:53:08
Darkmoon	Season 10 Wildcard	179538	179538:53834:34	Millhouse Manastorm	19	69084	Purple Desert Satin Robe	0	1	-1	1	1	0	0	1297307	2000					2026-09-01 00:53:08
Darkmoon	Season 10 Wildcard	179538	179538:53834:34	Millhouse Manastorm	20	69085	Purple Desert Satin Mantle	0	1	-1	1	1	0	0	1297307	2000					2026-09-01 00:53:08
Darkmoon	Season 10 Wildcard	179538	179538:53834:34	Millhouse Manastorm	21	69086	Purple Desert Satin Cuffs	0	1	-1	1	1	0	0	1297307	2000					2026-09-01 00:53:08
Darkmoon	Season 10 Wildcard	179538	179538:53834:34	Millhouse Manastorm	22	98451	Purple Desert Satin Skirt	0	1	-1	1	1	0	0	1297307	2000					2026-09-01 00:53:08
Darkmoon	Season 10 Wildcard	179538	179538:53834:34	Millhouse Manastorm	23	280760	S.A.V.I.O.R	0	1	-1	1	1	0	0	1297307	8000					2026-09-01 00:53:08
Darkmoon	Season 10 Wildcard	179538	179538:53834:34	Millhouse Manastorm	24	350411	Alchemist's Brewing Staff	0	1	-1	1	1	0	0	1297307	8000					2026-09-01 00:53:08
Darkmoon	Season 10 Wildcard	179538	179538:53834:34	Millhouse Manastorm	25	532572	Steel Spinner	0	1	-1	1	1	0	0	1297307	8000					2026-09-01 00:53:08
Darkmoon	Season 10 Wildcard	179538	179538:53834:34	Millhouse Manastorm	26	532573	Gnomefeaster	0	1	-1	1	1	0	0	1297307	8000					2026-09-01 00:53:08
Darkmoon	Season 10 Wildcard	179538	179538:53834:34	Millhouse Manastorm	27	1611123	Void Forged Sword	0	1	-1	1	1	0	0	1297307	8000					2026-09-01 00:53:08
Darkmoon	Season 10 Wildcard	179538	179538:53834:34	Millhouse Manastorm	28	532578	Beastmaster's Whistle: Doberman MK III	0	1	-1	1	1	0	0	1297307	12500					2026-09-01 00:53:08
Darkmoon	Season 10 Wildcard	179538	179538:53834:34	Millhouse Manastorm	29	532579	Elemental Lodestone: Bound Water Elemental	0	1	-1	1	1	0	0	1297307	12500					2026-09-01 00:53:08
Darkmoon	Season 10 Wildcard	179538	179538:53834:34	Millhouse Manastorm	30	532575	Transform: S.A.V.I.O.R	0	1	-1	1	1	0	0	1297307	15000					2026-09-01 00:53:08
Darkmoon	Season 10 Wildcard	179538	179538:53834:34	Millhouse Manastorm	31	532576	Chromatic Actuator	0	1	-1	1	1	0	0	1297307	15000					2026-09-01 00:53:08
Darkmoon	Season 10 Wildcard	179538	179538:53834:34	Millhouse Manastorm	32	428236	Reins of Silvershine Sentinel	0	1	-1	1	1	0	0	1297307	20000					2026-09-01 00:53:08
Darkmoon	Season 10 Wildcard	179538	179538:53834:34	Millhouse Manastorm	33	532580	Rusted Keys to the Junkheap Drifter	0	1	-1	1	1	0	0	1297307	20000					2026-09-01 00:53:08
Darkmoon	Season 10 Wildcard	179538	179538:53834:34	Millhouse Manastorm	34	754706	Incarnation: Silvershine Sentinel	0	1	-1	1	1	0	0	1297307	22000					2026-09-01 00:53:08
Darkmoon	Season 10 Wildcard	179539	179539:339041:21	Cogsworth	1	339041	Interrupt Rod (Rank 1)	0	1	-1	1	1	0	0	1297308	7500					2026-09-01 00:53:13
Darkmoon	Season 10 Wildcard	179539	179539:339041:21	Cogsworth	2	99269	Hearty Heal Upgrade (Rank 1)	0	1	-1	1	1	0	0	1297308	7500					2026-09-01 00:53:13
Darkmoon	Season 10 Wildcard	179539	179539:339041:21	Cogsworth	3	339030	Cleanse (Rank 1)	0	1	-1	1	1	0	0	1297308	7500					2026-09-01 00:53:13
Darkmoon	Season 10 Wildcard	179539	179539:339041:21	Cogsworth	4	339031	Purification (Rank 1)	0	1	-1	1	1	0	0	1297308	7500					2026-09-01 00:53:13
Darkmoon	Season 10 Wildcard	179539	179539:339041:21	Cogsworth	5	339033	Curing (Rank 1)	0	1	-1	1	1	0	0	1297308	7500					2026-09-01 00:53:13
Darkmoon	Season 10 Wildcard	179539	179539:339041:21	Cogsworth	6	339074	Motion Lotion (Rank 1)	0	1	-1	1	1	0	0	1297308	7500					2026-09-01 00:53:13
Darkmoon	Season 10 Wildcard	179539	179539:339041:21	Cogsworth	7	99290	Freedom Fizz (Rank 1)	0	1	-1	1	1	0	0	1297308	7500					2026-09-01 00:53:13
Darkmoon	Season 10 Wildcard	179539	179539:339041:21	Cogsworth	8	339050	Sprint Serum (Rank 1)	0	1	-1	1	1	0	0	1297308	7500					2026-09-01 00:53:13
Darkmoon	Season 10 Wildcard	179539	179539:339041:21	Cogsworth	9	1300179	Millhouse Mobility Mixture	0	1	-1	1	1	0	0	1297308	7500					2026-09-01 00:53:13
Darkmoon	Season 10 Wildcard	179539	179539:339041:21	Cogsworth	10	339077	Taunting Tonic (Rank 1)	0	1	-1	1	1	0	0	1297308	15000					2026-09-01 00:53:13
Darkmoon	Season 10 Wildcard	179539	179539:339041:21	Cogsworth	11	339034	Muscle Maxer (Rank 1)	0	1	-1	1	1	0	0	1297308	15000					2026-09-01 00:53:13
Darkmoon	Season 10 Wildcard	179539	179539:339041:21	Cogsworth	12	339035	Genius Juice (Rank 1)	0	1	-1	1	1	0	0	1297308	15000					2026-09-01 00:53:13
Darkmoon	Season 10 Wildcard	179539	179539:339041:21	Cogsworth	13	339037	Reflex Booster (Rank 1)	0	1	-1	1	1	0	0	1297308	15000					2026-09-01 00:53:13
Darkmoon	Season 10 Wildcard	179539	179539:339041:21	Cogsworth	14	339036	Chakra Chug (Rank 1)	0	1	-1	1	1	0	0	1297308	15000					2026-09-01 00:53:13
Darkmoon	Season 10 Wildcard	179539	179539:339041:21	Cogsworth	15	339063	Incantation Intensifier (Rank 1)	0	1	-1	1	1	0	0	1297308	20000					2026-09-01 00:53:13
Darkmoon	Season 10 Wildcard	179539	179539:339041:21	Cogsworth	16	339070	Long Haul Liquid (Rank 1)	0	1	-1	1	1	0	0	1297308	20000					2026-09-01 00:53:13
Darkmoon	Season 10 Wildcard	179539	179539:339041:21	Cogsworth	17	339071	Harm Repellant Remedy (Rank 1)	0	1	-1	1	1	0	0	1297308	20000					2026-09-01 00:53:13
Darkmoon	Season 10 Wildcard	179539	179539:339041:21	Cogsworth	18	339072	Rage Rush Solution (Rank 1)	0	1	-1	1	1	0	0	1297308	20000					2026-09-01 00:53:13
Darkmoon	Season 10 Wildcard	179539	179539:339041:21	Cogsworth	19	439124	Purge-O-Matic	0	1	-1	1	1	0	0	1297308	10000					2026-09-01 00:53:13
Darkmoon	Season 10 Wildcard	179539	179539:339041:21	Cogsworth	20	339042	Frogduck Morph Machine	0	1	-1	1	1	0	0	1297308	10000					2026-09-01 00:53:13
Darkmoon	Season 10 Wildcard	179539	179539:339041:21	Cogsworth	21	339062	Tiny Ticking Time-Bomb	0	1	-1	1	1	0	0	1297308	30000					2026-09-01 00:53:13
Darkmoon	Season 10 Wildcard	317000	317000:1179149:14	Merul	1	1179149	Vicious War Spider (Alliance)	0	1	-1		1	25000	0							2026-09-01 00:55:55
Darkmoon	Season 10 Wildcard	317000	317000:1179149:14	Merul	2	1179152	Vicious War Spider (Horde)	0	1	-1		1	25000	0							2026-09-01 00:55:55
Darkmoon	Season 10 Wildcard	317000	317000:1179149:14	Merul	3	1777320	Rocktusk Battleboar	0	1	-1		1	25000	0							2026-09-01 00:55:55
Darkmoon	Season 10 Wildcard	317000	317000:1179149:14	Merul	4	1777436	Umberhoof Warboar	0	1	-1		1	25000	0							2026-09-01 00:55:55
Darkmoon	Season 10 Wildcard	317000	317000:1179149:14	Merul	5	29465	Black Battlestrider	0	1	-1	1	1	30000	0							2026-09-01 00:55:55
Darkmoon	Season 10 Wildcard	317000	317000:1179149:14	Merul	6	29466	Black War Kodo	0	1	-1	1	1	30000	0							2026-09-01 00:55:55
Darkmoon	Season 10 Wildcard	317000	317000:1179149:14	Merul	7	29467	Black War Ram	0	1	-1	1	1	30000	0							2026-09-01 00:55:55
Darkmoon	Season 10 Wildcard	317000	317000:1179149:14	Merul	8	29468	Black War Steed Bridle	0	1	-1	1	1	30000	0							2026-09-01 00:55:55
Darkmoon	Season 10 Wildcard	317000	317000:1179149:14	Merul	9	29469	Horn of the Black War Wolf	0	1	-1	1	1	30000	0							2026-09-01 00:55:55
Darkmoon	Season 10 Wildcard	317000	317000:1179149:14	Merul	10	29470	Red Skeletal Warhorse	0	1	-1	1	1	30000	0							2026-09-01 00:55:55
Darkmoon	Season 10 Wildcard	317000	317000:1179149:14	Merul	11	29471	Reins of the Black War Tiger	0	1	-1	1	1	30000	0							2026-09-01 00:55:55
Darkmoon	Season 10 Wildcard	317000	317000:1179149:14	Merul	12	29472	Whistle of the Black War Raptor	0	1	-1	1	1	30000	0							2026-09-01 00:55:55
Darkmoon	Season 10 Wildcard	317000	317000:1179149:14	Merul	13	34129	Swift Warstrider	0	1	-1	1	1	30000	0							2026-09-01 00:55:55
Darkmoon	Season 10 Wildcard	317000	317000:1179149:14	Merul	14	35906	Reins of the Black War Elekk	0	1	-1	1	1	30000	0							2026-09-01 00:55:55
Darkmoon	Season 10 Wildcard	317000	317000:51534:10	Merul	1	51534	Wrathful Gladiator's Tabard	0	1	-1		1	0	500							2026-09-01 00:55:48
Darkmoon	Season 10 Wildcard	317000	317000:51534:10	Merul	2	1203021	Gladiator's Tabard of Redemption	0	1	-1		1	5000	0							2026-09-01 00:55:48
Darkmoon	Season 10 Wildcard	317000	317000:51534:10	Merul	3	1203022	Gladiator's Tabard of Annihilation	0	1	-1		1	5000	0							2026-09-01 00:55:48
Darkmoon	Season 10 Wildcard	317000	317000:51534:10	Merul	4	1203026	Gladiator's Tabard of Frigidity	0	1	-1		1	5000	0							2026-09-01 00:55:48
Darkmoon	Season 10 Wildcard	317000	317000:51534:10	Merul	5	1203031	Gladiator's Tabard of Natural Cycles	0	1	-1		1	5000	0							2026-09-01 00:55:48
Darkmoon	Season 10 Wildcard	317000	317000:51534:10	Merul	6	1203040	Gladiator's Tabard of Gore	0	1	-1		1	5000	0							2026-09-01 00:55:48
Darkmoon	Season 10 Wildcard	317000	317000:51534:10	Merul	7	1203043	Gladiator's Tabard of Flames	0	1	-1		1	5000	0							2026-09-01 00:55:48
Darkmoon	Season 10 Wildcard	317000	317000:51534:10	Merul	8	1600890	Tyrannical Gladiator's Tabard	0	1	-1		1	5000	0							2026-09-01 00:55:48
Darkmoon	Season 10 Wildcard	317000	317000:51534:10	Merul	9	1600891	Grievous Gladiator's Tabard	0	1	-1		1	5000	0							2026-09-01 00:55:48
Darkmoon	Season 10 Wildcard	317000	317000:51534:10	Merul	10	1203023	Gladiator's Tabard of Dominance	0	1	-1		1	5000	0							2026-09-01 00:55:48
Darkmoon	Season 10 Wildcard	317000	317000:6300533:5	Merul	1	6300533	Illusion: Dancing Steel	0	1	-1		1	5000	0							2026-09-01 00:55:50
Darkmoon	Season 10 Wildcard	317000	317000:6300533:5	Merul	2	6300535	Illusion: Elemental Force	0	1	-1		1	5000	0							2026-09-01 00:55:50
Darkmoon	Season 10 Wildcard	317000	317000:6300533:5	Merul	3	6300537	Illusion: Jade Spirit	0	1	-1		1	5000	0							2026-09-01 00:55:50
Darkmoon	Season 10 Wildcard	317000	317000:6300533:5	Merul	4	6300541	Illusion: Bloody Dancing Steel	0	1	-1		1	5000	0							2026-09-01 00:55:50
Darkmoon	Season 10 Wildcard	317000	317000:6300533:5	Merul	5	6300097	Illusion: Demonic Tyranny	0	1	-1		1	5000	0							2026-09-01 00:55:50
Darkmoon	Season 10 Wildcard	317000	317000:69087:32	Merul	1	69087	Ruthless Gladiator's Satin Cord Elite	0	1	-1		1	5000	0							2026-09-01 00:55:53
Darkmoon	Season 10 Wildcard	317000	317000:69087:32	Merul	2	69095	Ruthless Gladiator's Satin Cuffs Elite	0	1	-1		1	5000	0							2026-09-01 00:55:53
Darkmoon	Season 10 Wildcard	317000	317000:69087:32	Merul	3	70497	Ruthless Gladiator's Satin Treads Elite	0	1	-1		1	5000	0							2026-09-01 00:55:53
Darkmoon	Season 10 Wildcard	317000	317000:69087:32	Merul	4	70474	Ruthless Gladiator's Satin Gloves Elite	0	1	-1		1	5000	0							2026-09-01 00:55:53
Darkmoon	Season 10 Wildcard	317000	317000:69087:32	Merul	5	70471	Ruthless Gladiator's Satin Robe Elite	0	1	-1		1	5000	0							2026-09-01 00:55:53
Darkmoon	Season 10 Wildcard	317000	317000:69087:32	Merul	6	69089	Ruthless Gladiator's Satin Tunic Elite	0	1	-1		1	5000	0							2026-09-01 00:55:53
Darkmoon	Season 10 Wildcard	317000	317000:69087:32	Merul	7	70472	Ruthless Gladiator's Satin Leggings Elite	0	1	-1		1	5000	0							2026-09-01 00:55:53
Darkmoon	Season 10 Wildcard	317000	317000:69087:32	Merul	8	98447	Ruthless Gladiator's Satin Skirt	0	1	-1		1	5000	0							2026-09-01 00:55:53
Darkmoon	Season 10 Wildcard	317000	317000:69087:32	Merul	9	70473	Ruthless Gladiator's Satin Hood Elite	0	1	-1		1	5000	0							2026-09-01 00:55:53
Darkmoon	Season 10 Wildcard	317000	317000:69087:32	Merul	10	70470	Ruthless Gladiator's Satin Mantle Elite	0	1	-1		1	5000	0							2026-09-01 00:55:53
Darkmoon	Season 10 Wildcard	317000	317000:69087:32	Merul	11	1272342	Ruthless Gladiator's Dragonhide Belt Elite	0	1	-1		1	5000	0							2026-09-01 00:55:53
Darkmoon	Season 10 Wildcard	317000	317000:69087:32	Merul	12	1272337	Ruthless Gladiator's Dragonhide Gloves Elite	0	1	-1		1	5000	0							2026-09-01 00:55:53
Darkmoon	Season 10 Wildcard	317000	317000:69087:32	Merul	13	1272351	Ruthless Gladiator's Dragonhide Boots Elite	0	1	-1		1	5000	0							2026-09-01 00:55:53
Darkmoon	Season 10 Wildcard	317000	317000:69087:32	Merul	14	1272340	Ruthless Gladiator's Dragonhide Robes Elite	0	1	-1		1	5000	0							2026-09-01 00:55:53
Darkmoon	Season 10 Wildcard	317000	317000:69087:32	Merul	15	1272339	Ruthless Gladiator's Dragonhide Legguards Elite	0	1	-1		1	5000	0							2026-09-01 00:55:53
Darkmoon	Season 10 Wildcard	317000	317000:69087:32	Merul	16	1272338	Ruthless Gladiator's Dragonhide Helm Elite	0	1	-1		1	5000	0							2026-09-01 00:55:53
Darkmoon	Season 10 Wildcard	317000	317000:69087:32	Merul	17	1272341	Ruthless Gladiator's Dragonhide Spaulders Elite	0	1	-1		1	5000	0							2026-09-01 00:55:53
Darkmoon	Season 10 Wildcard	317000	317000:69087:32	Merul	18	1285099	Ruthless Gladiator's Chain Belt Elite	0	1	-1		1	5000	0							2026-09-01 00:55:53
Darkmoon	Season 10 Wildcard	317000	317000:69087:32	Merul	19	1270441	Ruthless Gladiator's Chain Gauntlets Elite	0	1	-1		1	5000	0							2026-09-01 00:55:53
Darkmoon	Season 10 Wildcard	317000	317000:69087:32	Merul	20	1270500	Ruthless Gladiator's Chain Boots Elite	0	1	-1		1	5000	0							2026-09-01 00:55:53
Darkmoon	Season 10 Wildcard	317000	317000:69087:32	Merul	21	1270476	Ruthless Gladiator's Chain Chest Elite	0	1	-1		1	5000	0							2026-09-01 00:55:53
Darkmoon	Season 10 Wildcard	317000	317000:69087:32	Merul	22	1270435	Ruthless Gladiator's Chain Leggings Elite	0	1	-1		1	5000	0							2026-09-01 00:55:53
Darkmoon	Season 10 Wildcard	317000	317000:69087:32	Merul	23	1270440	Ruthless Gladiator's Chain Helm Elite	0	1	-1		1	5000	0							2026-09-01 00:55:53
Darkmoon	Season 10 Wildcard	317000	317000:69087:32	Merul	24	1270434	Ruthless Gladiator's Chain Spaulders Elite	0	1	-1		1	5000	0							2026-09-01 00:55:53
Darkmoon	Season 10 Wildcard	317000	317000:69087:32	Merul	25	1006532	Vicious Gladiator's Plate Armplates Elite	0	1	-1		1	5000	0							2026-09-01 00:55:53
Darkmoon	Season 10 Wildcard	317000	317000:69087:32	Merul	26	1006526	Vicious Gladiator's Plate Girdle Elite	0	1	-1		1	5000	0							2026-09-01 00:55:53
Darkmoon	Season 10 Wildcard	317000	317000:69087:32	Merul	27	1006528	Vicious Gladiator's Plate Gauntlets Elite	0	1	-1		1	5000	0							2026-09-01 00:55:53
Darkmoon	Season 10 Wildcard	317000	317000:69087:32	Merul	28	1006530	Vicious Gladiator's Plate Warboots Elite	0	1	-1		1	5000	0							2026-09-01 00:55:53
Darkmoon	Season 10 Wildcard	317000	317000:69087:32	Merul	29	1006531	Vicious Gladiator's Plate Chestpiece Elite	0	1	-1		1	5000	0							2026-09-01 00:55:53
Darkmoon	Season 10 Wildcard	317000	317000:69087:32	Merul	30	1006529	Vicious Gladiator's Plate Legguards Elite	0	1	-1		1	5000	0							2026-09-01 00:55:53
Darkmoon	Season 10 Wildcard	317000	317000:69087:32	Merul	31	1006527	Vicious Gladiator's Plate Helm Elite	0	1	-1		1	5000	0							2026-09-01 00:55:53
Darkmoon	Season 10 Wildcard	317000	317000:69087:32	Merul	32	1006533	Vicious Gladiator's Plate Shoulders Elite	0	1	-1		1	5000	0							2026-09-01 00:55:53
Darkmoon	Season 10 Wildcard	900007	900007:1518202:53	Tiraxis	1	1518202	Rethreaded Left Bear Claw	0	1	-1	1	1	0	0	975001	600					2026-09-01 00:53:56
Darkmoon	Season 10 Wildcard	900007	900007:1518202:53	Tiraxis	2	1518203	Rethreaded Right Bear Claw	0	1	-1	1	1	0	0	975001	600					2026-09-01 00:53:56
Darkmoon	Season 10 Wildcard	900007	900007:1518202:53	Tiraxis	3	1642896	Druid Idol of Agility	0	1	-1	1	1	0	0	975001	600					2026-09-01 00:53:56
Darkmoon	Season 10 Wildcard	900007	900007:1518202:53	Tiraxis	4	1642897	Druid Idol of Spells	0	1	-1	1	1	0	0	975001	600					2026-09-01 00:53:56
Darkmoon	Season 10 Wildcard	900007	900007:1518202:53	Tiraxis	5	1642898	Shaman Totem of Agility	0	1	-1	1	1	0	0	975001	600					2026-09-01 00:53:56
Darkmoon	Season 10 Wildcard	900007	900007:1518202:53	Tiraxis	6	1642899	Shaman Totem of Spells	0	1	-1	1	1	0	0	975001	600					2026-09-01 00:53:56
Darkmoon	Season 10 Wildcard	900007	900007:1518202:53	Tiraxis	7	1642900	Paladin Libram of Strength	0	1	-1	1	1	0	0	975001	600					2026-09-01 00:53:56
Darkmoon	Season 10 Wildcard	900007	900007:1518202:53	Tiraxis	8	1642901	Paladin Libram of Healing	0	1	-1	1	1	0	0	975001	600					2026-09-01 00:53:56
Darkmoon	Season 10 Wildcard	900007	900007:1518202:53	Tiraxis	9	1642902	Thrown Axe of the Executioner	0	1	-1	1	1	0	0	975001	600					2026-09-01 00:53:56
Darkmoon	Season 10 Wildcard	900007	900007:1518202:53	Tiraxis	10	1642944	Balanced Heartseeker	0	1	-1	1	1	0	0	975001	600					2026-09-01 00:53:56
Darkmoon	Season 10 Wildcard	900007	900007:1518202:53	Tiraxis	11	1642945	Venerable Dal'Rend's Sacred Charge	0	1	-1	1	1	0	0	975001	600					2026-09-01 00:53:56
Darkmoon	Season 10 Wildcard	900007	900007:1518202:53	Tiraxis	12	1642948	Devout Aurastone Hammer	0	1	-1	1	1	0	0	975001	600					2026-09-01 00:53:56
Darkmoon	Season 10 Wildcard	900007	900007:1518202:53	Tiraxis	13	1644091	Sharpened Scarlet Kris	0	1	-1	1	1	0	0	975001	600					2026-09-01 00:53:56
Darkmoon	Season 10 Wildcard	900007	900007:1518202:53	Tiraxis	14	1644094	The Blessed Hammer of Grace	0	1	-1	1	1	0	0	975001	600					2026-09-01 00:53:56
Darkmoon	Season 10 Wildcard	900007	900007:1518202:53	Tiraxis	15	1644096	Battleworn Thrash Blade	0	1	-1	1	1	0	0	975001	600					2026-09-01 00:53:56
Darkmoon	Season 10 Wildcard	900007	900007:1518202:53	Tiraxis	16	1648716	Venerable Mass of McGowan	0	1	-1	1	1	0	0	975001	600					2026-09-01 00:53:56
Darkmoon	Season 10 Wildcard	900007	900007:1518202:53	Tiraxis	17	3140350	Urn of Aspiring Light	0	1	-1	1	1	0	0	975001	600					2026-09-01 00:53:56
Darkmoon	Season 10 Wildcard	900007	900007:1518202:53	Tiraxis	18	3148335	Polished Observer's Shield	0	1	-1	1	1	0	0	975001	600					2026-09-01 00:53:56
Darkmoon	Season 10 Wildcard	900007	900007:1518202:53	Tiraxis	19	1642846	Wand of the Forgotten Lich	0	1	-1	1	1	0	0	975001	800					2026-09-01 00:53:56
Darkmoon	Season 10 Wildcard	900007	900007:1518202:53	Tiraxis	20	1642943	Bloodied Arcanite Reaper	0	1	-1	1	1	0	0	975001	800					2026-09-01 00:53:56
Darkmoon	Season 10 Wildcard	900007	900007:1518202:53	Tiraxis	21	1642946	Charmed Ancient Bone Bow	0	1	-1	1	1	0	0	975001	800					2026-09-01 00:53:56
Darkmoon	Season 10 Wildcard	900007	900007:1518202:53	Tiraxis	22	1642947	Dignified Headmaster's Charge	0	1	-1	1	1	0	0	975001	800					2026-09-01 00:53:56
Darkmoon	Season 10 Wildcard	900007	900007:1518202:53	Tiraxis	23	1642999	Ancient Crossbow	0	1	-1	1	1	0	0	975001	800					2026-09-01 00:53:56
Darkmoon	Season 10 Wildcard	900007	900007:1518202:53	Tiraxis	24	1644092	Reforged Truesilver Champion	0	1	-1	1	1	0	0	975001	800					2026-09-01 00:53:56
Darkmoon	Season 10 Wildcard	900007	900007:1518202:53	Tiraxis	25	1644093	Upgraded Dwarven Hand Cannon	0	1	-1	1	1	0	0	975001	800					2026-09-01 00:53:56
Darkmoon	Season 10 Wildcard	900007	900007:1518202:53	Tiraxis	26	1644095	Grand Staff of Jordan	0	1	-1	1	1	0	0	975001	800					2026-09-01 00:53:56
Darkmoon	Season 10 Wildcard	900007	900007:1518202:53	Tiraxis	27	1648718	Repurposed Lava Dredger	0	1	-1	1	1	0	0	975001	800					2026-09-01 00:53:56
Darkmoon	Season 10 Wildcard	900007	900007:1518202:53	Tiraxis	28	3142943	Sturdied Arcanite Spear	0	1	-1	1	1	0	0	975001	800					2026-09-01 00:53:56
Darkmoon	Season 10 Wildcard	900007	900007:1518202:53	Tiraxis	29	1642991	Swift Hand of Justice	0	1	-1	1	1	0	0	975001	500					2026-09-01 00:53:56
Darkmoon	Season 10 Wildcard	900007	900007:1518202:53	Tiraxis	30	1642992	Discerning Eye of the Beast	0	1	-1	1	1	0	0	975001	500					2026-09-01 00:53:56
Darkmoon	Season 10 Wildcard	900007	900007:1518202:53	Tiraxis	31	1644097	Inherited Insignia of the Horde	0	1	-1	1	1	0	0	975001	500					2026-09-01 00:53:56
Darkmoon	Season 10 Wildcard	900007	900007:1518202:53	Tiraxis	32	1644098	Inherited Insignia of the Alliance	0	1	-1	1	1	0	0	975001	500					2026-09-01 00:53:56
Darkmoon	Season 10 Wildcard	900007	900007:1518202:53	Tiraxis	33	1642949	Polished Spaulders of Valor	0	1	-1	1	1	0	0	975001	600					2026-09-01 00:53:56
Darkmoon	Season 10 Wildcard	900007	900007:1518202:53	Tiraxis	34	1642950	Champion Herod's Shoulder	0	1	-1	1	1	0	0	975001	600					2026-09-01 00:53:56
Darkmoon	Season 10 Wildcard	900007	900007:1518202:53	Tiraxis	35	1642951	Mystical Pauldrons of Elements	0	1	-1	1	1	0	0	975001	600					2026-09-01 00:53:56
Darkmoon	Season 10 Wildcard	900007	900007:1518202:53	Tiraxis	36	1642952	Stained Shadowcraft Spaulders	0	1	-1	1	1	0	0	975001	600					2026-09-01 00:53:56
Darkmoon	Season 10 Wildcard	900007	900007:1518202:53	Tiraxis	37	1642984	Preened Ironfeather Shoulders	0	1	-1	1	1	0	0	975001	600					2026-09-01 00:53:56
Darkmoon	Season 10 Wildcard	900007	900007:1518202:53	Tiraxis	38	1642985	Tattered Dreadmist Mantle	0	1	-1	1	1	0	0	975001	600					2026-09-01 00:53:56
Darkmoon	Season 10 Wildcard	900007	900007:1518202:53	Tiraxis	39	1644099	Strengthened Stockade Pauldrons	0	1	-1	1	1	0	0	975001	600					2026-09-01 00:53:56
Darkmoon	Season 10 Wildcard	900007	900007:1518202:53	Tiraxis	40	1644100	Pristine Lightforge Spaulders	0	1	-1	1	1	0	0	975001	600					2026-09-01 00:53:56
Darkmoon	Season 10 Wildcard	900007	900007:1518202:53	Tiraxis	41	1644101	Prized Beastmaster's Mantle	0	1	-1	1	1	0	0	975001	600					2026-09-01 00:53:56
Darkmoon	Season 10 Wildcard	900007	900007:1518202:53	Tiraxis	42	1644102	Aged Pauldrons of The Five Thunders	0	1	-1	1	1	0	0	975001	600					2026-09-01 00:53:56
Darkmoon	Season 10 Wildcard	900007	900007:1518202:53	Tiraxis	43	1644103	Exceptional Stormshroud Shoulders	0	1	-1	1	1	0	0	975001	600					2026-09-01 00:53:56
Darkmoon	Season 10 Wildcard	900007	900007:1518202:53	Tiraxis	44	1644105	Lasting Feralheart Spaulders	0	1	-1	1	1	0	0	975001	600					2026-09-01 00:53:56
Darkmoon	Season 10 Wildcard	900007	900007:1518202:53	Tiraxis	45	1644107	Exquisite Sunderseer Mantle	0	1	-1	1	1	0	0	975001	600					2026-09-01 00:53:56
Darkmoon	Season 10 Wildcard	900007	900007:1518202:53	Tiraxis	46	3142949	Burnished Spaulders of Might	0	1	-1	1	1	0	0	975001	600					2026-09-01 00:53:56
Darkmoon	Season 10 Wildcard	900007	900007:1518202:53	Tiraxis	47	1648677	Champion's Deathdealer Breastplate	0	1	-1	1	1	0	0	975001	800					2026-09-01 00:53:56
Darkmoon	Season 10 Wildcard	900007	900007:1518202:53	Tiraxis	48	1648683	Mystical Vest of Elements	0	1	-1	1	1	0	0	975001	800					2026-09-01 00:53:56
Darkmoon	Season 10 Wildcard	900007	900007:1518202:53	Tiraxis	49	1648685	Polished Breastplate of Valor	0	1	-1	1	1	0	0	975001	800					2026-09-01 00:53:56
Darkmoon	Season 10 Wildcard	900007	900007:1518202:53	Tiraxis	50	1648687	Preened Ironfeather Breastplate	0	1	-1	1	1	0	0	975001	800					2026-09-01 00:53:56
Darkmoon	Season 10 Wildcard	900007	900007:1518202:53	Tiraxis	51	1648689	Stained Shadowcraft Tunic	0	1	-1	1	1	0	0	975001	800					2026-09-01 00:53:56
Darkmoon	Season 10 Wildcard	900007	900007:1518202:53	Tiraxis	52	1648691	Tattered Dreadmist Robe	0	1	-1	1	1	0	0	975001	800					2026-09-01 00:53:56
Darkmoon	Season 10 Wildcard	900007	900007:1518202:53	Tiraxis	53	3148685	Burnished Breastplate of Might	0	1	-1	1	1	0	0	975001	800					2026-09-01 00:53:56
Darkmoon	Season 10 Wildcard	900007	900007:22780:110	Tiraxis	1	22780	White Murloc Egg	0	1	1	1	1	0	0	975001	1500					2026-09-01 00:53:42
Darkmoon	Season 10 Wildcard	900007	900007:22780:110	Tiraxis	2	29462	Yeti's Blade	0	1	1	1	1	0	0	975001	300					2026-09-01 00:53:42
Darkmoon	Season 10 Wildcard	900007	900007:22780:110	Tiraxis	3	32498	Fortune Coin	0	1	1	1	1	0	0	975001	1500					2026-09-01 00:53:42
Darkmoon	Season 10 Wildcard	900007	900007:22780:110	Tiraxis	4	45727	Melkior, Emberforgerd Beholder	0	1	1	1	1	0	0	975001	800					2026-09-01 00:53:42
Darkmoon	Season 10 Wildcard	900007	900007:22780:110	Tiraxis	5	49344	Yaldaboath, End of Souls	0	1	1	1	1	0	0	975001	800					2026-09-01 00:53:42
Darkmoon	Season 10 Wildcard	900007	900007:22780:110	Tiraxis	6	50043	Ebonshade Chieftain's Cleaver	0	1	1	1	1	0	0	975001	1200					2026-09-01 00:53:42
Darkmoon	Season 10 Wildcard	900007	900007:22780:110	Tiraxis	7	52691	Drak'Tharon Bonecleaver	0	1	1	1	1	0	0	975001	1000					2026-09-01 00:53:42
Darkmoon	Season 10 Wildcard	900007	900007:22780:110	Tiraxis	8	55052	Obsidium Executioner	0	1	1	1	1	0	0	975001	1200					2026-09-01 00:53:42
Darkmoon	Season 10 Wildcard	900007	900007:22780:110	Tiraxis	9	63182	Anti-Trogg Shield	0	1	1	1	1	0	0	975001	1000					2026-09-01 00:53:42
Darkmoon	Season 10 Wildcard	900007	900007:22780:110	Tiraxis	10	78437	Morningstar of Heroic Will	0	1	1	1	1	0	0	975001	2000					2026-09-01 00:53:42
Darkmoon	Season 10 Wildcard	900007	900007:22780:110	Tiraxis	11	86522	Blade of the Prime	0	1	1	1	1	0	0	975001	1200					2026-09-01 00:53:42
Darkmoon	Season 10 Wildcard	900007	900007:22780:110	Tiraxis	12	87515	Ced's Crusher	0	1	1	1	1	0	0	975001	1500					2026-09-01 00:53:42
Darkmoon	Season 10 Wildcard	900007	900007:22780:110	Tiraxis	13	89397	Amber Saber of Klaxxi'vess	0	1	1	1	1	0	0	975001	600					2026-09-01 00:53:42
Darkmoon	Season 10 Wildcard	900007	900007:22780:110	Tiraxis	14	89784	Tillers Tabard	0	1	1	1	1	0	0	975001	1500					2026-09-01 00:53:42
Darkmoon	Season 10 Wildcard	900007	900007:22780:110	Tiraxis	15	89796	Order of the Cloud Serpent Tabard	0	1	1	1	1	0	0	975001	1500					2026-09-01 00:53:42
Darkmoon	Season 10 Wildcard	900007	900007:22780:110	Tiraxis	16	90034	Archmage's Staff	0	1	1	1	1	0	0	975001	2800					2026-09-01 00:53:42
Darkmoon	Season 10 Wildcard	900007	900007:22780:110	Tiraxis	17	91554	Malevolent Gladiator's Rifle	0	1	1	1	1	0	0	975001	1400					2026-09-01 00:53:42
Darkmoon	Season 10 Wildcard	900007	900007:22780:110	Tiraxis	18	99953	Pioneer's Writhebark Stave	0	1	1	1	1	0	0	975001	700					2026-09-01 00:53:42
Darkmoon	Season 10 Wildcard	900007	900007:22780:110	Tiraxis	19	104952	Norushen's Shortblade (Verdant)	0	1	1	1	1	0	0	975001	1500					2026-09-01 00:53:42
Darkmoon	Season 10 Wildcard	900007	900007:22780:110	Tiraxis	20	105946	Keeper of Light (Purple)	0	1	1	1	1	0	0	975001	3400					2026-09-01 00:53:42
Darkmoon	Season 10 Wildcard	900007	900007:22780:110	Tiraxis	21	106024	Toll of the Deep Mist (Yellow)	0	1	1	1	1	0	0	975001	2800					2026-09-01 00:53:42
Darkmoon	Season 10 Wildcard	900007	900007:22780:110	Tiraxis	22	106887	Heartstopper (Green)	0	1	1	1	1	0	0	975001	2000					2026-09-01 00:53:42
Darkmoon	Season 10 Wildcard	900007	900007:22780:110	Tiraxis	23	107158	Chronoguardian's Shield	0	1	1	1	1	0	0	975001	1000					2026-09-01 00:53:42
Darkmoon	Season 10 Wildcard	900007	900007:22780:110	Tiraxis	24	107542	Flame's Kiss (Blue)	0	1	1	1	1	0	0	975001	2000					2026-09-01 00:53:42
Darkmoon	Season 10 Wildcard	900007	900007:22780:110	Tiraxis	25	107686	Thunderfury, Hallowed Blade of the Windlord (Blue)	0	1	1	1	1	0	0	975001	4000					2026-09-01 00:53:42
Darkmoon	Season 10 Wildcard	900007	900007:22780:110	Tiraxis	26	107857	Manascythe (Green)	0	1	1	1	1	0	0	975001	3200					2026-09-01 00:53:42
Darkmoon	Season 10 Wildcard	900007	900007:22780:110	Tiraxis	27	110315	Bloodhowl Longshot	0	1	1	1	1	0	0	975001	300					2026-09-01 00:53:42
Darkmoon	Season 10 Wildcard	900007	900007:22780:110	Tiraxis	28	110662	Sunstorm Protector	0	1	1	1	1	0	0	975001	1100					2026-09-01 00:53:42
Darkmoon	Season 10 Wildcard	900007	900007:22780:110	Tiraxis	29	111204	Primal Gladiator's Greatsword	0	1	1	1	1	0	0	975001	3000					2026-09-01 00:53:42
Darkmoon	Season 10 Wildcard	900007	900007:22780:110	Tiraxis	30	111737	Steelforged Aegis	0	1	1	1	1	0	0	975001	500					2026-09-01 00:53:42
Darkmoon	Season 10 Wildcard	900007	900007:22780:110	Tiraxis	31	111936	Protector's Judgement (Yellow)	0	1	1	1	1	0	0	975001	3200					2026-09-01 00:53:42
Darkmoon	Season 10 Wildcard	900007	900007:22780:110	Tiraxis	32	115014	Staff of the Eternal Sentinel	0	1	1	1	1	0	0	975001	1600					2026-09-01 00:53:42
Darkmoon	Season 10 Wildcard	900007	900007:22780:110	Tiraxis	33	115298	Spectral Spire	0	1	1	1	1	0	0	975001	900					2026-09-01 00:53:42
Darkmoon	Season 10 Wildcard	900007	900007:22780:110	Tiraxis	34	115600	Primal Gladiator's Heavy Crossbow (Blue)	0	1	1	1	1	0	0	975001	3000					2026-09-01 00:53:42
Darkmoon	Season 10 Wildcard	900007	900007:22780:110	Tiraxis	35	115731	Primal Gladiator's Greatsword (Gold)	0	1	1	1	1	0	0	975001	3000					2026-09-01 00:53:42
Darkmoon	Season 10 Wildcard	900007	900007:22780:110	Tiraxis	36	116384	Steelbringer's Polished Shield	0	1	1	1	1	0	0	975001	2600					2026-09-01 00:53:42
Darkmoon	Season 10 Wildcard	900007	900007:22780:110	Tiraxis	37	116453	Steelforged Greataxe	0	1	1	1	1	0	0	975001	2400					2026-09-01 00:53:42
Darkmoon	Season 10 Wildcard	900007	900007:22780:110	Tiraxis	38	116503	Vinewrapped Staff	0	1	1	1	1	0	0	975001	700					2026-09-01 00:53:42
Darkmoon	Season 10 Wildcard	900007	900007:22780:110	Tiraxis	39	118411	Crystal-Shot Longrifle	0	1	1	1	1	0	0	975001	2000					2026-09-01 00:53:42
Darkmoon	Season 10 Wildcard	900007	900007:22780:110	Tiraxis	40	124354	Felforged Aegis	0	1	1	1	1	0	0	975001	600					2026-09-01 00:53:42
Darkmoon	Season 10 Wildcard	900007	900007:22780:110	Tiraxis	41	127058	Draconium Stiletto	0	1	1	1	1	0	0	975001	500					2026-09-01 00:53:42
Darkmoon	Season 10 Wildcard	900007	900007:22780:110	Tiraxis	42	140579	Valarjar Tabard	0	1	1	1	1	0	0	975001	1500					2026-09-01 00:53:42
Darkmoon	Season 10 Wildcard	900007	900007:22780:110	Tiraxis	43	141613	Hellfury Longbow	0	1	1	1	1	0	0	975001	2000					2026-09-01 00:53:42
Darkmoon	Season 10 Wildcard	900007	900007:22780:110	Tiraxis	44	153587	Blood Troll Guard's Polearm (Red)	0	1	1	1	1	0	0	975001	600					2026-09-01 00:53:42
Darkmoon	Season 10 Wildcard	900007	900007:22780:110	Tiraxis	45	155899	Scalesworn Cultist's Shadowveil Effigy	0	1	1	1	1	0	0	975001	1000					2026-09-01 00:53:42
Darkmoon	Season 10 Wildcard	900007	900007:22780:110	Tiraxis	46	158104	Gnarlwood Cutlass	0	1	1	1	1	0	0	975001	1200					2026-09-01 00:53:42
Darkmoon	Season 10 Wildcard	900007	900007:22780:110	Tiraxis	47	164294	Plundered Shadow-Infused Blade	0	1	1	1	1	0	0	975001	2000					2026-09-01 00:53:42
Darkmoon	Season 10 Wildcard	900007	900007:22780:110	Tiraxis	48	168306	Shiver Venom Lance	0	1	1	1	1	0	0	975001	1000					2026-09-01 00:53:42
Darkmoon	Season 10 Wildcard	900007	900007:22780:110	Tiraxis	49	170115	Massive Viridian Claw	0	1	1	1	1	0	0	975001	2500					2026-09-01 00:53:42
Darkmoon	Season 10 Wildcard	900007	900007:22780:110	Tiraxis	50	170468	Supervolt Zapper	0	1	1	1	1	0	0	975001	4000					2026-09-01 00:53:42
Darkmoon	Season 10 Wildcard	900007	900007:22780:110	Tiraxis	51	171503	Antonidas' Aegis of Rapt Concentration	0	1	1	1	1	0	0	975001	3000					2026-09-01 00:53:42
Darkmoon	Season 10 Wildcard	900007	900007:22780:110	Tiraxis	52	174488	Freezing Greatsword of the Ebon Blade	0	1	1	1	1	0	0	975001	2600					2026-09-01 00:53:42
Darkmoon	Season 10 Wildcard	900007	900007:22780:110	Tiraxis	53	174888	Dread Subjugator's Vengeful Attire	0	1	1	1	1	0	0	975001	3200					2026-09-01 00:53:42
Darkmoon	Season 10 Wildcard	900007	900007:22780:110	Tiraxis	54	177860	Silvered Recurve of Reconciliation	0	1	1	1	1	0	0	975001	3000					2026-09-01 00:53:42
Darkmoon	Season 10 Wildcard	900007	900007:22780:110	Tiraxis	55	178780	Rimebinder's Runeblade	0	1	1	1	1	0	0	975001	2000					2026-09-01 00:53:42
Darkmoon	Season 10 Wildcard	900007	900007:22780:110	Tiraxis	56	179530	Nightwatch Eviscerator	0	1	1	1	1	0	0	975001	2200					2026-09-01 00:53:42
Darkmoon	Season 10 Wildcard	900007	900007:22780:110	Tiraxis	57	182427	Sinfall Heartpiercer	0	1	1	1	1	0	0	975001	1500					2026-09-01 00:53:42
Darkmoon	Season 10 Wildcard	900007	900007:22780:110	Tiraxis	58	183084	Battle Tested Bulwark	0	1	1	1	1	0	0	975001	1500					2026-09-01 00:53:42
Darkmoon	Season 10 Wildcard	900007	900007:22780:110	Tiraxis	59	183451	Goreforged Barrier	0	1	1	1	1	0	0	975001	3000					2026-09-01 00:53:42
Darkmoon	Season 10 Wildcard	900007	900007:22780:110	Tiraxis	60	183607	Uncertain Aspirant's Spear	0	1	1	1	1	0	0	975001	2200					2026-09-01 00:53:42
Darkmoon	Season 10 Wildcard	900007	900007:22780:110	Tiraxis	61	191256	Faewoven Garments	0	1	1	1	1	0	0	975001	2400					2026-09-01 00:53:42
Darkmoon	Season 10 Wildcard	900007	900007:22780:110	Tiraxis	62	192112	Thundercall	0	1	1	1	1	0	0	975001	300					2026-09-01 00:53:42
Darkmoon	Season 10 Wildcard	900007	900007:22780:110	Tiraxis	63	192139	Cataclysmic Gladiator's Staff	0	1	1	1	1	0	0	975001	400					2026-09-01 00:53:42
Darkmoon	Season 10 Wildcard	900007	900007:22780:110	Tiraxis	64	192152	Finger of Zon'ozz	0	1	1	1	1	0	0	975001	400					2026-09-01 00:53:42
Darkmoon	Season 10 Wildcard	900007	900007:22780:110	Tiraxis	65	199582	Beastmaster's Whistle: Rabid Armored Growler	0	1	1	1	1	0	0	975001	1100					2026-09-01 00:53:42
Darkmoon	Season 10 Wildcard	900007	900007:22780:110	Tiraxis	66	223229	Tuskarr's Tidal Tacklebox	0	1	1	1	1	0	0	975001	800					2026-09-01 00:53:42
Darkmoon	Season 10 Wildcard	900007	900007:22780:110	Tiraxis	67	235832	Dazzling Spectacles	0	1	1	1	1	0	0	975001	1800					2026-09-01 00:53:42
Darkmoon	Season 10 Wildcard	900007	900007:22780:110	Tiraxis	68	250456	Pale Carrion Worm's Saddle	0	1	1	1	1	0	0	975001	4000					2026-09-01 00:53:42
Darkmoon	Season 10 Wildcard	900007	900007:22780:110	Tiraxis	69	251142	Striped Surgeguard	0	1	1	1	1	0	0	975001	3200					2026-09-01 00:53:42
Darkmoon	Season 10 Wildcard	900007	900007:22780:110	Tiraxis	70	272847	Rusted Conduit	0	1	1	1	1	0	0	975001	400					2026-09-01 00:53:42
Darkmoon	Season 10 Wildcard	900007	900007:22780:110	Tiraxis	71	278925	Cache of the Shadebound Revenant	0	1	1	1	1	0	0	975001	3200					2026-09-01 00:53:42
Darkmoon	Season 10 Wildcard	900007	900007:22780:110	Tiraxis	72	279189	Plaguebringer's Miasmic Garb	0	1	1	1	1	0	0	975001	3200					2026-09-01 00:53:42
Darkmoon	Season 10 Wildcard	900007	900007:22780:110	Tiraxis	73	280525	Crown of the Red Rose	0	1	1	1	1	0	0	975001	1600					2026-09-01 00:53:42
Darkmoon	Season 10 Wildcard	900007	900007:22780:110	Tiraxis	74	283041	Reins of The Headless Horseman's Burning Charger	0	1	1	1	1	0	0	975001	4000					2026-09-01 00:53:42
Darkmoon	Season 10 Wildcard	900007	900007:22780:110	Tiraxis	75	295182	Vestments of Insatiable Corruption	0	1	1	1	1	0	0	975001	4000					2026-09-01 00:53:42
Darkmoon	Season 10 Wildcard	900007	900007:22780:110	Tiraxis	76	298158	Deathbringer's Blighted Battlegear	0	1	1	1	1	0	0	975001	3200					2026-09-01 00:53:42
Darkmoon	Season 10 Wildcard	900007	900007:22780:110	Tiraxis	77	350409	Broken Necrolord's Axe	0	1	1	1	1	0	0	975001	500					2026-09-01 00:53:42
Darkmoon	Season 10 Wildcard	900007	900007:22780:110	Tiraxis	78	393447	Horn of Fenrir	0	1	1	1	1	0	0	975001	3200					2026-09-01 00:53:42
Darkmoon	Season 10 Wildcard	900007	900007:22780:110	Tiraxis	79	400140	Elder Grove Crawler's Saddle	0	1	1	1	1	0	0	975001	3200					2026-09-01 00:53:42
Darkmoon	Season 10 Wildcard	900007	900007:22780:110	Tiraxis	80	420036	Baleful Verdict's Unwavering Ensemble	0	1	1	1	1	0	0	975001	3200					2026-09-01 00:53:42
Darkmoon	Season 10 Wildcard	900007	900007:22780:110	Tiraxis	81	422051	Mochi's Collar	0	1	1	1	1	0	0	975001	800					2026-09-01 00:53:42
Darkmoon	Season 10 Wildcard	900007	900007:22780:110	Tiraxis	82	487083	Doomblade Battlegear Cache of the Cold Bearers 	0	1	1	1	1	0	0	975001	3200					2026-09-01 00:53:42
Darkmoon	Season 10 Wildcard	900007	900007:22780:110	Tiraxis	83	499481	Vulpin Hyena	0	1	1	1	1	0	0	975001	3000					2026-09-01 00:53:42
Darkmoon	Season 10 Wildcard	900007	900007:22780:110	Tiraxis	84	499489	Coven Talbuk (Dark)	0	1	1	1	1	0	0	975001	3000					2026-09-01 00:53:42
Darkmoon	Season 10 Wildcard	900007	900007:22780:110	Tiraxis	85	499585	Steelforged Shield	0	1	1	1	1	0	0	975001	700					2026-09-01 00:53:42
Darkmoon	Season 10 Wildcard	900007	900007:22780:110	Tiraxis	86	499692	Absalom's Bloody Bulwark	0	1	1	1	1	0	0	975001	900					2026-09-01 00:53:42
Darkmoon	Season 10 Wildcard	900007	900007:22780:110	Tiraxis	87	499872	Honeyback Harvester's Harness	0	1	1	1	1	0	0	975001	3000					2026-09-01 00:53:42
Darkmoon	Season 10 Wildcard	900007	900007:22780:110	Tiraxis	88	499884	Sandy Nightsaber	0	1	1	1	1	0	0	975001	700					2026-09-01 00:53:42
Darkmoon	Season 10 Wildcard	900007	900007:22780:110	Tiraxis	89	574492	Dream Raider's Shadowflame Censer	0	1	1	1	1	0	0	975001	1000					2026-09-01 00:53:42
Darkmoon	Season 10 Wildcard	900007	900007:22780:110	Tiraxis	90	574515	Dream Raider's Azure Poleaxe	0	1	1	1	1	0	0	975001	4000					2026-09-01 00:53:42
Darkmoon	Season 10 Wildcard	900007	900007:22780:110	Tiraxis	91	574590	Infinite Renewal Mantle	0	1	1	1	1	0	0	975001	1000					2026-09-01 00:53:42
Darkmoon	Season 10 Wildcard	900007	900007:22780:110	Tiraxis	92	574597	Golden Renewal Tabard	0	1	1	1	1	0	0	975001	1200					2026-09-01 00:53:42
Darkmoon	Season 10 Wildcard	900007	900007:22780:110	Tiraxis	93	579422	Azure Chi-Ji's Battlegear Cache	0	1	1	1	1	0	0	975001	3200					2026-09-01 00:53:42
Darkmoon	Season 10 Wildcard	900007	900007:22780:110	Tiraxis	94	680057	Garb of Venerated Spirits (Red)	0	1	1	1	1	0	0	975001	3200					2026-09-01 00:53:42
Darkmoon	Season 10 Wildcard	900007	900007:22780:110	Tiraxis	95	700080	The Second Eidolon's Soulsteel	0	1	1	1	1	0	0	975001	3200					2026-09-01 00:53:42
Darkmoon	Season 10 Wildcard	900007	900007:22780:110	Tiraxis	96	734460	Cobalt Educator's Set Cache	0	1	1	1	1	0	0	975001	2400					2026-09-01 00:53:42
Darkmoon	Season 10 Wildcard	900007	900007:22780:110	Tiraxis	97	1179128	Blisterback Bloodtusk	0	1	1	1	1	0	0	975001	3200					2026-09-01 00:53:42
Darkmoon	Season 10 Wildcard	900007	900007:22780:110	Tiraxis	98	1179130	Lurid Bloodtusk	0	1	1	1	1	0	0	975001	3200					2026-09-01 00:53:42
Darkmoon	Season 10 Wildcard	900007	900007:22780:110	Tiraxis	99	1777151	Gorkek's Glistening Throatguard	0	1	1	1	1	0	0	975001	2400					2026-09-01 00:53:42
Darkmoon	Season 10 Wildcard	900007	900007:22780:110	Tiraxis	100	1777152	Bulwark of the Broken	0	1	1	1	1	0	0	975001	2400					2026-09-01 00:53:42
Darkmoon	Season 10 Wildcard	900007	900007:22780:110	Tiraxis	101	1777182	Unchained Gladiator's Slicer	0	1	1	1	1	0	0	975001	2000					2026-09-01 00:53:42
Darkmoon	Season 10 Wildcard	900007	900007:22780:110	Tiraxis	102	1777217	Maledict Opus	0	1	1	1	1	0	0	975001	2800					2026-09-01 00:53:42
Darkmoon	Season 10 Wildcard	900007	900007:22780:110	Tiraxis	103	5254050	Cosmic Gladiator's Gladius(Backsheath)	0	1	1	1	1	0	0	975001	2500					2026-09-01 00:53:42
Darkmoon	Season 10 Wildcard	900007	900007:22780:110	Tiraxis	104	5522738	Souleater (Backsheath)	0	1	1	1	1	0	0	975001	500					2026-09-01 00:53:42
Darkmoon	Season 10 Wildcard	900007	900007:22780:110	Tiraxis	105	5533981	Braindead (Backsheath)	0	1	1	1	1	0	0	975001	800					2026-09-01 00:53:42
Darkmoon	Season 10 Wildcard	900007	900007:22780:110	Tiraxis	106	5540542	Acherus Decapitator (Backsheath)	0	1	1	1	1	0	0	975001	300					2026-09-01 00:53:42
Darkmoon	Season 10 Wildcard	900007	900007:22780:110	Tiraxis	107	5545899	Whisper of Shalamayne (Backsheath)	0	1	1	1	1	0	0	975001	800					2026-09-01 00:53:42
Darkmoon	Season 10 Wildcard	900007	900007:22780:110	Tiraxis	108	5550704	Norgannon's Wisdom (Backsheath)	0	1	1	1	1	0	0	975001	500					2026-09-01 00:53:42
Darkmoon	Season 10 Wildcard	900007	900007:22780:110	Tiraxis	109	6300512	Illusion: Spellsurge	0	1	1	1	1	0	0	975001	200					2026-09-01 00:53:42
Darkmoon	Season 10 Wildcard	900007	900007:22780:110	Tiraxis	110	8200119	Buttercup	0	1	1	1	1	0	0	975001	700					2026-09-01 00:53:42
Darkmoon	Season 10 Wildcard	900007	900007:696661:11	Tiraxis	1	696661	Keeper's Scroll: Golganneth	0	1	-1	1	1	0	0	975001	60					2026-09-01 00:53:52
Darkmoon	Season 10 Wildcard	900007	900007:696661:11	Tiraxis	2	696662	Keeper's Scroll: Norgannon	0	1	-1	1	1	0	0	975001	60					2026-09-01 00:53:52
Darkmoon	Season 10 Wildcard	900007	900007:696661:11	Tiraxis	3	696663	Keeper's Scroll: Khaz'goroth	0	1	-1	1	1	0	0	975001	60					2026-09-01 00:53:52
Darkmoon	Season 10 Wildcard	900007	900007:696661:11	Tiraxis	4	696664	Keeper's Scroll: Aggramar	0	1	-1	1	1	0	0	975001	60					2026-09-01 00:53:52
Darkmoon	Season 10 Wildcard	900007	900007:696661:11	Tiraxis	5	696665	Keeper's Scroll: Eonar	0	1	-1	1	1	0	0	975001	60					2026-09-01 00:53:52
Darkmoon	Season 10 Wildcard	900007	900007:696661:11	Tiraxis	6	1179126	Keeper's Scroll: Ancient Enchanting Altar	0	1	-1	1	1	0	0	975001	150					2026-09-01 00:53:52
Darkmoon	Season 10 Wildcard	900007	900007:696661:11	Tiraxis	7	1179240	Keeper's Scroll: Steadfast	0	1	-1	1	1	0	0	975001	100					2026-09-01 00:53:52
Darkmoon	Season 10 Wildcard	900007	900007:696661:11	Tiraxis	8	1179261	Keeper's Scroll: Featherfall	0	1	-1	1	1	0	0	975001	60					2026-09-01 00:53:52
Darkmoon	Season 10 Wildcard	900007	900007:696661:11	Tiraxis	9	1179266	Keeper's Scroll: Ghost Runner	0	1	-1	1	1	0	0	975001	75					2026-09-01 00:53:52
Darkmoon	Season 10 Wildcard	900007	900007:696661:11	Tiraxis	10	1179267	Keeper's Scroll: Celebrate	0	1	-1	1	1	0	0	975001	250					2026-09-01 00:53:52
Darkmoon	Season 10 Wildcard	900007	900007:696661:11	Tiraxis	11	1179269	Keeper's Scroll: Crafting Speed	0	1	-1	1	1	0	0	975001	100					2026-09-01 00:53:52
Darkmoon	Season 10 Wildcard	900007	900007:777001:76	Tiraxis	1	777001	Stone of Retreat: Undercity	0	1	-1	1	1	0	0	975001	350					2026-09-01 00:53:59
Darkmoon	Season 10 Wildcard	900007	900007:777001:76	Tiraxis	2	777002	Stone of Retreat: Thunder Bluff	0	1	-1	1	1	0	0	975001	350					2026-09-01 00:53:59
Darkmoon	Season 10 Wildcard	900007	900007:777001:76	Tiraxis	3	777004	Stone of Retreat: Darnassus	0	1	-1	1	1	0	0	975001	350					2026-09-01 00:53:59
Darkmoon	Season 10 Wildcard	900007	900007:777001:76	Tiraxis	4	777005	Stone of Retreat: Ironforge	0	1	-1	1	1	0	0	975001	350					2026-09-01 00:53:59
Darkmoon	Season 10 Wildcard	900007	900007:777001:76	Tiraxis	5	777006	Stone of Retreat: Light's Hope	0	1	-1	1	1	0	0	975001	350					2026-09-01 00:53:59
Darkmoon	Season 10 Wildcard	900007	900007:777001:76	Tiraxis	6	777007	Stone of Retreat: Everlook	0	1	-1	1	1	0	0	975001	350					2026-09-01 00:53:59
Darkmoon	Season 10 Wildcard	900007	900007:777001:76	Tiraxis	7	777008	Stone of Retreat: Booty Bay	0	1	-1	1	1	0	0	975001	350					2026-09-01 00:53:59
Darkmoon	Season 10 Wildcard	900007	900007:777001:76	Tiraxis	8	777009	Stone of Retreat: Gadgetzan	0	1	-1	1	1	0	0	975001	350					2026-09-01 00:53:59
Darkmoon	Season 10 Wildcard	900007	900007:777001:76	Tiraxis	9	777010	Stone of Retreat: Ratchet	0	1	-1	1	1	0	0	975001	350					2026-09-01 00:53:59
Darkmoon	Season 10 Wildcard	900007	900007:777001:76	Tiraxis	10	777011	Stone of Retreat: Thorium Point	0	1	-1	1	1	0	0	975001	350					2026-09-01 00:53:59
Darkmoon	Season 10 Wildcard	900007	900007:777001:76	Tiraxis	11	777012	Stone of Retreat: Mudsprocket	0	1	-1	1	1	0	0	975001	350					2026-09-01 00:53:59
Darkmoon	Season 10 Wildcard	900007	900007:777001:76	Tiraxis	12	777013	Stone of Retreat: Cenarion Hold	0	1	-1	1	1	0	0	975001	350					2026-09-01 00:53:59
Darkmoon	Season 10 Wildcard	900007	900007:777001:76	Tiraxis	13	777020	Stone of Retreat: Gurubashi Arena	0	1	-1	1	1	0	0	975001	350					2026-09-01 00:53:59
Darkmoon	Season 10 Wildcard	900007	900007:777001:76	Tiraxis	14	777021	Stone of Retreat: Bloodvenom Post	0	1	-1	1	1	0	0	975001	350					2026-09-01 00:53:59
Darkmoon	Season 10 Wildcard	900007	900007:777001:76	Tiraxis	15	777023	Stone of Retreat: Azshara	0	1	-1	1	1	0	0	975001	350					2026-09-01 00:53:59
Darkmoon	Season 10 Wildcard	900007	900007:777001:76	Tiraxis	16	777031	Stone of Retreat: Karazhan	0	1	-1	1	1	0	0	975001	350					2026-09-01 00:53:59
Darkmoon	Season 10 Wildcard	900007	900007:777001:76	Tiraxis	17	777032	Stone of Retreat: Moonglade	0	1	-1	1	1	0	0	975001	250					2026-09-01 00:53:59
Darkmoon	Season 10 Wildcard	900007	900007:777001:76	Tiraxis	18	1777023	Stone of Retreat: Yojamba Isle	0	1	-1	1	1	0	0	975001	350					2026-09-01 00:53:59
Darkmoon	Season 10 Wildcard	900007	900007:777001:76	Tiraxis	19	1777024	Stone of Retreat: Camp Mojache	0	1	-1	1	1	0	0	975001	350					2026-09-01 00:53:59
Darkmoon	Season 10 Wildcard	900007	900007:777001:76	Tiraxis	20	1777025	Stone of Retreat: Feathermoon Stronghold	0	1	-1	1	1	0	0	975001	350					2026-09-01 00:53:59
Darkmoon	Season 10 Wildcard	900007	900007:777001:76	Tiraxis	21	1777026	Stone of Retreat: Nethergarde Keep	0	1	-1	1	1	0	0	975001	350					2026-09-01 00:53:59
Darkmoon	Season 10 Wildcard	900007	900007:777001:76	Tiraxis	22	1777027	Stone of Retreat: Stonard	0	1	-1	1	1	0	0	975001	350					2026-09-01 00:53:59
Darkmoon	Season 10 Wildcard	900007	900007:777001:76	Tiraxis	23	1777036	Stone of Retreat: Aerie Peak	0	1	-1	1	1	0	0	975001	350					2026-09-01 00:53:59
Darkmoon	Season 10 Wildcard	900007	900007:777001:76	Tiraxis	24	1777037	Stone of Retreat: Revantusk Village	0	1	-1	1	1	0	0	975001	350					2026-09-01 00:53:59
Darkmoon	Season 10 Wildcard	900007	900007:777001:76	Tiraxis	25	1777043	Stone of Retreat: Shadowprey Village	0	1	-1	1	1	0	0	975001	350					2026-09-01 00:53:59
Darkmoon	Season 10 Wildcard	900007	900007:777001:76	Tiraxis	26	1777044	Stone of Retreat: Nijel's Point	0	1	-1	1	1	0	0	975001	350					2026-09-01 00:53:59
Darkmoon	Season 10 Wildcard	900007	900007:777001:76	Tiraxis	27	1780010	Stone of Retreat: Marshal's Refuge	0	1	-1	1	1	0	0	975001	350					2026-09-01 00:53:59
Darkmoon	Season 10 Wildcard	900007	900007:777001:76	Tiraxis	28	1780011	Stone of Retreat: Thalanaar	0	1	-1	1	1	0	0	975001	350					2026-09-01 00:53:59
Darkmoon	Season 10 Wildcard	900007	900007:777001:76	Tiraxis	29	1780012	Stone of Retreat: Freewind Post	0	1	-1	1	1	0	0	975001	350					2026-09-01 00:53:59
Darkmoon	Season 10 Wildcard	900007	900007:777001:76	Tiraxis	30	1780013	Stone of Retreat: Theramore Isle	0	1	-1	1	1	0	0	975001	350					2026-09-01 00:53:59
Darkmoon	Season 10 Wildcard	900007	900007:777001:76	Tiraxis	31	1780014	Stone of Retreat: Brackenwall Village	0	1	-1	1	1	0	0	975001	350					2026-09-01 00:53:59
Darkmoon	Season 10 Wildcard	900007	900007:777001:76	Tiraxis	32	1780015	Stone of Retreat: Camp Taurajo	0	1	-1	1	1	0	0	975001	350					2026-09-01 00:53:59
Darkmoon	Season 10 Wildcard	900007	900007:777001:76	Tiraxis	33	1780016	Stone of Retreat: The Crossroads	0	1	-1	1	1	0	0	975001	350					2026-09-01 00:53:59
Darkmoon	Season 10 Wildcard	900007	900007:777001:76	Tiraxis	34	1780017	Stone of Retreat: Mor'shan Base Camp	0	1	-1	1	1	0	0	975001	350					2026-09-01 00:53:59
Darkmoon	Season 10 Wildcard	900007	900007:777001:76	Tiraxis	35	1780018	Stone of Retreat: Sun Rock Retreat	0	1	-1	1	1	0	0	975001	350					2026-09-01 00:53:59
Darkmoon	Season 10 Wildcard	900007	900007:777001:76	Tiraxis	36	1780019	Stone of Retreat: Stonetalon Peak	0	1	-1	1	1	0	0	975001	350					2026-09-01 00:53:59
Darkmoon	Season 10 Wildcard	900007	900007:777001:76	Tiraxis	37	1780020	Stone of Retreat: Ghost Walker's Post	0	1	-1	1	1	0	0	975001	350					2026-09-01 00:53:59
Darkmoon	Season 10 Wildcard	900007	900007:777001:76	Tiraxis	38	1780021	Stone of Retreat: Talrendis Point	0	1	-1	1	1	0	0	975001	350					2026-09-01 00:53:59
Darkmoon	Season 10 Wildcard	900007	900007:777001:76	Tiraxis	39	1780022	Stone of Retreat: Valormok	0	1	-1	1	1	0	0	975001	350					2026-09-01 00:53:59
Darkmoon	Season 10 Wildcard	900007	900007:777001:76	Tiraxis	40	1780023	Stone of Retreat: Emerald Sanctuary	0	1	-1	1	1	0	0	975001	350					2026-09-01 00:53:59
Darkmoon	Season 10 Wildcard	900007	900007:777001:76	Tiraxis	41	1780024	Stone of Retreat: Auberdine	0	1	-1	1	1	0	0	975001	350					2026-09-01 00:53:59
Darkmoon	Season 10 Wildcard	900007	900007:777001:76	Tiraxis	42	1780025	Stone of Retreat: Grove of the Ancients	0	1	-1	1	1	0	0	975001	350					2026-09-01 00:53:59
Darkmoon	Season 10 Wildcard	900007	900007:777001:76	Tiraxis	43	1780026	Stone of Retreat: Astranaar	0	1	-1	1	1	0	0	975001	350					2026-09-01 00:53:59
Darkmoon	Season 10 Wildcard	900007	900007:777001:76	Tiraxis	44	1780027	Stone of Retreat: Forest Song	0	1	-1	1	1	0	0	975001	350					2026-09-01 00:53:59
Darkmoon	Season 10 Wildcard	900007	900007:777001:76	Tiraxis	45	1780028	Stone of Retreat: Splintertree Post	0	1	-1	1	1	0	0	975001	350					2026-09-01 00:53:59
Darkmoon	Season 10 Wildcard	900007	900007:777001:76	Tiraxis	46	1780029	Stone of Retreat: Zoram'gar Outpost	0	1	-1	1	1	0	0	975001	350					2026-09-01 00:53:59
Darkmoon	Season 10 Wildcard	900007	900007:777001:76	Tiraxis	47	1780030	Stone of Retreat: Darkshire	0	1	-1	1	1	0	0	975001	350					2026-09-01 00:53:59
Darkmoon	Season 10 Wildcard	900007	900007:777001:76	Tiraxis	48	1780031	Stone of Retreat: Eastvale Logging Camp	0	1	-1	1	1	0	0	975001	350					2026-09-01 00:53:59
Darkmoon	Season 10 Wildcard	900007	900007:777001:76	Tiraxis	49	1780032	Stone of Retreat: Sentinel Hill	0	1	-1	1	1	0	0	975001	350					2026-09-01 00:53:59
Darkmoon	Season 10 Wildcard	900007	900007:777001:76	Tiraxis	50	1780033	Stone of Retreat: Grom'gol Basecamp	0	1	-1	1	1	0	0	975001	350					2026-09-01 00:53:59
Darkmoon	Season 10 Wildcard	900007	900007:777001:76	Tiraxis	51	1780034	Stone of Retreat: Rebel Camp	0	1	-1	1	1	0	0	975001	350					2026-09-01 00:53:59
Darkmoon	Season 10 Wildcard	900007	900007:777001:76	Tiraxis	52	1780035	Stone of Retreat: Nesingwary's Expedition	0	1	-1	1	1	0	0	975001	350					2026-09-01 00:53:59
Darkmoon	Season 10 Wildcard	900007	900007:777001:76	Tiraxis	53	1780036	Stone of Retreat: Lakeshire	0	1	-1	1	1	0	0	975001	350					2026-09-01 00:53:59
Darkmoon	Season 10 Wildcard	900007	900007:777001:76	Tiraxis	54	1780037	Stone of Retreat: Morgan's Vigil	0	1	-1	1	1	0	0	975001	350					2026-09-01 00:53:59
Darkmoon	Season 10 Wildcard	900007	900007:777001:76	Tiraxis	55	1780038	Stone of Retreat: Kargath	0	1	-1	1	1	0	0	975001	350					2026-09-01 00:53:59
Darkmoon	Season 10 Wildcard	900007	900007:777001:76	Tiraxis	56	1780039	Stone of Retreat: Hammertoe Digsite	0	1	-1	1	1	0	0	975001	350					2026-09-01 00:53:59
Darkmoon	Season 10 Wildcard	900007	900007:777001:76	Tiraxis	57	1780040	Stone of Retreat: Farstrider Lodge	0	1	-1	1	1	0	0	975001	350					2026-09-01 00:53:59
Darkmoon	Season 10 Wildcard	900007	900007:777001:76	Tiraxis	58	1780041	Stone of Retreat: Thelsamar	0	1	-1	1	1	0	0	975001	350					2026-09-01 00:53:59
Darkmoon	Season 10 Wildcard	900007	900007:777001:76	Tiraxis	59	1780042	Stone of Retreat: Menethil Harbor	0	1	-1	1	1	0	0	975001	350					2026-09-01 00:53:59
Darkmoon	Season 10 Wildcard	900007	900007:777001:76	Tiraxis	60	1780043	Stone of Retreat: Refuge Point	0	1	-1	1	1	0	0	975001	350					2026-09-01 00:53:59
Darkmoon	Season 10 Wildcard	900007	900007:777001:76	Tiraxis	61	1780044	Stone of Retreat: Hammerfall	0	1	-1	1	1	0	0	975001	350					2026-09-01 00:53:59
Darkmoon	Season 10 Wildcard	900007	900007:777001:76	Tiraxis	62	1780045	Stone of Retreat: Faldir's Cove	0	1	-1	1	1	0	0	975001	350					2026-09-01 00:53:59
Darkmoon	Season 10 Wildcard	900007	900007:777001:76	Tiraxis	63	1780046	Stone of Retreat: Southshore	0	1	-1	1	1	0	0	975001	350					2026-09-01 00:53:59
Darkmoon	Season 10 Wildcard	900007	900007:777001:76	Tiraxis	64	1780047	Stone of Retreat: Tarren Mill	0	1	-1	1	1	0	0	975001	350					2026-09-01 00:53:59
Darkmoon	Season 10 Wildcard	900007	900007:777001:76	Tiraxis	65	1780048	Stone of Retreat: The Sepulcher	0	1	-1	1	1	0	0	975001	350					2026-09-01 00:53:59
Darkmoon	Season 10 Wildcard	900007	900007:777001:76	Tiraxis	66	1780049	Stone of Retreat: Kharanos	0	1	-1	1	1	0	0	975001	350					2026-09-01 00:53:59
Darkmoon	Season 10 Wildcard	900007	900007:777001:76	Tiraxis	67	1780050	Stone of Retreat: Brill	0	1	-1	1	1	0	0	975001	350					2026-09-01 00:53:59
Darkmoon	Season 10 Wildcard	900007	900007:777001:76	Tiraxis	68	1780052	Stone of Retreat: Dolanaar	0	1	-1	1	1	0	0	975001	350					2026-09-01 00:53:59
Darkmoon	Season 10 Wildcard	900007	900007:777001:76	Tiraxis	69	1780053	Stone of Retreat: Sen'jin Village	0	1	-1	1	1	0	0	975001	350					2026-09-01 00:53:59
Darkmoon	Season 10 Wildcard	900007	900007:777001:76	Tiraxis	70	1780055	Stone of Retreat: Bloodhoof Village	0	1	-1	1	1	0	0	975001	350					2026-09-01 00:53:59
Darkmoon	Season 10 Wildcard	900007	900007:777001:76	Tiraxis	71	1780056	Stone of Retreat: Flame Crest	0	1	-1	1	1	0	0	975001	350					2026-09-01 00:53:59
Darkmoon	Season 10 Wildcard	900007	900007:777001:76	Tiraxis	72	1780057	Stone of Retreat: The Harborage	0	1	-1	1	1	0	0	975001	350					2026-09-01 00:53:59
Darkmoon	Season 10 Wildcard	900007	900007:777001:76	Tiraxis	73	1780058	Stone of Retreat: Ambermill	0	1	-1	1	1	0	0	975001	350					2026-09-01 00:53:59
Darkmoon	Season 10 Wildcard	900007	900007:777001:76	Tiraxis	74	1780059	Stone of Retreat: The Bulwark	0	1	-1	1	1	0	0	975001	350					2026-09-01 00:53:59
Darkmoon	Season 10 Wildcard	900007	900007:777001:76	Tiraxis	75	1880047	Stone of Retreat: Talonbranch Glade	0	1	-1	1	1	0	0	975001	350					2026-09-01 00:53:59
Darkmoon	Season 10 Wildcard	900007	900007:777001:76	Tiraxis	76	1880049	Stone of Retreat: Chillwind Camp	0	1	-1	1	1	0	0	975001	350					2026-09-01 00:53:59
Darkmoon	Season 10 Wildcard	900007	900007:777900:2	Tiraxis	1	777900	Ethereal Box of Wares	0	1	-1	1	1	0	0	975001	125					2026-09-01 00:53:45
Darkmoon	Season 10 Wildcard	900007	900007:777900:2	Tiraxis	2	777903	Ethereal Box of Banners	0	1	-1	1	1	0	0	975001	125					2026-09-01 00:53:45
Darkmoon	Season 10 Wildcard	900007	900007:818046:50	Tiraxis	1	818046	Potion of Experience	0	1	-1	1	1	0	0	975001	35					2026-09-01 00:53:48
Darkmoon	Season 10 Wildcard	900007	900007:818046:50	Tiraxis	2	818047	Potion of Reputation	0	1	-1	1	1	0	0	975001	35					2026-09-01 00:53:48
Darkmoon	Season 10 Wildcard	900007	900007:818046:50	Tiraxis	3	818059	Aura of Experience	0	1	-1	1	1	0	0	975001	250					2026-09-01 00:53:48
Darkmoon	Season 10 Wildcard	900007	900007:818046:50	Tiraxis	4	818061	Aura of Reputation	0	1	-1	1	1	0	0	975001	500					2026-09-01 00:53:48
Darkmoon	Season 10 Wildcard	900007	900007:818046:50	Tiraxis	5	910201	Customization Potion	0	1	-1	1	1	0	0	975001	150					2026-09-01 00:53:48
Darkmoon	Season 10 Wildcard	900007	900007:818046:50	Tiraxis	6	1777008	Portable Runeforge (Blue)	0	1	-1	1	1	0	0	975001	500					2026-09-01 00:53:48
Darkmoon	Season 10 Wildcard	900007	900007:818046:50	Tiraxis	7	1777064	Portable Sawmill	0	1	-1	1	1	0	0	975001	500					2026-09-01 00:53:48
Darkmoon	Season 10 Wildcard	900007	900007:818046:50	Tiraxis	8	200001	Race Change Potion	0	1	-1	1	1	0	0	975001	250					2026-09-01 00:53:48
Darkmoon	Season 10 Wildcard	900007	900007:818046:50	Tiraxis	9	910200	Faction Change Potion	0	1	-1	1	1	0	0	975001	600					2026-09-01 00:53:48
Darkmoon	Season 10 Wildcard	900007	900007:818046:50	Tiraxis	10	101257	Scroll of Defense: Ashenvale	0	1	-1	1	1	0	0	975001	50					2026-09-01 00:53:48
Darkmoon	Season 10 Wildcard	900007	900007:818046:50	Tiraxis	11	101258	Scroll of Defense: Hillsbrad Foothills	0	1	-1	1	1	0	0	975001	50					2026-09-01 00:53:48
Darkmoon	Season 10 Wildcard	900007	900007:818046:50	Tiraxis	12	57000	Lootbot 3000	0	1	-1	1	1	0	0	975001	800					2026-09-01 00:53:48
Darkmoon	Season 10 Wildcard	900007	900007:818046:50	Tiraxis	13	98074	Cogsley	0	1	-1	1	1	0	0	975001	800					2026-09-01 00:53:48
Darkmoon	Season 10 Wildcard	900007	900007:818046:50	Tiraxis	14	101169	Wondrous Wisdomball	0	1	-1	1	1	0	0	975001	800					2026-09-01 00:53:48
Darkmoon	Season 10 Wildcard	900007	900007:818046:50	Tiraxis	15	190190	Loot-Transfigurator 5000	0	1	-1	1	1	0	0	975001	1600					2026-09-01 00:53:48
Darkmoon	Season 10 Wildcard	900007	900007:818046:50	Tiraxis	16	505002	Pristine Pouch	0	1	-1	1	1	0	0	975001	35					2026-09-01 00:53:48
Darkmoon	Season 10 Wildcard	900007	900007:818046:50	Tiraxis	17	505003	Heroes' Satchel	0	1	-1	1	1	0	0	975001	350					2026-09-01 00:53:48
Darkmoon	Season 10 Wildcard	900007	900007:818046:50	Tiraxis	18	43345	Dragon Hide Bag	0	1	-1	1	1	0	0	975001	600					2026-09-01 00:53:48
Darkmoon	Season 10 Wildcard	900007	900007:818046:50	Tiraxis	19	1004036	Ironweave Bag	0	1	-1	1	1	0	0	975001	800					2026-09-01 00:53:48
Darkmoon	Season 10 Wildcard	900007	900007:818046:50	Tiraxis	20	1004040	Mekkatorque's Neverending Storage Contraption	0	1	-1	1	1	0	0	975001	1500					2026-09-01 00:53:48
Darkmoon	Season 10 Wildcard	900007	900007:818046:50	Tiraxis	21	98457	Book of Ascension	0	1	-1	1	1	0	0	975001	350					2026-09-01 00:53:48
Darkmoon	Season 10 Wildcard	900007	900007:818046:50	Tiraxis	22	750750	Book of Artisans	0	1	-1	1	1	0	0	975001	350					2026-09-01 00:53:48
Darkmoon	Season 10 Wildcard	900007	900007:818046:50	Tiraxis	23	1179288	Unlock Talent Loadout	0	1	-1	1	1	0	0	975001	175					2026-09-01 00:53:48
Darkmoon	Season 10 Wildcard	900007	900007:818046:50	Tiraxis	24	1806961	Mystic Enchanting: Specialization	0	1	-1	1	1	0	0	975001	500					2026-09-01 00:53:48
Darkmoon	Season 10 Wildcard	900007	900007:818046:50	Tiraxis	25	97871	Craftsman's Codex	0	1	-1	1	1	0	0	975001	500					2026-09-01 00:53:48
Darkmoon	Season 10 Wildcard	900007	900007:818046:50	Tiraxis	26	777998	Tradesman's Scroll	0	1	-1		1	0	0	975001	500					2026-09-01 00:53:48
Darkmoon	Season 10 Wildcard	900007	900007:818046:50	Tiraxis	27	3001006	Riding Tome: Apprentice Riding	0	1	-1	1	1	0	0	975001	100					2026-09-01 00:53:48
Darkmoon	Season 10 Wildcard	900007	900007:818046:50	Tiraxis	28	3001005	Riding Tome: Journeyman Riding	0	1	-1		1	0	0	975001	500					2026-09-01 00:53:48
Darkmoon	Season 10 Wildcard	900007	900007:818046:50	Tiraxis	29	3211009	Riding Tome: Expert Riding	0	1	-1		1	0	0	975001	475					2026-09-01 00:53:48
Darkmoon	Season 10 Wildcard	900007	900007:818046:50	Tiraxis	30	1179243	Riding Tome: Extraordinary Riding	0	1	-1		1	0	0	975001	1500					2026-09-01 00:53:48
Darkmoon	Season 10 Wildcard	900007	900007:818046:50	Tiraxis	31	106955	Tome of Specialization II	0	1	-1	1	1	0	0	975001	250					2026-09-01 00:53:48
Darkmoon	Season 10 Wildcard	900007	900007:818046:50	Tiraxis	32	106956	Tome of Specialization III	0	1	-1		1	0	0	975001	300					2026-09-01 00:53:48
Darkmoon	Season 10 Wildcard	900007	900007:818046:50	Tiraxis	33	106957	Tome of Specialization IV	0	1	-1		1	0	0	975001	400					2026-09-01 00:53:48
Darkmoon	Season 10 Wildcard	900007	900007:818046:50	Tiraxis	34	106958	Tome of Specialization V	0	1	-1		1	0	0	975001	500					2026-09-01 00:53:48
Darkmoon	Season 10 Wildcard	900007	900007:818046:50	Tiraxis	35	106959	Tome of Specialization VI	0	1	-1		1	0	0	975001	700					2026-09-01 00:53:48
Darkmoon	Season 10 Wildcard	900007	900007:818046:50	Tiraxis	36	106960	Tome of Specialization VII	0	1	-1		1	0	0	975001	1500					2026-09-01 00:53:48
Darkmoon	Season 10 Wildcard	900007	900007:818046:50	Tiraxis	37	97332	Master's Tome Of Specialization (8-20)	0	1	-1		1	0	0	975001	2000					2026-09-01 00:53:48
Darkmoon	Season 10 Wildcard	900007	900007:818046:50	Tiraxis	38	1777028	Thermal Anvil	0	1	-1	1	1	0	0	975001	500					2026-09-01 00:53:48
Darkmoon	Season 10 Wildcard	900007	900007:818046:50	Tiraxis	39	898070	Battle Horn	0	1	-1	1	1	0	0	975001	700					2026-09-01 00:53:48
Darkmoon	Season 10 Wildcard	900007	900007:818046:50	Tiraxis	40	1004000	Herbalist's Hat	0	1	-1	1	1	0	0	975001	700					2026-09-01 00:53:48
Darkmoon	Season 10 Wildcard	900007	900007:818046:50	Tiraxis	41	1004001	Miner's Hat	0	1	-1	1	1	0	0	975001	700					2026-09-01 00:53:48
Darkmoon	Season 10 Wildcard	900007	900007:818046:50	Tiraxis	42	1004002	Skinner's Hat	0	1	-1	1	1	0	0	975001	700					2026-09-01 00:53:48
Darkmoon	Season 10 Wildcard	900007	900007:818046:50	Tiraxis	43	1004003	Alchemist's Hat	0	1	-1	1	1	0	0	975001	700					2026-09-01 00:53:48
Darkmoon	Season 10 Wildcard	900007	900007:818046:50	Tiraxis	44	1004004	Blacksmith's Hat	0	1	-1	1	1	0	0	975001	700					2026-09-01 00:53:48
Darkmoon	Season 10 Wildcard	900007	900007:818046:50	Tiraxis	45	1004006	Enchanter's Hat	0	1	-1	1	1	0	0	975001	700					2026-09-01 00:53:48
Darkmoon	Season 10 Wildcard	900007	900007:818046:50	Tiraxis	46	1004007	Engineer's Goggles	0	1	-1	1	1	0	0	975001	700					2026-09-01 00:53:48
Darkmoon	Season 10 Wildcard	900007	900007:818046:50	Tiraxis	47	1004012	Leatherworker's Hat	0	1	-1	1	1	0	0	975001	700					2026-09-01 00:53:48
Darkmoon	Season 10 Wildcard	900007	900007:818046:50	Tiraxis	48	1004013	Tailor's Hat	0	1	-1	1	1	0	0	975001	700					2026-09-01 00:53:48
Darkmoon	Season 10 Wildcard	900007	900007:818046:50	Tiraxis	49	1004014	Field Medic's Hat	0	1	-1	1	1	0	0	975001	700					2026-09-01 00:53:48
Darkmoon	Season 10 Wildcard	900007	900007:818046:50	Tiraxis	50	1004017	Chef's Hat	0	1	-1	1	1	0	0	975001	700					2026-09-01 00:53:48
Darkmoon	Season 10 Wildcard	9780012	9780012:1518202:110	Guardian of Time	1	1518202	Rethreaded Left Bear Claw	0	1	-1	1	1	0	0	375250	96000					2026-09-01 00:57:21
Darkmoon	Season 10 Wildcard	9780012	9780012:1518202:110	Guardian of Time	2	1518203	Rethreaded Right Bear Claw	0	1	-1	1	1	0	0	375250	96000					2026-09-01 00:57:21
Darkmoon	Season 10 Wildcard	9780012	9780012:1518202:110	Guardian of Time	3	1642896	Druid Idol of Agility	0	1	-1	1	1	0	0	375250	96000					2026-09-01 00:57:21
Darkmoon	Season 10 Wildcard	9780012	9780012:1518202:110	Guardian of Time	4	1642897	Druid Idol of Spells	0	1	-1	1	1	0	0	375250	96000					2026-09-01 00:57:21
Darkmoon	Season 10 Wildcard	9780012	9780012:1518202:110	Guardian of Time	5	1642898	Shaman Totem of Agility	0	1	-1	1	1	0	0	375250	96000					2026-09-01 00:57:21
Darkmoon	Season 10 Wildcard	9780012	9780012:1518202:110	Guardian of Time	6	1642899	Shaman Totem of Spells	0	1	-1	1	1	0	0	375250	96000					2026-09-01 00:57:21
Darkmoon	Season 10 Wildcard	9780012	9780012:1518202:110	Guardian of Time	7	1642900	Paladin Libram of Strength	0	1	-1	1	1	0	0	375250	96000					2026-09-01 00:57:21
Darkmoon	Season 10 Wildcard	9780012	9780012:1518202:110	Guardian of Time	8	1642901	Paladin Libram of Healing	0	1	-1	1	1	0	0	375250	96000					2026-09-01 00:57:21
Darkmoon	Season 10 Wildcard	9780012	9780012:1518202:110	Guardian of Time	9	1642902	Thrown Axe of the Executioner	0	1	-1	1	1	0	0	375250	96000					2026-09-01 00:57:21
Darkmoon	Season 10 Wildcard	9780012	9780012:1518202:110	Guardian of Time	10	1642944	Balanced Heartseeker	0	1	-1	1	1	0	0	375250	96000					2026-09-01 00:57:21
Darkmoon	Season 10 Wildcard	9780012	9780012:1518202:110	Guardian of Time	11	1642945	Venerable Dal'Rend's Sacred Charge	0	1	-1	1	1	0	0	375250	96000					2026-09-01 00:57:21
Darkmoon	Season 10 Wildcard	9780012	9780012:1518202:110	Guardian of Time	12	1642948	Devout Aurastone Hammer	0	1	-1	1	1	0	0	375250	96000					2026-09-01 00:57:21
Darkmoon	Season 10 Wildcard	9780012	9780012:1518202:110	Guardian of Time	13	1644091	Sharpened Scarlet Kris	0	1	-1	1	1	0	0	375250	96000					2026-09-01 00:57:21
Darkmoon	Season 10 Wildcard	9780012	9780012:1518202:110	Guardian of Time	14	1644094	The Blessed Hammer of Grace	0	1	-1	1	1	0	0	375250	96000					2026-09-01 00:57:21
Darkmoon	Season 10 Wildcard	9780012	9780012:1518202:110	Guardian of Time	15	1644096	Battleworn Thrash Blade	0	1	-1	1	1	0	0	375250	96000					2026-09-01 00:57:21
Darkmoon	Season 10 Wildcard	9780012	9780012:1518202:110	Guardian of Time	16	1648716	Venerable Mass of McGowan	0	1	-1	1	1	0	0	375250	96000					2026-09-01 00:57:21
Darkmoon	Season 10 Wildcard	9780012	9780012:1518202:110	Guardian of Time	17	3140350	Urn of Aspiring Light	0	1	-1	1	1	0	0	375250	96000					2026-09-01 00:57:21
Darkmoon	Season 10 Wildcard	9780012	9780012:1518202:110	Guardian of Time	18	3148335	Polished Observer's Shield	0	1	-1	1	1	0	0	375250	96000					2026-09-01 00:57:21
Darkmoon	Season 10 Wildcard	9780012	9780012:1518202:110	Guardian of Time	19	1642846	Wand of the Forgotten Lich	0	1	-1	1	1	0	0	375250	96000					2026-09-01 00:57:21
Darkmoon	Season 10 Wildcard	9780012	9780012:1518202:110	Guardian of Time	20	1642943	Bloodied Arcanite Reaper	0	1	-1	1	1	0	0	375250	160000					2026-09-01 00:57:21
Darkmoon	Season 10 Wildcard	9780012	9780012:1518202:110	Guardian of Time	21	1642946	Charmed Ancient Bone Bow	0	1	-1	1	1	0	0	375250	96000					2026-09-01 00:57:21
Darkmoon	Season 10 Wildcard	9780012	9780012:1518202:110	Guardian of Time	22	1642947	Dignified Headmaster's Charge	0	1	-1	1	1	0	0	375250	160000					2026-09-01 00:57:21
Darkmoon	Season 10 Wildcard	9780012	9780012:1518202:110	Guardian of Time	23	1642999	Ancient Crossbow	0	1	-1	1	1	0	0	375250	96000					2026-09-01 00:57:21
Darkmoon	Season 10 Wildcard	9780012	9780012:1518202:110	Guardian of Time	24	1644092	Reforged Truesilver Champion	0	1	-1	1	1	0	0	375250	160000					2026-09-01 00:57:21
Darkmoon	Season 10 Wildcard	9780012	9780012:1518202:110	Guardian of Time	25	1644093	Upgraded Dwarven Hand Cannon	0	1	-1	1	1	0	0	375250	96000					2026-09-01 00:57:21
Darkmoon	Season 10 Wildcard	9780012	9780012:1518202:110	Guardian of Time	26	1644095	Grand Staff of Jordan	0	1	-1	1	1	0	0	375250	160000					2026-09-01 00:57:21
Darkmoon	Season 10 Wildcard	9780012	9780012:1518202:110	Guardian of Time	27	1648718	Repurposed Lava Dredger	0	1	-1	1	1	0	0	375250	160000					2026-09-01 00:57:21
Darkmoon	Season 10 Wildcard	9780012	9780012:1518202:110	Guardian of Time	28	3142943	Sturdied Arcanite Spear	0	1	-1	1	1	0	0	375250	160000					2026-09-01 00:57:21
Darkmoon	Season 10 Wildcard	9780012	9780012:1518202:110	Guardian of Time	29	1642991	Swift Hand of Justice	0	1	-1	1	1	0	0	375250	80000					2026-09-01 00:57:21
Darkmoon	Season 10 Wildcard	9780012	9780012:1518202:110	Guardian of Time	30	1642992	Discerning Eye of the Beast	0	1	-1	1	1	0	0	375250	80000					2026-09-01 00:57:21
Darkmoon	Season 10 Wildcard	9780012	9780012:1518202:110	Guardian of Time	31	1644097	Inherited Insignia of the Horde	0	1	-1	1	1	0	0	375250	80000					2026-09-01 00:57:21
Darkmoon	Season 10 Wildcard	9780012	9780012:1518202:110	Guardian of Time	32	1644098	Inherited Insignia of the Alliance	0	1	-1	1	1	0	0	375250	80000					2026-09-01 00:57:21
Darkmoon	Season 10 Wildcard	9780012	9780012:1518202:110	Guardian of Time	33	1642949	Polished Spaulders of Valor	0	1	-1	1	1	0	0	375250	128000					2026-09-01 00:57:21
Darkmoon	Season 10 Wildcard	9780012	9780012:1518202:110	Guardian of Time	34	1642950	Champion Herod's Shoulder	0	1	-1	1	1	0	0	375250	128000					2026-09-01 00:57:21
Darkmoon	Season 10 Wildcard	9780012	9780012:1518202:110	Guardian of Time	35	1642951	Mystical Pauldrons of Elements	0	1	-1	1	1	0	0	375250	128000					2026-09-01 00:57:21
Darkmoon	Season 10 Wildcard	9780012	9780012:1518202:110	Guardian of Time	36	1642952	Stained Shadowcraft Spaulders	0	1	-1	1	1	0	0	375250	128000					2026-09-01 00:57:21
Darkmoon	Season 10 Wildcard	9780012	9780012:1518202:110	Guardian of Time	37	1642984	Preened Ironfeather Shoulders	0	1	-1	1	1	0	0	375250	128000					2026-09-01 00:57:21
Darkmoon	Season 10 Wildcard	9780012	9780012:1518202:110	Guardian of Time	38	1642985	Tattered Dreadmist Mantle	0	1	-1	1	1	0	0	375250	128000					2026-09-01 00:57:21
Darkmoon	Season 10 Wildcard	9780012	9780012:1518202:110	Guardian of Time	39	1644099	Strengthened Stockade Pauldrons	0	1	-1	1	1	0	0	375250	128000					2026-09-01 00:57:21
Darkmoon	Season 10 Wildcard	9780012	9780012:1518202:110	Guardian of Time	40	1644100	Pristine Lightforge Spaulders	0	1	-1	1	1	0	0	375250	128000					2026-09-01 00:57:21
Darkmoon	Season 10 Wildcard	9780012	9780012:1518202:110	Guardian of Time	41	1644101	Prized Beastmaster's Mantle	0	1	-1	1	1	0	0	375250	128000					2026-09-01 00:57:21
Darkmoon	Season 10 Wildcard	9780012	9780012:1518202:110	Guardian of Time	42	1644102	Aged Pauldrons of The Five Thunders	0	1	-1	1	1	0	0	375250	128000					2026-09-01 00:57:21
Darkmoon	Season 10 Wildcard	9780012	9780012:1518202:110	Guardian of Time	43	1644103	Exceptional Stormshroud Shoulders	0	1	-1	1	1	0	0	375250	128000					2026-09-01 00:57:21
Darkmoon	Season 10 Wildcard	9780012	9780012:1518202:110	Guardian of Time	44	1644105	Lasting Feralheart Spaulders	0	1	-1	1	1	0	0	375250	128000					2026-09-01 00:57:21
Darkmoon	Season 10 Wildcard	9780012	9780012:1518202:110	Guardian of Time	45	1644107	Exquisite Sunderseer Mantle	0	1	-1	1	1	0	0	375250	128000					2026-09-01 00:57:21
Darkmoon	Season 10 Wildcard	9780012	9780012:1518202:110	Guardian of Time	46	3142949	Burnished Spaulders of Might	0	1	-1	1	1	0	0	375250	128000					2026-09-01 00:57:21
Darkmoon	Season 10 Wildcard	9780012	9780012:1518202:110	Guardian of Time	47	1648677	Champion's Deathdealer Breastplate	0	1	-1	1	1	0	0	375250	192000					2026-09-01 00:57:21
Darkmoon	Season 10 Wildcard	9780012	9780012:1518202:110	Guardian of Time	48	1648683	Mystical Vest of Elements	0	1	-1	1	1	0	0	375250	192000					2026-09-01 00:57:21
Darkmoon	Season 10 Wildcard	9780012	9780012:1518202:110	Guardian of Time	49	1648685	Polished Breastplate of Valor	0	1	-1	1	1	0	0	375250	192000					2026-09-01 00:57:21
Darkmoon	Season 10 Wildcard	9780012	9780012:1518202:110	Guardian of Time	50	1648687	Preened Ironfeather Breastplate	0	1	-1	1	1	0	0	375250	192000					2026-09-01 00:57:21
Darkmoon	Season 10 Wildcard	9780012	9780012:1518202:110	Guardian of Time	51	1648689	Stained Shadowcraft Tunic	0	1	-1	1	1	0	0	375250	192000					2026-09-01 00:57:21
Darkmoon	Season 10 Wildcard	9780012	9780012:1518202:110	Guardian of Time	52	1648691	Tattered Dreadmist Robe	0	1	-1	1	1	0	0	375250	192000					2026-09-01 00:57:21
Darkmoon	Season 10 Wildcard	9780012	9780012:1518202:110	Guardian of Time	53	3148685	Burnished Breastplate of Might	0	1	-1	1	1	0	0	375250	192000					2026-09-01 00:57:21
Darkmoon	Season 10 Wildcard	9780012	9780012:1518202:110	Guardian of Time	54	1339120	Tattered Dreadmist Hood	0	1	-1	1	1	0	0	375250	75000					2026-09-01 00:57:21
Darkmoon	Season 10 Wildcard	9780012	9780012:1518202:110	Guardian of Time	55	1339121	Stained Shadowcraft Hood	0	1	-1	1	1	0	0	375250	75000					2026-09-01 00:57:21
Darkmoon	Season 10 Wildcard	9780012	9780012:1518202:110	Guardian of Time	56	1339122	Preened Ironfeather Headguard	0	1	-1	1	1	0	0	375250	75000					2026-09-01 00:57:21
Darkmoon	Season 10 Wildcard	9780012	9780012:1518202:110	Guardian of Time	57	1339123	Mystical Helm of Elements	0	1	-1	1	1	0	0	375250	75000					2026-09-01 00:57:21
Darkmoon	Season 10 Wildcard	9780012	9780012:1518202:110	Guardian of Time	58	1339124	Champion Herod's Helmet	0	1	-1	1	1	0	0	375250	75000					2026-09-01 00:57:21
Darkmoon	Season 10 Wildcard	9780012	9780012:1518202:110	Guardian of Time	59	1339125	Polished Helmet of Valor	0	1	-1	1	1	0	0	375250	75000					2026-09-01 00:57:21
Darkmoon	Season 10 Wildcard	9780012	9780012:1518202:110	Guardian of Time	60	1339126	Burnished Helmet of Might	0	1	-1	1	1	0	0	375250	75000					2026-09-01 00:57:21
Darkmoon	Season 10 Wildcard	9780012	9780012:1518202:110	Guardian of Time	61	1339076	Pendant of the Warrior	0	1	-1	1	1	0	0	375250	60000					2026-09-01 00:57:21
Darkmoon	Season 10 Wildcard	9780012	9780012:1518202:110	Guardian of Time	62	1339077	Pendant of the Sorcerer	0	1	-1	1	1	0	0	375250	60000					2026-09-01 00:57:21
Darkmoon	Season 10 Wildcard	9780012	9780012:1518202:110	Guardian of Time	63	1339078	Pendant of the Bulwark	0	1	-1	1	1	0	0	375250	60000					2026-09-01 00:57:21
Darkmoon	Season 10 Wildcard	9780012	9780012:1518202:110	Guardian of Time	64	1339092	Tattered Dreadmist Belt	0	1	-1	1	1	0	0	375250	75000					2026-09-01 00:57:21
Darkmoon	Season 10 Wildcard	9780012	9780012:1518202:110	Guardian of Time	65	1339093	Stained Shadowcraft Belt	0	1	-1	1	1	0	0	375250	75000					2026-09-01 00:57:21
Darkmoon	Season 10 Wildcard	9780012	9780012:1518202:110	Guardian of Time	66	1339094	Preened Ironfeather Belt	0	1	-1	1	1	0	0	375250	75000					2026-09-01 00:57:21
Darkmoon	Season 10 Wildcard	9780012	9780012:1518202:110	Guardian of Time	67	1339095	Mystical Belt of Elements	0	1	-1	1	1	0	0	375250	75000					2026-09-01 00:57:21
Darkmoon	Season 10 Wildcard	9780012	9780012:1518202:110	Guardian of Time	68	1339096	Champion Herod's Belt	0	1	-1	1	1	0	0	375250	75000					2026-09-01 00:57:21
Darkmoon	Season 10 Wildcard	9780012	9780012:1518202:110	Guardian of Time	69	1339097	Polished Belt of Valor	0	1	-1	1	1	0	0	375250	75000					2026-09-01 00:57:21
Darkmoon	Season 10 Wildcard	9780012	9780012:1518202:110	Guardian of Time	70	1339098	Burnished Belt of Might	0	1	-1	1	1	0	0	375250	75000					2026-09-01 00:57:21
Darkmoon	Season 10 Wildcard	9780012	9780012:1518202:110	Guardian of Time	71	1339113	Tattered Dreadmist Leggings	0	1	-1	1	1	0	0	375250	90000					2026-09-01 00:57:21
Darkmoon	Season 10 Wildcard	9780012	9780012:1518202:110	Guardian of Time	72	1339114	Stained Shadowcraft Pants	0	1	-1	1	1	0	0	375250	90000					2026-09-01 00:57:21
Darkmoon	Season 10 Wildcard	9780012	9780012:1518202:110	Guardian of Time	73	1339115	Preened Ironfeather Legguards	0	1	-1	1	1	0	0	375250	90000					2026-09-01 00:57:21
Darkmoon	Season 10 Wildcard	9780012	9780012:1518202:110	Guardian of Time	74	1339116	Mystical Kilt of Elements	0	1	-1	1	1	0	0	375250	90000					2026-09-01 00:57:21
Darkmoon	Season 10 Wildcard	9780012	9780012:1518202:110	Guardian of Time	75	1339117	Champion Herod's Legguards	0	1	-1	1	1	0	0	375250	90000					2026-09-01 00:57:21
Darkmoon	Season 10 Wildcard	9780012	9780012:1518202:110	Guardian of Time	76	1339118	Polished Platelegs of Valor	0	1	-1	1	1	0	0	375250	90000					2026-09-01 00:57:21
Darkmoon	Season 10 Wildcard	9780012	9780012:1518202:110	Guardian of Time	77	1339119	Burnished Platelegs of Might	0	1	-1	1	1	0	0	375250	90000					2026-09-01 00:57:21
Darkmoon	Season 10 Wildcard	9780012	9780012:1518202:110	Guardian of Time	78	1339099	Tattered Dreadmist Boots	0	1	-1	1	1	0	0	375250	75000					2026-09-01 00:57:21
Darkmoon	Season 10 Wildcard	9780012	9780012:1518202:110	Guardian of Time	79	1339100	Stained Shadowcraft Boots	0	1	-1	1	1	0	0	375250	75000					2026-09-01 00:57:21
Darkmoon	Season 10 Wildcard	9780012	9780012:1518202:110	Guardian of Time	80	1339101	Preened Ironfeather Boots	0	1	-1	1	1	0	0	375250	75000					2026-09-01 00:57:21
Darkmoon	Season 10 Wildcard	9780012	9780012:1518202:110	Guardian of Time	81	1339102	Mystical Boots of Elements	0	1	-1	1	1	0	0	375250	75000					2026-09-01 00:57:21
Darkmoon	Season 10 Wildcard	9780012	9780012:1518202:110	Guardian of Time	82	1339103	Champion Herod's Boots	0	1	-1	1	1	0	0	375250	75000					2026-09-01 00:57:21
Darkmoon	Season 10 Wildcard	9780012	9780012:1518202:110	Guardian of Time	83	1339104	Polished Boots of Valor	0	1	-1	1	1	0	0	375250	75000					2026-09-01 00:57:21
Darkmoon	Season 10 Wildcard	9780012	9780012:1518202:110	Guardian of Time	84	1339105	Burnished Boots of Might	0	1	-1	1	1	0	0	375250	75000					2026-09-01 00:57:21
Darkmoon	Season 10 Wildcard	9780012	9780012:1518202:110	Guardian of Time	85	1339106	Tattered Dreadmist Bracers	0	1	-1	1	1	0	0	375250	75000					2026-09-01 00:57:21
Darkmoon	Season 10 Wildcard	9780012	9780012:1518202:110	Guardian of Time	86	1339107	Stained Shadowcraft Bracers	0	1	-1	1	1	0	0	375250	75000					2026-09-01 00:57:21
Darkmoon	Season 10 Wildcard	9780012	9780012:1518202:110	Guardian of Time	87	1339108	Preened Ironfeather Bracers	0	1	-1	1	1	0	0	375250	75000					2026-09-01 00:57:21
Darkmoon	Season 10 Wildcard	9780012	9780012:1518202:110	Guardian of Time	88	1339109	Mystical Bracers of Elements	0	1	-1	1	1	0	0	375250	75000					2026-09-01 00:57:21
Darkmoon	Season 10 Wildcard	9780012	9780012:1518202:110	Guardian of Time	89	1339110	Champion Herod's Bracers	0	1	-1	1	1	0	0	375250	75000					2026-09-01 00:57:21
Darkmoon	Season 10 Wildcard	9780012	9780012:1518202:110	Guardian of Time	90	1339111	Polished Bracers of Valor	0	1	-1	1	1	0	0	375250	75000					2026-09-01 00:57:21
Darkmoon	Season 10 Wildcard	9780012	9780012:1518202:110	Guardian of Time	91	1339112	Burnished Bracers of Might	0	1	-1	1	1	0	0	375250	75000					2026-09-01 00:57:21
Darkmoon	Season 10 Wildcard	9780012	9780012:1518202:110	Guardian of Time	92	1339127	Tattered Dreadmist Gloves	0	1	-1	1	1	0	0	375250	60000					2026-09-01 00:57:21
Darkmoon	Season 10 Wildcard	9780012	9780012:1518202:110	Guardian of Time	93	1339128	Stained Shadowcraft Gloves	0	1	-1	1	1	0	0	375250	60000					2026-09-01 00:57:21
Darkmoon	Season 10 Wildcard	9780012	9780012:1518202:110	Guardian of Time	94	1339129	Preened Ironfeather Gloves	0	1	-1	1	1	0	0	375250	60000					2026-09-01 00:57:21
Darkmoon	Season 10 Wildcard	9780012	9780012:1518202:110	Guardian of Time	95	1339130	Mystical Gloves of Elements	0	1	-1	1	1	0	0	375250	60000					2026-09-01 00:57:21
Darkmoon	Season 10 Wildcard	9780012	9780012:1518202:110	Guardian of Time	96	1339131	Champion Herod's Gloves	0	1	-1	1	1	0	0	375250	60000					2026-09-01 00:57:21
Darkmoon	Season 10 Wildcard	9780012	9780012:1518202:110	Guardian of Time	97	1339132	Polished Gauntlets of Valor	0	1	-1	1	1	0	0	375250	60000					2026-09-01 00:57:21
Darkmoon	Season 10 Wildcard	9780012	9780012:1518202:110	Guardian of Time	98	1339133	Burnished Gauntlets of Might	0	1	-1	1	1	0	0	375250	60000					2026-09-01 00:57:21
Darkmoon	Season 10 Wildcard	9780012	9780012:1518202:110	Guardian of Time	99	1339079	Ring of the Vanguard	0	1	-1	1	1	0	0	375250	60000					2026-09-01 00:57:21
Darkmoon	Season 10 Wildcard	9780012	9780012:1518202:110	Guardian of Time	100	1339080	Ring of the Sorcerer	0	1	-1	1	1	0	0	375250	60000					2026-09-01 00:57:21
Darkmoon	Season 10 Wildcard	9780012	9780012:1518202:110	Guardian of Time	101	1339081	Ring of the Bulwark	0	1	-1	1	1	0	0	375250	60000					2026-09-01 00:57:21
Darkmoon	Season 10 Wildcard	9780012	9780012:1518202:110	Guardian of Time	102	1339082	Ring of the Lionhearted	0	1	-1	1	1	0	0	375250	60000					2026-09-01 00:57:21
Darkmoon	Season 10 Wildcard	9780012	9780012:1518202:110	Guardian of Time	103	1339083	Ring of the Seer	0	1	-1	1	1	0	0	375250	60000					2026-09-01 00:57:21
Darkmoon	Season 10 Wildcard	9780012	9780012:1518202:110	Guardian of Time	104	1339084	Champion's Deathdealer Cloak	0	1	-1	1	1	0	0	375250	75000					2026-09-01 00:57:21
Darkmoon	Season 10 Wildcard	9780012	9780012:1518202:110	Guardian of Time	105	1339085	Polished Cloak of Valor	0	1	-1	1	1	0	0	375250	75000					2026-09-01 00:57:21
Darkmoon	Season 10 Wildcard	9780012	9780012:1518202:110	Guardian of Time	106	1339086	Tattered Dreadmist Cloak	0	1	-1	1	1	0	0	375250	75000					2026-09-01 00:57:21
Darkmoon	Season 10 Wildcard	9780012	9780012:1518202:110	Guardian of Time	107	1339087	Strengthened Cloak of Might	0	1	-1	1	1	0	0	375250	75000					2026-09-01 00:57:21
Darkmoon	Season 10 Wildcard	9780012	9780012:1518202:110	Guardian of Time	108	1339088	Stained Shadowcraft Cloak	0	1	-1	1	1	0	0	375250	75000					2026-09-01 00:57:21
Darkmoon	Season 10 Wildcard	9780012	9780012:1518202:110	Guardian of Time	109	1339089	Preened Ironfeather Cloak	0	1	-1	1	1	0	0	375250	75000					2026-09-01 00:57:21
Darkmoon	Season 10 Wildcard	9780012	9780012:1518202:110	Guardian of Time	110	1339090	Mystical Cloak of Elements	0	1	-1	1	1	0	0	375250	75000					2026-09-01 00:57:21
Darkmoon	Season 10 Wildcard	9780012	9780012:399200:21	Guardian of Time	1	399200	Commendation of War	0	1	-1	1	1	0	0	400750	20					2026-09-01 00:57:17
Darkmoon	Season 10 Wildcard	9780012	9780012:399200:21	Guardian of Time	2	1513965	Time-Lost Pocket Watch	0	1	-1		1	0	0	375250	2500					2026-09-01 00:57:17
Darkmoon	Season 10 Wildcard	9780012	9780012:399200:21	Guardian of Time	3	1513966	Time-Lost Tear	0	1	-1		1	0	0	375250	2500					2026-09-01 00:57:17
Darkmoon	Season 10 Wildcard	9780012	9780012:399200:21	Guardian of Time	4	1513967	Time-Lost Lucky Coin	0	1	-1		1	0	0	375250	2500					2026-09-01 00:57:17
Darkmoon	Season 10 Wildcard	9780012	9780012:399200:21	Guardian of Time	5	1513968	Time-Lost Relic	0	1	-1		1	0	0	375250	2500					2026-09-01 00:57:17
Darkmoon	Season 10 Wildcard	9780012	9780012:399200:21	Guardian of Time	6	8263512	Aetherial Reliquary	0	1	-1	1	1	0	0	375250	5000					2026-09-01 00:57:17
Darkmoon	Season 10 Wildcard	9780012	9780012:399200:21	Guardian of Time	7	1179000	Neural Silencer	5000	1	-1	1	0	0	0							2026-09-01 00:57:17
Darkmoon	Season 10 Wildcard	9780012	9780012:399200:21	Guardian of Time	8	52510	Enchanting Vellum - Armor	30000	1	-1		0	0	0							2026-09-01 00:57:17
Darkmoon	Season 10 Wildcard	9780012	9780012:399200:21	Guardian of Time	9	52511	Enchanting Vellum - Weapon	30000	1	-1		0	0	0							2026-09-01 00:57:17
Darkmoon	Season 10 Wildcard	9780012	9780012:399200:21	Guardian of Time	10	53872	Scroll - Remove Armor Enchant	500000	1	-1	1	0	0	0							2026-09-01 00:57:17
Darkmoon	Season 10 Wildcard	9780012	9780012:399200:21	Guardian of Time	11	53873	Scroll - Remove Weapon Enchant	500000	1	-1	1	0	0	0							2026-09-01 00:57:17
Darkmoon	Season 10 Wildcard	9780012	9780012:399200:21	Guardian of Time	12	97871	Craftsman's Codex	25000000	1	-1	1	0	0	0							2026-09-01 00:57:17
Darkmoon	Season 10 Wildcard	9780012	9780012:399200:21	Guardian of Time	13	106954	Tome of Specialization II	10000000	1	-1	1	0	0	0							2026-09-01 00:57:17
Darkmoon	Season 10 Wildcard	9780012	9780012:399200:21	Guardian of Time	14	992720	Unimbued Mystic Scroll	1000	1	-1	1	0	0	0							2026-09-01 00:57:17
Darkmoon	Season 10 Wildcard	9780012	9780012:399200:21	Guardian of Time	15	777999	Bloody Jar	2500	1	-1	1	0	0	0							2026-09-01 00:57:17
Darkmoon	Season 10 Wildcard	9780012	9780012:399200:21	Guardian of Time	16	777218	Outlaw's Pardon	2500000	1	-1	1	0	0	0							2026-09-01 00:57:17
Darkmoon	Season 10 Wildcard	9780012	9780012:399200:21	Guardian of Time	17	696664	Keeper's Scroll: Aggramar	1000000	1	1	1	0	0	0							2026-09-01 00:57:17
Darkmoon	Season 10 Wildcard	9780012	9780012:399200:21	Guardian of Time	18	696665	Keeper's Scroll: Eonar	1000000	1	1	1	0	0	0							2026-09-01 00:57:17
Darkmoon	Season 10 Wildcard	9780012	9780012:399200:21	Guardian of Time	19	696661	Keeper's Scroll: Golganneth	1000000	1	1	1	0	0	0							2026-09-01 00:57:17
Darkmoon	Season 10 Wildcard	9780012	9780012:399200:21	Guardian of Time	20	696663	Keeper's Scroll: Khaz'goroth	1000000	1	1	1	0	0	0							2026-09-01 00:57:17
Darkmoon	Season 10 Wildcard	9780012	9780012:399200:21	Guardian of Time	21	696662	Keeper's Scroll: Norgannon	1000000	1	1	1	0	0	0							2026-09-01 00:57:17
Dawnrise	Season 10 Freepick	5193	5193	Rebecca Laughlin	1	5976	Guild Tabard	9500	1	-1	1	0	0	0							2026-09-01 00:39:09
Dawnrise	Season 10 Freepick	5193	5193	Rebecca Laughlin	2	15196	Private's Tabard	0	1	-1	1	1	15000	0							2026-09-01 00:39:09
Dawnrise	Season 10 Freepick	5193	5193	Rebecca Laughlin	3	15198	Knight's Colors	0	1	-1	1	1	20000	0							2026-09-01 00:39:09
Dawnrise	Season 10 Freepick	5193	5193	Rebecca Laughlin	4	19032	Stormpike Battle Tabard	0	1	-1	1	1	15000	0							2026-09-01 00:39:09
Dawnrise	Season 10 Freepick	5193	5193	Rebecca Laughlin	5	19506	Silverwing Battle Tabard	0	1	-1	1	1	12000	0							2026-09-01 00:39:09
Dawnrise	Season 10 Freepick	5193	5193	Rebecca Laughlin	6	23999	Honor Hold Tabard	9500	1	-1		0	0	0							2026-09-01 00:39:09
Dawnrise	Season 10 Freepick	5193	5193	Rebecca Laughlin	7	31774	Kurenai Tabard	9500	1	-1		0	0	0							2026-09-01 00:39:09
Dawnrise	Season 10 Freepick	5193	5193	Rebecca Laughlin	8	31775	Sporeggar Tabard	0	1	-1		1	0	0	24245	10					2026-09-01 00:39:09
Dawnrise	Season 10 Freepick	5193	5193	Rebecca Laughlin	9	31776	Consortium Tabard	9500	1	-1		0	0	0							2026-09-01 00:39:09
Dawnrise	Season 10 Freepick	5193	5193	Rebecca Laughlin	10	31777	Keepers of Time Tabard	9500	1	-1		0	0	0							2026-09-01 00:39:09
Dawnrise	Season 10 Freepick	5193	5193	Rebecca Laughlin	11	31778	Lower City Tabard	9500	1	-1		0	0	0							2026-09-01 00:39:09
Dawnrise	Season 10 Freepick	5193	5193	Rebecca Laughlin	12	31779	Aldor Tabard	9500	1	-1		0	0	0							2026-09-01 00:39:09
Dawnrise	Season 10 Freepick	5193	5193	Rebecca Laughlin	13	31780	Scryers Tabard	9500	1	-1		0	0	0							2026-09-01 00:39:09
Dawnrise	Season 10 Freepick	5193	5193	Rebecca Laughlin	14	31781	Sha'tar Tabard	9500	1	-1		0	0	0							2026-09-01 00:39:09
Dawnrise	Season 10 Freepick	5193	5193	Rebecca Laughlin	15	31804	Cenarion Expedition Tabard	9500	1	-1		0	0	0							2026-09-01 00:39:09
Dawnrise	Season 10 Freepick	5193	5193	Rebecca Laughlin	16	32445	Skyguard Tabard	9500	1	-1		0	0	0							2026-09-01 00:39:09
Dawnrise	Season 10 Freepick	5193	5193	Rebecca Laughlin	17	32828	Ogri'la Tabard	0	1	-1		1	0	0	32569	10					2026-09-01 00:39:09
Dawnrise	Season 10 Freepick	5193	5193	Rebecca Laughlin	18	35221	Tabard of the Shattered Sun	9500	1	-1		0	0	0							2026-09-01 00:39:09
Dawnrise	Season 10 Freepick	6740	6740:4496:44	Innkeeper Allison	1	4496	Small Brown Pouch	475	1	-1	1	0	0	0							2026-09-01 01:05:19
Dawnrise	Season 10 Freepick	6740	6740:4496:44	Innkeeper Allison	2	4498	Brown Leather Satchel	2375	1	-1	1	0	0	0							2026-09-01 01:05:19
Dawnrise	Season 10 Freepick	6740	6740:4496:44	Innkeeper Allison	3	4499	Huge Brown Sack	9500	1	-1	1	0	0	0							2026-09-01 01:05:19
Dawnrise	Season 10 Freepick	6740	6740:4496:44	Innkeeper Allison	4	5576	Large Brown Sack	4750	1	-1	1	0	0	0							2026-09-01 01:05:19
Dawnrise	Season 10 Freepick	6740	6740:4496:44	Innkeeper Allison	5	159	Refreshing Spring Water	47	5	-1	1	0	0	0							2026-09-01 01:05:19
Dawnrise	Season 10 Freepick	6740	6740:4496:44	Innkeeper Allison	6	1179	Ice Cold Milk	118	5	-1	1	0	0	0							2026-09-01 01:05:19
Dawnrise	Season 10 Freepick	6740	6740:4496:44	Innkeeper Allison	7	1205	Melon Juice	475	5	-1	1	0	0	0							2026-09-01 01:05:19
Dawnrise	Season 10 Freepick	6740	6740:4496:44	Innkeeper Allison	8	1645	Moonberry Juice	1900	5	-1	1	0	0	0							2026-09-01 01:05:19
Dawnrise	Season 10 Freepick	6740	6740:4496:44	Innkeeper Allison	9	1708	Sweet Nectar	950	5	-1	1	0	0	0							2026-09-01 01:05:19
Dawnrise	Season 10 Freepick	6740	6740:4496:44	Innkeeper Allison	10	4536	Shiny Red Apple	23	5	-1	1	0	0	0							2026-09-01 01:05:19
Dawnrise	Season 10 Freepick	6740	6740:4496:44	Innkeeper Allison	11	4537	Tel'Abim Banana	118	5	-1	1	0	0	0							2026-09-01 01:05:19
Dawnrise	Season 10 Freepick	6740	6740:4496:44	Innkeeper Allison	12	4538	Snapvine Watermelon	475	5	-1	1	0	0	0							2026-09-01 01:05:19
Dawnrise	Season 10 Freepick	6740	6740:4496:44	Innkeeper Allison	13	4539	Goldenbark Apple	950	5	-1	1	0	0	0							2026-09-01 01:05:19
Dawnrise	Season 10 Freepick	6740	6740:4496:44	Innkeeper Allison	14	4540	Tough Hunk of Bread	23	5	-1	1	0	0	0							2026-09-01 01:05:19
Dawnrise	Season 10 Freepick	6740	6740:4496:44	Innkeeper Allison	15	4541	Freshly Baked Bread	118	5	-1	1	0	0	0							2026-09-01 01:05:19
Dawnrise	Season 10 Freepick	6740	6740:4496:44	Innkeeper Allison	16	4542	Moist Cornbread	475	5	-1	1	0	0	0							2026-09-01 01:05:19
Dawnrise	Season 10 Freepick	6740	6740:4496:44	Innkeeper Allison	17	4544	Mulgore Spice Bread	950	5	-1	1	0	0	0							2026-09-01 01:05:19
Dawnrise	Season 10 Freepick	6740	6740:4496:44	Innkeeper Allison	18	4601	Soft Banana Bread	1900	5	-1	1	0	0	0							2026-09-01 01:05:19
Dawnrise	Season 10 Freepick	6740	6740:4496:44	Innkeeper Allison	19	4602	Moon Harvest Pumpkin	1900	5	-1	1	0	0	0							2026-09-01 01:05:19
Dawnrise	Season 10 Freepick	6740	6740:4496:44	Innkeeper Allison	20	6948	Hearthstone	0	1	-1	1	0	0	0							2026-09-01 01:05:19
Dawnrise	Season 10 Freepick	6740	6740:4496:44	Innkeeper Allison	21	8766	Morning Glory Dew	3800	5	-1	1	0	0	0							2026-09-01 01:05:19
Dawnrise	Season 10 Freepick	6740	6740:4496:44	Innkeeper Allison	22	8950	Homemade Cherry Pie	3800	5	-1	1	0	0	0							2026-09-01 01:05:19
Dawnrise	Season 10 Freepick	6740	6740:4496:44	Innkeeper Allison	23	8953	Deep Fried Plantains	3800	5	-1	1	0	0	0							2026-09-01 01:05:19
Dawnrise	Season 10 Freepick	6740	6740:4496:44	Innkeeper Allison	24	21829	Perfume Bottle	95	1	-1	1	0	0	0							2026-09-01 01:05:19
Dawnrise	Season 10 Freepick	6740	6740:4496:44	Innkeeper Allison	25	21833	Cologne Bottle	95	1	-1	1	0	0	0							2026-09-01 01:05:19
Dawnrise	Season 10 Freepick	6740	6740:4496:44	Innkeeper Allison	26	46725	Red Rider Air Rifle	19000	1	-1	1	0	0	0							2026-09-01 01:05:19
Dawnrise	Season 10 Freepick	6740	6740:4496:44	Innkeeper Allison	27	54343	Blue Crashin' Thrashin' Racer Controller	380000	1	-1	1	0	0	0							2026-09-01 01:05:19
Dawnrise	Season 10 Freepick	6740	6740:4496:44	Innkeeper Allison	28	3818046	Potion of Experience	4750	1	-1	1	0	0	0							2026-09-01 01:05:19
Dawnrise	Season 10 Freepick	6740	6740:4496:44	Innkeeper Allison	29	772065	Crisped Barley Loaf	4085	1	10	1	0	0	0							2026-09-01 01:05:19
Dawnrise	Season 10 Freepick	6740	6740:4496:44	Innkeeper Allison	30	772066	Smoked River Perch	4085	1	10	1	0	0	0							2026-09-01 01:05:19
Dawnrise	Season 10 Freepick	6740	6740:4496:44	Innkeeper Allison	31	772067	Nutty Hardtack	4085	1	10	1	0	0	0							2026-09-01 01:05:19
Dawnrise	Season 10 Freepick	6740	6740:4496:44	Innkeeper Allison	32	772068	Braised Hill Ram	4085	1	10	1	0	0	0							2026-09-01 01:05:19
Dawnrise	Season 10 Freepick	6740	6740:4496:44	Innkeeper Allison	33	772069	Spiced Root Stew	7410	1	10	1	0	0	0							2026-09-01 01:05:19
Dawnrise	Season 10 Freepick	6740	6740:4496:44	Innkeeper Allison	34	772070	Mellow Goat Cheese	7410	1	10	1	0	0	0							2026-09-01 01:05:19
Dawnrise	Season 10 Freepick	6740	6740:4496:44	Innkeeper Allison	35	772071	Charred Boar Chop	7410	1	10	1	0	0	0							2026-09-01 01:05:19
Dawnrise	Season 10 Freepick	6740	6740:4496:44	Innkeeper Allison	36	772072	Golden Pumpkin Pie	7410	1	10	1	0	0	0							2026-09-01 01:05:19
Dawnrise	Season 10 Freepick	6740	6740:4496:44	Innkeeper Allison	37	772073	Makrura Chowder	10355	1	10	1	0	0	0							2026-09-01 01:05:19
Dawnrise	Season 10 Freepick	6740	6740:4496:44	Innkeeper Allison	38	772074	Roasted Embergrain Bread	10355	1	10	1	0	0	0							2026-09-01 01:05:19
Dawnrise	Season 10 Freepick	6740	6740:4496:44	Innkeeper Allison	39	772075	Mojo Tart	10355	1	10	1	0	0	0							2026-09-01 01:05:19
Dawnrise	Season 10 Freepick	6740	6740:4496:44	Innkeeper Allison	40	772076	Seafarer's Lobster	10355	1	10	1	0	0	0							2026-09-01 01:05:19
Dawnrise	Season 10 Freepick	6740	6740:4496:44	Innkeeper Allison	41	772061	Grilled Dragonscale	12350	1	10	1	0	0	0							2026-09-01 01:05:19
Dawnrise	Season 10 Freepick	6740	6740:4496:44	Innkeeper Allison	42	772062	Shadowpanther Steak	12350	1	10	1	0	0	0							2026-09-01 01:05:19
Dawnrise	Season 10 Freepick	6740	6740:4496:44	Innkeeper Allison	43	772063	Manaberry Pie	12350	1	10	1	0	0	0							2026-09-01 01:05:19
Dawnrise	Season 10 Freepick	6740	6740:4496:44	Innkeeper Allison	44	772064	Moonwell Salad	12350	1	10	1	0	0	0							2026-09-01 01:05:19
Dawnrise	Season 10 Freepick	12781	12781:18448:33	Master Sergeant Biggins	1	18448	Sergeant Major's Chain Armguards	0	1	-1	1	1	3000	0							2026-09-01 01:03:41
Dawnrise	Season 10 Freepick	12781	12781:18448:33	Master Sergeant Biggins	2	18449	Sergeant Major's Chain Armguards	0	1	-1	1	1	1000	0							2026-09-01 01:03:41
Dawnrise	Season 10 Freepick	12781	12781:18448:33	Master Sergeant Biggins	3	18454	Sergeant Major's Dragonhide Armsplints	0	1	-1	1	1	3000	0							2026-09-01 01:03:41
Dawnrise	Season 10 Freepick	12781	12781:18448:33	Master Sergeant Biggins	4	18455	Sergeant Major's Dragonhide Armsplints	0	1	-1	1	1	1000	0							2026-09-01 01:03:41
Dawnrise	Season 10 Freepick	12781	12781:18448:33	Master Sergeant Biggins	5	18452	Sergeant Major's Leather Armsplints	0	1	-1	1	1	3000	0							2026-09-01 01:03:41
Dawnrise	Season 10 Freepick	12781	12781:18448:33	Master Sergeant Biggins	6	18453	Sergeant Major's Leather Armsplints	0	1	-1	1	1	1000	0							2026-09-01 01:03:41
Dawnrise	Season 10 Freepick	12781	12781:18448:33	Master Sergeant Biggins	7	18445	Sergeant Major's Plate Wristguards	0	1	-1	1	1	3000	0							2026-09-01 01:03:41
Dawnrise	Season 10 Freepick	12781	12781:18448:33	Master Sergeant Biggins	8	18447	Sergeant Major's Plate Wristguards	0	1	-1	1	1	1000	0							2026-09-01 01:03:41
Dawnrise	Season 10 Freepick	12781	12781:18448:33	Master Sergeant Biggins	9	18456	Sergeant Major's Silk Cuffs	0	1	-1	1	1	3000	0							2026-09-01 01:03:41
Dawnrise	Season 10 Freepick	12781	12781:18448:33	Master Sergeant Biggins	10	18457	Sergeant Major's Silk Cuffs	0	1	-1	1	1	1000	0							2026-09-01 01:03:41
Dawnrise	Season 10 Freepick	12781	12781:18448:33	Master Sergeant Biggins	11	16342	Sergeant's Cape	0	1	-1	1	1	3000	0							2026-09-01 01:03:41
Dawnrise	Season 10 Freepick	12781	12781:18448:33	Master Sergeant Biggins	12	18440	Sergeant's Cape	0	1	-1	1	1	500	0							2026-09-01 01:03:41
Dawnrise	Season 10 Freepick	12781	12781:18448:33	Master Sergeant Biggins	13	18441	Sergeant's Cape	0	1	-1	1	1	1000	0							2026-09-01 01:03:41
Dawnrise	Season 10 Freepick	12781	12781:18448:33	Master Sergeant Biggins	14	18442	Master Sergeant's Insignia	0	1	-1	1	1	500	0							2026-09-01 01:03:41
Dawnrise	Season 10 Freepick	12781	12781:18448:33	Master Sergeant Biggins	15	18443	Master Sergeant's Insignia	0	1	-1	1	1	3000	0							2026-09-01 01:03:41
Dawnrise	Season 10 Freepick	12781	12781:18448:33	Master Sergeant Biggins	16	18444	Master Sergeant's Insignia	0	1	-1	1	1	1000	0							2026-09-01 01:03:41
Dawnrise	Season 10 Freepick	12781	12781:18448:33	Master Sergeant Biggins	17	18863	Insignia of the Alliance	5000	1	-1	1	0	0	0							2026-09-01 01:03:41
Dawnrise	Season 10 Freepick	12781	12781:18448:33	Master Sergeant Biggins	18	18864	Insignia of the Alliance	200000	1	-1	1	0	0	0							2026-09-01 01:03:41
Dawnrise	Season 10 Freepick	12781	12781:18448:33	Master Sergeant Biggins	19	383082	Ability Purge	0	1	-1	1	1	12000	0							2026-09-01 01:03:41
Dawnrise	Season 10 Freepick	12781	12781:18448:33	Master Sergeant Biggins	20	18606	Alliance Battle Standard	0	1	-1	1	1	15300	0							2026-09-01 01:03:41
Dawnrise	Season 10 Freepick	12781	12781:18448:33	Master Sergeant Biggins	21	1235070	Bloody Mark of War	0	1	-1	1	1	1000	0							2026-09-01 01:03:41
Dawnrise	Season 10 Freepick	12781	12781:18448:33	Master Sergeant Biggins	22	18839	Combat Healing Potion	1100	1	-1	1	1	1	0							2026-09-01 01:03:41
Dawnrise	Season 10 Freepick	12781	12781:18448:33	Master Sergeant Biggins	23	18841	Combat Mana Potion	1100	1	-1	1	1	1	0							2026-09-01 01:03:41
Dawnrise	Season 10 Freepick	12781	12781:18448:33	Master Sergeant Biggins	24	45706	Commendation of Bravery	0	1	-1	1	1	0	100							2026-09-01 01:03:41
Dawnrise	Season 10 Freepick	12781	12781:18448:33	Master Sergeant Biggins	25	449571	Lesser Inscription of the Battle Mage	0	1	-1	1	1	20000	0							2026-09-01 01:03:41
Dawnrise	Season 10 Freepick	12781	12781:18448:33	Master Sergeant Biggins	26	449570	Lesser Inscription of the Gladiator	0	1	-1	1	1	20000	0							2026-09-01 01:03:41
Dawnrise	Season 10 Freepick	12781	12781:18448:33	Master Sergeant Biggins	27	18675	Military Ranks of the Horde & Alliance	100	1	-1	1	0	0	0							2026-09-01 01:03:41
Dawnrise	Season 10 Freepick	12781	12781:18448:33	Master Sergeant Biggins	28	32455	Star's Lament	6000	5	-1	1	0	0	0							2026-09-01 01:03:41
Dawnrise	Season 10 Freepick	12781	12781:18448:33	Master Sergeant Biggins	29	383083	Talent Purge	0	1	-1	1	1	6000	0							2026-09-01 01:03:41
Dawnrise	Season 10 Freepick	12781	12781:18448:33	Master Sergeant Biggins	30	106954	Tome of Specialization II	0	1	-1	1	1	68200	0							2026-09-01 01:03:41
Dawnrise	Season 10 Freepick	12781	12781:18448:33	Master Sergeant Biggins	31	97730	Worldforged Key Fragment	0	1	-1	1	1	10000	0							2026-09-01 01:03:41
Dawnrise	Season 10 Freepick	12781	12781:18448:33	Master Sergeant Biggins	32	15198	Knight's Colors	0	1	-1	1	1	20000	0							2026-09-01 01:03:41
Dawnrise	Season 10 Freepick	12781	12781:18448:33	Master Sergeant Biggins	33	15196	Private's Tabard	0	1	-1	1	1	15000	0							2026-09-01 01:03:41
Dawnrise	Season 10 Freepick	12781	12781:19531:48	Master Sergeant Biggins	1	19531	Caretaker's Cape	0	1	-1	1	1	1800	0							2026-09-01 01:03:43
Dawnrise	Season 10 Freepick	12781	12781:19531:48	Master Sergeant Biggins	2	19532	Caretaker's Cape	0	1	-1	1	1	1600	0							2026-09-01 01:03:43
Dawnrise	Season 10 Freepick	12781	12781:19531:48	Master Sergeant Biggins	3	19533	Caretaker's Cape	0	1	-1	1	1	1200	0							2026-09-01 01:03:43
Dawnrise	Season 10 Freepick	12781	12781:19531:48	Master Sergeant Biggins	4	20428	Caretaker's Cape	0	1	-1	1	1	750	0							2026-09-01 01:03:43
Dawnrise	Season 10 Freepick	12781	12781:19531:48	Master Sergeant Biggins	5	19539	Sentinel's Medallion	0	1	-1	1	1	1800	0							2026-09-01 01:03:43
Dawnrise	Season 10 Freepick	12781	12781:19531:48	Master Sergeant Biggins	6	19540	Sentinel's Medallion	0	1	-1	1	1	1600	0							2026-09-01 01:03:43
Dawnrise	Season 10 Freepick	12781	12781:19531:48	Master Sergeant Biggins	7	19541	Sentinel's Medallion	0	1	-1	1	1	1200	0							2026-09-01 01:03:43
Dawnrise	Season 10 Freepick	12781	12781:19531:48	Master Sergeant Biggins	8	20444	Sentinel's Medallion	0	1	-1	1	1	750	0							2026-09-01 01:03:43
Dawnrise	Season 10 Freepick	12781	12781:19531:48	Master Sergeant Biggins	9	19523	Lorekeeper's Ring	0	1	-1	1	1	1800	0							2026-09-01 01:03:43
Dawnrise	Season 10 Freepick	12781	12781:19531:48	Master Sergeant Biggins	10	19524	Lorekeeper's Ring	0	1	-1	1	1	1600	0							2026-09-01 01:03:43
Dawnrise	Season 10 Freepick	12781	12781:19531:48	Master Sergeant Biggins	11	19525	Lorekeeper's Ring	0	1	-1	1	1	1200	0							2026-09-01 01:03:43
Dawnrise	Season 10 Freepick	12781	12781:19531:48	Master Sergeant Biggins	12	20431	Lorekeeper's Ring	0	1	-1	1	1	750	0							2026-09-01 01:03:43
Dawnrise	Season 10 Freepick	12781	12781:19531:48	Master Sergeant Biggins	13	19515	Protector's Band	0	1	-1	1	1	1600	0							2026-09-01 01:03:43
Dawnrise	Season 10 Freepick	12781	12781:19531:48	Master Sergeant Biggins	14	19516	Protector's Band	0	1	-1	1	1	1800	0							2026-09-01 01:03:43
Dawnrise	Season 10 Freepick	12781	12781:19531:48	Master Sergeant Biggins	15	19517	Protector's Band	0	1	-1	1	1	1200	0							2026-09-01 01:03:43
Dawnrise	Season 10 Freepick	12781	12781:19531:48	Master Sergeant Biggins	16	20439	Protector's Band	0	1	-1	1	1	750	0							2026-09-01 01:03:43
Dawnrise	Season 10 Freepick	12781	12781:19531:48	Master Sergeant Biggins	17	212345	Rune of Duty	0	1	-1	1	1	750	0							2026-09-01 01:03:43
Dawnrise	Season 10 Freepick	12781	12781:19531:48	Master Sergeant Biggins	18	212346	Rune of Duty	0	1	-1	1	1	1600	0							2026-09-01 01:03:43
Dawnrise	Season 10 Freepick	12781	12781:19531:48	Master Sergeant Biggins	19	212347	Rune of Perfection	0	1	-1	1	1	750	0							2026-09-01 01:03:43
Dawnrise	Season 10 Freepick	12781	12781:19531:48	Master Sergeant Biggins	20	212348	Rune of Perfection	0	1	-1	1	1	1600	0							2026-09-01 01:03:43
Dawnrise	Season 10 Freepick	12781	12781:19531:48	Master Sergeant Biggins	21	19571	Lorekeeper's Staff	0	1	-1	1	1	5400	0							2026-09-01 01:03:43
Dawnrise	Season 10 Freepick	12781	12781:19531:48	Master Sergeant Biggins	22	19572	Lorekeeper's Staff	0	1	-1	1	1	4800	0							2026-09-01 01:03:43
Dawnrise	Season 10 Freepick	12781	12781:19531:48	Master Sergeant Biggins	23	19573	Lorekeeper's Staff	0	1	-1	1	1	3600	0							2026-09-01 01:03:43
Dawnrise	Season 10 Freepick	12781	12781:19531:48	Master Sergeant Biggins	24	20434	Lorekeeper's Staff	0	1	-1	1	1	2250	0							2026-09-01 01:03:43
Dawnrise	Season 10 Freepick	12781	12781:19531:48	Master Sergeant Biggins	25	19555	Protector's Sword	0	1	-1	1	1	5400	0							2026-09-01 01:03:43
Dawnrise	Season 10 Freepick	12781	12781:19531:48	Master Sergeant Biggins	26	19556	Protector's Sword	0	1	-1	1	1	4800	0							2026-09-01 01:03:43
Dawnrise	Season 10 Freepick	12781	12781:19531:48	Master Sergeant Biggins	27	19557	Protector's Sword	0	1	-1	1	1	3600	0							2026-09-01 01:03:43
Dawnrise	Season 10 Freepick	12781	12781:19531:48	Master Sergeant Biggins	28	20440	Protector's Sword	0	1	-1	1	1	2250	0							2026-09-01 01:03:43
Dawnrise	Season 10 Freepick	12781	12781:19531:48	Master Sergeant Biggins	29	19547	Sentinel's Blade	0	1	-1	1	1	5400	0							2026-09-01 01:03:43
Dawnrise	Season 10 Freepick	12781	12781:19531:48	Master Sergeant Biggins	30	19548	Sentinel's Blade	0	1	-1	1	1	4800	0							2026-09-01 01:03:43
Dawnrise	Season 10 Freepick	12781	12781:19531:48	Master Sergeant Biggins	31	19549	Sentinel's Blade	0	1	-1	1	1	3600	0							2026-09-01 01:03:43
Dawnrise	Season 10 Freepick	12781	12781:19531:48	Master Sergeant Biggins	32	20443	Sentinel's Blade	0	1	-1	1	1	2250	0							2026-09-01 01:03:43
Dawnrise	Season 10 Freepick	12781	12781:19531:48	Master Sergeant Biggins	33	19563	Outrunner's Bow	0	1	-1	1	1	5400	0							2026-09-01 01:03:43
Dawnrise	Season 10 Freepick	12781	12781:19531:48	Master Sergeant Biggins	34	19564	Outrunner's Bow	0	1	-1	1	1	4800	0							2026-09-01 01:03:43
Dawnrise	Season 10 Freepick	12781	12781:19531:48	Master Sergeant Biggins	35	19565	Outrunner's Bow	0	1	-1	1	1	3600	0							2026-09-01 01:03:43
Dawnrise	Season 10 Freepick	12781	12781:19531:48	Master Sergeant Biggins	36	20438	Outrunner's Bow	0	1	-1	1	1	2250	0							2026-09-01 01:03:43
Dawnrise	Season 10 Freepick	12781	12781:19531:48	Master Sergeant Biggins	37	17348	Major Healing Draught	1500	1	-1	1	1	8	0							2026-09-01 01:03:43
Dawnrise	Season 10 Freepick	12781	12781:19531:48	Master Sergeant Biggins	38	17351	Major Mana Draught	1500	1	-1	1	1	8	0							2026-09-01 01:03:43
Dawnrise	Season 10 Freepick	12781	12781:19531:48	Master Sergeant Biggins	39	499987	Reins of the Silverwing Nightsaber	0	1	-1		1	68200	0							2026-09-01 01:03:43
Dawnrise	Season 10 Freepick	12781	12781:19531:48	Master Sergeant Biggins	40	17349	Superior Healing Draught	1100	1	-1	1	1	1	0							2026-09-01 01:03:43
Dawnrise	Season 10 Freepick	12781	12781:19531:48	Master Sergeant Biggins	41	17352	Superior Mana Draught	1100	1	-1	1	1	1	0							2026-09-01 01:03:43
Dawnrise	Season 10 Freepick	12781	12781:19531:48	Master Sergeant Biggins	42	19060	Warsong Gulch Enriched Ration	2000	5	-1	1	0	0	0							2026-09-01 01:03:43
Dawnrise	Season 10 Freepick	12781	12781:19531:48	Master Sergeant Biggins	43	19062	Warsong Gulch Field Ration	1000	5	-1	1	0	0	0							2026-09-01 01:03:43
Dawnrise	Season 10 Freepick	12781	12781:19531:48	Master Sergeant Biggins	44	19061	Warsong Gulch Iron Ration	1500	5	-1	1	0	0	0							2026-09-01 01:03:43
Dawnrise	Season 10 Freepick	12781	12781:19531:48	Master Sergeant Biggins	45	19067	Warsong Gulch Mageweave Bandage	1500	5	-1		0	0	0							2026-09-01 01:03:43
Dawnrise	Season 10 Freepick	12781	12781:19531:48	Master Sergeant Biggins	46	19066	Warsong Gulch Runecloth Bandage	2000	5	-1		0	0	0							2026-09-01 01:03:43
Dawnrise	Season 10 Freepick	12781	12781:19531:48	Master Sergeant Biggins	47	19068	Warsong Gulch Silk Bandage	1000	5	-1		0	0	0							2026-09-01 01:03:43
Dawnrise	Season 10 Freepick	12781	12781:19531:48	Master Sergeant Biggins	48	19506	Silverwing Battle Tabard	0	1	-1	1	1	12000	0							2026-09-01 01:03:43
Dawnrise	Season 10 Freepick	12781	12781:20088:54	Master Sergeant Biggins	1	20088	Highlander's Chain Girdle	0	1	-1	1	1	5400	0							2026-09-01 01:03:47
Dawnrise	Season 10 Freepick	12781	12781:20088:54	Master Sergeant Biggins	2	20089	Highlander's Chain Girdle	0	1	-1	1	1	1600	0							2026-09-01 01:03:47
Dawnrise	Season 10 Freepick	12781	12781:20088:54	Master Sergeant Biggins	3	20097	Highlander's Cloth Girdle	0	1	-1	1	1	5400	0							2026-09-01 01:03:47
Dawnrise	Season 10 Freepick	12781	12781:20088:54	Master Sergeant Biggins	4	20098	Highlander's Cloth Girdle	0	1	-1	1	1	1600	0							2026-09-01 01:03:47
Dawnrise	Season 10 Freepick	12781	12781:20088:54	Master Sergeant Biggins	5	20099	Highlander's Cloth Girdle	0	1	-1	1	1	1200	0							2026-09-01 01:03:47
Dawnrise	Season 10 Freepick	12781	12781:20088:54	Master Sergeant Biggins	6	20106	Highlander's Lamellar Girdle	0	1	-1	1	1	5400	0							2026-09-01 01:03:47
Dawnrise	Season 10 Freepick	12781	12781:20088:54	Master Sergeant Biggins	7	20107	Highlander's Lamellar Girdle	0	1	-1	1	1	1600	0							2026-09-01 01:03:47
Dawnrise	Season 10 Freepick	12781	12781:20088:54	Master Sergeant Biggins	8	20108	Highlander's Lamellar Girdle	0	1	-1	1	1	1200	0							2026-09-01 01:03:47
Dawnrise	Season 10 Freepick	12781	12781:20088:54	Master Sergeant Biggins	9	20115	Highlander's Leather Girdle	0	1	-1	1	1	5400	0							2026-09-01 01:03:47
Dawnrise	Season 10 Freepick	12781	12781:20088:54	Master Sergeant Biggins	10	20116	Highlander's Leather Girdle	0	1	-1	1	1	1600	0							2026-09-01 01:03:47
Dawnrise	Season 10 Freepick	12781	12781:20088:54	Master Sergeant Biggins	11	20117	Highlander's Leather Girdle	0	1	-1	1	1	1200	0							2026-09-01 01:03:47
Dawnrise	Season 10 Freepick	12781	12781:20088:54	Master Sergeant Biggins	12	20103	Highlander's Lizardhide Girdle	0	1	-1	1	1	5400	0							2026-09-01 01:03:47
Dawnrise	Season 10 Freepick	12781	12781:20088:54	Master Sergeant Biggins	13	20104	Highlander's Lizardhide Girdle	0	1	-1	1	1	1600	0							2026-09-01 01:03:47
Dawnrise	Season 10 Freepick	12781	12781:20088:54	Master Sergeant Biggins	14	20105	Highlander's Lizardhide Girdle	0	1	-1	1	1	1200	0							2026-09-01 01:03:47
Dawnrise	Season 10 Freepick	12781	12781:20088:54	Master Sergeant Biggins	15	20118	Highlander's Mail Girdle	0	1	-1	1	1	5400	0							2026-09-01 01:03:47
Dawnrise	Season 10 Freepick	12781	12781:20088:54	Master Sergeant Biggins	16	20119	Highlander's Mail Girdle	0	1	-1	1	1	1600	0							2026-09-01 01:03:47
Dawnrise	Season 10 Freepick	12781	12781:20088:54	Master Sergeant Biggins	17	20120	Highlander's Mail Girdle	0	1	-1	1	1	1200	0							2026-09-01 01:03:47
Dawnrise	Season 10 Freepick	12781	12781:20088:54	Master Sergeant Biggins	18	20126	Highlander's Mail Girdle	0	1	-1	1	1	1200	0							2026-09-01 01:03:47
Dawnrise	Season 10 Freepick	12781	12781:20088:54	Master Sergeant Biggins	19	20090	Highlander's Padded Girdle	0	1	-1	1	1	1200	0							2026-09-01 01:03:47
Dawnrise	Season 10 Freepick	12781	12781:20088:54	Master Sergeant Biggins	20	20124	Highlander's Plate Girdle	0	1	-1	1	1	5400	0							2026-09-01 01:03:47
Dawnrise	Season 10 Freepick	12781	12781:20088:54	Master Sergeant Biggins	21	20125	Highlander's Plate Girdle	0	1	-1	1	1	1600	0							2026-09-01 01:03:47
Dawnrise	Season 10 Freepick	12781	12781:20088:54	Master Sergeant Biggins	22	20091	Highlander's Chain Greaves	0	1	-1	1	1	5400	0							2026-09-01 01:03:47
Dawnrise	Season 10 Freepick	12781	12781:20088:54	Master Sergeant Biggins	23	20092	Highlander's Chain Greaves	0	1	-1	1	1	1600	0							2026-09-01 01:03:47
Dawnrise	Season 10 Freepick	12781	12781:20088:54	Master Sergeant Biggins	24	20094	Highlander's Cloth Boots	0	1	-1	1	1	5400	0							2026-09-01 01:03:47
Dawnrise	Season 10 Freepick	12781	12781:20088:54	Master Sergeant Biggins	25	20095	Highlander's Cloth Boots	0	1	-1	1	1	1600	0							2026-09-01 01:03:47
Dawnrise	Season 10 Freepick	12781	12781:20088:54	Master Sergeant Biggins	26	20096	Highlander's Cloth Boots	0	1	-1	1	1	1200	0							2026-09-01 01:03:47
Dawnrise	Season 10 Freepick	12781	12781:20088:54	Master Sergeant Biggins	27	20109	Highlander's Lamellar Greaves	0	1	-1	1	1	5400	0							2026-09-01 01:03:47
Dawnrise	Season 10 Freepick	12781	12781:20088:54	Master Sergeant Biggins	28	20110	Highlander's Lamellar Greaves	0	1	-1	1	1	1600	0							2026-09-01 01:03:47
Dawnrise	Season 10 Freepick	12781	12781:20088:54	Master Sergeant Biggins	29	20111	Highlander's Lamellar Greaves	0	1	-1	1	1	1200	0							2026-09-01 01:03:47
Dawnrise	Season 10 Freepick	12781	12781:20088:54	Master Sergeant Biggins	30	20112	Highlander's Leather Boots	0	1	-1	1	1	5400	0							2026-09-01 01:03:47
Dawnrise	Season 10 Freepick	12781	12781:20088:54	Master Sergeant Biggins	31	20113	Highlander's Leather Boots	0	1	-1	1	1	1600	0							2026-09-01 01:03:47
Dawnrise	Season 10 Freepick	12781	12781:20088:54	Master Sergeant Biggins	32	20114	Highlander's Leather Boots	0	1	-1	1	1	1200	0							2026-09-01 01:03:47
Dawnrise	Season 10 Freepick	12781	12781:20088:54	Master Sergeant Biggins	33	20100	Highlander's Lizardhide Boots	0	1	-1	1	1	5400	0							2026-09-01 01:03:47
Dawnrise	Season 10 Freepick	12781	12781:20088:54	Master Sergeant Biggins	34	20101	Highlander's Lizardhide Boots	0	1	-1	1	1	1600	0							2026-09-01 01:03:47
Dawnrise	Season 10 Freepick	12781	12781:20088:54	Master Sergeant Biggins	35	20102	Highlander's Lizardhide Boots	0	1	-1	1	1	1200	0							2026-09-01 01:03:47
Dawnrise	Season 10 Freepick	12781	12781:20088:54	Master Sergeant Biggins	36	20121	Highlander's Mail Greaves	0	1	-1	1	1	5400	0							2026-09-01 01:03:47
Dawnrise	Season 10 Freepick	12781	12781:20088:54	Master Sergeant Biggins	37	20122	Highlander's Mail Greaves	0	1	-1	1	1	1600	0							2026-09-01 01:03:47
Dawnrise	Season 10 Freepick	12781	12781:20088:54	Master Sergeant Biggins	38	20123	Highlander's Mail Greaves	0	1	-1	1	1	1200	0							2026-09-01 01:03:47
Dawnrise	Season 10 Freepick	12781	12781:20088:54	Master Sergeant Biggins	39	20129	Highlander's Mail Greaves	0	1	-1	1	1	1200	0							2026-09-01 01:03:47
Dawnrise	Season 10 Freepick	12781	12781:20088:54	Master Sergeant Biggins	40	20093	Highlander's Padded Greaves	0	1	-1	1	1	1200	0							2026-09-01 01:03:47
Dawnrise	Season 10 Freepick	12781	12781:20088:54	Master Sergeant Biggins	41	20127	Highlander's Plate Greaves	0	1	-1	1	1	5400	0							2026-09-01 01:03:47
Dawnrise	Season 10 Freepick	12781	12781:20088:54	Master Sergeant Biggins	42	20128	Highlander's Plate Greaves	0	1	-1	1	1	1600	0							2026-09-01 01:03:47
Dawnrise	Season 10 Freepick	12781	12781:20088:54	Master Sergeant Biggins	43	21117	Talisman of Arathor	0	1	-1	1	1	5400	0							2026-09-01 01:03:47
Dawnrise	Season 10 Freepick	12781	12781:20088:54	Master Sergeant Biggins	44	21118	Talisman of Arathor	0	1	-1	1	1	1600	0							2026-09-01 01:03:47
Dawnrise	Season 10 Freepick	12781	12781:20088:54	Master Sergeant Biggins	45	21119	Talisman of Arathor	0	1	-1	1	1	1200	0							2026-09-01 01:03:47
Dawnrise	Season 10 Freepick	12781	12781:20088:54	Master Sergeant Biggins	46	20225	Highlander's Enriched Ration	2000	5	-1	1	0	0	0							2026-09-01 01:03:47
Dawnrise	Season 10 Freepick	12781	12781:20088:54	Master Sergeant Biggins	47	20226	Highlander's Field Ration	1000	5	-1	1	0	0	0							2026-09-01 01:03:47
Dawnrise	Season 10 Freepick	12781	12781:20088:54	Master Sergeant Biggins	48	20227	Highlander's Iron Ration	1500	5	-1	1	0	0	0							2026-09-01 01:03:47
Dawnrise	Season 10 Freepick	12781	12781:20088:54	Master Sergeant Biggins	49	20237	Highlander's Mageweave Bandage	1500	5	-1		0	0	0							2026-09-01 01:03:47
Dawnrise	Season 10 Freepick	12781	12781:20088:54	Master Sergeant Biggins	50	20243	Highlander's Runecloth Bandage	2000	5	-1		0	0	0							2026-09-01 01:03:47
Dawnrise	Season 10 Freepick	12781	12781:20088:54	Master Sergeant Biggins	51	20244	Highlander's Silk Bandage	1000	5	-1		0	0	0							2026-09-01 01:03:47
Dawnrise	Season 10 Freepick	12781	12781:20088:54	Master Sergeant Biggins	52	17349	Superior Healing Draught	1100	1	-1	1	1	1	0							2026-09-01 01:03:47
Dawnrise	Season 10 Freepick	12781	12781:20088:54	Master Sergeant Biggins	53	17352	Superior Mana Draught	1100	1	-1	1	1	1	0							2026-09-01 01:03:47
Dawnrise	Season 10 Freepick	12781	12781:20088:54	Master Sergeant Biggins	54	20132	Arathor Battle Tabard	0	1	-1	1	1	12000	0							2026-09-01 01:03:47
Dawnrise	Season 10 Freepick	12781	12781:53870:34	Master Sergeant Biggins	1	53870	Stormpike Guard Commendation Badge	0	1	-1	1	1	2500	0							2026-09-01 01:03:49
Dawnrise	Season 10 Freepick	12781	12781:53870:34	Master Sergeant Biggins	2	19094	Stormpike Cloth Girdle	0	1	-1	1	1	3000	0							2026-09-01 01:03:49
Dawnrise	Season 10 Freepick	12781	12781:53870:34	Master Sergeant Biggins	3	19093	Stormpike Leather Girdle	0	1	-1	1	1	3000	0							2026-09-01 01:03:49
Dawnrise	Season 10 Freepick	12781	12781:53870:34	Master Sergeant Biggins	4	19092	Stormpike Mail Girdle	0	1	-1	1	1	3000	0							2026-09-01 01:03:49
Dawnrise	Season 10 Freepick	12781	12781:53870:34	Master Sergeant Biggins	5	19091	Stormpike Plate Girdle	0	1	-1	1	1	3000	0							2026-09-01 01:03:49
Dawnrise	Season 10 Freepick	12781	12781:53870:34	Master Sergeant Biggins	6	19086	Stormpike Sage's Cloak	0	1	-1	1	1	1600	0							2026-09-01 01:03:49
Dawnrise	Season 10 Freepick	12781	12781:53870:34	Master Sergeant Biggins	7	19084	Stormpike Soldier's Cloak	0	1	-1	1	1	1600	0							2026-09-01 01:03:49
Dawnrise	Season 10 Freepick	12781	12781:53870:34	Master Sergeant Biggins	8	19098	Stormpike Sage's Pendant	0	1	-1	1	1	1600	0							2026-09-01 01:03:49
Dawnrise	Season 10 Freepick	12781	12781:53870:34	Master Sergeant Biggins	9	19097	Stormpike Soldier's Pendant	0	1	-1	1	1	1600	0							2026-09-01 01:03:49
Dawnrise	Season 10 Freepick	12781	12781:53870:34	Master Sergeant Biggins	10	19325	Don Julio's Band	0	1	-1	1	1	2400	0							2026-09-01 01:03:49
Dawnrise	Season 10 Freepick	12781	12781:53870:34	Master Sergeant Biggins	11	21563	Don Rodrigo's Band	0	1	-1	1	1	2400	0							2026-09-01 01:03:49
Dawnrise	Season 10 Freepick	12781	12781:53870:34	Master Sergeant Biggins	12	19102	Crackling Staff	0	1	-1	1	1	7200	0							2026-09-01 01:03:49
Dawnrise	Season 10 Freepick	12781	12781:53870:34	Master Sergeant Biggins	13	19323	The Unstoppable Force	0	1	-1	1	1	7200	0							2026-09-01 01:03:49
Dawnrise	Season 10 Freepick	12781	12781:53870:34	Master Sergeant Biggins	14	19100	Electrified Dagger	0	1	-1	1	1	3600	0							2026-09-01 01:03:49
Dawnrise	Season 10 Freepick	12781	12781:53870:34	Master Sergeant Biggins	15	19104	Stormstrike Hammer	0	1	-1	1	1	3600	0							2026-09-01 01:03:49
Dawnrise	Season 10 Freepick	12781	12781:53870:34	Master Sergeant Biggins	16	19324	The Lobotomizer	0	1	-1	1	1	3600	0							2026-09-01 01:03:49
Dawnrise	Season 10 Freepick	12781	12781:53870:34	Master Sergeant Biggins	17	19321	The Immovable Object	0	1	-1	1	1	3600	0							2026-09-01 01:03:49
Dawnrise	Season 10 Freepick	12781	12781:53870:34	Master Sergeant Biggins	18	19312	Lei of the Lifegiver	0	1	-1	1	1	3600	0							2026-09-01 01:03:49
Dawnrise	Season 10 Freepick	12781	12781:53870:34	Master Sergeant Biggins	19	19315	Therazane's Touch	0	1	-1	1	1	3600	0							2026-09-01 01:03:49
Dawnrise	Season 10 Freepick	12781	12781:53870:34	Master Sergeant Biggins	20	19308	Tome of Arcane Domination	0	1	-1	1	1	3600	0							2026-09-01 01:03:49
Dawnrise	Season 10 Freepick	12781	12781:53870:34	Master Sergeant Biggins	21	19311	Tome of Fiery Arcana	0	1	-1	1	1	3600	0							2026-09-01 01:03:49
Dawnrise	Season 10 Freepick	12781	12781:53870:34	Master Sergeant Biggins	22	19309	Tome of Shadow Force	0	1	-1	1	1	3600	0							2026-09-01 01:03:49
Dawnrise	Season 10 Freepick	12781	12781:53870:34	Master Sergeant Biggins	23	19310	Tome of the Ice Lord	0	1	-1	1	1	3600	0							2026-09-01 01:03:49
Dawnrise	Season 10 Freepick	12781	12781:53870:34	Master Sergeant Biggins	24	19307	Alterac Heavy Runecloth Bandage	8000	20	-1		0	0	0							2026-09-01 01:03:49
Dawnrise	Season 10 Freepick	12781	12781:53870:34	Master Sergeant Biggins	25	212374	Bottled Alterac Spring Water	5000	5	-1	1	0	0	0							2026-09-01 01:03:49
Dawnrise	Season 10 Freepick	12781	12781:53870:34	Master Sergeant Biggins	26	17348	Major Healing Draught	1500	1	-1	1	1	8	0							2026-09-01 01:03:49
Dawnrise	Season 10 Freepick	12781	12781:53870:34	Master Sergeant Biggins	27	17351	Major Mana Draught	1500	1	-1	1	1	8	0							2026-09-01 01:03:49
Dawnrise	Season 10 Freepick	12781	12781:53870:34	Master Sergeant Biggins	28	19030	Stormpike Battle Charger	0	1	-1	1	1	50000	0							2026-09-01 01:03:49
Dawnrise	Season 10 Freepick	12781	12781:53870:34	Master Sergeant Biggins	29	19045	Stormpike Battle Standard	0	1	-1	1	1	15000	0							2026-09-01 01:03:49
Dawnrise	Season 10 Freepick	12781	12781:53870:34	Master Sergeant Biggins	30	17349	Superior Healing Draught	1100	1	-1	1	1	1	0							2026-09-01 01:03:49
Dawnrise	Season 10 Freepick	12781	12781:53870:34	Master Sergeant Biggins	31	17352	Superior Mana Draught	1100	1	-1	1	1	1	0							2026-09-01 01:03:49
Dawnrise	Season 10 Freepick	12781	12781:53870:34	Master Sergeant Biggins	32	19320	Gnoll Skin Bandolier	0	1	-1	1	1	1600	0							2026-09-01 01:03:49
Dawnrise	Season 10 Freepick	12781	12781:53870:34	Master Sergeant Biggins	33	19319	Harpy Hide Quiver	0	1	-1	1	1	1600	0							2026-09-01 01:03:49
Dawnrise	Season 10 Freepick	12781	12781:53870:34	Master Sergeant Biggins	34	19032	Stormpike Battle Tabard	0	1	-1	1	1	15000	0							2026-09-01 01:03:49
Dawnrise	Season 10 Freepick	12783	12783:29465:5	Lieutenant Karter	1	29465	Black Battlestrider	0	1	-1	1	1	30000	0							2026-09-01 01:03:11
Dawnrise	Season 10 Freepick	12783	12783:29465:5	Lieutenant Karter	2	29467	Black War Ram	0	1	-1	1	1	30000	0							2026-09-01 01:03:11
Dawnrise	Season 10 Freepick	12783	12783:29465:5	Lieutenant Karter	3	29468	Black War Steed Bridle	0	1	-1	1	1	30000	0							2026-09-01 01:03:11
Dawnrise	Season 10 Freepick	12783	12783:29465:5	Lieutenant Karter	4	29471	Reins of the Black War Tiger	0	1	-1	1	1	30000	0							2026-09-01 01:03:11
Dawnrise	Season 10 Freepick	12783	12783:29465:5	Lieutenant Karter	5	35906	Reins of the Black War Elekk	0	1	-1	1	1	30000	0							2026-09-01 01:03:11
Dawnrise	Season 10 Freepick	12785	12785:18448:34	Sergeant Major Clate	1	18448	Sergeant Major's Chain Armguards	0	1	-1	1	1	3000	0							2026-09-01 01:03:18
Dawnrise	Season 10 Freepick	12785	12785:18448:34	Sergeant Major Clate	2	18449	Sergeant Major's Chain Armguards	0	1	-1	1	1	1000	0							2026-09-01 01:03:18
Dawnrise	Season 10 Freepick	12785	12785:18448:34	Sergeant Major Clate	3	18454	Sergeant Major's Dragonhide Armsplints	0	1	-1	1	1	3000	0							2026-09-01 01:03:18
Dawnrise	Season 10 Freepick	12785	12785:18448:34	Sergeant Major Clate	4	18455	Sergeant Major's Dragonhide Armsplints	0	1	-1	1	1	1000	0							2026-09-01 01:03:18
Dawnrise	Season 10 Freepick	12785	12785:18448:34	Sergeant Major Clate	5	18452	Sergeant Major's Leather Armsplints	0	1	-1	1	1	3000	0							2026-09-01 01:03:18
Dawnrise	Season 10 Freepick	12785	12785:18448:34	Sergeant Major Clate	6	18453	Sergeant Major's Leather Armsplints	0	1	-1	1	1	1000	0							2026-09-01 01:03:18
Dawnrise	Season 10 Freepick	12785	12785:18448:34	Sergeant Major Clate	7	18445	Sergeant Major's Plate Wristguards	0	1	-1	1	1	3000	0							2026-09-01 01:03:18
Dawnrise	Season 10 Freepick	12785	12785:18448:34	Sergeant Major Clate	8	18447	Sergeant Major's Plate Wristguards	0	1	-1	1	1	1000	0							2026-09-01 01:03:18
Dawnrise	Season 10 Freepick	12785	12785:18448:34	Sergeant Major Clate	9	18456	Sergeant Major's Silk Cuffs	0	1	-1	1	1	3000	0							2026-09-01 01:03:18
Dawnrise	Season 10 Freepick	12785	12785:18448:34	Sergeant Major Clate	10	18457	Sergeant Major's Silk Cuffs	0	1	-1	1	1	1000	0							2026-09-01 01:03:18
Dawnrise	Season 10 Freepick	12785	12785:18448:34	Sergeant Major Clate	11	16342	Sergeant's Cape	0	1	-1	1	1	3000	0							2026-09-01 01:03:18
Dawnrise	Season 10 Freepick	12785	12785:18448:34	Sergeant Major Clate	12	18440	Sergeant's Cape	0	1	-1	1	1	500	0							2026-09-01 01:03:18
Dawnrise	Season 10 Freepick	12785	12785:18448:34	Sergeant Major Clate	13	18441	Sergeant's Cape	0	1	-1	1	1	1000	0							2026-09-01 01:03:18
Dawnrise	Season 10 Freepick	12785	12785:18448:34	Sergeant Major Clate	14	18442	Master Sergeant's Insignia	0	1	-1	1	1	500	0							2026-09-01 01:03:18
Dawnrise	Season 10 Freepick	12785	12785:18448:34	Sergeant Major Clate	15	18443	Master Sergeant's Insignia	0	1	-1	1	1	3000	0							2026-09-01 01:03:18
Dawnrise	Season 10 Freepick	12785	12785:18448:34	Sergeant Major Clate	16	18444	Master Sergeant's Insignia	0	1	-1	1	1	1000	0							2026-09-01 01:03:18
Dawnrise	Season 10 Freepick	12785	12785:18448:34	Sergeant Major Clate	17	18863	Insignia of the Alliance	5000	1	-1	1	0	0	0							2026-09-01 01:03:18
Dawnrise	Season 10 Freepick	12785	12785:18448:34	Sergeant Major Clate	18	18864	Insignia of the Alliance	200000	1	-1	1	0	0	0							2026-09-01 01:03:18
Dawnrise	Season 10 Freepick	12785	12785:18448:34	Sergeant Major Clate	19	383082	Ability Purge	0	1	-1	1	1	12000	0							2026-09-01 01:03:18
Dawnrise	Season 10 Freepick	12785	12785:18448:34	Sergeant Major Clate	20	18606	Alliance Battle Standard	0	1	-1	1	1	15300	0							2026-09-01 01:03:18
Dawnrise	Season 10 Freepick	12785	12785:18448:34	Sergeant Major Clate	21	1235070	Bloody Mark of War	0	1	-1	1	1	1000	0							2026-09-01 01:03:18
Dawnrise	Season 10 Freepick	12785	12785:18448:34	Sergeant Major Clate	22	18839	Combat Healing Potion	1100	1	-1	1	1	1	0							2026-09-01 01:03:18
Dawnrise	Season 10 Freepick	12785	12785:18448:34	Sergeant Major Clate	23	18841	Combat Mana Potion	1100	1	-1	1	1	1	0							2026-09-01 01:03:18
Dawnrise	Season 10 Freepick	12785	12785:18448:34	Sergeant Major Clate	24	45706	Commendation of Bravery	0	1	-1	1	1	0	100							2026-09-01 01:03:18
Dawnrise	Season 10 Freepick	12785	12785:18448:34	Sergeant Major Clate	25	449571	Lesser Inscription of the Battle Mage	0	1	-1	1	1	20000	0							2026-09-01 01:03:18
Dawnrise	Season 10 Freepick	12785	12785:18448:34	Sergeant Major Clate	26	449570	Lesser Inscription of the Gladiator	0	1	-1	1	1	20000	0							2026-09-01 01:03:18
Dawnrise	Season 10 Freepick	12785	12785:18448:34	Sergeant Major Clate	27	18675	Military Ranks of the Horde & Alliance	100	1	-1	1	0	0	0							2026-09-01 01:03:18
Dawnrise	Season 10 Freepick	12785	12785:18448:34	Sergeant Major Clate	28	1101243	Scroll of Talent Unlearning	0	1	-1	1	1	2400	0							2026-09-01 01:03:18
Dawnrise	Season 10 Freepick	12785	12785:18448:34	Sergeant Major Clate	29	32455	Star's Lament	6000	5	-1	1	0	0	0							2026-09-01 01:03:18
Dawnrise	Season 10 Freepick	12785	12785:18448:34	Sergeant Major Clate	30	383083	Talent Purge	0	1	-1	1	1	6000	0							2026-09-01 01:03:18
Dawnrise	Season 10 Freepick	12785	12785:18448:34	Sergeant Major Clate	31	106954	Tome of Specialization II	0	1	-1	1	1	68200	0							2026-09-01 01:03:18
Dawnrise	Season 10 Freepick	12785	12785:18448:34	Sergeant Major Clate	32	97730	Worldforged Key Fragment	0	1	-1	1	1	10000	0							2026-09-01 01:03:18
Dawnrise	Season 10 Freepick	12785	12785:18448:34	Sergeant Major Clate	33	15198	Knight's Colors	0	1	-1	1	1	20000	0							2026-09-01 01:03:18
Dawnrise	Season 10 Freepick	12785	12785:18448:34	Sergeant Major Clate	34	15196	Private's Tabard	0	1	-1	1	1	15000	0							2026-09-01 01:03:18
Dawnrise	Season 10 Freepick	12785	12785:20088:79	Sergeant Major Clate	1	20088	Highlander's Chain Girdle	0	1	-1	1	1	5400	0							2026-09-01 01:03:25
Dawnrise	Season 10 Freepick	12785	12785:20088:79	Sergeant Major Clate	2	20089	Highlander's Chain Girdle	0	1	-1	1	1	1600	0							2026-09-01 01:03:25
Dawnrise	Season 10 Freepick	12785	12785:20088:79	Sergeant Major Clate	3	20097	Highlander's Cloth Girdle	0	1	-1	1	1	5400	0							2026-09-01 01:03:25
Dawnrise	Season 10 Freepick	12785	12785:20088:79	Sergeant Major Clate	4	20098	Highlander's Cloth Girdle	0	1	-1	1	1	1600	0							2026-09-01 01:03:25
Dawnrise	Season 10 Freepick	12785	12785:20088:79	Sergeant Major Clate	5	20099	Highlander's Cloth Girdle	0	1	-1	1	1	1200	0							2026-09-01 01:03:25
Dawnrise	Season 10 Freepick	12785	12785:20088:79	Sergeant Major Clate	6	20106	Highlander's Lamellar Girdle	0	1	-1	1	1	5400	0							2026-09-01 01:03:25
Dawnrise	Season 10 Freepick	12785	12785:20088:79	Sergeant Major Clate	7	20107	Highlander's Lamellar Girdle	0	1	-1	1	1	1600	0							2026-09-01 01:03:25
Dawnrise	Season 10 Freepick	12785	12785:20088:79	Sergeant Major Clate	8	20108	Highlander's Lamellar Girdle	0	1	-1	1	1	1200	0							2026-09-01 01:03:25
Dawnrise	Season 10 Freepick	12785	12785:20088:79	Sergeant Major Clate	9	20115	Highlander's Leather Girdle	0	1	-1	1	1	5400	0							2026-09-01 01:03:25
Dawnrise	Season 10 Freepick	12785	12785:20088:79	Sergeant Major Clate	10	20116	Highlander's Leather Girdle	0	1	-1	1	1	1600	0							2026-09-01 01:03:25
Dawnrise	Season 10 Freepick	12785	12785:20088:79	Sergeant Major Clate	11	20117	Highlander's Leather Girdle	0	1	-1	1	1	1200	0							2026-09-01 01:03:25
Dawnrise	Season 10 Freepick	12785	12785:20088:79	Sergeant Major Clate	12	20103	Highlander's Lizardhide Girdle	0	1	-1	1	1	5400	0							2026-09-01 01:03:25
Dawnrise	Season 10 Freepick	12785	12785:20088:79	Sergeant Major Clate	13	20104	Highlander's Lizardhide Girdle	0	1	-1	1	1	1600	0							2026-09-01 01:03:25
Dawnrise	Season 10 Freepick	12785	12785:20088:79	Sergeant Major Clate	14	20105	Highlander's Lizardhide Girdle	0	1	-1	1	1	1200	0							2026-09-01 01:03:25
Dawnrise	Season 10 Freepick	12785	12785:20088:79	Sergeant Major Clate	15	20118	Highlander's Mail Girdle	0	1	-1	1	1	5400	0							2026-09-01 01:03:25
Dawnrise	Season 10 Freepick	12785	12785:20088:79	Sergeant Major Clate	16	20119	Highlander's Mail Girdle	0	1	-1	1	1	1600	0							2026-09-01 01:03:25
Dawnrise	Season 10 Freepick	12785	12785:20088:79	Sergeant Major Clate	17	20120	Highlander's Mail Girdle	0	1	-1	1	1	1200	0							2026-09-01 01:03:25
Dawnrise	Season 10 Freepick	12785	12785:20088:79	Sergeant Major Clate	18	20126	Highlander's Mail Girdle	0	1	-1	1	1	1200	0							2026-09-01 01:03:25
Dawnrise	Season 10 Freepick	12785	12785:20088:79	Sergeant Major Clate	19	20090	Highlander's Padded Girdle	0	1	-1	1	1	1200	0							2026-09-01 01:03:25
Dawnrise	Season 10 Freepick	12785	12785:20088:79	Sergeant Major Clate	20	20124	Highlander's Plate Girdle	0	1	-1	1	1	5400	0							2026-09-01 01:03:25
Dawnrise	Season 10 Freepick	12785	12785:20088:79	Sergeant Major Clate	21	20125	Highlander's Plate Girdle	0	1	-1	1	1	1600	0							2026-09-01 01:03:25
Dawnrise	Season 10 Freepick	12785	12785:20088:79	Sergeant Major Clate	22	20091	Highlander's Chain Greaves	0	1	-1	1	1	5400	0							2026-09-01 01:03:25
Dawnrise	Season 10 Freepick	12785	12785:20088:79	Sergeant Major Clate	23	20092	Highlander's Chain Greaves	0	1	-1	1	1	1600	0							2026-09-01 01:03:25
Dawnrise	Season 10 Freepick	12785	12785:20088:79	Sergeant Major Clate	24	20094	Highlander's Cloth Boots	0	1	-1	1	1	5400	0							2026-09-01 01:03:25
Dawnrise	Season 10 Freepick	12785	12785:20088:79	Sergeant Major Clate	25	20095	Highlander's Cloth Boots	0	1	-1	1	1	1600	0							2026-09-01 01:03:25
Dawnrise	Season 10 Freepick	12785	12785:20088:79	Sergeant Major Clate	26	20096	Highlander's Cloth Boots	0	1	-1	1	1	1200	0							2026-09-01 01:03:25
Dawnrise	Season 10 Freepick	12785	12785:20088:79	Sergeant Major Clate	27	20109	Highlander's Lamellar Greaves	0	1	-1	1	1	5400	0							2026-09-01 01:03:25
Dawnrise	Season 10 Freepick	12785	12785:20088:79	Sergeant Major Clate	28	20110	Highlander's Lamellar Greaves	0	1	-1	1	1	1600	0							2026-09-01 01:03:25
Dawnrise	Season 10 Freepick	12785	12785:20088:79	Sergeant Major Clate	29	20111	Highlander's Lamellar Greaves	0	1	-1	1	1	1200	0							2026-09-01 01:03:25
Dawnrise	Season 10 Freepick	12785	12785:20088:79	Sergeant Major Clate	30	20112	Highlander's Leather Boots	0	1	-1	1	1	5400	0							2026-09-01 01:03:25
Dawnrise	Season 10 Freepick	12785	12785:20088:79	Sergeant Major Clate	31	20113	Highlander's Leather Boots	0	1	-1	1	1	1600	0							2026-09-01 01:03:25
Dawnrise	Season 10 Freepick	12785	12785:20088:79	Sergeant Major Clate	32	20114	Highlander's Leather Boots	0	1	-1	1	1	1200	0							2026-09-01 01:03:25
Dawnrise	Season 10 Freepick	12785	12785:20088:79	Sergeant Major Clate	33	20100	Highlander's Lizardhide Boots	0	1	-1	1	1	5400	0							2026-09-01 01:03:25
Dawnrise	Season 10 Freepick	12785	12785:20088:79	Sergeant Major Clate	34	20101	Highlander's Lizardhide Boots	0	1	-1	1	1	1600	0							2026-09-01 01:03:25
Dawnrise	Season 10 Freepick	12785	12785:20088:79	Sergeant Major Clate	35	20102	Highlander's Lizardhide Boots	0	1	-1	1	1	1200	0							2026-09-01 01:03:25
Dawnrise	Season 10 Freepick	12785	12785:20088:79	Sergeant Major Clate	36	20121	Highlander's Mail Greaves	0	1	-1	1	1	5400	0							2026-09-01 01:03:25
Dawnrise	Season 10 Freepick	12785	12785:20088:79	Sergeant Major Clate	37	20122	Highlander's Mail Greaves	0	1	-1	1	1	1600	0							2026-09-01 01:03:25
Dawnrise	Season 10 Freepick	12785	12785:20088:79	Sergeant Major Clate	38	20123	Highlander's Mail Greaves	0	1	-1	1	1	1200	0							2026-09-01 01:03:25
Dawnrise	Season 10 Freepick	12785	12785:20088:79	Sergeant Major Clate	39	20129	Highlander's Mail Greaves	0	1	-1	1	1	1200	0							2026-09-01 01:03:25
Dawnrise	Season 10 Freepick	12785	12785:20088:79	Sergeant Major Clate	40	20093	Highlander's Padded Greaves	0	1	-1	1	1	1200	0							2026-09-01 01:03:25
Dawnrise	Season 10 Freepick	12785	12785:20088:79	Sergeant Major Clate	41	20127	Highlander's Plate Greaves	0	1	-1	1	1	5400	0							2026-09-01 01:03:25
Dawnrise	Season 10 Freepick	12785	12785:20088:79	Sergeant Major Clate	42	20128	Highlander's Plate Greaves	0	1	-1	1	1	1600	0							2026-09-01 01:03:25
Dawnrise	Season 10 Freepick	12785	12785:20088:79	Sergeant Major Clate	43	20073	Cloak of the Honor Guard	0	1	-1	1	1	49600	0							2026-09-01 01:03:25
Dawnrise	Season 10 Freepick	12785	12785:20088:79	Sergeant Major Clate	44	20071	Talisman of Arathor	0	1	-1	1	1	18000	0							2026-09-01 01:03:25
Dawnrise	Season 10 Freepick	12785	12785:20088:79	Sergeant Major Clate	45	21117	Talisman of Arathor	0	1	-1	1	1	5400	0							2026-09-01 01:03:25
Dawnrise	Season 10 Freepick	12785	12785:20088:79	Sergeant Major Clate	46	21118	Talisman of Arathor	0	1	-1	1	1	1600	0							2026-09-01 01:03:25
Dawnrise	Season 10 Freepick	12785	12785:20088:79	Sergeant Major Clate	47	21119	Talisman of Arathor	0	1	-1	1	1	1200	0							2026-09-01 01:03:25
Dawnrise	Season 10 Freepick	12785	12785:20088:79	Sergeant Major Clate	48	20220	Ironbark Staff	0	1	-1	1	1	68200	0							2026-09-01 01:03:25
Dawnrise	Season 10 Freepick	12785	12785:20088:79	Sergeant Major Clate	49	20214	Mindfang	0	1	-1	1	1	68200	0							2026-09-01 01:03:25
Dawnrise	Season 10 Freepick	12785	12785:20088:79	Sergeant Major Clate	50	20225	Highlander's Enriched Ration	2000	5	-1	1	0	0	0							2026-09-01 01:03:25
Dawnrise	Season 10 Freepick	12785	12785:20088:79	Sergeant Major Clate	51	20226	Highlander's Field Ration	1000	5	-1	1	0	0	0							2026-09-01 01:03:25
Dawnrise	Season 10 Freepick	12785	12785:20088:79	Sergeant Major Clate	52	20227	Highlander's Iron Ration	1500	5	-1	1	0	0	0							2026-09-01 01:03:25
Dawnrise	Season 10 Freepick	12785	12785:20088:79	Sergeant Major Clate	53	20237	Highlander's Mageweave Bandage	1500	5	-1		0	0	0							2026-09-01 01:03:25
Dawnrise	Season 10 Freepick	12785	12785:20088:79	Sergeant Major Clate	54	20243	Highlander's Runecloth Bandage	2000	5	-1		0	0	0							2026-09-01 01:03:25
Dawnrise	Season 10 Freepick	12785	12785:20088:79	Sergeant Major Clate	55	20244	Highlander's Silk Bandage	1000	5	-1		0	0	0							2026-09-01 01:03:25
Dawnrise	Season 10 Freepick	12785	12785:20088:79	Sergeant Major Clate	56	17349	Superior Healing Draught	1100	1	-1	1	1	1	0							2026-09-01 01:03:25
Dawnrise	Season 10 Freepick	12785	12785:20088:79	Sergeant Major Clate	57	17352	Superior Mana Draught	1100	1	-1	1	1	1	0							2026-09-01 01:03:25
Dawnrise	Season 10 Freepick	12785	12785:20088:79	Sergeant Major Clate	58	20132	Arathor Battle Tabard	0	1	-1	1	1	12000	0							2026-09-01 01:03:25
Dawnrise	Season 10 Freepick	12785	12785:20088:79	Sergeant Major Clate	59	20061	Highlander's Epaulets	0	1	-1	1	1	68200	0							2026-09-01 01:03:25
Dawnrise	Season 10 Freepick	12785	12785:20088:79	Sergeant Major Clate	60	20047	Highlander's Cloth Girdle	0	1	-1	1	1	3000	0							2026-09-01 01:03:25
Dawnrise	Season 10 Freepick	12785	12785:20088:79	Sergeant Major Clate	61	20054	Highlander's Cloth Boots	0	1	-1	1	1	3000	0							2026-09-01 01:03:25
Dawnrise	Season 10 Freepick	12785	12785:20088:79	Sergeant Major Clate	62	20059	Highlander's Leather Shoulders	0	1	-1	1	1	68200	0							2026-09-01 01:03:25
Dawnrise	Season 10 Freepick	12785	12785:20088:79	Sergeant Major Clate	63	20045	Highlander's Leather Girdle	0	1	-1	1	1	3000	0							2026-09-01 01:03:25
Dawnrise	Season 10 Freepick	12785	12785:20088:79	Sergeant Major Clate	64	20052	Highlander's Leather Boots	0	1	-1	1	1	3000	0							2026-09-01 01:03:25
Dawnrise	Season 10 Freepick	12785	12785:20088:79	Sergeant Major Clate	65	20060	Highlander's Lizardhide Shoulders	0	1	-1	1	1	68200	0							2026-09-01 01:03:25
Dawnrise	Season 10 Freepick	12785	12785:20088:79	Sergeant Major Clate	66	20046	Highlander's Lizardhide Girdle	0	1	-1	1	1	3000	0							2026-09-01 01:03:25
Dawnrise	Season 10 Freepick	12785	12785:20088:79	Sergeant Major Clate	67	20053	Highlander's Lizardhide Boots	0	1	-1	1	1	3000	0							2026-09-01 01:03:25
Dawnrise	Season 10 Freepick	12785	12785:20088:79	Sergeant Major Clate	68	20055	Highlander's Chain Pauldrons	0	1	-1	1	1	68200	0							2026-09-01 01:03:25
Dawnrise	Season 10 Freepick	12785	12785:20088:79	Sergeant Major Clate	69	20043	Highlander's Chain Girdle	0	1	-1	1	1	3000	0							2026-09-01 01:03:25
Dawnrise	Season 10 Freepick	12785	12785:20088:79	Sergeant Major Clate	70	20050	Highlander's Chain Greaves	0	1	-1	1	1	3000	0							2026-09-01 01:03:25
Dawnrise	Season 10 Freepick	12785	12785:20088:79	Sergeant Major Clate	71	20056	Highlander's Mail Pauldrons	0	1	-1	1	1	68200	0							2026-09-01 01:03:25
Dawnrise	Season 10 Freepick	12785	12785:20088:79	Sergeant Major Clate	72	20044	Highlander's Mail Girdle	0	1	-1	1	1	3000	0							2026-09-01 01:03:25
Dawnrise	Season 10 Freepick	12785	12785:20088:79	Sergeant Major Clate	73	20051	Highlander's Mail Greaves	0	1	-1	1	1	3000	0							2026-09-01 01:03:25
Dawnrise	Season 10 Freepick	12785	12785:20088:79	Sergeant Major Clate	74	20057	Highlander's Plate Spaulders	0	1	-1	1	1	68200	0							2026-09-01 01:03:25
Dawnrise	Season 10 Freepick	12785	12785:20088:79	Sergeant Major Clate	75	20041	Highlander's Plate Girdle	0	1	-1	1	1	3000	0							2026-09-01 01:03:25
Dawnrise	Season 10 Freepick	12785	12785:20088:79	Sergeant Major Clate	76	20048	Highlander's Plate Greaves	0	1	-1	1	1	3000	0							2026-09-01 01:03:25
Dawnrise	Season 10 Freepick	12785	12785:20088:79	Sergeant Major Clate	77	20058	Highlander's Lamellar Spaulders	0	1	-1	1	1	68200	0							2026-09-01 01:03:25
Dawnrise	Season 10 Freepick	12785	12785:20088:79	Sergeant Major Clate	78	20042	Highlander's Lamellar Girdle	0	1	-1	1	1	3000	0							2026-09-01 01:03:25
Dawnrise	Season 10 Freepick	12785	12785:20088:79	Sergeant Major Clate	79	20049	Highlander's Lamellar Greaves	0	1	-1	1	1	3000	0							2026-09-01 01:03:25
Dawnrise	Season 10 Freepick	12785	12785:22748:68	Sergeant Major Clate	1	22748	Sentinel's Chain Leggings	0	1	-1	1	1	68200	0							2026-09-01 01:03:22
Dawnrise	Season 10 Freepick	12785	12785:22748:68	Sergeant Major Clate	2	22753	Sentinel's Lamellar Legguards	0	1	-1	1	1	68200	0							2026-09-01 01:03:22
Dawnrise	Season 10 Freepick	12785	12785:22748:68	Sergeant Major Clate	3	22749	Sentinel's Leather Pants	0	1	-1	1	1	68200	0							2026-09-01 01:03:22
Dawnrise	Season 10 Freepick	12785	12785:22748:68	Sergeant Major Clate	4	22750	Sentinel's Lizardhide Pants	0	1	-1	1	1	68200	0							2026-09-01 01:03:22
Dawnrise	Season 10 Freepick	12785	12785:22748:68	Sergeant Major Clate	5	30497	Sentinel's Mail Leggings	0	1	-1	1	1	68200	0							2026-09-01 01:03:22
Dawnrise	Season 10 Freepick	12785	12785:22748:68	Sergeant Major Clate	6	22672	Sentinel's Plate Legguards	0	1	-1	1	1	68200	0							2026-09-01 01:03:22
Dawnrise	Season 10 Freepick	12785	12785:22748:68	Sergeant Major Clate	7	22752	Sentinel's Silk Leggings	0	1	-1	1	1	68200	0							2026-09-01 01:03:22
Dawnrise	Season 10 Freepick	12785	12785:22748:68	Sergeant Major Clate	8	212351	Berserker Bracers	0	1	-1	1	1	49600	0							2026-09-01 01:03:22
Dawnrise	Season 10 Freepick	12785	12785:22748:68	Sergeant Major Clate	9	212354	Dryad's Wrist Bindings	0	1	-1	1	1	49600	0							2026-09-01 01:03:22
Dawnrise	Season 10 Freepick	12785	12785:22748:68	Sergeant Major Clate	10	212357	Forest Stalker's Bracers	0	1	-1	1	1	49600	0							2026-09-01 01:03:22
Dawnrise	Season 10 Freepick	12785	12785:22748:68	Sergeant Major Clate	11	212360	Windtalker's Wristguards	0	1	-1	1	1	49600	0							2026-09-01 01:03:22
Dawnrise	Season 10 Freepick	12785	12785:22748:68	Sergeant Major Clate	12	19530	Caretaker's Cape	0	1	-1	1	1	5400	0							2026-09-01 01:03:22
Dawnrise	Season 10 Freepick	12785	12785:22748:68	Sergeant Major Clate	13	19531	Caretaker's Cape	0	1	-1	1	1	1800	0							2026-09-01 01:03:22
Dawnrise	Season 10 Freepick	12785	12785:22748:68	Sergeant Major Clate	14	19532	Caretaker's Cape	0	1	-1	1	1	1600	0							2026-09-01 01:03:22
Dawnrise	Season 10 Freepick	12785	12785:22748:68	Sergeant Major Clate	15	19533	Caretaker's Cape	0	1	-1	1	1	1200	0							2026-09-01 01:03:22
Dawnrise	Season 10 Freepick	12785	12785:22748:68	Sergeant Major Clate	16	20428	Caretaker's Cape	0	1	-1	1	1	750	0							2026-09-01 01:03:22
Dawnrise	Season 10 Freepick	12785	12785:22748:68	Sergeant Major Clate	17	19538	Sentinel's Medallion	0	1	-1	1	1	5400	0							2026-09-01 01:03:22
Dawnrise	Season 10 Freepick	12785	12785:22748:68	Sergeant Major Clate	18	19539	Sentinel's Medallion	0	1	-1	1	1	1800	0							2026-09-01 01:03:22
Dawnrise	Season 10 Freepick	12785	12785:22748:68	Sergeant Major Clate	19	19540	Sentinel's Medallion	0	1	-1	1	1	1600	0							2026-09-01 01:03:22
Dawnrise	Season 10 Freepick	12785	12785:22748:68	Sergeant Major Clate	20	19541	Sentinel's Medallion	0	1	-1	1	1	1200	0							2026-09-01 01:03:22
Dawnrise	Season 10 Freepick	12785	12785:22748:68	Sergeant Major Clate	21	20444	Sentinel's Medallion	0	1	-1	1	1	750	0							2026-09-01 01:03:22
Dawnrise	Season 10 Freepick	12785	12785:22748:68	Sergeant Major Clate	22	19522	Lorekeeper's Ring	0	1	-1	1	1	5400	0							2026-09-01 01:03:22
Dawnrise	Season 10 Freepick	12785	12785:22748:68	Sergeant Major Clate	23	19523	Lorekeeper's Ring	0	1	-1	1	1	1800	0							2026-09-01 01:03:22
Dawnrise	Season 10 Freepick	12785	12785:22748:68	Sergeant Major Clate	24	19524	Lorekeeper's Ring	0	1	-1	1	1	1600	0							2026-09-01 01:03:22
Dawnrise	Season 10 Freepick	12785	12785:22748:68	Sergeant Major Clate	25	19525	Lorekeeper's Ring	0	1	-1	1	1	1200	0							2026-09-01 01:03:22
Dawnrise	Season 10 Freepick	12785	12785:22748:68	Sergeant Major Clate	26	20431	Lorekeeper's Ring	0	1	-1	1	1	750	0							2026-09-01 01:03:22
Dawnrise	Season 10 Freepick	12785	12785:22748:68	Sergeant Major Clate	27	19514	Protector's Band	0	1	-1	1	1	5400	0							2026-09-01 01:03:22
Dawnrise	Season 10 Freepick	12785	12785:22748:68	Sergeant Major Clate	28	19515	Protector's Band	0	1	-1	1	1	1600	0							2026-09-01 01:03:22
Dawnrise	Season 10 Freepick	12785	12785:22748:68	Sergeant Major Clate	29	19516	Protector's Band	0	1	-1	1	1	1800	0							2026-09-01 01:03:22
Dawnrise	Season 10 Freepick	12785	12785:22748:68	Sergeant Major Clate	30	19517	Protector's Band	0	1	-1	1	1	1200	0							2026-09-01 01:03:22
Dawnrise	Season 10 Freepick	12785	12785:22748:68	Sergeant Major Clate	31	20439	Protector's Band	0	1	-1	1	1	750	0							2026-09-01 01:03:22
Dawnrise	Season 10 Freepick	12785	12785:22748:68	Sergeant Major Clate	32	212345	Rune of Duty	0	1	-1	1	1	750	0							2026-09-01 01:03:22
Dawnrise	Season 10 Freepick	12785	12785:22748:68	Sergeant Major Clate	33	212346	Rune of Duty	0	1	-1	1	1	1600	0							2026-09-01 01:03:22
Dawnrise	Season 10 Freepick	12785	12785:22748:68	Sergeant Major Clate	34	212347	Rune of Perfection	0	1	-1	1	1	750	0							2026-09-01 01:03:22
Dawnrise	Season 10 Freepick	12785	12785:22748:68	Sergeant Major Clate	35	212348	Rune of Perfection	0	1	-1	1	1	1600	0							2026-09-01 01:03:22
Dawnrise	Season 10 Freepick	12785	12785:22748:68	Sergeant Major Clate	36	215661	Rune of Perfection	0	1	-1	1	1	6000	0							2026-09-01 01:03:22
Dawnrise	Season 10 Freepick	12785	12785:22748:68	Sergeant Major Clate	37	19570	Lorekeeper's Staff	0	1	-1	1	1	15000	0							2026-09-01 01:03:22
Dawnrise	Season 10 Freepick	12785	12785:22748:68	Sergeant Major Clate	38	19571	Lorekeeper's Staff	0	1	-1	1	1	5400	0							2026-09-01 01:03:22
Dawnrise	Season 10 Freepick	12785	12785:22748:68	Sergeant Major Clate	39	19572	Lorekeeper's Staff	0	1	-1	1	1	4800	0							2026-09-01 01:03:22
Dawnrise	Season 10 Freepick	12785	12785:22748:68	Sergeant Major Clate	40	19573	Lorekeeper's Staff	0	1	-1	1	1	3600	0							2026-09-01 01:03:22
Dawnrise	Season 10 Freepick	12785	12785:22748:68	Sergeant Major Clate	41	20434	Lorekeeper's Staff	0	1	-1	1	1	2250	0							2026-09-01 01:03:22
Dawnrise	Season 10 Freepick	12785	12785:22748:68	Sergeant Major Clate	42	19554	Protector's Sword	0	1	-1	1	1	12000	0							2026-09-01 01:03:22
Dawnrise	Season 10 Freepick	12785	12785:22748:68	Sergeant Major Clate	43	19555	Protector's Sword	0	1	-1	1	1	5400	0							2026-09-01 01:03:22
Dawnrise	Season 10 Freepick	12785	12785:22748:68	Sergeant Major Clate	44	19556	Protector's Sword	0	1	-1	1	1	4800	0							2026-09-01 01:03:22
Dawnrise	Season 10 Freepick	12785	12785:22748:68	Sergeant Major Clate	45	19557	Protector's Sword	0	1	-1	1	1	3600	0							2026-09-01 01:03:22
Dawnrise	Season 10 Freepick	12785	12785:22748:68	Sergeant Major Clate	46	20440	Protector's Sword	0	1	-1	1	1	2250	0							2026-09-01 01:03:22
Dawnrise	Season 10 Freepick	12785	12785:22748:68	Sergeant Major Clate	47	19546	Sentinel's Blade	0	1	-1	1	1	12000	0							2026-09-01 01:03:22
Dawnrise	Season 10 Freepick	12785	12785:22748:68	Sergeant Major Clate	48	19547	Sentinel's Blade	0	1	-1	1	1	5400	0							2026-09-01 01:03:22
Dawnrise	Season 10 Freepick	12785	12785:22748:68	Sergeant Major Clate	49	19548	Sentinel's Blade	0	1	-1	1	1	4800	0							2026-09-01 01:03:22
Dawnrise	Season 10 Freepick	12785	12785:22748:68	Sergeant Major Clate	50	19549	Sentinel's Blade	0	1	-1	1	1	3600	0							2026-09-01 01:03:22
Dawnrise	Season 10 Freepick	12785	12785:22748:68	Sergeant Major Clate	51	20443	Sentinel's Blade	0	1	-1	1	1	2250	0							2026-09-01 01:03:22
Dawnrise	Season 10 Freepick	12785	12785:22748:68	Sergeant Major Clate	52	19562	Outrunner's Bow	0	1	-1	1	1	12000	0							2026-09-01 01:03:22
Dawnrise	Season 10 Freepick	12785	12785:22748:68	Sergeant Major Clate	53	19563	Outrunner's Bow	0	1	-1	1	1	5400	0							2026-09-01 01:03:22
Dawnrise	Season 10 Freepick	12785	12785:22748:68	Sergeant Major Clate	54	19564	Outrunner's Bow	0	1	-1	1	1	4800	0							2026-09-01 01:03:22
Dawnrise	Season 10 Freepick	12785	12785:22748:68	Sergeant Major Clate	55	19565	Outrunner's Bow	0	1	-1	1	1	3600	0							2026-09-01 01:03:22
Dawnrise	Season 10 Freepick	12785	12785:22748:68	Sergeant Major Clate	56	20438	Outrunner's Bow	0	1	-1	1	1	2250	0							2026-09-01 01:03:22
Dawnrise	Season 10 Freepick	12785	12785:22748:68	Sergeant Major Clate	57	17348	Major Healing Draught	1500	1	-1	1	1	8	0							2026-09-01 01:03:22
Dawnrise	Season 10 Freepick	12785	12785:22748:68	Sergeant Major Clate	58	17351	Major Mana Draught	1500	1	-1	1	1	8	0							2026-09-01 01:03:22
Dawnrise	Season 10 Freepick	12785	12785:22748:68	Sergeant Major Clate	59	499987	Reins of the Silverwing Nightsaber	0	1	-1		1	68200	0							2026-09-01 01:03:22
Dawnrise	Season 10 Freepick	12785	12785:22748:68	Sergeant Major Clate	60	17349	Superior Healing Draught	1100	1	-1	1	1	1	0							2026-09-01 01:03:22
Dawnrise	Season 10 Freepick	12785	12785:22748:68	Sergeant Major Clate	61	17352	Superior Mana Draught	1100	1	-1	1	1	1	0							2026-09-01 01:03:22
Dawnrise	Season 10 Freepick	12785	12785:22748:68	Sergeant Major Clate	62	19060	Warsong Gulch Enriched Ration	2000	5	-1	1	0	0	0							2026-09-01 01:03:22
Dawnrise	Season 10 Freepick	12785	12785:22748:68	Sergeant Major Clate	63	19062	Warsong Gulch Field Ration	1000	5	-1	1	0	0	0							2026-09-01 01:03:22
Dawnrise	Season 10 Freepick	12785	12785:22748:68	Sergeant Major Clate	64	19061	Warsong Gulch Iron Ration	1500	5	-1	1	0	0	0							2026-09-01 01:03:22
Dawnrise	Season 10 Freepick	12785	12785:22748:68	Sergeant Major Clate	65	19067	Warsong Gulch Mageweave Bandage	1500	5	-1		0	0	0							2026-09-01 01:03:22
Dawnrise	Season 10 Freepick	12785	12785:22748:68	Sergeant Major Clate	66	19066	Warsong Gulch Runecloth Bandage	2000	5	-1		0	0	0							2026-09-01 01:03:22
Dawnrise	Season 10 Freepick	12785	12785:22748:68	Sergeant Major Clate	67	19068	Warsong Gulch Silk Bandage	1000	5	-1		0	0	0							2026-09-01 01:03:22
Dawnrise	Season 10 Freepick	12785	12785:22748:68	Sergeant Major Clate	68	19506	Silverwing Battle Tabard	0	1	-1	1	1	12000	0							2026-09-01 01:03:22
Dawnrise	Season 10 Freepick	12785	12785:53870:35	Sergeant Major Clate	1	53870	Stormpike Guard Commendation Badge	0	1	-1	1	1	2500	0							2026-09-01 01:03:27
Dawnrise	Season 10 Freepick	12785	12785:53870:35	Sergeant Major Clate	2	19094	Stormpike Cloth Girdle	0	1	-1	1	1	3000	0							2026-09-01 01:03:27
Dawnrise	Season 10 Freepick	12785	12785:53870:35	Sergeant Major Clate	3	19093	Stormpike Leather Girdle	0	1	-1	1	1	3000	0							2026-09-01 01:03:27
Dawnrise	Season 10 Freepick	12785	12785:53870:35	Sergeant Major Clate	4	19092	Stormpike Mail Girdle	0	1	-1	1	1	3000	0							2026-09-01 01:03:27
Dawnrise	Season 10 Freepick	12785	12785:53870:35	Sergeant Major Clate	5	19091	Stormpike Plate Girdle	0	1	-1	1	1	3000	0							2026-09-01 01:03:27
Dawnrise	Season 10 Freepick	12785	12785:53870:35	Sergeant Major Clate	6	19086	Stormpike Sage's Cloak	0	1	-1	1	1	1600	0							2026-09-01 01:03:27
Dawnrise	Season 10 Freepick	12785	12785:53870:35	Sergeant Major Clate	7	19084	Stormpike Soldier's Cloak	0	1	-1	1	1	1600	0							2026-09-01 01:03:27
Dawnrise	Season 10 Freepick	12785	12785:53870:35	Sergeant Major Clate	8	19098	Stormpike Sage's Pendant	0	1	-1	1	1	1600	0							2026-09-01 01:03:27
Dawnrise	Season 10 Freepick	12785	12785:53870:35	Sergeant Major Clate	9	19097	Stormpike Soldier's Pendant	0	1	-1	1	1	1600	0							2026-09-01 01:03:27
Dawnrise	Season 10 Freepick	12785	12785:53870:35	Sergeant Major Clate	10	19325	Don Julio's Band	0	1	-1	1	1	2400	0							2026-09-01 01:03:27
Dawnrise	Season 10 Freepick	12785	12785:53870:35	Sergeant Major Clate	11	21563	Don Rodrigo's Band	0	1	-1	1	1	2400	0							2026-09-01 01:03:27
Dawnrise	Season 10 Freepick	12785	12785:53870:35	Sergeant Major Clate	12	19102	Crackling Staff	0	1	-1	1	1	7200	0							2026-09-01 01:03:27
Dawnrise	Season 10 Freepick	12785	12785:53870:35	Sergeant Major Clate	13	19323	The Unstoppable Force	0	1	-1	1	1	7200	0							2026-09-01 01:03:27
Dawnrise	Season 10 Freepick	12785	12785:53870:35	Sergeant Major Clate	14	19100	Electrified Dagger	0	1	-1	1	1	3600	0							2026-09-01 01:03:27
Dawnrise	Season 10 Freepick	12785	12785:53870:35	Sergeant Major Clate	15	19104	Stormstrike Hammer	0	1	-1	1	1	3600	0							2026-09-01 01:03:27
Dawnrise	Season 10 Freepick	12785	12785:53870:35	Sergeant Major Clate	16	19324	The Lobotomizer	0	1	-1	1	1	3600	0							2026-09-01 01:03:27
Dawnrise	Season 10 Freepick	12785	12785:53870:35	Sergeant Major Clate	17	19321	The Immovable Object	0	1	-1	1	1	3600	0							2026-09-01 01:03:27
Dawnrise	Season 10 Freepick	12785	12785:53870:35	Sergeant Major Clate	18	19312	Lei of the Lifegiver	0	1	-1	1	1	3600	0							2026-09-01 01:03:27
Dawnrise	Season 10 Freepick	12785	12785:53870:35	Sergeant Major Clate	19	19315	Therazane's Touch	0	1	-1	1	1	3600	0							2026-09-01 01:03:27
Dawnrise	Season 10 Freepick	12785	12785:53870:35	Sergeant Major Clate	20	19308	Tome of Arcane Domination	0	1	-1	1	1	3600	0							2026-09-01 01:03:27
Dawnrise	Season 10 Freepick	12785	12785:53870:35	Sergeant Major Clate	21	19311	Tome of Fiery Arcana	0	1	-1	1	1	3600	0							2026-09-01 01:03:27
Dawnrise	Season 10 Freepick	12785	12785:53870:35	Sergeant Major Clate	22	19309	Tome of Shadow Force	0	1	-1	1	1	3600	0							2026-09-01 01:03:27
Dawnrise	Season 10 Freepick	12785	12785:53870:35	Sergeant Major Clate	23	19310	Tome of the Ice Lord	0	1	-1	1	1	3600	0							2026-09-01 01:03:27
Dawnrise	Season 10 Freepick	12785	12785:53870:35	Sergeant Major Clate	24	19307	Alterac Heavy Runecloth Bandage	8000	20	-1		0	0	0							2026-09-01 01:03:27
Dawnrise	Season 10 Freepick	12785	12785:53870:35	Sergeant Major Clate	25	19301	Alterac Manna Biscuit	7000	5	-1	1	0	0	0							2026-09-01 01:03:27
Dawnrise	Season 10 Freepick	12785	12785:53870:35	Sergeant Major Clate	26	212374	Bottled Alterac Spring Water	5000	5	-1	1	0	0	0							2026-09-01 01:03:27
Dawnrise	Season 10 Freepick	12785	12785:53870:35	Sergeant Major Clate	27	17348	Major Healing Draught	1500	1	-1	1	1	8	0							2026-09-01 01:03:27
Dawnrise	Season 10 Freepick	12785	12785:53870:35	Sergeant Major Clate	28	17351	Major Mana Draught	1500	1	-1	1	1	8	0							2026-09-01 01:03:27
Dawnrise	Season 10 Freepick	12785	12785:53870:35	Sergeant Major Clate	29	19030	Stormpike Battle Charger	0	1	-1	1	1	50000	0							2026-09-01 01:03:27
Dawnrise	Season 10 Freepick	12785	12785:53870:35	Sergeant Major Clate	30	19045	Stormpike Battle Standard	0	1	-1	1	1	15000	0							2026-09-01 01:03:27
Dawnrise	Season 10 Freepick	12785	12785:53870:35	Sergeant Major Clate	31	17349	Superior Healing Draught	1100	1	-1	1	1	1	0							2026-09-01 01:03:27
Dawnrise	Season 10 Freepick	12785	12785:53870:35	Sergeant Major Clate	32	17352	Superior Mana Draught	1100	1	-1	1	1	1	0							2026-09-01 01:03:27
Dawnrise	Season 10 Freepick	12785	12785:53870:35	Sergeant Major Clate	33	19320	Gnoll Skin Bandolier	0	1	-1	1	1	1600	0							2026-09-01 01:03:27
Dawnrise	Season 10 Freepick	12785	12785:53870:35	Sergeant Major Clate	34	19319	Harpy Hide Quiver	0	1	-1	1	1	1600	0							2026-09-01 01:03:27
Dawnrise	Season 10 Freepick	12785	12785:53870:35	Sergeant Major Clate	35	19032	Stormpike Battle Tabard	0	1	-1	1	1	15000	0							2026-09-01 01:03:27
Dawnrise	Season 10 Freepick	13216	13216:53870:35	Gaelden Hammersmith	1	53870	Stormpike Guard Commendation Badge	0	1	-1	1	1	2500	0							2026-09-01 01:04:02
Dawnrise	Season 10 Freepick	13216	13216:53870:35	Gaelden Hammersmith	2	19094	Stormpike Cloth Girdle	0	1	-1	1	1	3000	0							2026-09-01 01:04:02
Dawnrise	Season 10 Freepick	13216	13216:53870:35	Gaelden Hammersmith	3	19093	Stormpike Leather Girdle	0	1	-1	1	1	3000	0							2026-09-01 01:04:02
Dawnrise	Season 10 Freepick	13216	13216:53870:35	Gaelden Hammersmith	4	19092	Stormpike Mail Girdle	0	1	-1	1	1	3000	0							2026-09-01 01:04:02
Dawnrise	Season 10 Freepick	13216	13216:53870:35	Gaelden Hammersmith	5	19091	Stormpike Plate Girdle	0	1	-1	1	1	3000	0							2026-09-01 01:04:02
Dawnrise	Season 10 Freepick	13216	13216:53870:35	Gaelden Hammersmith	6	19086	Stormpike Sage's Cloak	0	1	-1	1	1	1600	0							2026-09-01 01:04:02
Dawnrise	Season 10 Freepick	13216	13216:53870:35	Gaelden Hammersmith	7	19084	Stormpike Soldier's Cloak	0	1	-1	1	1	1600	0							2026-09-01 01:04:02
Dawnrise	Season 10 Freepick	13216	13216:53870:35	Gaelden Hammersmith	8	19098	Stormpike Sage's Pendant	0	1	-1	1	1	1600	0							2026-09-01 01:04:02
Dawnrise	Season 10 Freepick	13216	13216:53870:35	Gaelden Hammersmith	9	19097	Stormpike Soldier's Pendant	0	1	-1	1	1	1600	0							2026-09-01 01:04:02
Dawnrise	Season 10 Freepick	13216	13216:53870:35	Gaelden Hammersmith	10	19325	Don Julio's Band	0	1	-1	1	1	2400	0							2026-09-01 01:04:02
Dawnrise	Season 10 Freepick	13216	13216:53870:35	Gaelden Hammersmith	11	21563	Don Rodrigo's Band	0	1	-1	1	1	2400	0							2026-09-01 01:04:02
Dawnrise	Season 10 Freepick	13216	13216:53870:35	Gaelden Hammersmith	12	19102	Crackling Staff	0	1	-1	1	1	7200	0							2026-09-01 01:04:02
Dawnrise	Season 10 Freepick	13216	13216:53870:35	Gaelden Hammersmith	13	19323	The Unstoppable Force	0	1	-1	1	1	7200	0							2026-09-01 01:04:02
Dawnrise	Season 10 Freepick	13216	13216:53870:35	Gaelden Hammersmith	14	19100	Electrified Dagger	0	1	-1	1	1	3600	0							2026-09-01 01:04:02
Dawnrise	Season 10 Freepick	13216	13216:53870:35	Gaelden Hammersmith	15	19104	Stormstrike Hammer	0	1	-1	1	1	3600	0							2026-09-01 01:04:02
Dawnrise	Season 10 Freepick	13216	13216:53870:35	Gaelden Hammersmith	16	19324	The Lobotomizer	0	1	-1	1	1	3600	0							2026-09-01 01:04:02
Dawnrise	Season 10 Freepick	13216	13216:53870:35	Gaelden Hammersmith	17	19321	The Immovable Object	0	1	-1	1	1	3600	0							2026-09-01 01:04:02
Dawnrise	Season 10 Freepick	13216	13216:53870:35	Gaelden Hammersmith	18	19312	Lei of the Lifegiver	0	1	-1	1	1	3600	0							2026-09-01 01:04:02
Dawnrise	Season 10 Freepick	13216	13216:53870:35	Gaelden Hammersmith	19	19315	Therazane's Touch	0	1	-1	1	1	3600	0							2026-09-01 01:04:02
Dawnrise	Season 10 Freepick	13216	13216:53870:35	Gaelden Hammersmith	20	19308	Tome of Arcane Domination	0	1	-1	1	1	3600	0							2026-09-01 01:04:02
Dawnrise	Season 10 Freepick	13216	13216:53870:35	Gaelden Hammersmith	21	19311	Tome of Fiery Arcana	0	1	-1	1	1	3600	0							2026-09-01 01:04:02
Dawnrise	Season 10 Freepick	13216	13216:53870:35	Gaelden Hammersmith	22	19309	Tome of Shadow Force	0	1	-1	1	1	3600	0							2026-09-01 01:04:02
Dawnrise	Season 10 Freepick	13216	13216:53870:35	Gaelden Hammersmith	23	19310	Tome of the Ice Lord	0	1	-1	1	1	3600	0							2026-09-01 01:04:02
Dawnrise	Season 10 Freepick	13216	13216:53870:35	Gaelden Hammersmith	24	19307	Alterac Heavy Runecloth Bandage	8000	20	-1		0	0	0							2026-09-01 01:04:02
Dawnrise	Season 10 Freepick	13216	13216:53870:35	Gaelden Hammersmith	25	19301	Alterac Manna Biscuit	7000	5	-1	1	0	0	0							2026-09-01 01:04:02
Dawnrise	Season 10 Freepick	13216	13216:53870:35	Gaelden Hammersmith	26	212374	Bottled Alterac Spring Water	5000	5	-1	1	0	0	0							2026-09-01 01:04:02
Dawnrise	Season 10 Freepick	13216	13216:53870:35	Gaelden Hammersmith	27	17348	Major Healing Draught	1500	1	-1	1	1	8	0							2026-09-01 01:04:02
Dawnrise	Season 10 Freepick	13216	13216:53870:35	Gaelden Hammersmith	28	17351	Major Mana Draught	1500	1	-1	1	1	8	0							2026-09-01 01:04:02
Dawnrise	Season 10 Freepick	13216	13216:53870:35	Gaelden Hammersmith	29	19030	Stormpike Battle Charger	0	1	-1	1	1	50000	0							2026-09-01 01:04:02
Dawnrise	Season 10 Freepick	13216	13216:53870:35	Gaelden Hammersmith	30	19045	Stormpike Battle Standard	0	1	-1	1	1	15000	0							2026-09-01 01:04:02
Dawnrise	Season 10 Freepick	13216	13216:53870:35	Gaelden Hammersmith	31	17349	Superior Healing Draught	1100	1	-1	1	1	1	0							2026-09-01 01:04:02
Dawnrise	Season 10 Freepick	13216	13216:53870:35	Gaelden Hammersmith	32	17352	Superior Mana Draught	1100	1	-1	1	1	1	0							2026-09-01 01:04:02
Dawnrise	Season 10 Freepick	13216	13216:53870:35	Gaelden Hammersmith	33	19320	Gnoll Skin Bandolier	0	1	-1	1	1	1600	0							2026-09-01 01:04:02
Dawnrise	Season 10 Freepick	13216	13216:53870:35	Gaelden Hammersmith	34	19319	Harpy Hide Quiver	0	1	-1	1	1	1600	0							2026-09-01 01:04:02
Dawnrise	Season 10 Freepick	13216	13216:53870:35	Gaelden Hammersmith	35	19032	Stormpike Battle Tabard	0	1	-1	1	1	15000	0							2026-09-01 01:04:02
Dawnrise	Season 10 Freepick	14753	14753:19531:48	Illiyana Moonblaze	1	19531	Caretaker's Cape	0	1	-1	1	1	1800	0							2026-09-01 01:04:28
Dawnrise	Season 10 Freepick	14753	14753:19531:48	Illiyana Moonblaze	2	19532	Caretaker's Cape	0	1	-1	1	1	1600	0							2026-09-01 01:04:28
Dawnrise	Season 10 Freepick	14753	14753:19531:48	Illiyana Moonblaze	3	19533	Caretaker's Cape	0	1	-1	1	1	1200	0							2026-09-01 01:04:28
Dawnrise	Season 10 Freepick	14753	14753:19531:48	Illiyana Moonblaze	4	20428	Caretaker's Cape	0	1	-1	1	1	750	0							2026-09-01 01:04:28
Dawnrise	Season 10 Freepick	14753	14753:19531:48	Illiyana Moonblaze	5	19539	Sentinel's Medallion	0	1	-1	1	1	1800	0							2026-09-01 01:04:28
Dawnrise	Season 10 Freepick	14753	14753:19531:48	Illiyana Moonblaze	6	19540	Sentinel's Medallion	0	1	-1	1	1	1600	0							2026-09-01 01:04:28
Dawnrise	Season 10 Freepick	14753	14753:19531:48	Illiyana Moonblaze	7	19541	Sentinel's Medallion	0	1	-1	1	1	1200	0							2026-09-01 01:04:28
Dawnrise	Season 10 Freepick	14753	14753:19531:48	Illiyana Moonblaze	8	20444	Sentinel's Medallion	0	1	-1	1	1	750	0							2026-09-01 01:04:28
Dawnrise	Season 10 Freepick	14753	14753:19531:48	Illiyana Moonblaze	9	19523	Lorekeeper's Ring	0	1	-1	1	1	1800	0							2026-09-01 01:04:28
Dawnrise	Season 10 Freepick	14753	14753:19531:48	Illiyana Moonblaze	10	19524	Lorekeeper's Ring	0	1	-1	1	1	1600	0							2026-09-01 01:04:28
Dawnrise	Season 10 Freepick	14753	14753:19531:48	Illiyana Moonblaze	11	19525	Lorekeeper's Ring	0	1	-1	1	1	1200	0							2026-09-01 01:04:28
Dawnrise	Season 10 Freepick	14753	14753:19531:48	Illiyana Moonblaze	12	20431	Lorekeeper's Ring	0	1	-1	1	1	750	0							2026-09-01 01:04:28
Dawnrise	Season 10 Freepick	14753	14753:19531:48	Illiyana Moonblaze	13	19515	Protector's Band	0	1	-1	1	1	1600	0							2026-09-01 01:04:28
Dawnrise	Season 10 Freepick	14753	14753:19531:48	Illiyana Moonblaze	14	19516	Protector's Band	0	1	-1	1	1	1800	0							2026-09-01 01:04:28
Dawnrise	Season 10 Freepick	14753	14753:19531:48	Illiyana Moonblaze	15	19517	Protector's Band	0	1	-1	1	1	1200	0							2026-09-01 01:04:28
Dawnrise	Season 10 Freepick	14753	14753:19531:48	Illiyana Moonblaze	16	20439	Protector's Band	0	1	-1	1	1	750	0							2026-09-01 01:04:28
Dawnrise	Season 10 Freepick	14753	14753:19531:48	Illiyana Moonblaze	17	212345	Rune of Duty	0	1	-1	1	1	750	0							2026-09-01 01:04:28
Dawnrise	Season 10 Freepick	14753	14753:19531:48	Illiyana Moonblaze	18	212346	Rune of Duty	0	1	-1	1	1	1600	0							2026-09-01 01:04:28
Dawnrise	Season 10 Freepick	14753	14753:19531:48	Illiyana Moonblaze	19	212347	Rune of Perfection	0	1	-1	1	1	750	0							2026-09-01 01:04:28
Dawnrise	Season 10 Freepick	14753	14753:19531:48	Illiyana Moonblaze	20	212348	Rune of Perfection	0	1	-1	1	1	1600	0							2026-09-01 01:04:28
Dawnrise	Season 10 Freepick	14753	14753:19531:48	Illiyana Moonblaze	21	19571	Lorekeeper's Staff	0	1	-1	1	1	5400	0							2026-09-01 01:04:28
Dawnrise	Season 10 Freepick	14753	14753:19531:48	Illiyana Moonblaze	22	19572	Lorekeeper's Staff	0	1	-1	1	1	4800	0							2026-09-01 01:04:28
Dawnrise	Season 10 Freepick	14753	14753:19531:48	Illiyana Moonblaze	23	19573	Lorekeeper's Staff	0	1	-1	1	1	3600	0							2026-09-01 01:04:28
Dawnrise	Season 10 Freepick	14753	14753:19531:48	Illiyana Moonblaze	24	20434	Lorekeeper's Staff	0	1	-1	1	1	2250	0							2026-09-01 01:04:28
Dawnrise	Season 10 Freepick	14753	14753:19531:48	Illiyana Moonblaze	25	19555	Protector's Sword	0	1	-1	1	1	5400	0							2026-09-01 01:04:28
Dawnrise	Season 10 Freepick	14753	14753:19531:48	Illiyana Moonblaze	26	19556	Protector's Sword	0	1	-1	1	1	4800	0							2026-09-01 01:04:28
Dawnrise	Season 10 Freepick	14753	14753:19531:48	Illiyana Moonblaze	27	19557	Protector's Sword	0	1	-1	1	1	3600	0							2026-09-01 01:04:28
Dawnrise	Season 10 Freepick	14753	14753:19531:48	Illiyana Moonblaze	28	20440	Protector's Sword	0	1	-1	1	1	2250	0							2026-09-01 01:04:28
Dawnrise	Season 10 Freepick	14753	14753:19531:48	Illiyana Moonblaze	29	19547	Sentinel's Blade	0	1	-1	1	1	5400	0							2026-09-01 01:04:28
Dawnrise	Season 10 Freepick	14753	14753:19531:48	Illiyana Moonblaze	30	19548	Sentinel's Blade	0	1	-1	1	1	4800	0							2026-09-01 01:04:28
Dawnrise	Season 10 Freepick	14753	14753:19531:48	Illiyana Moonblaze	31	19549	Sentinel's Blade	0	1	-1	1	1	3600	0							2026-09-01 01:04:28
Dawnrise	Season 10 Freepick	14753	14753:19531:48	Illiyana Moonblaze	32	20443	Sentinel's Blade	0	1	-1	1	1	2250	0							2026-09-01 01:04:28
Dawnrise	Season 10 Freepick	14753	14753:19531:48	Illiyana Moonblaze	33	19563	Outrunner's Bow	0	1	-1	1	1	5400	0							2026-09-01 01:04:28
Dawnrise	Season 10 Freepick	14753	14753:19531:48	Illiyana Moonblaze	34	19564	Outrunner's Bow	0	1	-1	1	1	4800	0							2026-09-01 01:04:28
Dawnrise	Season 10 Freepick	14753	14753:19531:48	Illiyana Moonblaze	35	19565	Outrunner's Bow	0	1	-1	1	1	3600	0							2026-09-01 01:04:28
Dawnrise	Season 10 Freepick	14753	14753:19531:48	Illiyana Moonblaze	36	20438	Outrunner's Bow	0	1	-1	1	1	2250	0							2026-09-01 01:04:28
Dawnrise	Season 10 Freepick	14753	14753:19531:48	Illiyana Moonblaze	37	17348	Major Healing Draught	1425	1	-1	1	1	8	0							2026-09-01 01:04:28
Dawnrise	Season 10 Freepick	14753	14753:19531:48	Illiyana Moonblaze	38	17351	Major Mana Draught	1425	1	-1	1	1	8	0							2026-09-01 01:04:28
Dawnrise	Season 10 Freepick	14753	14753:19531:48	Illiyana Moonblaze	39	499987	Reins of the Silverwing Nightsaber	0	1	-1		1	68200	0							2026-09-01 01:04:28
Dawnrise	Season 10 Freepick	14753	14753:19531:48	Illiyana Moonblaze	40	17349	Superior Healing Draught	1045	1	-1	1	1	1	0							2026-09-01 01:04:28
Dawnrise	Season 10 Freepick	14753	14753:19531:48	Illiyana Moonblaze	41	17352	Superior Mana Draught	1045	1	-1	1	1	1	0							2026-09-01 01:04:28
Dawnrise	Season 10 Freepick	14753	14753:19531:48	Illiyana Moonblaze	42	19060	Warsong Gulch Enriched Ration	1900	5	-1	1	0	0	0							2026-09-01 01:04:28
Dawnrise	Season 10 Freepick	14753	14753:19531:48	Illiyana Moonblaze	43	19062	Warsong Gulch Field Ration	950	5	-1	1	0	0	0							2026-09-01 01:04:28
Dawnrise	Season 10 Freepick	14753	14753:19531:48	Illiyana Moonblaze	44	19061	Warsong Gulch Iron Ration	1425	5	-1	1	0	0	0							2026-09-01 01:04:28
Dawnrise	Season 10 Freepick	14753	14753:19531:48	Illiyana Moonblaze	45	19067	Warsong Gulch Mageweave Bandage	1425	5	-1		0	0	0							2026-09-01 01:04:28
Dawnrise	Season 10 Freepick	14753	14753:19531:48	Illiyana Moonblaze	46	19066	Warsong Gulch Runecloth Bandage	1900	5	-1		0	0	0							2026-09-01 01:04:28
Dawnrise	Season 10 Freepick	14753	14753:19531:48	Illiyana Moonblaze	47	19068	Warsong Gulch Silk Bandage	950	5	-1		0	0	0							2026-09-01 01:04:28
Dawnrise	Season 10 Freepick	14753	14753:19531:48	Illiyana Moonblaze	48	19506	Silverwing Battle Tabard	0	1	-1	1	1	12000	0							2026-09-01 01:04:28
Dawnrise	Season 10 Freepick	15127	15127:20088:56	Samuel Hawke	1	20088	Highlander's Chain Girdle	0	1	-1	1	1	5400	0							2026-09-01 01:04:32
Dawnrise	Season 10 Freepick	15127	15127:20088:56	Samuel Hawke	2	20089	Highlander's Chain Girdle	0	1	-1	1	1	1600	0							2026-09-01 01:04:32
Dawnrise	Season 10 Freepick	15127	15127:20088:56	Samuel Hawke	3	20097	Highlander's Cloth Girdle	0	1	-1	1	1	5400	0							2026-09-01 01:04:32
Dawnrise	Season 10 Freepick	15127	15127:20088:56	Samuel Hawke	4	20098	Highlander's Cloth Girdle	0	1	-1	1	1	1600	0							2026-09-01 01:04:32
Dawnrise	Season 10 Freepick	15127	15127:20088:56	Samuel Hawke	5	20099	Highlander's Cloth Girdle	0	1	-1	1	1	1200	0							2026-09-01 01:04:32
Dawnrise	Season 10 Freepick	15127	15127:20088:56	Samuel Hawke	6	20106	Highlander's Lamellar Girdle	0	1	-1	1	1	5400	0							2026-09-01 01:04:32
Dawnrise	Season 10 Freepick	15127	15127:20088:56	Samuel Hawke	7	20107	Highlander's Lamellar Girdle	0	1	-1	1	1	1600	0							2026-09-01 01:04:32
Dawnrise	Season 10 Freepick	15127	15127:20088:56	Samuel Hawke	8	20108	Highlander's Lamellar Girdle	0	1	-1	1	1	1200	0							2026-09-01 01:04:32
Dawnrise	Season 10 Freepick	15127	15127:20088:56	Samuel Hawke	9	20115	Highlander's Leather Girdle	0	1	-1	1	1	5400	0							2026-09-01 01:04:32
Dawnrise	Season 10 Freepick	15127	15127:20088:56	Samuel Hawke	10	20116	Highlander's Leather Girdle	0	1	-1	1	1	1600	0							2026-09-01 01:04:32
Dawnrise	Season 10 Freepick	15127	15127:20088:56	Samuel Hawke	11	20117	Highlander's Leather Girdle	0	1	-1	1	1	1200	0							2026-09-01 01:04:32
Dawnrise	Season 10 Freepick	15127	15127:20088:56	Samuel Hawke	12	20103	Highlander's Lizardhide Girdle	0	1	-1	1	1	5400	0							2026-09-01 01:04:32
Dawnrise	Season 10 Freepick	15127	15127:20088:56	Samuel Hawke	13	20104	Highlander's Lizardhide Girdle	0	1	-1	1	1	1600	0							2026-09-01 01:04:32
Dawnrise	Season 10 Freepick	15127	15127:20088:56	Samuel Hawke	14	20105	Highlander's Lizardhide Girdle	0	1	-1	1	1	1200	0							2026-09-01 01:04:32
Dawnrise	Season 10 Freepick	15127	15127:20088:56	Samuel Hawke	15	20118	Highlander's Mail Girdle	0	1	-1	1	1	5400	0							2026-09-01 01:04:32
Dawnrise	Season 10 Freepick	15127	15127:20088:56	Samuel Hawke	16	20119	Highlander's Mail Girdle	0	1	-1	1	1	1600	0							2026-09-01 01:04:32
Dawnrise	Season 10 Freepick	15127	15127:20088:56	Samuel Hawke	17	20120	Highlander's Mail Girdle	0	1	-1	1	1	1200	0							2026-09-01 01:04:32
Dawnrise	Season 10 Freepick	15127	15127:20088:56	Samuel Hawke	18	20126	Highlander's Mail Girdle	0	1	-1	1	1	1200	0							2026-09-01 01:04:32
Dawnrise	Season 10 Freepick	15127	15127:20088:56	Samuel Hawke	19	20090	Highlander's Padded Girdle	0	1	-1	1	1	1200	0							2026-09-01 01:04:32
Dawnrise	Season 10 Freepick	15127	15127:20088:56	Samuel Hawke	20	20124	Highlander's Plate Girdle	0	1	-1	1	1	5400	0							2026-09-01 01:04:32
Dawnrise	Season 10 Freepick	15127	15127:20088:56	Samuel Hawke	21	20125	Highlander's Plate Girdle	0	1	-1	1	1	1600	0							2026-09-01 01:04:32
Dawnrise	Season 10 Freepick	15127	15127:20088:56	Samuel Hawke	22	20091	Highlander's Chain Greaves	0	1	-1	1	1	5400	0							2026-09-01 01:04:32
Dawnrise	Season 10 Freepick	15127	15127:20088:56	Samuel Hawke	23	20092	Highlander's Chain Greaves	0	1	-1	1	1	1600	0							2026-09-01 01:04:32
Dawnrise	Season 10 Freepick	15127	15127:20088:56	Samuel Hawke	24	20094	Highlander's Cloth Boots	0	1	-1	1	1	5400	0							2026-09-01 01:04:32
Dawnrise	Season 10 Freepick	15127	15127:20088:56	Samuel Hawke	25	20095	Highlander's Cloth Boots	0	1	-1	1	1	1600	0							2026-09-01 01:04:32
Dawnrise	Season 10 Freepick	15127	15127:20088:56	Samuel Hawke	26	20096	Highlander's Cloth Boots	0	1	-1	1	1	1200	0							2026-09-01 01:04:32
Dawnrise	Season 10 Freepick	15127	15127:20088:56	Samuel Hawke	27	20109	Highlander's Lamellar Greaves	0	1	-1	1	1	5400	0							2026-09-01 01:04:32
Dawnrise	Season 10 Freepick	15127	15127:20088:56	Samuel Hawke	28	20110	Highlander's Lamellar Greaves	0	1	-1	1	1	1600	0							2026-09-01 01:04:32
Dawnrise	Season 10 Freepick	15127	15127:20088:56	Samuel Hawke	29	20111	Highlander's Lamellar Greaves	0	1	-1	1	1	1200	0							2026-09-01 01:04:32
Dawnrise	Season 10 Freepick	15127	15127:20088:56	Samuel Hawke	30	20112	Highlander's Leather Boots	0	1	-1	1	1	5400	0							2026-09-01 01:04:32
Dawnrise	Season 10 Freepick	15127	15127:20088:56	Samuel Hawke	31	20113	Highlander's Leather Boots	0	1	-1	1	1	1600	0							2026-09-01 01:04:32
Dawnrise	Season 10 Freepick	15127	15127:20088:56	Samuel Hawke	32	20114	Highlander's Leather Boots	0	1	-1	1	1	1200	0							2026-09-01 01:04:32
Dawnrise	Season 10 Freepick	15127	15127:20088:56	Samuel Hawke	33	20100	Highlander's Lizardhide Boots	0	1	-1	1	1	5400	0							2026-09-01 01:04:32
Dawnrise	Season 10 Freepick	15127	15127:20088:56	Samuel Hawke	34	20101	Highlander's Lizardhide Boots	0	1	-1	1	1	1600	0							2026-09-01 01:04:32
Dawnrise	Season 10 Freepick	15127	15127:20088:56	Samuel Hawke	35	20102	Highlander's Lizardhide Boots	0	1	-1	1	1	1200	0							2026-09-01 01:04:32
Dawnrise	Season 10 Freepick	15127	15127:20088:56	Samuel Hawke	36	20121	Highlander's Mail Greaves	0	1	-1	1	1	5400	0							2026-09-01 01:04:32
Dawnrise	Season 10 Freepick	15127	15127:20088:56	Samuel Hawke	37	20122	Highlander's Mail Greaves	0	1	-1	1	1	1600	0							2026-09-01 01:04:32
Dawnrise	Season 10 Freepick	15127	15127:20088:56	Samuel Hawke	38	20123	Highlander's Mail Greaves	0	1	-1	1	1	1200	0							2026-09-01 01:04:32
Dawnrise	Season 10 Freepick	15127	15127:20088:56	Samuel Hawke	39	20129	Highlander's Mail Greaves	0	1	-1	1	1	1200	0							2026-09-01 01:04:32
Dawnrise	Season 10 Freepick	15127	15127:20088:56	Samuel Hawke	40	20093	Highlander's Padded Greaves	0	1	-1	1	1	1200	0							2026-09-01 01:04:32
Dawnrise	Season 10 Freepick	15127	15127:20088:56	Samuel Hawke	41	20127	Highlander's Plate Greaves	0	1	-1	1	1	5400	0							2026-09-01 01:04:32
Dawnrise	Season 10 Freepick	15127	15127:20088:56	Samuel Hawke	42	20128	Highlander's Plate Greaves	0	1	-1	1	1	1600	0							2026-09-01 01:04:32
Dawnrise	Season 10 Freepick	15127	15127:20088:56	Samuel Hawke	43	21117	Talisman of Arathor	0	1	-1	1	1	5400	0							2026-09-01 01:04:32
Dawnrise	Season 10 Freepick	15127	15127:20088:56	Samuel Hawke	44	21118	Talisman of Arathor	0	1	-1	1	1	1600	0							2026-09-01 01:04:32
Dawnrise	Season 10 Freepick	15127	15127:20088:56	Samuel Hawke	45	21119	Talisman of Arathor	0	1	-1	1	1	1200	0							2026-09-01 01:04:32
Dawnrise	Season 10 Freepick	15127	15127:20088:56	Samuel Hawke	46	20220	Ironbark Staff	0	1	-1	1	1	68200	0							2026-09-01 01:04:32
Dawnrise	Season 10 Freepick	15127	15127:20088:56	Samuel Hawke	47	20214	Mindfang	0	1	-1	1	1	68200	0							2026-09-01 01:04:32
Dawnrise	Season 10 Freepick	15127	15127:20088:56	Samuel Hawke	48	20225	Highlander's Enriched Ration	2000	5	-1	1	0	0	0							2026-09-01 01:04:32
Dawnrise	Season 10 Freepick	15127	15127:20088:56	Samuel Hawke	49	20226	Highlander's Field Ration	1000	5	-1	1	0	0	0							2026-09-01 01:04:32
Dawnrise	Season 10 Freepick	15127	15127:20088:56	Samuel Hawke	50	20227	Highlander's Iron Ration	1500	5	-1	1	0	0	0							2026-09-01 01:04:32
Dawnrise	Season 10 Freepick	15127	15127:20088:56	Samuel Hawke	51	20237	Highlander's Mageweave Bandage	1500	5	-1		0	0	0							2026-09-01 01:04:32
Dawnrise	Season 10 Freepick	15127	15127:20088:56	Samuel Hawke	52	20243	Highlander's Runecloth Bandage	2000	5	-1		0	0	0							2026-09-01 01:04:32
Dawnrise	Season 10 Freepick	15127	15127:20088:56	Samuel Hawke	53	20244	Highlander's Silk Bandage	1000	5	-1		0	0	0							2026-09-01 01:04:32
Dawnrise	Season 10 Freepick	15127	15127:20088:56	Samuel Hawke	54	17349	Superior Healing Draught	1100	1	-1	1	1	1	0							2026-09-01 01:04:32
Dawnrise	Season 10 Freepick	15127	15127:20088:56	Samuel Hawke	55	17352	Superior Mana Draught	1100	1	-1	1	1	1	0							2026-09-01 01:04:32
Dawnrise	Season 10 Freepick	15127	15127:20088:56	Samuel Hawke	56	20132	Arathor Battle Tabard	0	1	-1	1	1	12000	0							2026-09-01 01:04:32
Dawnrise	Season 10 Freepick	48053	48053:15196:28	Lieutenant Thorne	1	15196	Private's Tabard	0	1	-1	1	1	15000	0							2026-09-01 01:03:59
Dawnrise	Season 10 Freepick	48053	48053:15196:28	Lieutenant Thorne	2	15198	Knight's Colors	0	1	-1	1	1	20000	0							2026-09-01 01:03:59
Dawnrise	Season 10 Freepick	48053	48053:15196:28	Lieutenant Thorne	3	18024	Alliance Deadeye Standard	0	1	-1	1	1	20000	0							2026-09-01 01:03:59
Dawnrise	Season 10 Freepick	48053	48053:15196:28	Lieutenant Thorne	4	18026	Alliance Swiftstrike Standard	0	1	-1	1	1	20000	0							2026-09-01 01:03:59
Dawnrise	Season 10 Freepick	48053	48053:15196:28	Lieutenant Thorne	5	18028	Alliance Energizing Standard	0	1	-1	1	1	20000	0							2026-09-01 01:03:59
Dawnrise	Season 10 Freepick	48053	48053:15196:28	Lieutenant Thorne	6	18606	Alliance Battle Standard	0	1	-1	1	1	20000	0							2026-09-01 01:03:59
Dawnrise	Season 10 Freepick	48053	48053:15196:28	Lieutenant Thorne	7	106954	Tome of Specialization II	0	1	-1	1	1	65000	0							2026-09-01 01:03:59
Dawnrise	Season 10 Freepick	48053	48053:15196:28	Lieutenant Thorne	8	383083	Talent Purge	0	1	-1	1	1	15000	0							2026-09-01 01:03:59
Dawnrise	Season 10 Freepick	48053	48053:15196:28	Lieutenant Thorne	9	1101243	Scroll of Talent Unlearning	0	1	-1	1	1	5000	0							2026-09-01 01:03:59
Dawnrise	Season 10 Freepick	48053	48053:15196:28	Lieutenant Thorne	10	32455	Star's Lament	6000	5	-1	1	0	0	0							2026-09-01 01:03:59
Dawnrise	Season 10 Freepick	48053	48053:15196:28	Lieutenant Thorne	11	1203014	Soldier's Healing Potion	0	1	-1	1	1	300	0							2026-09-01 01:03:59
Dawnrise	Season 10 Freepick	48053	48053:15196:28	Lieutenant Thorne	12	1203015	Soldier's Mana Potion	0	1	-1	1	1	300	0							2026-09-01 01:03:59
Dawnrise	Season 10 Freepick	48053	48053:15196:28	Lieutenant Thorne	13	1235006	Bag of Soldier's Healing Potions	0	1	-1	1	1	1500	0							2026-09-01 01:03:59
Dawnrise	Season 10 Freepick	48053	48053:15196:28	Lieutenant Thorne	14	1235007	Bag of Soldier's Mana Potions	0	1	-1	1	1	1500	0							2026-09-01 01:03:59
Dawnrise	Season 10 Freepick	48053	48053:15196:28	Lieutenant Thorne	15	464750	Soldier's Strength Potion	0	1	-1	1	1	500	0							2026-09-01 01:03:59
Dawnrise	Season 10 Freepick	48053	48053:15196:28	Lieutenant Thorne	16	464751	Soldier's Agility Potion	0	1	-1	1	1	500	0							2026-09-01 01:03:59
Dawnrise	Season 10 Freepick	48053	48053:15196:28	Lieutenant Thorne	17	464752	Soldier's Spell Power Potion	0	1	-1	1	1	500	0							2026-09-01 01:03:59
Dawnrise	Season 10 Freepick	48053	48053:15196:28	Lieutenant Thorne	18	1203016	Soldier's Haste Potion	0	1	-1	1	1	500	0							2026-09-01 01:03:59
Dawnrise	Season 10 Freepick	48053	48053:15196:28	Lieutenant Thorne	19	68494	Soldier's Sharpening Stone	0	1	-1	1	1	500	0							2026-09-01 01:03:59
Dawnrise	Season 10 Freepick	48053	48053:15196:28	Lieutenant Thorne	20	68495	Soldier's Iron Grip	0	1	-1	1	1	500	0							2026-09-01 01:03:59
Dawnrise	Season 10 Freepick	48053	48053:15196:28	Lieutenant Thorne	21	68496	Soldier's Wizard Oil	0	1	-1	1	1	500	0							2026-09-01 01:03:59
Dawnrise	Season 10 Freepick	48053	48053:15196:28	Lieutenant Thorne	22	68497	Soldier's Sage Oil	0	1	-1	1	1	500	0							2026-09-01 01:03:59
Dawnrise	Season 10 Freepick	48053	48053:15196:28	Lieutenant Thorne	23	68490	Inscription of Conquest	0	1	-1	1	1	12000	0							2026-09-01 01:03:59
Dawnrise	Season 10 Freepick	48053	48053:15196:28	Lieutenant Thorne	24	68491	Inscription of Supremacy	0	1	-1	1	1	12000	0							2026-09-01 01:03:59
Dawnrise	Season 10 Freepick	48053	48053:15196:28	Lieutenant Thorne	25	68500	Arcanum of Dominance	0	1	-1	1	1	15000	0							2026-09-01 01:03:59
Dawnrise	Season 10 Freepick	48053	48053:15196:28	Lieutenant Thorne	26	68502	Arcanum of Triumph	0	1	-1	1	1	15000	0							2026-09-01 01:03:59
Dawnrise	Season 10 Freepick	48053	48053:15196:28	Lieutenant Thorne	27	68498	Studded Spurs	0	1	-1	1	1	5000	0							2026-09-01 01:03:59
Dawnrise	Season 10 Freepick	48053	48053:15196:28	Lieutenant Thorne	28	1235070	Bloody Mark of War	0	1	-1	1	1	1000	0							2026-09-01 01:03:59
Dawnrise	Season 10 Freepick	48053	48053:860372:96	Lieutenant Thorne	1	860372	Knight's Mooncloth Crown	0	1	-1	1	1	26000	0							2026-09-01 01:03:52
Dawnrise	Season 10 Freepick	48053	48053:860372:96	Lieutenant Thorne	2	860402	Knight's Mooncloth Mantle	0	1	-1	1	1	23000	0							2026-09-01 01:03:52
Dawnrise	Season 10 Freepick	48053	48053:860372:96	Lieutenant Thorne	3	860412	Knight's Mooncloth Leggings	0	1	-1	1	1	26000	0							2026-09-01 01:03:52
Dawnrise	Season 10 Freepick	48053	48053:860372:96	Lieutenant Thorne	4	860422	Knight's Mooncloth Boots	0	1	-1	1	1	20000	0							2026-09-01 01:03:52
Dawnrise	Season 10 Freepick	48053	48053:860372:96	Lieutenant Thorne	5	860382	Knight's Mooncloth Mittens	0	1	-1	1	1	20000	0							2026-09-01 01:03:52
Dawnrise	Season 10 Freepick	48053	48053:860372:96	Lieutenant Thorne	6	860392	Knight's Mooncloth Robes	0	1	-1	1	1	26000	0							2026-09-01 01:03:52
Dawnrise	Season 10 Freepick	48053	48053:860372:96	Lieutenant Thorne	7	860612	Knight's Satin Cowl	0	1	-1	1	1	26000	0							2026-09-01 01:03:52
Dawnrise	Season 10 Freepick	48053	48053:860372:96	Lieutenant Thorne	8	860642	Knight's Satin Spaulders	0	1	-1	1	1	23000	0							2026-09-01 01:03:52
Dawnrise	Season 10 Freepick	48053	48053:860372:96	Lieutenant Thorne	9	860652	Knight's Satin Pants	0	1	-1	1	1	26000	0							2026-09-01 01:03:52
Dawnrise	Season 10 Freepick	48053	48053:860372:96	Lieutenant Thorne	10	860662	Knight's Satin Sandals	0	1	-1	1	1	20000	0							2026-09-01 01:03:52
Dawnrise	Season 10 Freepick	48053	48053:860372:96	Lieutenant Thorne	11	860622	Knight's Satin Gloves	0	1	-1	1	1	20000	0							2026-09-01 01:03:52
Dawnrise	Season 10 Freepick	48053	48053:860372:96	Lieutenant Thorne	12	860632	Knight's Satin Vestments	0	1	-1	1	1	26000	0							2026-09-01 01:03:52
Dawnrise	Season 10 Freepick	48053	48053:860372:96	Lieutenant Thorne	13	860552	Knight's Silk Cowl	0	1	-1	1	1	26000	0							2026-09-01 01:03:52
Dawnrise	Season 10 Freepick	48053	48053:860372:96	Lieutenant Thorne	14	860582	Knight's Silk Amice	0	1	-1	1	1	23000	0							2026-09-01 01:03:52
Dawnrise	Season 10 Freepick	48053	48053:860372:96	Lieutenant Thorne	15	860592	Knight's Silk Trousers	0	1	-1	1	1	26000	0							2026-09-01 01:03:52
Dawnrise	Season 10 Freepick	48053	48053:860372:96	Lieutenant Thorne	16	860602	Knight's Silk Footwraps	0	1	-1	1	1	20000	0							2026-09-01 01:03:52
Dawnrise	Season 10 Freepick	48053	48053:860372:96	Lieutenant Thorne	17	860562	Knight's Silk Gloves	0	1	-1	1	1	20000	0							2026-09-01 01:03:52
Dawnrise	Season 10 Freepick	48053	48053:860372:96	Lieutenant Thorne	18	860572	Knight's Silk Raiment	0	1	-1	1	1	26000	0							2026-09-01 01:03:52
Dawnrise	Season 10 Freepick	48053	48053:860372:96	Lieutenant Thorne	19	860672	Knight's Dreadweave Coronal	0	1	-1	1	1	26000	0							2026-09-01 01:03:52
Dawnrise	Season 10 Freepick	48053	48053:860372:96	Lieutenant Thorne	20	860702	Knight's Dreadweave Mantle	0	1	-1	1	1	23000	0							2026-09-01 01:03:52
Dawnrise	Season 10 Freepick	48053	48053:860372:96	Lieutenant Thorne	21	860712	Knight's Dreadweave Pants	0	1	-1	1	1	26000	0							2026-09-01 01:03:52
Dawnrise	Season 10 Freepick	48053	48053:860372:96	Lieutenant Thorne	22	860722	Knight's Dreadweave Boots	0	1	-1	1	1	20000	0							2026-09-01 01:03:52
Dawnrise	Season 10 Freepick	48053	48053:860372:96	Lieutenant Thorne	23	860682	Knight's Dreadweave Gloves	0	1	-1	1	1	20000	0							2026-09-01 01:03:52
Dawnrise	Season 10 Freepick	48053	48053:860372:96	Lieutenant Thorne	24	860692	Knight's Dreadweave Robe	0	1	-1	1	1	26000	0							2026-09-01 01:03:52
Dawnrise	Season 10 Freepick	48053	48053:860372:96	Lieutenant Thorne	25	860012	Knight's Felshroud Headdress	0	1	-1	1	1	26000	0							2026-09-01 01:03:52
Dawnrise	Season 10 Freepick	48053	48053:860372:96	Lieutenant Thorne	26	860042	Knight's Felshroud Shoulders	0	1	-1	1	1	23000	0							2026-09-01 01:03:52
Dawnrise	Season 10 Freepick	48053	48053:860372:96	Lieutenant Thorne	27	860052	Knight's Felshroud Leggings	0	1	-1	1	1	26000	0							2026-09-01 01:03:52
Dawnrise	Season 10 Freepick	48053	48053:860372:96	Lieutenant Thorne	28	860062	Knight's Felshroud Boots	0	1	-1	1	1	20000	0							2026-09-01 01:03:52
Dawnrise	Season 10 Freepick	48053	48053:860372:96	Lieutenant Thorne	29	860022	Knight's Felshroud Gloves	0	1	-1	1	1	20000	0							2026-09-01 01:03:52
Dawnrise	Season 10 Freepick	48053	48053:860372:96	Lieutenant Thorne	30	860032	Knight's Felshroud Robe	0	1	-1	1	1	26000	0							2026-09-01 01:03:52
Dawnrise	Season 10 Freepick	48053	48053:860372:96	Lieutenant Thorne	31	860732	Knight's Leather Mask	0	1	-1	1	1	26000	0							2026-09-01 01:03:52
Dawnrise	Season 10 Freepick	48053	48053:860372:96	Lieutenant Thorne	32	860752	Knight's Leather Spaulders	0	1	-1	1	1	23000	0							2026-09-01 01:03:52
Dawnrise	Season 10 Freepick	48053	48053:860372:96	Lieutenant Thorne	33	860762	Knight's Leather Chestpiece	0	1	-1	1	1	26000	0							2026-09-01 01:03:52
Dawnrise	Season 10 Freepick	48053	48053:860372:96	Lieutenant Thorne	34	860772	Knight's Leather Leggings	0	1	-1	1	1	26000	0							2026-09-01 01:03:52
Dawnrise	Season 10 Freepick	48053	48053:860372:96	Lieutenant Thorne	35	860782	Knight's Leather Treads	0	1	-1	1	1	20000	0							2026-09-01 01:03:52
Dawnrise	Season 10 Freepick	48053	48053:860372:96	Lieutenant Thorne	36	860742	Knight's Leather Grips	0	1	-1	1	1	20000	0							2026-09-01 01:03:52
Dawnrise	Season 10 Freepick	48053	48053:860372:96	Lieutenant Thorne	37	860852	Knight's Dragonhide Helmet	0	1	-1	1	1	26000	0							2026-09-01 01:03:52
Dawnrise	Season 10 Freepick	48053	48053:860372:96	Lieutenant Thorne	38	860872	Knight's Dragonhide Spaulders	0	1	-1	1	1	23000	0							2026-09-01 01:03:52
Dawnrise	Season 10 Freepick	48053	48053:860372:96	Lieutenant Thorne	39	860882	Knight's Dragonhide Harness	0	1	-1	1	1	26000	0							2026-09-01 01:03:52
Dawnrise	Season 10 Freepick	48053	48053:860372:96	Lieutenant Thorne	40	860892	Knight's Dragonhide Legguards	0	1	-1	1	1	26000	0							2026-09-01 01:03:52
Dawnrise	Season 10 Freepick	48053	48053:860372:96	Lieutenant Thorne	41	860902	Knight's Dragonhide Stompers	0	1	-1	1	1	20000	0							2026-09-01 01:03:52
Dawnrise	Season 10 Freepick	48053	48053:860372:96	Lieutenant Thorne	42	860862	Knight's Dragonhide Grips	0	1	-1	1	1	20000	0							2026-09-01 01:03:52
Dawnrise	Season 10 Freepick	48053	48053:860372:96	Lieutenant Thorne	43	860072	Knight's Kodohide Helm	0	1	-1	1	1	26000	0							2026-09-01 01:03:52
Dawnrise	Season 10 Freepick	48053	48053:860372:96	Lieutenant Thorne	44	860092	Knight's Kodohide Spaulders	0	1	-1	1	1	23000	0							2026-09-01 01:03:52
Dawnrise	Season 10 Freepick	48053	48053:860372:96	Lieutenant Thorne	45	860102	Knight's Kodohide Hauberk	0	1	-1	1	1	26000	0							2026-09-01 01:03:52
Dawnrise	Season 10 Freepick	48053	48053:860372:96	Lieutenant Thorne	46	860112	Knight's Kodohide Pants	0	1	-1	1	1	26000	0							2026-09-01 01:03:52
Dawnrise	Season 10 Freepick	48053	48053:860372:96	Lieutenant Thorne	47	860122	Knight's Kodohide Boots	0	1	-1	1	1	20000	0							2026-09-01 01:03:52
Dawnrise	Season 10 Freepick	48053	48053:860372:96	Lieutenant Thorne	48	860082	Knight's Kodohide Gloves	0	1	-1	1	1	20000	0							2026-09-01 01:03:52
Dawnrise	Season 10 Freepick	48053	48053:860372:96	Lieutenant Thorne	49	860312	Knight's Wildhide Hood	0	1	-1	1	1	26000	0							2026-09-01 01:03:52
Dawnrise	Season 10 Freepick	48053	48053:860372:96	Lieutenant Thorne	50	860332	Knight's Wildhide Epaulets	0	1	-1	1	1	23000	0							2026-09-01 01:03:52
Dawnrise	Season 10 Freepick	48053	48053:860372:96	Lieutenant Thorne	51	860342	Knight's Wildhide Armor	0	1	-1	1	1	26000	0							2026-09-01 01:03:52
Dawnrise	Season 10 Freepick	48053	48053:860372:96	Lieutenant Thorne	52	860352	Knight's Wildhide Leggings	0	1	-1	1	1	26000	0							2026-09-01 01:03:52
Dawnrise	Season 10 Freepick	48053	48053:860372:96	Lieutenant Thorne	53	860362	Knight's Wildhide Walkers	0	1	-1	1	1	20000	0							2026-09-01 01:03:52
Dawnrise	Season 10 Freepick	48053	48053:860372:96	Lieutenant Thorne	54	860322	Knight's Wildhide Wraps	0	1	-1	1	1	20000	0							2026-09-01 01:03:52
Dawnrise	Season 10 Freepick	48053	48053:860372:96	Lieutenant Thorne	55	860792	Knight's Chain Helmet	0	1	-1	1	1	26000	0							2026-09-01 01:03:52
Dawnrise	Season 10 Freepick	48053	48053:860372:96	Lieutenant Thorne	56	860812	Knight's Chain Shoulders	0	1	-1	1	1	23000	0							2026-09-01 01:03:52
Dawnrise	Season 10 Freepick	48053	48053:860372:96	Lieutenant Thorne	57	860822	Knight's Chain Chest	0	1	-1	1	1	26000	0							2026-09-01 01:03:52
Dawnrise	Season 10 Freepick	48053	48053:860372:96	Lieutenant Thorne	58	860832	Knight's Chain Legguards	0	1	-1	1	1	26000	0							2026-09-01 01:03:52
Dawnrise	Season 10 Freepick	48053	48053:860372:96	Lieutenant Thorne	59	860842	Knight's Chain Boots	0	1	-1	1	1	20000	0							2026-09-01 01:03:52
Dawnrise	Season 10 Freepick	48053	48053:860372:96	Lieutenant Thorne	60	860802	Knight's Chain Gloves	0	1	-1	1	1	20000	0							2026-09-01 01:03:52
Dawnrise	Season 10 Freepick	48053	48053:860372:96	Lieutenant Thorne	61	860492	Knight's Linked Headguard	0	1	-1	1	1	26000	0							2026-09-01 01:03:52
Dawnrise	Season 10 Freepick	48053	48053:860372:96	Lieutenant Thorne	62	860512	Knight's Linked Spaulders	0	1	-1	1	1	23000	0							2026-09-01 01:03:52
Dawnrise	Season 10 Freepick	48053	48053:860372:96	Lieutenant Thorne	63	860522	Knight's Linked Harness	0	1	-1	1	1	26000	0							2026-09-01 01:03:52
Dawnrise	Season 10 Freepick	48053	48053:860372:96	Lieutenant Thorne	64	860532	Knight's Linked Legguards	0	1	-1	1	1	26000	0							2026-09-01 01:03:52
Dawnrise	Season 10 Freepick	48053	48053:860372:96	Lieutenant Thorne	65	860542	Knight's Linked Treads	0	1	-1	1	1	20000	0							2026-09-01 01:03:52
Dawnrise	Season 10 Freepick	48053	48053:860372:96	Lieutenant Thorne	66	860502	Knight's Linked Gauntlets	0	1	-1	1	1	20000	0							2026-09-01 01:03:52
Dawnrise	Season 10 Freepick	48053	48053:860372:96	Lieutenant Thorne	67	860132	Knight's Mail Helm	0	1	-1	1	1	26000	0							2026-09-01 01:03:52
Dawnrise	Season 10 Freepick	48053	48053:860372:96	Lieutenant Thorne	68	860152	Knight's Mail Shoulders	0	1	-1	1	1	23000	0							2026-09-01 01:03:52
Dawnrise	Season 10 Freepick	48053	48053:860372:96	Lieutenant Thorne	69	860162	Knight's Mail Armor	0	1	-1	1	1	26000	0							2026-09-01 01:03:52
Dawnrise	Season 10 Freepick	48053	48053:860372:96	Lieutenant Thorne	70	860172	Knight's Mail Pants	0	1	-1	1	1	26000	0							2026-09-01 01:03:52
Dawnrise	Season 10 Freepick	48053	48053:860372:96	Lieutenant Thorne	71	860182	Knight's Mail Boots	0	1	-1	1	1	20000	0							2026-09-01 01:03:52
Dawnrise	Season 10 Freepick	48053	48053:860372:96	Lieutenant Thorne	72	860142	Knight's Mail Gloves	0	1	-1	1	1	20000	0							2026-09-01 01:03:52
Dawnrise	Season 10 Freepick	48053	48053:860372:96	Lieutenant Thorne	73	860252	Knight's Ringmail Helmet	0	1	-1	1	1	26000	0							2026-09-01 01:03:52
Dawnrise	Season 10 Freepick	48053	48053:860372:96	Lieutenant Thorne	74	860272	Knight's Ringmail Mantle	0	1	-1	1	1	23000	0							2026-09-01 01:03:52
Dawnrise	Season 10 Freepick	48053	48053:860372:96	Lieutenant Thorne	75	860282	Knight's Ringmail Chestpiece	0	1	-1	1	1	26000	0							2026-09-01 01:03:52
Dawnrise	Season 10 Freepick	48053	48053:860372:96	Lieutenant Thorne	76	860292	Knight's Ringmail Leggings	0	1	-1	1	1	26000	0							2026-09-01 01:03:52
Dawnrise	Season 10 Freepick	48053	48053:860372:96	Lieutenant Thorne	77	860302	Knight's Ringmail Footwraps	0	1	-1	1	1	20000	0							2026-09-01 01:03:52
Dawnrise	Season 10 Freepick	48053	48053:860372:96	Lieutenant Thorne	78	860262	Knight's Ringmail Handwraps	0	1	-1	1	1	20000	0							2026-09-01 01:03:52
Dawnrise	Season 10 Freepick	48053	48053:860372:96	Lieutenant Thorne	79	860432	Knight's Plate Headpiece	0	1	-1	1	1	26000	0							2026-09-01 01:03:52
Dawnrise	Season 10 Freepick	48053	48053:860372:96	Lieutenant Thorne	80	860452	Knight's Plate Shoulders	0	1	-1	1	1	23000	0							2026-09-01 01:03:52
Dawnrise	Season 10 Freepick	48053	48053:860372:96	Lieutenant Thorne	81	860462	Knight's Plate Armor	0	1	-1	1	1	26000	0							2026-09-01 01:03:52
Dawnrise	Season 10 Freepick	48053	48053:860372:96	Lieutenant Thorne	82	860472	Knight's Plate Legguards	0	1	-1	1	1	26000	0							2026-09-01 01:03:52
Dawnrise	Season 10 Freepick	48053	48053:860372:96	Lieutenant Thorne	83	860482	Knight's Plate Boots	0	1	-1	1	1	20000	0							2026-09-01 01:03:52
Dawnrise	Season 10 Freepick	48053	48053:860372:96	Lieutenant Thorne	84	860442	Knight's Plate Gauntlets	0	1	-1	1	1	20000	0							2026-09-01 01:03:52
Dawnrise	Season 10 Freepick	48053	48053:860372:96	Lieutenant Thorne	85	860912	Knight's Lamellar Faceguard	0	1	-1	1	1	26000	0							2026-09-01 01:03:52
Dawnrise	Season 10 Freepick	48053	48053:860372:96	Lieutenant Thorne	86	860932	Knight's Lamellar Pauldrons	0	1	-1	1	1	23000	0							2026-09-01 01:03:52
Dawnrise	Season 10 Freepick	48053	48053:860372:96	Lieutenant Thorne	87	860942	Knight's Lamellar Breastplate	0	1	-1	1	1	26000	0							2026-09-01 01:03:52
Dawnrise	Season 10 Freepick	48053	48053:860372:96	Lieutenant Thorne	88	860952	Knight's Lamellar Legplates	0	1	-1	1	1	26000	0							2026-09-01 01:03:52
Dawnrise	Season 10 Freepick	48053	48053:860372:96	Lieutenant Thorne	89	860962	Knight's Lamellar Treads	0	1	-1	1	1	20000	0							2026-09-01 01:03:52
Dawnrise	Season 10 Freepick	48053	48053:860372:96	Lieutenant Thorne	90	860922	Knight's Lamellar Grips	0	1	-1	1	1	20000	0							2026-09-01 01:03:52
Dawnrise	Season 10 Freepick	48053	48053:860372:96	Lieutenant Thorne	91	860192	Knight's Ornamented Helmet	0	1	-1	1	1	26000	0							2026-09-01 01:03:52
Dawnrise	Season 10 Freepick	48053	48053:860372:96	Lieutenant Thorne	92	860212	Knight's Ornamented Spaulders	0	1	-1	1	1	23000	0							2026-09-01 01:03:52
Dawnrise	Season 10 Freepick	48053	48053:860372:96	Lieutenant Thorne	93	860222	Knight's Ornamented Armor	0	1	-1	1	1	26000	0							2026-09-01 01:03:52
Dawnrise	Season 10 Freepick	48053	48053:860372:96	Lieutenant Thorne	94	860232	Knight's Ornamented Leggings	0	1	-1	1	1	26000	0							2026-09-01 01:03:52
Dawnrise	Season 10 Freepick	48053	48053:860372:96	Lieutenant Thorne	95	860242	Knight's Ornamented Boots	0	1	-1	1	1	20000	0							2026-09-01 01:03:52
Dawnrise	Season 10 Freepick	48053	48053:860372:96	Lieutenant Thorne	96	860202	Knight's Ornamented Gloves	0	1	-1	1	1	20000	0							2026-09-01 01:03:52
Dawnrise	Season 10 Freepick	48053	48053:861782:25	Lieutenant Thorne	1	861782	Knight's Sunderer	0	1	-1	1	1	40000	0							2026-09-01 01:03:54
Dawnrise	Season 10 Freepick	48053	48053:861782:25	Lieutenant Thorne	2	861362	Knight's Battle Hammer	0	1	-1	1	1	40000	0							2026-09-01 01:03:54
Dawnrise	Season 10 Freepick	48053	48053:861782:25	Lieutenant Thorne	3	861492	Knight's Glaive	0	1	-1	1	1	40000	0							2026-09-01 01:03:54
Dawnrise	Season 10 Freepick	48053	48053:861782:25	Lieutenant Thorne	4	861412	Knight's Claymore	0	1	-1	1	1	40000	0							2026-09-01 01:03:54
Dawnrise	Season 10 Freepick	48053	48053:861782:25	Lieutenant Thorne	5	861762	Knight's Stave	0	1	-1	1	1	40000	0							2026-09-01 01:03:54
Dawnrise	Season 10 Freepick	48053	48053:861782:25	Lieutenant Thorne	6	861482	Knight's Focus Staff	0	1	-1	1	1	40000	0							2026-09-01 01:03:54
Dawnrise	Season 10 Freepick	48053	48053:861782:25	Lieutenant Thorne	7	861862	Knight's Warhammer	0	1	-1	1	1	28000	0							2026-09-01 01:03:54
Dawnrise	Season 10 Freepick	48053	48053:861782:25	Lieutenant Thorne	8	861682	Knight's Salvation	0	1	-1	1	1	28000	0							2026-09-01 01:03:54
Dawnrise	Season 10 Freepick	48053	48053:861782:25	Lieutenant Thorne	9	861432	Knight's Conviction	0	1	-1	1	1	28000	0							2026-09-01 01:03:54
Dawnrise	Season 10 Freepick	48053	48053:861782:25	Lieutenant Thorne	10	861572	Knight's Mageblade	0	1	-1	1	1	28000	0							2026-09-01 01:03:54
Dawnrise	Season 10 Freepick	48053	48053:861782:25	Lieutenant Thorne	11	861522	Knight's Handaxe	0	1	-1	1	1	28000	0							2026-09-01 01:03:54
Dawnrise	Season 10 Freepick	48053	48053:861782:25	Lieutenant Thorne	12	861612	Knight's Punisher	0	1	-1	1	1	28000	0							2026-09-01 01:03:54
Dawnrise	Season 10 Freepick	48053	48053:861782:25	Lieutenant Thorne	13	861552	Knight's Longsword	0	1	-1	1	1	28000	0							2026-09-01 01:03:54
Dawnrise	Season 10 Freepick	48053	48053:861782:25	Lieutenant Thorne	14	861792	Knight's Swiftblade	0	1	-1	1	1	28000	0							2026-09-01 01:03:54
Dawnrise	Season 10 Freepick	48053	48053:861782:25	Lieutenant Thorne	15	861472	Knight's Dirk	0	1	-1	1	1	28000	0							2026-09-01 01:03:54
Dawnrise	Season 10 Freepick	48053	48053:861782:25	Lieutenant Thorne	16	861542	Knight's Left Hand Blade	0	1	-1	1	1	13000	0							2026-09-01 01:03:54
Dawnrise	Season 10 Freepick	48053	48053:861782:25	Lieutenant Thorne	17	861672	Knight's Right Hand Blade	0	1	-1	1	1	28000	0							2026-09-01 01:03:54
Dawnrise	Season 10 Freepick	48053	48053:861782:25	Lieutenant Thorne	18	861342	Knight's Barrier	0	1	-1	1	1	13000	0							2026-09-01 01:03:54
Dawnrise	Season 10 Freepick	48053	48053:861782:25	Lieutenant Thorne	19	861332	Knight's Aegis	0	1	-1	1	1	13000	0							2026-09-01 01:03:54
Dawnrise	Season 10 Freepick	48053	48053:861782:25	Lieutenant Thorne	20	861822	Knight's Tome of Power	0	1	-1	1	1	13000	0							2026-09-01 01:03:54
Dawnrise	Season 10 Freepick	48053	48053:861782:25	Lieutenant Thorne	21	861832	Knight's Tome of Restoration	0	1	-1	1	1	13000	0							2026-09-01 01:03:54
Dawnrise	Season 10 Freepick	48053	48053:861782:25	Lieutenant Thorne	22	861402	Knight's Bullseye	0	1	-1	1	1	28000	0							2026-09-01 01:03:54
Dawnrise	Season 10 Freepick	48053	48053:861782:25	Lieutenant Thorne	23	861512	Knight's Hand Cannon	0	1	-1	1	1	28000	0							2026-09-01 01:03:54
Dawnrise	Season 10 Freepick	48053	48053:861782:25	Lieutenant Thorne	24	861652	Knight's Repeater	0	1	-1	1	1	28000	0							2026-09-01 01:03:54
Dawnrise	Season 10 Freepick	48053	48053:861782:25	Lieutenant Thorne	25	861842	Knight's Touch of Hope	0	1	-1	1	1	13000	0							2026-09-01 01:03:54
Dawnrise	Season 10 Freepick	48053	48053:862378:36	Lieutenant Thorne	1	862378	Combatant's Amulet of Acumen	0	1	-1	1	1	15000	0							2026-09-01 01:03:57
Dawnrise	Season 10 Freepick	48053	48053:862378:36	Lieutenant Thorne	2	862380	Combatant's Amulet of Alacrity	0	1	-1	1	1	15000	0							2026-09-01 01:03:57
Dawnrise	Season 10 Freepick	48053	48053:862378:36	Lieutenant Thorne	3	862382	Combatant's Amulet of Bravery	0	1	-1	1	1	15000	0							2026-09-01 01:03:57
Dawnrise	Season 10 Freepick	48053	48053:862378:36	Lieutenant Thorne	4	862384	Combatant's Amulet of Brawn	0	1	-1	1	1	15000	0							2026-09-01 01:03:57
Dawnrise	Season 10 Freepick	48053	48053:862378:36	Lieutenant Thorne	5	862388	Combatant's Amulet of Insight	0	1	-1	1	1	15000	0							2026-09-01 01:03:57
Dawnrise	Season 10 Freepick	48053	48053:862378:36	Lieutenant Thorne	6	862390	Combatant's Amulet of Intuition	0	1	-1	1	1	15000	0							2026-09-01 01:03:57
Dawnrise	Season 10 Freepick	48053	48053:862378:36	Lieutenant Thorne	7	862392	Combatant's Amulet of Proficiency	0	1	-1	1	1	15000	0							2026-09-01 01:03:57
Dawnrise	Season 10 Freepick	48053	48053:862378:36	Lieutenant Thorne	8	862394	Combatant's Amulet of Prowess	0	1	-1	1	1	15000	0							2026-09-01 01:03:57
Dawnrise	Season 10 Freepick	48053	48053:862378:36	Lieutenant Thorne	9	862396	Combatant's Amulet of Subjugation	0	1	-1	1	1	15000	0							2026-09-01 01:03:57
Dawnrise	Season 10 Freepick	48053	48053:862378:36	Lieutenant Thorne	10	862398	Combatant's Amulet of Sundering	0	1	-1	1	1	15000	0							2026-09-01 01:03:57
Dawnrise	Season 10 Freepick	48053	48053:862378:36	Lieutenant Thorne	11	862420	Combatant's Cloak of Acumen	0	1	-1	1	1	15000	0							2026-09-01 01:03:57
Dawnrise	Season 10 Freepick	48053	48053:862378:36	Lieutenant Thorne	12	862422	Combatant's Cloak of Alacrity	0	1	-1	1	1	15000	0							2026-09-01 01:03:57
Dawnrise	Season 10 Freepick	48053	48053:862378:36	Lieutenant Thorne	13	862424	Combatant's Cloak of Bravery	0	1	-1	1	1	15000	0							2026-09-01 01:03:57
Dawnrise	Season 10 Freepick	48053	48053:862378:36	Lieutenant Thorne	14	862426	Combatant's Cloak of Brawn	0	1	-1	1	1	15000	0							2026-09-01 01:03:57
Dawnrise	Season 10 Freepick	48053	48053:862378:36	Lieutenant Thorne	15	862430	Combatant's Cloak of Insight	0	1	-1	1	1	15000	0							2026-09-01 01:03:57
Dawnrise	Season 10 Freepick	48053	48053:862378:36	Lieutenant Thorne	16	862432	Combatant's Cloak of Intuition	0	1	-1	1	1	15000	0							2026-09-01 01:03:57
Dawnrise	Season 10 Freepick	48053	48053:862378:36	Lieutenant Thorne	17	862434	Combatant's Cloak of Proficiency	0	1	-1	1	1	15000	0							2026-09-01 01:03:57
Dawnrise	Season 10 Freepick	48053	48053:862378:36	Lieutenant Thorne	18	862436	Combatant's Cloak of Prowess	0	1	-1	1	1	15000	0							2026-09-01 01:03:57
Dawnrise	Season 10 Freepick	48053	48053:862378:36	Lieutenant Thorne	19	862438	Combatant's Cloak of Subjugation	0	1	-1	1	1	15000	0							2026-09-01 01:03:57
Dawnrise	Season 10 Freepick	48053	48053:862378:36	Lieutenant Thorne	20	862440	Combatant's Cloak of Sundering	0	1	-1	1	1	15000	0							2026-09-01 01:03:57
Dawnrise	Season 10 Freepick	48053	48053:862378:36	Lieutenant Thorne	21	862470	Combatant's Loop of Acumen	0	1	-1	1	1	15000	0							2026-09-01 01:03:57
Dawnrise	Season 10 Freepick	48053	48053:862378:36	Lieutenant Thorne	22	862472	Combatant's Loop of Alacrity	0	1	-1	1	1	15000	0							2026-09-01 01:03:57
Dawnrise	Season 10 Freepick	48053	48053:862378:36	Lieutenant Thorne	23	862474	Combatant's Loop of Bravery	0	1	-1	1	1	15000	0							2026-09-01 01:03:57
Dawnrise	Season 10 Freepick	48053	48053:862378:36	Lieutenant Thorne	24	862476	Combatant's Loop of Brawn	0	1	-1	1	1	15000	0							2026-09-01 01:03:57
Dawnrise	Season 10 Freepick	48053	48053:862378:36	Lieutenant Thorne	25	862480	Combatant's Loop of Insight	0	1	-1	1	1	15000	0							2026-09-01 01:03:57
Dawnrise	Season 10 Freepick	48053	48053:862378:36	Lieutenant Thorne	26	862482	Combatant's Loop of Intuition	0	1	-1	1	1	15000	0							2026-09-01 01:03:57
Dawnrise	Season 10 Freepick	48053	48053:862378:36	Lieutenant Thorne	27	862484	Combatant's Loop of Proficiency	0	1	-1	1	1	15000	0							2026-09-01 01:03:57
Dawnrise	Season 10 Freepick	48053	48053:862378:36	Lieutenant Thorne	28	862486	Combatant's Loop of Prowess	0	1	-1	1	1	15000	0							2026-09-01 01:03:57
Dawnrise	Season 10 Freepick	48053	48053:862378:36	Lieutenant Thorne	29	862488	Combatant's Loop of Subjugation	0	1	-1	1	1	15000	0							2026-09-01 01:03:57
Dawnrise	Season 10 Freepick	48053	48053:862378:36	Lieutenant Thorne	30	862490	Combatant's Loop of Sundering	0	1	-1	1	1	15000	0							2026-09-01 01:03:57
Dawnrise	Season 10 Freepick	48053	48053:862378:36	Lieutenant Thorne	31	1118864	Insignia of the Alliance	0	1	-1	1	1	10000	0							2026-09-01 01:03:57
Dawnrise	Season 10 Freepick	48053	48053:862378:36	Lieutenant Thorne	32	12135	Battlemaster's Fury	0	1	-1	1	1	20000	0							2026-09-01 01:03:57
Dawnrise	Season 10 Freepick	48053	48053:862378:36	Lieutenant Thorne	33	12136	Battlemaster's Might	0	1	-1	1	1	20000	0							2026-09-01 01:03:57
Dawnrise	Season 10 Freepick	48053	48053:862378:36	Lieutenant Thorne	34	12137	Battlemaster's Ruination	0	1	-1	1	1	20000	0							2026-09-01 01:03:57
Dawnrise	Season 10 Freepick	48053	48053:862378:36	Lieutenant Thorne	35	12138	Battlemaster's Wrath	0	1	-1	1	1	20000	0							2026-09-01 01:03:57
Dawnrise	Season 10 Freepick	48053	48053:862378:36	Lieutenant Thorne	36	12139	Battlemaster's Rage	0	1	-1	1	1	20000	0							2026-09-01 01:03:57
Dawnrise	Season 10 Freepick	48066	48066:862256:96	Vik "Angry" Smalls	1	862256	Captain's Mooncloth Crown	0	1	-1	1	1	0	1875							2026-09-01 01:04:07
Dawnrise	Season 10 Freepick	48066	48066:862256:96	Vik "Angry" Smalls	2	862262	Captain's Mooncloth Mantle	0	1	-1	1	1	0	1500							2026-09-01 01:04:07
Dawnrise	Season 10 Freepick	48066	48066:862256:96	Vik "Angry" Smalls	3	862264	Captain's Mooncloth Leggings	0	1	-1	1	1	0	1875							2026-09-01 01:04:07
Dawnrise	Season 10 Freepick	48066	48066:862256:96	Vik "Angry" Smalls	4	862266	Captain's Mooncloth Boots	0	1	-1	1	1	0	1200							2026-09-01 01:04:07
Dawnrise	Season 10 Freepick	48066	48066:862256:96	Vik "Angry" Smalls	5	862258	Captain's Mooncloth Mittens	0	1	-1	1	1	0	1200							2026-09-01 01:04:07
Dawnrise	Season 10 Freepick	48066	48066:862256:96	Vik "Angry" Smalls	6	862260	Captain's Mooncloth Robes	0	1	-1	1	1	0	1875							2026-09-01 01:04:07
Dawnrise	Season 10 Freepick	48066	48066:862256:96	Vik "Angry" Smalls	7	862304	Captain's Satin Hood	0	1	-1	1	1	0	1875							2026-09-01 01:04:07
Dawnrise	Season 10 Freepick	48066	48066:862256:96	Vik "Angry" Smalls	8	862310	Captain's Satin Mantle	0	1	-1	1	1	0	1500							2026-09-01 01:04:07
Dawnrise	Season 10 Freepick	48066	48066:862256:96	Vik "Angry" Smalls	9	862312	Captain's Satin Legguards	0	1	-1	1	1	0	1875							2026-09-01 01:04:07
Dawnrise	Season 10 Freepick	48066	48066:862256:96	Vik "Angry" Smalls	10	862314	Captain's Satin Walkers	0	1	-1	1	1	0	1200							2026-09-01 01:04:07
Dawnrise	Season 10 Freepick	48066	48066:862256:96	Vik "Angry" Smalls	11	862306	Captain's Satin Handwraps	0	1	-1	1	1	0	1200							2026-09-01 01:04:07
Dawnrise	Season 10 Freepick	48066	48066:862256:96	Vik "Angry" Smalls	12	862308	Captain's Satin Tunic	0	1	-1	1	1	0	1875							2026-09-01 01:04:07
Dawnrise	Season 10 Freepick	48066	48066:862256:96	Vik "Angry" Smalls	13	862292	Captain's Silk Cowl	0	1	-1	1	1	0	1875							2026-09-01 01:04:07
Dawnrise	Season 10 Freepick	48066	48066:862256:96	Vik "Angry" Smalls	14	862298	Captain's Silk Mantle	0	1	-1	1	1	0	1500							2026-09-01 01:04:07
Dawnrise	Season 10 Freepick	48066	48066:862256:96	Vik "Angry" Smalls	15	862300	Captain's Silk Legguards	0	1	-1	1	1	0	1875							2026-09-01 01:04:07
Dawnrise	Season 10 Freepick	48066	48066:862256:96	Vik "Angry" Smalls	16	862302	Captain's Silk Walkers	0	1	-1	1	1	0	1200							2026-09-01 01:04:07
Dawnrise	Season 10 Freepick	48066	48066:862256:96	Vik "Angry" Smalls	17	862294	Captain's Silk Handwraps	0	1	-1	1	1	0	1200							2026-09-01 01:04:07
Dawnrise	Season 10 Freepick	48066	48066:862256:96	Vik "Angry" Smalls	18	862296	Captain's Silk Tunic	0	1	-1	1	1	0	1875							2026-09-01 01:04:07
Dawnrise	Season 10 Freepick	48066	48066:862256:96	Vik "Angry" Smalls	19	862316	Captain's Dreadweave Cowl	0	1	-1	1	1	0	1875							2026-09-01 01:04:07
Dawnrise	Season 10 Freepick	48066	48066:862256:96	Vik "Angry" Smalls	20	862322	Captain's Dreadweave Spaulders	0	1	-1	1	1	0	1500							2026-09-01 01:04:07
Dawnrise	Season 10 Freepick	48066	48066:862256:96	Vik "Angry" Smalls	21	862324	Captain's Dreadweave Legguards	0	1	-1	1	1	0	1875							2026-09-01 01:04:07
Dawnrise	Season 10 Freepick	48066	48066:862256:96	Vik "Angry" Smalls	22	862326	Captain's Dreadweave Walkers	0	1	-1	1	1	0	1200							2026-09-01 01:04:07
Dawnrise	Season 10 Freepick	48066	48066:862256:96	Vik "Angry" Smalls	23	862318	Captain's Dreadweave Handwraps	0	1	-1	1	1	0	1200							2026-09-01 01:04:07
Dawnrise	Season 10 Freepick	48066	48066:862256:96	Vik "Angry" Smalls	24	862320	Captain's Dreadweave Tunic	0	1	-1	1	1	0	1875							2026-09-01 01:04:07
Dawnrise	Season 10 Freepick	48066	48066:862256:96	Vik "Angry" Smalls	25	862184	Captain's Felshroud Headdress	0	1	-1	1	1	0	1875							2026-09-01 01:04:07
Dawnrise	Season 10 Freepick	48066	48066:862256:96	Vik "Angry" Smalls	26	862190	Captain's Felshroud Shoulders	0	1	-1	1	1	0	1500							2026-09-01 01:04:07
Dawnrise	Season 10 Freepick	48066	48066:862256:96	Vik "Angry" Smalls	27	862192	Captain's Felshroud Leggings	0	1	-1	1	1	0	1875							2026-09-01 01:04:07
Dawnrise	Season 10 Freepick	48066	48066:862256:96	Vik "Angry" Smalls	28	862194	Captain's Felshroud Boots	0	1	-1	1	1	0	1200							2026-09-01 01:04:07
Dawnrise	Season 10 Freepick	48066	48066:862256:96	Vik "Angry" Smalls	29	862186	Captain's Felshroud Gloves	0	1	-1	1	1	0	1200							2026-09-01 01:04:07
Dawnrise	Season 10 Freepick	48066	48066:862256:96	Vik "Angry" Smalls	30	862188	Captain's Felshroud Robe	0	1	-1	1	1	0	1875							2026-09-01 01:04:07
Dawnrise	Season 10 Freepick	48066	48066:862256:96	Vik "Angry" Smalls	31	862328	Captain's Leather Helm	0	1	-1	1	1	0	1875							2026-09-01 01:04:07
Dawnrise	Season 10 Freepick	48066	48066:862256:96	Vik "Angry" Smalls	32	862332	Captain's Leather Shoulders	0	1	-1	1	1	0	1500							2026-09-01 01:04:07
Dawnrise	Season 10 Freepick	48066	48066:862256:96	Vik "Angry" Smalls	33	862334	Captain's Leather Chestpiece	0	1	-1	1	1	0	1875							2026-09-01 01:04:07
Dawnrise	Season 10 Freepick	48066	48066:862256:96	Vik "Angry" Smalls	34	862336	Captain's Leather Legguards	0	1	-1	1	1	0	1875							2026-09-01 01:04:07
Dawnrise	Season 10 Freepick	48066	48066:862256:96	Vik "Angry" Smalls	35	862338	Captain's Leather Walkers	0	1	-1	1	1	0	1200							2026-09-01 01:04:07
Dawnrise	Season 10 Freepick	48066	48066:862256:96	Vik "Angry" Smalls	36	862330	Captain's Leather Grips	0	1	-1	1	1	0	1200							2026-09-01 01:04:07
Dawnrise	Season 10 Freepick	48066	48066:862256:96	Vik "Angry" Smalls	37	862352	Captain's Dragonhide Headguard	0	1	-1	1	1	0	1875							2026-09-01 01:04:07
Dawnrise	Season 10 Freepick	48066	48066:862256:96	Vik "Angry" Smalls	38	862356	Captain's Dragonhide Shoulders	0	1	-1	1	1	0	1500							2026-09-01 01:04:07
Dawnrise	Season 10 Freepick	48066	48066:862256:96	Vik "Angry" Smalls	39	862358	Captain's Dragonhide Chestpiece	0	1	-1	1	1	0	1875							2026-09-01 01:04:07
Dawnrise	Season 10 Freepick	48066	48066:862256:96	Vik "Angry" Smalls	40	862360	Captain's Dragonhide Leggings	0	1	-1	1	1	0	1875							2026-09-01 01:04:07
Dawnrise	Season 10 Freepick	48066	48066:862256:96	Vik "Angry" Smalls	41	862362	Captain's Dragonhide Treads	0	1	-1	1	1	0	1200							2026-09-01 01:04:07
Dawnrise	Season 10 Freepick	48066	48066:862256:96	Vik "Angry" Smalls	42	862354	Captain's Dragonhide Grips	0	1	-1	1	1	0	1200							2026-09-01 01:04:07
Dawnrise	Season 10 Freepick	48066	48066:862256:96	Vik "Angry" Smalls	43	862196	Captain's Kodohide Helm	0	1	-1	1	1	0	1875							2026-09-01 01:04:07
Dawnrise	Season 10 Freepick	48066	48066:862256:96	Vik "Angry" Smalls	44	862200	Captain's Kodohide Spaulders	0	1	-1	1	1	0	1500							2026-09-01 01:04:07
Dawnrise	Season 10 Freepick	48066	48066:862256:96	Vik "Angry" Smalls	45	862202	Captain's Kodohide Hauberk	0	1	-1	1	1	0	1875							2026-09-01 01:04:07
Dawnrise	Season 10 Freepick	48066	48066:862256:96	Vik "Angry" Smalls	46	862204	Captain's Kodohide Pants	0	1	-1	1	1	0	1875							2026-09-01 01:04:07
Dawnrise	Season 10 Freepick	48066	48066:862256:96	Vik "Angry" Smalls	47	862206	Captain's Kodohide Boots	0	1	-1	1	1	0	1200							2026-09-01 01:04:07
Dawnrise	Season 10 Freepick	48066	48066:862256:96	Vik "Angry" Smalls	48	862198	Captain's Kodohide Gloves	0	1	-1	1	1	0	1200							2026-09-01 01:04:07
Dawnrise	Season 10 Freepick	48066	48066:862256:96	Vik "Angry" Smalls	49	862244	Captain's Wildhide Hood	0	1	-1	1	1	0	1875							2026-09-01 01:04:07
Dawnrise	Season 10 Freepick	48066	48066:862256:96	Vik "Angry" Smalls	50	862248	Captain's Wildhide Epaulets	0	1	-1	1	1	0	1500							2026-09-01 01:04:07
Dawnrise	Season 10 Freepick	48066	48066:862256:96	Vik "Angry" Smalls	51	862250	Captain's Wildhide Armor	0	1	-1	1	1	0	1875							2026-09-01 01:04:07
Dawnrise	Season 10 Freepick	48066	48066:862256:96	Vik "Angry" Smalls	52	862252	Captain's Wildhide Leggings	0	1	-1	1	1	0	1875							2026-09-01 01:04:07
Dawnrise	Season 10 Freepick	48066	48066:862256:96	Vik "Angry" Smalls	53	862254	Captain's Wildhide Walkers	0	1	-1	1	1	0	1200							2026-09-01 01:04:07
Dawnrise	Season 10 Freepick	48066	48066:862256:96	Vik "Angry" Smalls	54	862246	Captain's Wildhide Wraps	0	1	-1	1	1	0	1200							2026-09-01 01:04:07
Dawnrise	Season 10 Freepick	48066	48066:862256:96	Vik "Angry" Smalls	55	862340	Captain's Chain Helm	0	1	-1	1	1	0	1875							2026-09-01 01:04:07
Dawnrise	Season 10 Freepick	48066	48066:862256:96	Vik "Angry" Smalls	56	862344	Captain's Chain Shoulders	0	1	-1	1	1	0	1500							2026-09-01 01:04:07
Dawnrise	Season 10 Freepick	48066	48066:862256:96	Vik "Angry" Smalls	57	862346	Captain's Chain Hauberk	0	1	-1	1	1	0	1875							2026-09-01 01:04:07
Dawnrise	Season 10 Freepick	48066	48066:862256:96	Vik "Angry" Smalls	58	862348	Captain's Chain Legguards	0	1	-1	1	1	0	1875							2026-09-01 01:04:07
Dawnrise	Season 10 Freepick	48066	48066:862256:96	Vik "Angry" Smalls	59	862350	Captain's Chain Greaves	0	1	-1	1	1	0	1200							2026-09-01 01:04:07
Dawnrise	Season 10 Freepick	48066	48066:862256:96	Vik "Angry" Smalls	60	862342	Captain's Chain Vices	0	1	-1	1	1	0	1200							2026-09-01 01:04:07
Dawnrise	Season 10 Freepick	48066	48066:862256:96	Vik "Angry" Smalls	61	862280	Captain's Linked Headguard	0	1	-1	1	1	0	1875							2026-09-01 01:04:07
Dawnrise	Season 10 Freepick	48066	48066:862256:96	Vik "Angry" Smalls	62	862284	Captain's Linked Pauldrons	0	1	-1	1	1	0	1500							2026-09-01 01:04:07
Dawnrise	Season 10 Freepick	48066	48066:862256:96	Vik "Angry" Smalls	63	862286	Captain's Linked Hauberk	0	1	-1	1	1	0	1875							2026-09-01 01:04:07
Dawnrise	Season 10 Freepick	48066	48066:862256:96	Vik "Angry" Smalls	64	862288	Captain's Linked Legguards	0	1	-1	1	1	0	1875							2026-09-01 01:04:07
Dawnrise	Season 10 Freepick	48066	48066:862256:96	Vik "Angry" Smalls	65	862290	Captain's Linked Greaves	0	1	-1	1	1	0	1200							2026-09-01 01:04:07
Dawnrise	Season 10 Freepick	48066	48066:862256:96	Vik "Angry" Smalls	66	862282	Captain's Linked Vices	0	1	-1	1	1	0	1200							2026-09-01 01:04:07
Dawnrise	Season 10 Freepick	48066	48066:862256:96	Vik "Angry" Smalls	67	862208	Captain's Mail Helm	0	1	-1	1	1	0	1875							2026-09-01 01:04:07
Dawnrise	Season 10 Freepick	48066	48066:862256:96	Vik "Angry" Smalls	68	862212	Captain's Mail Shoulders	0	1	-1	1	1	0	1500							2026-09-01 01:04:07
Dawnrise	Season 10 Freepick	48066	48066:862256:96	Vik "Angry" Smalls	69	862214	Captain's Mail Armor	0	1	-1	1	1	0	1875							2026-09-01 01:04:07
Dawnrise	Season 10 Freepick	48066	48066:862256:96	Vik "Angry" Smalls	70	862216	Captain's Mail Pants	0	1	-1	1	1	0	1875							2026-09-01 01:04:07
Dawnrise	Season 10 Freepick	48066	48066:862256:96	Vik "Angry" Smalls	71	862218	Captain's Mail Boots	0	1	-1	1	1	0	1200							2026-09-01 01:04:07
Dawnrise	Season 10 Freepick	48066	48066:862256:96	Vik "Angry" Smalls	72	862210	Captain's Mail Gloves	0	1	-1	1	1	0	1200							2026-09-01 01:04:07
Dawnrise	Season 10 Freepick	48066	48066:862256:96	Vik "Angry" Smalls	73	862232	Captain's Ringmail Helmet	0	1	-1	1	1	0	1875							2026-09-01 01:04:07
Dawnrise	Season 10 Freepick	48066	48066:862256:96	Vik "Angry" Smalls	74	862236	Captain's Ringmail Mantle	0	1	-1	1	1	0	1500							2026-09-01 01:04:07
Dawnrise	Season 10 Freepick	48066	48066:862256:96	Vik "Angry" Smalls	75	862238	Captain's Ringmail Chestpiece	0	1	-1	1	1	0	1875							2026-09-01 01:04:07
Dawnrise	Season 10 Freepick	48066	48066:862256:96	Vik "Angry" Smalls	76	862240	Captain's Ringmail Leggings	0	1	-1	1	1	0	1875							2026-09-01 01:04:07
Dawnrise	Season 10 Freepick	48066	48066:862256:96	Vik "Angry" Smalls	77	862242	Captain's Ringmail Footwraps	0	1	-1	1	1	0	1200							2026-09-01 01:04:07
Dawnrise	Season 10 Freepick	48066	48066:862256:96	Vik "Angry" Smalls	78	862234	Captain's Ringmail Handwraps	0	1	-1	1	1	0	1200							2026-09-01 01:04:07
Dawnrise	Season 10 Freepick	48066	48066:862256:96	Vik "Angry" Smalls	79	862268	Captain's Plate Helmet	0	1	-1	1	1	0	1875							2026-09-01 01:04:07
Dawnrise	Season 10 Freepick	48066	48066:862256:96	Vik "Angry" Smalls	80	862272	Captain's Plate Shoulders	0	1	-1	1	1	0	1500							2026-09-01 01:04:07
Dawnrise	Season 10 Freepick	48066	48066:862256:96	Vik "Angry" Smalls	81	862274	Captain's Plate Hauberk	0	1	-1	1	1	0	1875							2026-09-01 01:04:07
Dawnrise	Season 10 Freepick	48066	48066:862256:96	Vik "Angry" Smalls	82	862276	Captain's Plate Leggings	0	1	-1	1	1	0	1875							2026-09-01 01:04:07
Dawnrise	Season 10 Freepick	48066	48066:862256:96	Vik "Angry" Smalls	83	862278	Captain's Plate Greaves	0	1	-1	1	1	0	1200							2026-09-01 01:04:07
Dawnrise	Season 10 Freepick	48066	48066:862256:96	Vik "Angry" Smalls	84	862270	Captain's Plate Gauntlets	0	1	-1	1	1	0	1200							2026-09-01 01:04:07
Dawnrise	Season 10 Freepick	48066	48066:862256:96	Vik "Angry" Smalls	85	862364	Captain's Lamellar Headguard	0	1	-1	1	1	0	1875							2026-09-01 01:04:07
Dawnrise	Season 10 Freepick	48066	48066:862256:96	Vik "Angry" Smalls	86	862368	Captain's Lamellar Shoulders	0	1	-1	1	1	0	1500							2026-09-01 01:04:07
Dawnrise	Season 10 Freepick	48066	48066:862256:96	Vik "Angry" Smalls	87	862370	Captain's Lamellar Breastplate	0	1	-1	1	1	0	1875							2026-09-01 01:04:07
Dawnrise	Season 10 Freepick	48066	48066:862256:96	Vik "Angry" Smalls	88	862372	Captain's Lamellar Leggings	0	1	-1	1	1	0	1875							2026-09-01 01:04:07
Dawnrise	Season 10 Freepick	48066	48066:862256:96	Vik "Angry" Smalls	89	862374	Captain's Lamellar Sabatons	0	1	-1	1	1	0	1200							2026-09-01 01:04:07
Dawnrise	Season 10 Freepick	48066	48066:862256:96	Vik "Angry" Smalls	90	862366	Captain's Lamellar Gauntlets	0	1	-1	1	1	0	1200							2026-09-01 01:04:07
Dawnrise	Season 10 Freepick	48066	48066:862256:96	Vik "Angry" Smalls	91	862220	Captain's Ornamented Helmet	0	1	-1	1	1	0	1875							2026-09-01 01:04:07
Dawnrise	Season 10 Freepick	48066	48066:862256:96	Vik "Angry" Smalls	92	862224	Captain's Ornamented Spaulders	0	1	-1	1	1	0	1500							2026-09-01 01:04:07
Dawnrise	Season 10 Freepick	48066	48066:862256:96	Vik "Angry" Smalls	93	862226	Captain's Ornamented Armor	0	1	-1	1	1	0	1875							2026-09-01 01:04:07
Dawnrise	Season 10 Freepick	48066	48066:862256:96	Vik "Angry" Smalls	94	862228	Captain's Ornamented Leggings	0	1	-1	1	1	0	1875							2026-09-01 01:04:07
Dawnrise	Season 10 Freepick	48066	48066:862256:96	Vik "Angry" Smalls	95	862230	Captain's Ornamented Boots	0	1	-1	1	1	0	1200							2026-09-01 01:04:07
Dawnrise	Season 10 Freepick	48066	48066:862256:96	Vik "Angry" Smalls	96	862222	Captain's Ornamented Gloves	0	1	-1	1	1	0	1200							2026-09-01 01:04:07
Dawnrise	Season 10 Freepick	48066	48066:862538:25	Vik "Angry" Smalls	1	862538	Captain's Sunderer	0	1	-1	1	1	0	3500							2026-09-01 01:04:09
Dawnrise	Season 10 Freepick	48066	48066:862538:25	Vik "Angry" Smalls	2	862406	Captain's Battle Hammer	0	1	-1	1	1	0	3500							2026-09-01 01:04:09
Dawnrise	Season 10 Freepick	48066	48066:862538:25	Vik "Angry" Smalls	3	862456	Captain's Glaive	0	1	-1	1	1	0	3500							2026-09-01 01:04:09
Dawnrise	Season 10 Freepick	48066	48066:862538:25	Vik "Angry" Smalls	4	862416	Captain's Claymore	0	1	-1	1	1	0	3500							2026-09-01 01:04:09
Dawnrise	Season 10 Freepick	48066	48066:862538:25	Vik "Angry" Smalls	5	862534	Captain's Stave	0	1	-1	1	1	0	3500							2026-09-01 01:04:09
Dawnrise	Season 10 Freepick	48066	48066:862538:25	Vik "Angry" Smalls	6	862454	Captain's Focus Staff	0	1	-1	1	1	0	3500							2026-09-01 01:04:09
Dawnrise	Season 10 Freepick	48066	48066:862538:25	Vik "Angry" Smalls	7	862554	Captain's Warhammer	0	1	-1	1	1	0	2450							2026-09-01 01:04:09
Dawnrise	Season 10 Freepick	48066	48066:862538:25	Vik "Angry" Smalls	8	862518	Captain's Salvation	0	1	-1	1	1	0	2450							2026-09-01 01:04:09
Dawnrise	Season 10 Freepick	48066	48066:862538:25	Vik "Angry" Smalls	9	862444	Captain's Conviction	0	1	-1	1	1	0	2450							2026-09-01 01:04:09
Dawnrise	Season 10 Freepick	48066	48066:862538:25	Vik "Angry" Smalls	10	862496	Captain's Mageblade	0	1	-1	1	1	0	2450							2026-09-01 01:04:09
Dawnrise	Season 10 Freepick	48066	48066:862538:25	Vik "Angry" Smalls	11	862462	Captain's Handaxe	0	1	-1	1	1	0	2450							2026-09-01 01:04:09
Dawnrise	Season 10 Freepick	48066	48066:862538:25	Vik "Angry" Smalls	12	862504	Captain's Punisher	0	1	-1	1	1	0	2450							2026-09-01 01:04:09
Dawnrise	Season 10 Freepick	48066	48066:862538:25	Vik "Angry" Smalls	13	862468	Captain's Longsword	0	1	-1	1	1	0	2450							2026-09-01 01:04:09
Dawnrise	Season 10 Freepick	48066	48066:862538:25	Vik "Angry" Smalls	14	862540	Captain's Swiftblade	0	1	-1	1	1	0	2450							2026-09-01 01:04:09
Dawnrise	Season 10 Freepick	48066	48066:862538:25	Vik "Angry" Smalls	15	862452	Captain's Dirk	0	1	-1	1	1	0	2450							2026-09-01 01:04:09
Dawnrise	Season 10 Freepick	48066	48066:862538:25	Vik "Angry" Smalls	16	862466	Captain's Left Hand Blade	0	1	-1	1	1	0	2450							2026-09-01 01:04:09
Dawnrise	Season 10 Freepick	48066	48066:862538:25	Vik "Angry" Smalls	17	862516	Captain's Right Hand Blade	0	1	-1	1	1	0	2450							2026-09-01 01:04:09
Dawnrise	Season 10 Freepick	48066	48066:862538:25	Vik "Angry" Smalls	18	862402	Captain's Barrier	0	1	-1	1	1	0	1050							2026-09-01 01:04:09
Dawnrise	Season 10 Freepick	48066	48066:862538:25	Vik "Angry" Smalls	19	862376	Captain's Aegis	0	1	-1	1	1	0	1050							2026-09-01 01:04:09
Dawnrise	Season 10 Freepick	48066	48066:862538:25	Vik "Angry" Smalls	20	862546	Captain's Tome of Power	0	1	-1	1	1	0	1050							2026-09-01 01:04:09
Dawnrise	Season 10 Freepick	48066	48066:862538:25	Vik "Angry" Smalls	21	862548	Captain's Tome of Restoration	0	1	-1	1	1	0	1050							2026-09-01 01:04:09
Dawnrise	Season 10 Freepick	48066	48066:862538:25	Vik "Angry" Smalls	22	862414	Captain's Bullseye	0	1	-1	1	1	0	1750							2026-09-01 01:04:09
Dawnrise	Season 10 Freepick	48066	48066:862538:25	Vik "Angry" Smalls	23	862460	Captain's Hand Cannon	0	1	-1	1	1	0	1750							2026-09-01 01:04:09
Dawnrise	Season 10 Freepick	48066	48066:862538:25	Vik "Angry" Smalls	24	862512	Captain's Repeater	0	1	-1	1	1	0	1750							2026-09-01 01:04:09
Dawnrise	Season 10 Freepick	48066	48066:862538:25	Vik "Angry" Smalls	25	862550	Captain's Touch of Hope	0	1	-1	1	1	0	1750							2026-09-01 01:04:09
Dawnrise	Season 10 Freepick	48066	48066:998531:22	Vik "Angry" Smalls	1	998531	Greater Contestant's Commendation	0	1	-1	1	1	0	100							2026-09-01 01:04:12
Dawnrise	Season 10 Freepick	48066	48066:998531:22	Vik "Angry" Smalls	2	1235070	Bloody Mark of War	0	1	-1	1	1	1000	0							2026-09-01 01:04:12
Dawnrise	Season 10 Freepick	48066	48066:998531:22	Vik "Angry" Smalls	3	1118865	Insignia of the Alliance	0	1	-1		1	0	50							2026-09-01 01:04:12
Dawnrise	Season 10 Freepick	48066	48066:998531:22	Vik "Angry" Smalls	4	12130	Battlemaster's Fury	0	1	-1		1	0	500	12135	1					2026-09-01 01:04:12
Dawnrise	Season 10 Freepick	48066	48066:998531:22	Vik "Angry" Smalls	5	12131	Battlemaster's Might	0	1	-1		1	0	500	12136	1					2026-09-01 01:04:12
Dawnrise	Season 10 Freepick	48066	48066:998531:22	Vik "Angry" Smalls	6	12132	Battlemaster's Ruination	0	1	-1		1	0	500	12137	1					2026-09-01 01:04:12
Dawnrise	Season 10 Freepick	48066	48066:998531:22	Vik "Angry" Smalls	7	12133	Battlemaster's Wrath	0	1	-1		1	0	500	12138	1					2026-09-01 01:04:12
Dawnrise	Season 10 Freepick	48066	48066:998531:22	Vik "Angry" Smalls	8	12134	Battlemaster's Rage	0	1	-1		1	0	500	12139	1					2026-09-01 01:04:12
Dawnrise	Season 10 Freepick	48066	48066:998531:22	Vik "Angry" Smalls	9	68492	Greater Inscription of Conquest	0	1	-1		1	0	500							2026-09-01 01:04:12
Dawnrise	Season 10 Freepick	48066	48066:998531:22	Vik "Angry" Smalls	10	68493	Greater Inscription of Supremacy	0	1	-1		1	0	500							2026-09-01 01:04:12
Dawnrise	Season 10 Freepick	48066	48066:998531:22	Vik "Angry" Smalls	11	68501	Mighty Arcanum of Dominance	0	1	-1		1	0	500							2026-09-01 01:04:12
Dawnrise	Season 10 Freepick	48066	48066:998531:22	Vik "Angry" Smalls	12	68503	Mighty Arcanum of Triumph	0	1	-1		1	0	500							2026-09-01 01:04:12
Dawnrise	Season 10 Freepick	48066	48066:998531:22	Vik "Angry" Smalls	13	68494	Soldier's Sharpening Stone	0	1	-1		1	0	1							2026-09-01 01:04:12
Dawnrise	Season 10 Freepick	48066	48066:998531:22	Vik "Angry" Smalls	14	68495	Soldier's Iron Grip	0	1	-1		1	0	1							2026-09-01 01:04:12
Dawnrise	Season 10 Freepick	48066	48066:998531:22	Vik "Angry" Smalls	15	68496	Soldier's Wizard Oil	0	1	-1		1	0	1							2026-09-01 01:04:12
Dawnrise	Season 10 Freepick	48066	48066:998531:22	Vik "Angry" Smalls	16	68497	Soldier's Sage Oil	0	1	-1		1	0	1							2026-09-01 01:04:12
Dawnrise	Season 10 Freepick	48066	48066:998531:22	Vik "Angry" Smalls	17	464750	Soldier's Strength Potion	0	1	-1		1	0	1							2026-09-01 01:04:12
Dawnrise	Season 10 Freepick	48066	48066:998531:22	Vik "Angry" Smalls	18	464751	Soldier's Agility Potion	0	1	-1		1	0	1							2026-09-01 01:04:12
Dawnrise	Season 10 Freepick	48066	48066:998531:22	Vik "Angry" Smalls	19	464752	Soldier's Spell Power Potion	0	1	-1		1	0	1							2026-09-01 01:04:12
Dawnrise	Season 10 Freepick	48066	48066:998531:22	Vik "Angry" Smalls	20	1203016	Soldier's Haste Potion	0	1	-1		1	0	1							2026-09-01 01:04:12
Dawnrise	Season 10 Freepick	48066	48066:998531:22	Vik "Angry" Smalls	21	1203014	Soldier's Healing Potion	0	1	-1		1	0	1							2026-09-01 01:04:12
Dawnrise	Season 10 Freepick	48066	48066:998531:22	Vik "Angry" Smalls	22	1203015	Soldier's Mana Potion	0	1	-1		1	0	1							2026-09-01 01:04:12
Dawnrise	Season 10 Freepick	112785	112785:18448:34	Sergeant Major Braeg	1	18448	Sergeant Major's Chain Armguards	0	1	-1	1	1	3000	0							2026-09-01 01:03:30
Dawnrise	Season 10 Freepick	112785	112785:18448:34	Sergeant Major Braeg	2	18449	Sergeant Major's Chain Armguards	0	1	-1	1	1	1000	0							2026-09-01 01:03:30
Dawnrise	Season 10 Freepick	112785	112785:18448:34	Sergeant Major Braeg	3	18454	Sergeant Major's Dragonhide Armsplints	0	1	-1	1	1	3000	0							2026-09-01 01:03:30
Dawnrise	Season 10 Freepick	112785	112785:18448:34	Sergeant Major Braeg	4	18455	Sergeant Major's Dragonhide Armsplints	0	1	-1	1	1	1000	0							2026-09-01 01:03:30
Dawnrise	Season 10 Freepick	112785	112785:18448:34	Sergeant Major Braeg	5	18452	Sergeant Major's Leather Armsplints	0	1	-1	1	1	3000	0							2026-09-01 01:03:30
Dawnrise	Season 10 Freepick	112785	112785:18448:34	Sergeant Major Braeg	6	18453	Sergeant Major's Leather Armsplints	0	1	-1	1	1	1000	0							2026-09-01 01:03:30
Dawnrise	Season 10 Freepick	112785	112785:18448:34	Sergeant Major Braeg	7	18445	Sergeant Major's Plate Wristguards	0	1	-1	1	1	3000	0							2026-09-01 01:03:30
Dawnrise	Season 10 Freepick	112785	112785:18448:34	Sergeant Major Braeg	8	18447	Sergeant Major's Plate Wristguards	0	1	-1	1	1	1000	0							2026-09-01 01:03:30
Dawnrise	Season 10 Freepick	112785	112785:18448:34	Sergeant Major Braeg	9	18456	Sergeant Major's Silk Cuffs	0	1	-1	1	1	3000	0							2026-09-01 01:03:30
Dawnrise	Season 10 Freepick	112785	112785:18448:34	Sergeant Major Braeg	10	18457	Sergeant Major's Silk Cuffs	0	1	-1	1	1	1000	0							2026-09-01 01:03:30
Dawnrise	Season 10 Freepick	112785	112785:18448:34	Sergeant Major Braeg	11	16342	Sergeant's Cape	0	1	-1	1	1	3000	0							2026-09-01 01:03:30
Dawnrise	Season 10 Freepick	112785	112785:18448:34	Sergeant Major Braeg	12	18440	Sergeant's Cape	0	1	-1	1	1	500	0							2026-09-01 01:03:30
Dawnrise	Season 10 Freepick	112785	112785:18448:34	Sergeant Major Braeg	13	18441	Sergeant's Cape	0	1	-1	1	1	1000	0							2026-09-01 01:03:30
Dawnrise	Season 10 Freepick	112785	112785:18448:34	Sergeant Major Braeg	14	18442	Master Sergeant's Insignia	0	1	-1	1	1	500	0							2026-09-01 01:03:30
Dawnrise	Season 10 Freepick	112785	112785:18448:34	Sergeant Major Braeg	15	18443	Master Sergeant's Insignia	0	1	-1	1	1	3000	0							2026-09-01 01:03:30
Dawnrise	Season 10 Freepick	112785	112785:18448:34	Sergeant Major Braeg	16	18444	Master Sergeant's Insignia	0	1	-1	1	1	1000	0							2026-09-01 01:03:30
Dawnrise	Season 10 Freepick	112785	112785:18448:34	Sergeant Major Braeg	17	18863	Insignia of the Alliance	5000	1	-1	1	0	0	0							2026-09-01 01:03:30
Dawnrise	Season 10 Freepick	112785	112785:18448:34	Sergeant Major Braeg	18	18864	Insignia of the Alliance	200000	1	-1	1	0	0	0							2026-09-01 01:03:30
Dawnrise	Season 10 Freepick	112785	112785:18448:34	Sergeant Major Braeg	19	383082	Ability Purge	0	1	-1	1	1	12000	0							2026-09-01 01:03:30
Dawnrise	Season 10 Freepick	112785	112785:18448:34	Sergeant Major Braeg	20	18606	Alliance Battle Standard	0	1	-1	1	1	15300	0							2026-09-01 01:03:30
Dawnrise	Season 10 Freepick	112785	112785:18448:34	Sergeant Major Braeg	21	1235070	Bloody Mark of War	0	1	-1	1	1	1000	0							2026-09-01 01:03:30
Dawnrise	Season 10 Freepick	112785	112785:18448:34	Sergeant Major Braeg	22	18839	Combat Healing Potion	1100	1	-1	1	1	1	0							2026-09-01 01:03:30
Dawnrise	Season 10 Freepick	112785	112785:18448:34	Sergeant Major Braeg	23	18841	Combat Mana Potion	1100	1	-1	1	1	1	0							2026-09-01 01:03:30
Dawnrise	Season 10 Freepick	112785	112785:18448:34	Sergeant Major Braeg	24	45706	Commendation of Bravery	0	1	-1	1	1	0	100							2026-09-01 01:03:30
Dawnrise	Season 10 Freepick	112785	112785:18448:34	Sergeant Major Braeg	25	449571	Lesser Inscription of the Battle Mage	0	1	-1	1	1	20000	0							2026-09-01 01:03:30
Dawnrise	Season 10 Freepick	112785	112785:18448:34	Sergeant Major Braeg	26	449570	Lesser Inscription of the Gladiator	0	1	-1	1	1	20000	0							2026-09-01 01:03:30
Dawnrise	Season 10 Freepick	112785	112785:18448:34	Sergeant Major Braeg	27	18675	Military Ranks of the Horde & Alliance	100	1	-1	1	0	0	0							2026-09-01 01:03:30
Dawnrise	Season 10 Freepick	112785	112785:18448:34	Sergeant Major Braeg	28	1101243	Scroll of Talent Unlearning	0	1	-1	1	1	2400	0							2026-09-01 01:03:30
Dawnrise	Season 10 Freepick	112785	112785:18448:34	Sergeant Major Braeg	29	32455	Star's Lament	6000	5	-1	1	0	0	0							2026-09-01 01:03:30
Dawnrise	Season 10 Freepick	112785	112785:18448:34	Sergeant Major Braeg	30	383083	Talent Purge	0	1	-1	1	1	6000	0							2026-09-01 01:03:30
Dawnrise	Season 10 Freepick	112785	112785:18448:34	Sergeant Major Braeg	31	106954	Tome of Specialization II	0	1	-1	1	1	68200	0							2026-09-01 01:03:30
Dawnrise	Season 10 Freepick	112785	112785:18448:34	Sergeant Major Braeg	32	97730	Worldforged Key Fragment	0	1	-1	1	1	10000	0							2026-09-01 01:03:30
Dawnrise	Season 10 Freepick	112785	112785:18448:34	Sergeant Major Braeg	33	15198	Knight's Colors	0	1	-1	1	1	20000	0							2026-09-01 01:03:30
Dawnrise	Season 10 Freepick	112785	112785:18448:34	Sergeant Major Braeg	34	15196	Private's Tabard	0	1	-1	1	1	15000	0							2026-09-01 01:03:30
Dawnrise	Season 10 Freepick	112785	112785:20088:79	Sergeant Major Braeg	1	20088	Highlander's Chain Girdle	0	1	-1	1	1	5400	0							2026-09-01 01:03:35
Dawnrise	Season 10 Freepick	112785	112785:20088:79	Sergeant Major Braeg	2	20089	Highlander's Chain Girdle	0	1	-1	1	1	1600	0							2026-09-01 01:03:35
Dawnrise	Season 10 Freepick	112785	112785:20088:79	Sergeant Major Braeg	3	20097	Highlander's Cloth Girdle	0	1	-1	1	1	5400	0							2026-09-01 01:03:35
Dawnrise	Season 10 Freepick	112785	112785:20088:79	Sergeant Major Braeg	4	20098	Highlander's Cloth Girdle	0	1	-1	1	1	1600	0							2026-09-01 01:03:35
Dawnrise	Season 10 Freepick	112785	112785:20088:79	Sergeant Major Braeg	5	20099	Highlander's Cloth Girdle	0	1	-1	1	1	1200	0							2026-09-01 01:03:35
Dawnrise	Season 10 Freepick	112785	112785:20088:79	Sergeant Major Braeg	6	20106	Highlander's Lamellar Girdle	0	1	-1	1	1	5400	0							2026-09-01 01:03:35
Dawnrise	Season 10 Freepick	112785	112785:20088:79	Sergeant Major Braeg	7	20107	Highlander's Lamellar Girdle	0	1	-1	1	1	1600	0							2026-09-01 01:03:35
Dawnrise	Season 10 Freepick	112785	112785:20088:79	Sergeant Major Braeg	8	20108	Highlander's Lamellar Girdle	0	1	-1	1	1	1200	0							2026-09-01 01:03:35
Dawnrise	Season 10 Freepick	112785	112785:20088:79	Sergeant Major Braeg	9	20115	Highlander's Leather Girdle	0	1	-1	1	1	5400	0							2026-09-01 01:03:35
Dawnrise	Season 10 Freepick	112785	112785:20088:79	Sergeant Major Braeg	10	20116	Highlander's Leather Girdle	0	1	-1	1	1	1600	0							2026-09-01 01:03:35
Dawnrise	Season 10 Freepick	112785	112785:20088:79	Sergeant Major Braeg	11	20117	Highlander's Leather Girdle	0	1	-1	1	1	1200	0							2026-09-01 01:03:35
Dawnrise	Season 10 Freepick	112785	112785:20088:79	Sergeant Major Braeg	12	20103	Highlander's Lizardhide Girdle	0	1	-1	1	1	5400	0							2026-09-01 01:03:35
Dawnrise	Season 10 Freepick	112785	112785:20088:79	Sergeant Major Braeg	13	20104	Highlander's Lizardhide Girdle	0	1	-1	1	1	1600	0							2026-09-01 01:03:35
Dawnrise	Season 10 Freepick	112785	112785:20088:79	Sergeant Major Braeg	14	20105	Highlander's Lizardhide Girdle	0	1	-1	1	1	1200	0							2026-09-01 01:03:35
Dawnrise	Season 10 Freepick	112785	112785:20088:79	Sergeant Major Braeg	15	20118	Highlander's Mail Girdle	0	1	-1	1	1	5400	0							2026-09-01 01:03:35
Dawnrise	Season 10 Freepick	112785	112785:20088:79	Sergeant Major Braeg	16	20119	Highlander's Mail Girdle	0	1	-1	1	1	1600	0							2026-09-01 01:03:35
Dawnrise	Season 10 Freepick	112785	112785:20088:79	Sergeant Major Braeg	17	20120	Highlander's Mail Girdle	0	1	-1	1	1	1200	0							2026-09-01 01:03:35
Dawnrise	Season 10 Freepick	112785	112785:20088:79	Sergeant Major Braeg	18	20126	Highlander's Mail Girdle	0	1	-1	1	1	1200	0							2026-09-01 01:03:35
Dawnrise	Season 10 Freepick	112785	112785:20088:79	Sergeant Major Braeg	19	20090	Highlander's Padded Girdle	0	1	-1	1	1	1200	0							2026-09-01 01:03:35
Dawnrise	Season 10 Freepick	112785	112785:20088:79	Sergeant Major Braeg	20	20124	Highlander's Plate Girdle	0	1	-1	1	1	5400	0							2026-09-01 01:03:35
Dawnrise	Season 10 Freepick	112785	112785:20088:79	Sergeant Major Braeg	21	20125	Highlander's Plate Girdle	0	1	-1	1	1	1600	0							2026-09-01 01:03:35
Dawnrise	Season 10 Freepick	112785	112785:20088:79	Sergeant Major Braeg	22	20091	Highlander's Chain Greaves	0	1	-1	1	1	5400	0							2026-09-01 01:03:35
Dawnrise	Season 10 Freepick	112785	112785:20088:79	Sergeant Major Braeg	23	20092	Highlander's Chain Greaves	0	1	-1	1	1	1600	0							2026-09-01 01:03:35
Dawnrise	Season 10 Freepick	112785	112785:20088:79	Sergeant Major Braeg	24	20094	Highlander's Cloth Boots	0	1	-1	1	1	5400	0							2026-09-01 01:03:35
Dawnrise	Season 10 Freepick	112785	112785:20088:79	Sergeant Major Braeg	25	20095	Highlander's Cloth Boots	0	1	-1	1	1	1600	0							2026-09-01 01:03:35
Dawnrise	Season 10 Freepick	112785	112785:20088:79	Sergeant Major Braeg	26	20096	Highlander's Cloth Boots	0	1	-1	1	1	1200	0							2026-09-01 01:03:35
Dawnrise	Season 10 Freepick	112785	112785:20088:79	Sergeant Major Braeg	27	20109	Highlander's Lamellar Greaves	0	1	-1	1	1	5400	0							2026-09-01 01:03:35
Dawnrise	Season 10 Freepick	112785	112785:20088:79	Sergeant Major Braeg	28	20110	Highlander's Lamellar Greaves	0	1	-1	1	1	1600	0							2026-09-01 01:03:35
Dawnrise	Season 10 Freepick	112785	112785:20088:79	Sergeant Major Braeg	29	20111	Highlander's Lamellar Greaves	0	1	-1	1	1	1200	0							2026-09-01 01:03:35
Dawnrise	Season 10 Freepick	112785	112785:20088:79	Sergeant Major Braeg	30	20112	Highlander's Leather Boots	0	1	-1	1	1	5400	0							2026-09-01 01:03:35
Dawnrise	Season 10 Freepick	112785	112785:20088:79	Sergeant Major Braeg	31	20113	Highlander's Leather Boots	0	1	-1	1	1	1600	0							2026-09-01 01:03:35
Dawnrise	Season 10 Freepick	112785	112785:20088:79	Sergeant Major Braeg	32	20114	Highlander's Leather Boots	0	1	-1	1	1	1200	0							2026-09-01 01:03:35
Dawnrise	Season 10 Freepick	112785	112785:20088:79	Sergeant Major Braeg	33	20100	Highlander's Lizardhide Boots	0	1	-1	1	1	5400	0							2026-09-01 01:03:35
Dawnrise	Season 10 Freepick	112785	112785:20088:79	Sergeant Major Braeg	34	20101	Highlander's Lizardhide Boots	0	1	-1	1	1	1600	0							2026-09-01 01:03:35
Dawnrise	Season 10 Freepick	112785	112785:20088:79	Sergeant Major Braeg	35	20102	Highlander's Lizardhide Boots	0	1	-1	1	1	1200	0							2026-09-01 01:03:35
Dawnrise	Season 10 Freepick	112785	112785:20088:79	Sergeant Major Braeg	36	20121	Highlander's Mail Greaves	0	1	-1	1	1	5400	0							2026-09-01 01:03:35
Dawnrise	Season 10 Freepick	112785	112785:20088:79	Sergeant Major Braeg	37	20122	Highlander's Mail Greaves	0	1	-1	1	1	1600	0							2026-09-01 01:03:35
Dawnrise	Season 10 Freepick	112785	112785:20088:79	Sergeant Major Braeg	38	20123	Highlander's Mail Greaves	0	1	-1	1	1	1200	0							2026-09-01 01:03:35
Dawnrise	Season 10 Freepick	112785	112785:20088:79	Sergeant Major Braeg	39	20129	Highlander's Mail Greaves	0	1	-1	1	1	1200	0							2026-09-01 01:03:35
Dawnrise	Season 10 Freepick	112785	112785:20088:79	Sergeant Major Braeg	40	20093	Highlander's Padded Greaves	0	1	-1	1	1	1200	0							2026-09-01 01:03:35
Dawnrise	Season 10 Freepick	112785	112785:20088:79	Sergeant Major Braeg	41	20127	Highlander's Plate Greaves	0	1	-1	1	1	5400	0							2026-09-01 01:03:35
Dawnrise	Season 10 Freepick	112785	112785:20088:79	Sergeant Major Braeg	42	20128	Highlander's Plate Greaves	0	1	-1	1	1	1600	0							2026-09-01 01:03:35
Dawnrise	Season 10 Freepick	112785	112785:20088:79	Sergeant Major Braeg	43	20073	Cloak of the Honor Guard	0	1	-1	1	1	49600	0							2026-09-01 01:03:35
Dawnrise	Season 10 Freepick	112785	112785:20088:79	Sergeant Major Braeg	44	20071	Talisman of Arathor	0	1	-1	1	1	18000	0							2026-09-01 01:03:35
Dawnrise	Season 10 Freepick	112785	112785:20088:79	Sergeant Major Braeg	45	21117	Talisman of Arathor	0	1	-1	1	1	5400	0							2026-09-01 01:03:35
Dawnrise	Season 10 Freepick	112785	112785:20088:79	Sergeant Major Braeg	46	21118	Talisman of Arathor	0	1	-1	1	1	1600	0							2026-09-01 01:03:35
Dawnrise	Season 10 Freepick	112785	112785:20088:79	Sergeant Major Braeg	47	21119	Talisman of Arathor	0	1	-1	1	1	1200	0							2026-09-01 01:03:35
Dawnrise	Season 10 Freepick	112785	112785:20088:79	Sergeant Major Braeg	48	20220	Ironbark Staff	0	1	-1	1	1	68200	0							2026-09-01 01:03:35
Dawnrise	Season 10 Freepick	112785	112785:20088:79	Sergeant Major Braeg	49	20214	Mindfang	0	1	-1	1	1	68200	0							2026-09-01 01:03:35
Dawnrise	Season 10 Freepick	112785	112785:20088:79	Sergeant Major Braeg	50	20225	Highlander's Enriched Ration	2000	5	-1	1	0	0	0							2026-09-01 01:03:35
Dawnrise	Season 10 Freepick	112785	112785:20088:79	Sergeant Major Braeg	51	20226	Highlander's Field Ration	1000	5	-1	1	0	0	0							2026-09-01 01:03:35
Dawnrise	Season 10 Freepick	112785	112785:20088:79	Sergeant Major Braeg	52	20227	Highlander's Iron Ration	1500	5	-1	1	0	0	0							2026-09-01 01:03:35
Dawnrise	Season 10 Freepick	112785	112785:20088:79	Sergeant Major Braeg	53	20237	Highlander's Mageweave Bandage	1500	5	-1		0	0	0							2026-09-01 01:03:35
Dawnrise	Season 10 Freepick	112785	112785:20088:79	Sergeant Major Braeg	54	20243	Highlander's Runecloth Bandage	2000	5	-1		0	0	0							2026-09-01 01:03:35
Dawnrise	Season 10 Freepick	112785	112785:20088:79	Sergeant Major Braeg	55	20244	Highlander's Silk Bandage	1000	5	-1		0	0	0							2026-09-01 01:03:35
Dawnrise	Season 10 Freepick	112785	112785:20088:79	Sergeant Major Braeg	56	17349	Superior Healing Draught	1100	1	-1	1	1	1	0							2026-09-01 01:03:35
Dawnrise	Season 10 Freepick	112785	112785:20088:79	Sergeant Major Braeg	57	17352	Superior Mana Draught	1100	1	-1	1	1	1	0							2026-09-01 01:03:35
Dawnrise	Season 10 Freepick	112785	112785:20088:79	Sergeant Major Braeg	58	20132	Arathor Battle Tabard	0	1	-1	1	1	12000	0							2026-09-01 01:03:35
Dawnrise	Season 10 Freepick	112785	112785:20088:79	Sergeant Major Braeg	59	20061	Highlander's Epaulets	0	1	-1	1	1	68200	0							2026-09-01 01:03:35
Dawnrise	Season 10 Freepick	112785	112785:20088:79	Sergeant Major Braeg	60	20047	Highlander's Cloth Girdle	0	1	-1	1	1	3000	0							2026-09-01 01:03:35
Dawnrise	Season 10 Freepick	112785	112785:20088:79	Sergeant Major Braeg	61	20054	Highlander's Cloth Boots	0	1	-1	1	1	3000	0							2026-09-01 01:03:35
Dawnrise	Season 10 Freepick	112785	112785:20088:79	Sergeant Major Braeg	62	20059	Highlander's Leather Shoulders	0	1	-1	1	1	68200	0							2026-09-01 01:03:35
Dawnrise	Season 10 Freepick	112785	112785:20088:79	Sergeant Major Braeg	63	20045	Highlander's Leather Girdle	0	1	-1	1	1	3000	0							2026-09-01 01:03:35
Dawnrise	Season 10 Freepick	112785	112785:20088:79	Sergeant Major Braeg	64	20052	Highlander's Leather Boots	0	1	-1	1	1	3000	0							2026-09-01 01:03:35
Dawnrise	Season 10 Freepick	112785	112785:20088:79	Sergeant Major Braeg	65	20060	Highlander's Lizardhide Shoulders	0	1	-1	1	1	68200	0							2026-09-01 01:03:35
Dawnrise	Season 10 Freepick	112785	112785:20088:79	Sergeant Major Braeg	66	20046	Highlander's Lizardhide Girdle	0	1	-1	1	1	3000	0							2026-09-01 01:03:35
Dawnrise	Season 10 Freepick	112785	112785:20088:79	Sergeant Major Braeg	67	20053	Highlander's Lizardhide Boots	0	1	-1	1	1	3000	0							2026-09-01 01:03:35
Dawnrise	Season 10 Freepick	112785	112785:20088:79	Sergeant Major Braeg	68	20055	Highlander's Chain Pauldrons	0	1	-1	1	1	68200	0							2026-09-01 01:03:35
Dawnrise	Season 10 Freepick	112785	112785:20088:79	Sergeant Major Braeg	69	20043	Highlander's Chain Girdle	0	1	-1	1	1	3000	0							2026-09-01 01:03:35
Dawnrise	Season 10 Freepick	112785	112785:20088:79	Sergeant Major Braeg	70	20050	Highlander's Chain Greaves	0	1	-1	1	1	3000	0							2026-09-01 01:03:35
Dawnrise	Season 10 Freepick	112785	112785:20088:79	Sergeant Major Braeg	71	20056	Highlander's Mail Pauldrons	0	1	-1	1	1	68200	0							2026-09-01 01:03:35
Dawnrise	Season 10 Freepick	112785	112785:20088:79	Sergeant Major Braeg	72	20044	Highlander's Mail Girdle	0	1	-1	1	1	3000	0							2026-09-01 01:03:35
Dawnrise	Season 10 Freepick	112785	112785:20088:79	Sergeant Major Braeg	73	20051	Highlander's Mail Greaves	0	1	-1	1	1	3000	0							2026-09-01 01:03:35
Dawnrise	Season 10 Freepick	112785	112785:20088:79	Sergeant Major Braeg	74	20057	Highlander's Plate Spaulders	0	1	-1	1	1	68200	0							2026-09-01 01:03:35
Dawnrise	Season 10 Freepick	112785	112785:20088:79	Sergeant Major Braeg	75	20041	Highlander's Plate Girdle	0	1	-1	1	1	3000	0							2026-09-01 01:03:35
Dawnrise	Season 10 Freepick	112785	112785:20088:79	Sergeant Major Braeg	76	20048	Highlander's Plate Greaves	0	1	-1	1	1	3000	0							2026-09-01 01:03:35
Dawnrise	Season 10 Freepick	112785	112785:20088:79	Sergeant Major Braeg	77	20058	Highlander's Lamellar Spaulders	0	1	-1	1	1	68200	0							2026-09-01 01:03:35
Dawnrise	Season 10 Freepick	112785	112785:20088:79	Sergeant Major Braeg	78	20042	Highlander's Lamellar Girdle	0	1	-1	1	1	3000	0							2026-09-01 01:03:35
Dawnrise	Season 10 Freepick	112785	112785:20088:79	Sergeant Major Braeg	79	20049	Highlander's Lamellar Greaves	0	1	-1	1	1	3000	0							2026-09-01 01:03:35
Dawnrise	Season 10 Freepick	112785	112785:22748:68	Sergeant Major Braeg	1	22748	Sentinel's Chain Leggings	0	1	-1	1	1	68200	0							2026-09-01 01:03:32
Dawnrise	Season 10 Freepick	112785	112785:22748:68	Sergeant Major Braeg	2	22753	Sentinel's Lamellar Legguards	0	1	-1	1	1	68200	0							2026-09-01 01:03:32
Dawnrise	Season 10 Freepick	112785	112785:22748:68	Sergeant Major Braeg	3	22749	Sentinel's Leather Pants	0	1	-1	1	1	68200	0							2026-09-01 01:03:32
Dawnrise	Season 10 Freepick	112785	112785:22748:68	Sergeant Major Braeg	4	22750	Sentinel's Lizardhide Pants	0	1	-1	1	1	68200	0							2026-09-01 01:03:32
Dawnrise	Season 10 Freepick	112785	112785:22748:68	Sergeant Major Braeg	5	30497	Sentinel's Mail Leggings	0	1	-1	1	1	68200	0							2026-09-01 01:03:32
Dawnrise	Season 10 Freepick	112785	112785:22748:68	Sergeant Major Braeg	6	22672	Sentinel's Plate Legguards	0	1	-1	1	1	68200	0							2026-09-01 01:03:32
Dawnrise	Season 10 Freepick	112785	112785:22748:68	Sergeant Major Braeg	7	22752	Sentinel's Silk Leggings	0	1	-1	1	1	68200	0							2026-09-01 01:03:32
Dawnrise	Season 10 Freepick	112785	112785:22748:68	Sergeant Major Braeg	8	212351	Berserker Bracers	0	1	-1	1	1	49600	0							2026-09-01 01:03:32
Dawnrise	Season 10 Freepick	112785	112785:22748:68	Sergeant Major Braeg	9	212354	Dryad's Wrist Bindings	0	1	-1	1	1	49600	0							2026-09-01 01:03:32
Dawnrise	Season 10 Freepick	112785	112785:22748:68	Sergeant Major Braeg	10	212357	Forest Stalker's Bracers	0	1	-1	1	1	49600	0							2026-09-01 01:03:32
Dawnrise	Season 10 Freepick	112785	112785:22748:68	Sergeant Major Braeg	11	212360	Windtalker's Wristguards	0	1	-1	1	1	49600	0							2026-09-01 01:03:32
Dawnrise	Season 10 Freepick	112785	112785:22748:68	Sergeant Major Braeg	12	19530	Caretaker's Cape	0	1	-1	1	1	5400	0							2026-09-01 01:03:32
Dawnrise	Season 10 Freepick	112785	112785:22748:68	Sergeant Major Braeg	13	19531	Caretaker's Cape	0	1	-1	1	1	1800	0							2026-09-01 01:03:32
Dawnrise	Season 10 Freepick	112785	112785:22748:68	Sergeant Major Braeg	14	19532	Caretaker's Cape	0	1	-1	1	1	1600	0							2026-09-01 01:03:32
Dawnrise	Season 10 Freepick	112785	112785:22748:68	Sergeant Major Braeg	15	19533	Caretaker's Cape	0	1	-1	1	1	1200	0							2026-09-01 01:03:32
Dawnrise	Season 10 Freepick	112785	112785:22748:68	Sergeant Major Braeg	16	20428	Caretaker's Cape	0	1	-1	1	1	750	0							2026-09-01 01:03:32
Dawnrise	Season 10 Freepick	112785	112785:22748:68	Sergeant Major Braeg	17	19538	Sentinel's Medallion	0	1	-1	1	1	5400	0							2026-09-01 01:03:32
Dawnrise	Season 10 Freepick	112785	112785:22748:68	Sergeant Major Braeg	18	19539	Sentinel's Medallion	0	1	-1	1	1	1800	0							2026-09-01 01:03:32
Dawnrise	Season 10 Freepick	112785	112785:22748:68	Sergeant Major Braeg	19	19540	Sentinel's Medallion	0	1	-1	1	1	1600	0							2026-09-01 01:03:32
Dawnrise	Season 10 Freepick	112785	112785:22748:68	Sergeant Major Braeg	20	19541	Sentinel's Medallion	0	1	-1	1	1	1200	0							2026-09-01 01:03:32
Dawnrise	Season 10 Freepick	112785	112785:22748:68	Sergeant Major Braeg	21	20444	Sentinel's Medallion	0	1	-1	1	1	750	0							2026-09-01 01:03:32
Dawnrise	Season 10 Freepick	112785	112785:22748:68	Sergeant Major Braeg	22	19522	Lorekeeper's Ring	0	1	-1	1	1	5400	0							2026-09-01 01:03:32
Dawnrise	Season 10 Freepick	112785	112785:22748:68	Sergeant Major Braeg	23	19523	Lorekeeper's Ring	0	1	-1	1	1	1800	0							2026-09-01 01:03:32
Dawnrise	Season 10 Freepick	112785	112785:22748:68	Sergeant Major Braeg	24	19524	Lorekeeper's Ring	0	1	-1	1	1	1600	0							2026-09-01 01:03:32
Dawnrise	Season 10 Freepick	112785	112785:22748:68	Sergeant Major Braeg	25	19525	Lorekeeper's Ring	0	1	-1	1	1	1200	0							2026-09-01 01:03:32
Dawnrise	Season 10 Freepick	112785	112785:22748:68	Sergeant Major Braeg	26	20431	Lorekeeper's Ring	0	1	-1	1	1	750	0							2026-09-01 01:03:32
Dawnrise	Season 10 Freepick	112785	112785:22748:68	Sergeant Major Braeg	27	19514	Protector's Band	0	1	-1	1	1	5400	0							2026-09-01 01:03:32
Dawnrise	Season 10 Freepick	112785	112785:22748:68	Sergeant Major Braeg	28	19515	Protector's Band	0	1	-1	1	1	1600	0							2026-09-01 01:03:32
Dawnrise	Season 10 Freepick	112785	112785:22748:68	Sergeant Major Braeg	29	19516	Protector's Band	0	1	-1	1	1	1800	0							2026-09-01 01:03:32
Dawnrise	Season 10 Freepick	112785	112785:22748:68	Sergeant Major Braeg	30	19517	Protector's Band	0	1	-1	1	1	1200	0							2026-09-01 01:03:32
Dawnrise	Season 10 Freepick	112785	112785:22748:68	Sergeant Major Braeg	31	20439	Protector's Band	0	1	-1	1	1	750	0							2026-09-01 01:03:32
Dawnrise	Season 10 Freepick	112785	112785:22748:68	Sergeant Major Braeg	32	212345	Rune of Duty	0	1	-1	1	1	750	0							2026-09-01 01:03:32
Dawnrise	Season 10 Freepick	112785	112785:22748:68	Sergeant Major Braeg	33	212346	Rune of Duty	0	1	-1	1	1	1600	0							2026-09-01 01:03:32
Dawnrise	Season 10 Freepick	112785	112785:22748:68	Sergeant Major Braeg	34	212347	Rune of Perfection	0	1	-1	1	1	750	0							2026-09-01 01:03:32
Dawnrise	Season 10 Freepick	112785	112785:22748:68	Sergeant Major Braeg	35	212348	Rune of Perfection	0	1	-1	1	1	1600	0							2026-09-01 01:03:32
Dawnrise	Season 10 Freepick	112785	112785:22748:68	Sergeant Major Braeg	36	215661	Rune of Perfection	0	1	-1	1	1	6000	0							2026-09-01 01:03:32
Dawnrise	Season 10 Freepick	112785	112785:22748:68	Sergeant Major Braeg	37	19570	Lorekeeper's Staff	0	1	-1	1	1	15000	0							2026-09-01 01:03:32
Dawnrise	Season 10 Freepick	112785	112785:22748:68	Sergeant Major Braeg	38	19571	Lorekeeper's Staff	0	1	-1	1	1	5400	0							2026-09-01 01:03:32
Dawnrise	Season 10 Freepick	112785	112785:22748:68	Sergeant Major Braeg	39	19572	Lorekeeper's Staff	0	1	-1	1	1	4800	0							2026-09-01 01:03:32
Dawnrise	Season 10 Freepick	112785	112785:22748:68	Sergeant Major Braeg	40	19573	Lorekeeper's Staff	0	1	-1	1	1	3600	0							2026-09-01 01:03:32
Dawnrise	Season 10 Freepick	112785	112785:22748:68	Sergeant Major Braeg	41	20434	Lorekeeper's Staff	0	1	-1	1	1	2250	0							2026-09-01 01:03:32
Dawnrise	Season 10 Freepick	112785	112785:22748:68	Sergeant Major Braeg	42	19554	Protector's Sword	0	1	-1	1	1	12000	0							2026-09-01 01:03:32
Dawnrise	Season 10 Freepick	112785	112785:22748:68	Sergeant Major Braeg	43	19555	Protector's Sword	0	1	-1	1	1	5400	0							2026-09-01 01:03:32
Dawnrise	Season 10 Freepick	112785	112785:22748:68	Sergeant Major Braeg	44	19556	Protector's Sword	0	1	-1	1	1	4800	0							2026-09-01 01:03:32
Dawnrise	Season 10 Freepick	112785	112785:22748:68	Sergeant Major Braeg	45	19557	Protector's Sword	0	1	-1	1	1	3600	0							2026-09-01 01:03:32
Dawnrise	Season 10 Freepick	112785	112785:22748:68	Sergeant Major Braeg	46	20440	Protector's Sword	0	1	-1	1	1	2250	0							2026-09-01 01:03:32
Dawnrise	Season 10 Freepick	112785	112785:22748:68	Sergeant Major Braeg	47	19546	Sentinel's Blade	0	1	-1	1	1	12000	0							2026-09-01 01:03:32
Dawnrise	Season 10 Freepick	112785	112785:22748:68	Sergeant Major Braeg	48	19547	Sentinel's Blade	0	1	-1	1	1	5400	0							2026-09-01 01:03:32
Dawnrise	Season 10 Freepick	112785	112785:22748:68	Sergeant Major Braeg	49	19548	Sentinel's Blade	0	1	-1	1	1	4800	0							2026-09-01 01:03:32
Dawnrise	Season 10 Freepick	112785	112785:22748:68	Sergeant Major Braeg	50	19549	Sentinel's Blade	0	1	-1	1	1	3600	0							2026-09-01 01:03:32
Dawnrise	Season 10 Freepick	112785	112785:22748:68	Sergeant Major Braeg	51	20443	Sentinel's Blade	0	1	-1	1	1	2250	0							2026-09-01 01:03:32
Dawnrise	Season 10 Freepick	112785	112785:22748:68	Sergeant Major Braeg	52	19562	Outrunner's Bow	0	1	-1	1	1	12000	0							2026-09-01 01:03:32
Dawnrise	Season 10 Freepick	112785	112785:22748:68	Sergeant Major Braeg	53	19563	Outrunner's Bow	0	1	-1	1	1	5400	0							2026-09-01 01:03:32
Dawnrise	Season 10 Freepick	112785	112785:22748:68	Sergeant Major Braeg	54	19564	Outrunner's Bow	0	1	-1	1	1	4800	0							2026-09-01 01:03:32
Dawnrise	Season 10 Freepick	112785	112785:22748:68	Sergeant Major Braeg	55	19565	Outrunner's Bow	0	1	-1	1	1	3600	0							2026-09-01 01:03:32
Dawnrise	Season 10 Freepick	112785	112785:22748:68	Sergeant Major Braeg	56	20438	Outrunner's Bow	0	1	-1	1	1	2250	0							2026-09-01 01:03:32
Dawnrise	Season 10 Freepick	112785	112785:22748:68	Sergeant Major Braeg	57	17348	Major Healing Draught	1500	1	-1	1	1	8	0							2026-09-01 01:03:32
Dawnrise	Season 10 Freepick	112785	112785:22748:68	Sergeant Major Braeg	58	17351	Major Mana Draught	1500	1	-1	1	1	8	0							2026-09-01 01:03:32
Dawnrise	Season 10 Freepick	112785	112785:22748:68	Sergeant Major Braeg	59	499987	Reins of the Silverwing Nightsaber	0	1	-1		1	68200	0							2026-09-01 01:03:32
Dawnrise	Season 10 Freepick	112785	112785:22748:68	Sergeant Major Braeg	60	17349	Superior Healing Draught	1100	1	-1	1	1	1	0							2026-09-01 01:03:32
Dawnrise	Season 10 Freepick	112785	112785:22748:68	Sergeant Major Braeg	61	17352	Superior Mana Draught	1100	1	-1	1	1	1	0							2026-09-01 01:03:32
Dawnrise	Season 10 Freepick	112785	112785:22748:68	Sergeant Major Braeg	62	19060	Warsong Gulch Enriched Ration	2000	5	-1	1	0	0	0							2026-09-01 01:03:32
Dawnrise	Season 10 Freepick	112785	112785:22748:68	Sergeant Major Braeg	63	19062	Warsong Gulch Field Ration	1000	5	-1	1	0	0	0							2026-09-01 01:03:32
Dawnrise	Season 10 Freepick	112785	112785:22748:68	Sergeant Major Braeg	64	19061	Warsong Gulch Iron Ration	1500	5	-1	1	0	0	0							2026-09-01 01:03:32
Dawnrise	Season 10 Freepick	112785	112785:22748:68	Sergeant Major Braeg	65	19067	Warsong Gulch Mageweave Bandage	1500	5	-1		0	0	0							2026-09-01 01:03:32
Dawnrise	Season 10 Freepick	112785	112785:22748:68	Sergeant Major Braeg	66	19066	Warsong Gulch Runecloth Bandage	2000	5	-1		0	0	0							2026-09-01 01:03:32
Dawnrise	Season 10 Freepick	112785	112785:22748:68	Sergeant Major Braeg	67	19068	Warsong Gulch Silk Bandage	1000	5	-1		0	0	0							2026-09-01 01:03:32
Dawnrise	Season 10 Freepick	112785	112785:22748:68	Sergeant Major Braeg	68	19506	Silverwing Battle Tabard	0	1	-1	1	1	12000	0							2026-09-01 01:03:32
Dawnrise	Season 10 Freepick	112785	112785:53870:35	Sergeant Major Braeg	1	53870	Stormpike Guard Commendation Badge	0	1	-1	1	1	2500	0							2026-09-01 01:03:37
Dawnrise	Season 10 Freepick	112785	112785:53870:35	Sergeant Major Braeg	2	19094	Stormpike Cloth Girdle	0	1	-1	1	1	3000	0							2026-09-01 01:03:37
Dawnrise	Season 10 Freepick	112785	112785:53870:35	Sergeant Major Braeg	3	19093	Stormpike Leather Girdle	0	1	-1	1	1	3000	0							2026-09-01 01:03:37
Dawnrise	Season 10 Freepick	112785	112785:53870:35	Sergeant Major Braeg	4	19092	Stormpike Mail Girdle	0	1	-1	1	1	3000	0							2026-09-01 01:03:37
Dawnrise	Season 10 Freepick	112785	112785:53870:35	Sergeant Major Braeg	5	19091	Stormpike Plate Girdle	0	1	-1	1	1	3000	0							2026-09-01 01:03:37
Dawnrise	Season 10 Freepick	112785	112785:53870:35	Sergeant Major Braeg	6	19086	Stormpike Sage's Cloak	0	1	-1	1	1	1600	0							2026-09-01 01:03:37
Dawnrise	Season 10 Freepick	112785	112785:53870:35	Sergeant Major Braeg	7	19084	Stormpike Soldier's Cloak	0	1	-1	1	1	1600	0							2026-09-01 01:03:37
Dawnrise	Season 10 Freepick	112785	112785:53870:35	Sergeant Major Braeg	8	19098	Stormpike Sage's Pendant	0	1	-1	1	1	1600	0							2026-09-01 01:03:37
Dawnrise	Season 10 Freepick	112785	112785:53870:35	Sergeant Major Braeg	9	19097	Stormpike Soldier's Pendant	0	1	-1	1	1	1600	0							2026-09-01 01:03:37
Dawnrise	Season 10 Freepick	112785	112785:53870:35	Sergeant Major Braeg	10	19325	Don Julio's Band	0	1	-1	1	1	2400	0							2026-09-01 01:03:37
Dawnrise	Season 10 Freepick	112785	112785:53870:35	Sergeant Major Braeg	11	21563	Don Rodrigo's Band	0	1	-1	1	1	2400	0							2026-09-01 01:03:37
Dawnrise	Season 10 Freepick	112785	112785:53870:35	Sergeant Major Braeg	12	19102	Crackling Staff	0	1	-1	1	1	7200	0							2026-09-01 01:03:37
Dawnrise	Season 10 Freepick	112785	112785:53870:35	Sergeant Major Braeg	13	19323	The Unstoppable Force	0	1	-1	1	1	7200	0							2026-09-01 01:03:37
Dawnrise	Season 10 Freepick	112785	112785:53870:35	Sergeant Major Braeg	14	19100	Electrified Dagger	0	1	-1	1	1	3600	0							2026-09-01 01:03:37
Dawnrise	Season 10 Freepick	112785	112785:53870:35	Sergeant Major Braeg	15	19104	Stormstrike Hammer	0	1	-1	1	1	3600	0							2026-09-01 01:03:37
Dawnrise	Season 10 Freepick	112785	112785:53870:35	Sergeant Major Braeg	16	19324	The Lobotomizer	0	1	-1	1	1	3600	0							2026-09-01 01:03:37
Dawnrise	Season 10 Freepick	112785	112785:53870:35	Sergeant Major Braeg	17	19321	The Immovable Object	0	1	-1	1	1	3600	0							2026-09-01 01:03:37
Dawnrise	Season 10 Freepick	112785	112785:53870:35	Sergeant Major Braeg	18	19312	Lei of the Lifegiver	0	1	-1	1	1	3600	0							2026-09-01 01:03:37
Dawnrise	Season 10 Freepick	112785	112785:53870:35	Sergeant Major Braeg	19	19315	Therazane's Touch	0	1	-1	1	1	3600	0							2026-09-01 01:03:37
Dawnrise	Season 10 Freepick	112785	112785:53870:35	Sergeant Major Braeg	20	19308	Tome of Arcane Domination	0	1	-1	1	1	3600	0							2026-09-01 01:03:37
Dawnrise	Season 10 Freepick	112785	112785:53870:35	Sergeant Major Braeg	21	19311	Tome of Fiery Arcana	0	1	-1	1	1	3600	0							2026-09-01 01:03:37
Dawnrise	Season 10 Freepick	112785	112785:53870:35	Sergeant Major Braeg	22	19309	Tome of Shadow Force	0	1	-1	1	1	3600	0							2026-09-01 01:03:37
Dawnrise	Season 10 Freepick	112785	112785:53870:35	Sergeant Major Braeg	23	19310	Tome of the Ice Lord	0	1	-1	1	1	3600	0							2026-09-01 01:03:37
Dawnrise	Season 10 Freepick	112785	112785:53870:35	Sergeant Major Braeg	24	19307	Alterac Heavy Runecloth Bandage	8000	20	-1		0	0	0							2026-09-01 01:03:37
Dawnrise	Season 10 Freepick	112785	112785:53870:35	Sergeant Major Braeg	25	19301	Alterac Manna Biscuit	7000	5	-1	1	0	0	0							2026-09-01 01:03:37
Dawnrise	Season 10 Freepick	112785	112785:53870:35	Sergeant Major Braeg	26	212374	Bottled Alterac Spring Water	5000	5	-1	1	0	0	0							2026-09-01 01:03:37
Dawnrise	Season 10 Freepick	112785	112785:53870:35	Sergeant Major Braeg	27	17348	Major Healing Draught	1500	1	-1	1	1	8	0							2026-09-01 01:03:37
Dawnrise	Season 10 Freepick	112785	112785:53870:35	Sergeant Major Braeg	28	17351	Major Mana Draught	1500	1	-1	1	1	8	0							2026-09-01 01:03:37
Dawnrise	Season 10 Freepick	112785	112785:53870:35	Sergeant Major Braeg	29	19030	Stormpike Battle Charger	0	1	-1	1	1	50000	0							2026-09-01 01:03:37
Dawnrise	Season 10 Freepick	112785	112785:53870:35	Sergeant Major Braeg	30	19045	Stormpike Battle Standard	0	1	-1	1	1	15000	0							2026-09-01 01:03:37
Dawnrise	Season 10 Freepick	112785	112785:53870:35	Sergeant Major Braeg	31	17349	Superior Healing Draught	1100	1	-1	1	1	1	0							2026-09-01 01:03:37
Dawnrise	Season 10 Freepick	112785	112785:53870:35	Sergeant Major Braeg	32	17352	Superior Mana Draught	1100	1	-1	1	1	1	0							2026-09-01 01:03:37
Dawnrise	Season 10 Freepick	112785	112785:53870:35	Sergeant Major Braeg	33	19320	Gnoll Skin Bandolier	0	1	-1	1	1	1600	0							2026-09-01 01:03:37
Dawnrise	Season 10 Freepick	112785	112785:53870:35	Sergeant Major Braeg	34	19319	Harpy Hide Quiver	0	1	-1	1	1	1600	0							2026-09-01 01:03:37
Dawnrise	Season 10 Freepick	112785	112785:53870:35	Sergeant Major Braeg	35	19032	Stormpike Battle Tabard	0	1	-1	1	1	15000	0							2026-09-01 01:03:37
Dawnrise	Season 10 Freepick	178081	178081	Chromie	1	818046	Potion of Experience	0	1	-1	1	1	0	0	975001	35					2026-09-01 00:40:47
Dawnrise	Season 10 Freepick	178081	178081	Chromie	2	818059	Aura of Experience	0	1	-1	1	1	0	0	975001	250					2026-09-01 00:40:47
Dawnrise	Season 10 Freepick	178081	178081:818046:2	Chromie	1	818046	Potion of Experience	0	1	-1	1	1	0	0	975001	35					2026-09-01 01:01:36
Dawnrise	Season 10 Freepick	178081	178081:818046:2	Chromie	2	818059	Aura of Experience	0	1	-1	1	1	0	0	975001	250					2026-09-01 01:01:36
Dawnrise	Season 10 Freepick	178081	178081:97279:120	Chromie	1	97279	Prestigious Battleplate of Winged Triumph	0	1	-1	1	1	0	0	90004	1000					2026-09-01 01:01:28
Dawnrise	Season 10 Freepick	178081	178081:97279:120	Chromie	2	97280	Prestigious Gauntlets of Winged Triumph	0	1	-1	1	1	0	0	90004	300					2026-09-01 01:01:28
Dawnrise	Season 10 Freepick	178081	178081:97279:120	Chromie	3	97281	Prestigious Faceguard of Winged Triumph	0	1	-1	1	1	0	0	90004	1000					2026-09-01 01:01:28
Dawnrise	Season 10 Freepick	178081	178081:97279:120	Chromie	4	97282	Prestigious Greaves of Winged Triumph	0	1	-1	1	1	0	0	90004	300					2026-09-01 01:01:28
Dawnrise	Season 10 Freepick	178081	178081:97279:120	Chromie	5	97283	Prestigious Mantle of Winged Triumph	0	1	-1	1	1	0	0	90004	1000					2026-09-01 01:01:28
Dawnrise	Season 10 Freepick	178081	178081:97279:120	Chromie	6	97295	Prestigious Bracers of Winged Triumph	0	1	-1	1	1	0	0	90004	300					2026-09-01 01:01:28
Dawnrise	Season 10 Freepick	178081	178081:97279:120	Chromie	7	97296	Prestigious Belt of Winged Triumph	0	1	-1	1	1	0	0	90004	300					2026-09-01 01:01:28
Dawnrise	Season 10 Freepick	178081	178081:97279:120	Chromie	8	97297	Prestigious Boots of Winged Triumph	0	1	-1	1	1	0	0	90004	300					2026-09-01 01:01:28
Dawnrise	Season 10 Freepick	178081	178081:97279:120	Chromie	9	97299	Bringer of Light	0	1	-1	1	1	0	0	90004	10000					2026-09-01 01:01:28
Dawnrise	Season 10 Freepick	178081	178081:97279:120	Chromie	10	1777039	Hand of Nilganihmaht	0	1	-1	1	1	0	0	90004	2500					2026-09-01 01:01:28
Dawnrise	Season 10 Freepick	178081	178081:97279:120	Chromie	11	1518202	Rethreaded Left Bear Claw	0	1	-1	1	1	0	0	90004	600					2026-09-01 01:01:28
Dawnrise	Season 10 Freepick	178081	178081:97279:120	Chromie	12	1518203	Rethreaded Right Bear Claw	0	1	-1	1	1	0	0	90004	600					2026-09-01 01:01:28
Dawnrise	Season 10 Freepick	178081	178081:97279:120	Chromie	13	1642896	Druid Idol of Agility	0	1	-1	1	1	0	0	90004	600					2026-09-01 01:01:28
Dawnrise	Season 10 Freepick	178081	178081:97279:120	Chromie	14	1642897	Druid Idol of Spells	0	1	-1	1	1	0	0	90004	600					2026-09-01 01:01:28
Dawnrise	Season 10 Freepick	178081	178081:97279:120	Chromie	15	1642898	Shaman Totem of Agility	0	1	-1	1	1	0	0	90004	600					2026-09-01 01:01:28
Dawnrise	Season 10 Freepick	178081	178081:97279:120	Chromie	16	1642899	Shaman Totem of Spells	0	1	-1	1	1	0	0	90004	600					2026-09-01 01:01:28
Dawnrise	Season 10 Freepick	178081	178081:97279:120	Chromie	17	1642900	Paladin Libram of Strength	0	1	-1	1	1	0	0	90004	600					2026-09-01 01:01:28
Dawnrise	Season 10 Freepick	178081	178081:97279:120	Chromie	18	1642901	Paladin Libram of Healing	0	1	-1	1	1	0	0	90004	600					2026-09-01 01:01:28
Dawnrise	Season 10 Freepick	178081	178081:97279:120	Chromie	19	1642902	Thrown Axe of the Executioner	0	1	-1	1	1	0	0	90004	600					2026-09-01 01:01:28
Dawnrise	Season 10 Freepick	178081	178081:97279:120	Chromie	20	1642944	Balanced Heartseeker	0	1	-1	1	1	0	0	90004	600					2026-09-01 01:01:28
Dawnrise	Season 10 Freepick	178081	178081:97279:120	Chromie	21	1642945	Venerable Dal'Rend's Sacred Charge	0	1	-1	1	1	0	0	90004	600					2026-09-01 01:01:28
Dawnrise	Season 10 Freepick	178081	178081:97279:120	Chromie	22	1642948	Devout Aurastone Hammer	0	1	-1	1	1	0	0	90004	600					2026-09-01 01:01:28
Dawnrise	Season 10 Freepick	178081	178081:97279:120	Chromie	23	1644091	Sharpened Scarlet Kris	0	1	-1	1	1	0	0	90004	600					2026-09-01 01:01:28
Dawnrise	Season 10 Freepick	178081	178081:97279:120	Chromie	24	1644094	The Blessed Hammer of Grace	0	1	-1	1	1	0	0	90004	600					2026-09-01 01:01:28
Dawnrise	Season 10 Freepick	178081	178081:97279:120	Chromie	25	1644096	Battleworn Thrash Blade	0	1	-1	1	1	0	0	90004	600					2026-09-01 01:01:28
Dawnrise	Season 10 Freepick	178081	178081:97279:120	Chromie	26	1648716	Venerable Mass of McGowan	0	1	-1	1	1	0	0	90004	600					2026-09-01 01:01:28
Dawnrise	Season 10 Freepick	178081	178081:97279:120	Chromie	27	3140350	Urn of Aspiring Light	0	1	-1	1	1	0	0	90004	600					2026-09-01 01:01:28
Dawnrise	Season 10 Freepick	178081	178081:97279:120	Chromie	28	3148335	Polished Observer's Shield	0	1	-1	1	1	0	0	90004	600					2026-09-01 01:01:28
Dawnrise	Season 10 Freepick	178081	178081:97279:120	Chromie	29	1642846	Wand of the Forgotten Lich	0	1	-1	1	1	0	0	90004	1000					2026-09-01 01:01:28
Dawnrise	Season 10 Freepick	178081	178081:97279:120	Chromie	30	1642943	Bloodied Arcanite Reaper	0	1	-1	1	1	0	0	90004	1000					2026-09-01 01:01:28
Dawnrise	Season 10 Freepick	178081	178081:97279:120	Chromie	31	1642946	Charmed Ancient Bone Bow	0	1	-1	1	1	0	0	90004	1000					2026-09-01 01:01:28
Dawnrise	Season 10 Freepick	178081	178081:97279:120	Chromie	32	1642947	Dignified Headmaster's Charge	0	1	-1	1	1	0	0	90004	1000					2026-09-01 01:01:28
Dawnrise	Season 10 Freepick	178081	178081:97279:120	Chromie	33	1642999	Ancient Crossbow	0	1	-1	1	1	0	0	90004	1000					2026-09-01 01:01:28
Dawnrise	Season 10 Freepick	178081	178081:97279:120	Chromie	34	1644092	Reforged Truesilver Champion	0	1	-1	1	1	0	0	90004	1000					2026-09-01 01:01:28
Dawnrise	Season 10 Freepick	178081	178081:97279:120	Chromie	35	1644093	Upgraded Dwarven Hand Cannon	0	1	-1	1	1	0	0	90004	1000					2026-09-01 01:01:28
Dawnrise	Season 10 Freepick	178081	178081:97279:120	Chromie	36	1644095	Grand Staff of Jordan	0	1	-1	1	1	0	0	90004	1000					2026-09-01 01:01:28
Dawnrise	Season 10 Freepick	178081	178081:97279:120	Chromie	37	1648718	Repurposed Lava Dredger	0	1	-1	1	1	0	0	90004	1000					2026-09-01 01:01:28
Dawnrise	Season 10 Freepick	178081	178081:97279:120	Chromie	38	3142943	Sturdied Arcanite Spear	0	1	-1	1	1	0	0	90004	1000					2026-09-01 01:01:28
Dawnrise	Season 10 Freepick	178081	178081:97279:120	Chromie	39	1642991	Swift Hand of Justice	0	1	-1	1	1	0	0	90004	500					2026-09-01 01:01:28
Dawnrise	Season 10 Freepick	178081	178081:97279:120	Chromie	40	1642992	Discerning Eye of the Beast	0	1	-1	1	1	0	0	90004	500					2026-09-01 01:01:28
Dawnrise	Season 10 Freepick	178081	178081:97279:120	Chromie	41	1644097	Inherited Insignia of the Horde	0	1	-1	1	1	0	0	90004	500					2026-09-01 01:01:28
Dawnrise	Season 10 Freepick	178081	178081:97279:120	Chromie	42	1644098	Inherited Insignia of the Alliance	0	1	-1	1	1	0	0	90004	500					2026-09-01 01:01:28
Dawnrise	Season 10 Freepick	178081	178081:97279:120	Chromie	43	1642949	Polished Spaulders of Valor	0	1	-1	1	1	0	0	90004	800					2026-09-01 01:01:28
Dawnrise	Season 10 Freepick	178081	178081:97279:120	Chromie	44	1642950	Champion Herod's Shoulder	0	1	-1	1	1	0	0	90004	800					2026-09-01 01:01:28
Dawnrise	Season 10 Freepick	178081	178081:97279:120	Chromie	45	1642951	Mystical Pauldrons of Elements	0	1	-1	1	1	0	0	90004	800					2026-09-01 01:01:28
Dawnrise	Season 10 Freepick	178081	178081:97279:120	Chromie	46	1642952	Stained Shadowcraft Spaulders	0	1	-1	1	1	0	0	90004	800					2026-09-01 01:01:28
Dawnrise	Season 10 Freepick	178081	178081:97279:120	Chromie	47	1642984	Preened Ironfeather Shoulders	0	1	-1	1	1	0	0	90004	800					2026-09-01 01:01:28
Dawnrise	Season 10 Freepick	178081	178081:97279:120	Chromie	48	1642985	Tattered Dreadmist Mantle	0	1	-1	1	1	0	0	90004	800					2026-09-01 01:01:28
Dawnrise	Season 10 Freepick	178081	178081:97279:120	Chromie	49	1644099	Strengthened Stockade Pauldrons	0	1	-1	1	1	0	0	90004	800					2026-09-01 01:01:28
Dawnrise	Season 10 Freepick	178081	178081:97279:120	Chromie	50	1644100	Pristine Lightforge Spaulders	0	1	-1	1	1	0	0	90004	800					2026-09-01 01:01:28
Dawnrise	Season 10 Freepick	178081	178081:97279:120	Chromie	51	1644101	Prized Beastmaster's Mantle	0	1	-1	1	1	0	0	90004	800					2026-09-01 01:01:28
Dawnrise	Season 10 Freepick	178081	178081:97279:120	Chromie	52	1644102	Aged Pauldrons of The Five Thunders	0	1	-1	1	1	0	0	90004	800					2026-09-01 01:01:28
Dawnrise	Season 10 Freepick	178081	178081:97279:120	Chromie	53	1644103	Exceptional Stormshroud Shoulders	0	1	-1	1	1	0	0	90004	800					2026-09-01 01:01:28
Dawnrise	Season 10 Freepick	178081	178081:97279:120	Chromie	54	1644105	Lasting Feralheart Spaulders	0	1	-1	1	1	0	0	90004	800					2026-09-01 01:01:28
Dawnrise	Season 10 Freepick	178081	178081:97279:120	Chromie	55	1644107	Exquisite Sunderseer Mantle	0	1	-1	1	1	0	0	90004	800					2026-09-01 01:01:28
Dawnrise	Season 10 Freepick	178081	178081:97279:120	Chromie	56	3142949	Burnished Spaulders of Might	0	1	-1	1	1	0	0	90004	800					2026-09-01 01:01:28
Dawnrise	Season 10 Freepick	178081	178081:97279:120	Chromie	57	1648677	Champion's Deathdealer Breastplate	0	1	-1	1	1	0	0	90004	1200					2026-09-01 01:01:28
Dawnrise	Season 10 Freepick	178081	178081:97279:120	Chromie	58	1648683	Mystical Vest of Elements	0	1	-1	1	1	0	0	90004	1200					2026-09-01 01:01:28
Dawnrise	Season 10 Freepick	178081	178081:97279:120	Chromie	59	1648685	Polished Breastplate of Valor	0	1	-1	1	1	0	0	90004	1200					2026-09-01 01:01:28
Dawnrise	Season 10 Freepick	178081	178081:97279:120	Chromie	60	1648687	Preened Ironfeather Breastplate	0	1	-1	1	1	0	0	90004	1200					2026-09-01 01:01:28
Dawnrise	Season 10 Freepick	178081	178081:97279:120	Chromie	61	1648689	Stained Shadowcraft Tunic	0	1	-1	1	1	0	0	90004	1200					2026-09-01 01:01:28
Dawnrise	Season 10 Freepick	178081	178081:97279:120	Chromie	62	1648691	Tattered Dreadmist Robe	0	1	-1	1	1	0	0	90004	1200					2026-09-01 01:01:28
Dawnrise	Season 10 Freepick	178081	178081:97279:120	Chromie	63	3148685	Burnished Breastplate of Might	0	1	-1	1	1	0	0	90004	1200					2026-09-01 01:01:28
Dawnrise	Season 10 Freepick	178081	178081:97279:120	Chromie	64	1339120	Tattered Dreadmist Hood	0	1	-1	1	1	0	0	90004	375					2026-09-01 01:01:28
Dawnrise	Season 10 Freepick	178081	178081:97279:120	Chromie	65	1339121	Stained Shadowcraft Hood	0	1	-1	1	1	0	0	90004	375					2026-09-01 01:01:28
Dawnrise	Season 10 Freepick	178081	178081:97279:120	Chromie	66	1339122	Preened Ironfeather Headguard	0	1	-1	1	1	0	0	90004	375					2026-09-01 01:01:28
Dawnrise	Season 10 Freepick	178081	178081:97279:120	Chromie	67	1339123	Mystical Helm of Elements	0	1	-1	1	1	0	0	90004	375					2026-09-01 01:01:28
Dawnrise	Season 10 Freepick	178081	178081:97279:120	Chromie	68	1339124	Champion Herod's Helmet	0	1	-1	1	1	0	0	90004	375					2026-09-01 01:01:28
Dawnrise	Season 10 Freepick	178081	178081:97279:120	Chromie	69	1339125	Polished Helmet of Valor	0	1	-1	1	1	0	0	90004	375					2026-09-01 01:01:28
Dawnrise	Season 10 Freepick	178081	178081:97279:120	Chromie	70	1339126	Burnished Helmet of Might	0	1	-1	1	1	0	0	90004	375					2026-09-01 01:01:28
Dawnrise	Season 10 Freepick	178081	178081:97279:120	Chromie	71	1339076	Pendant of the Warrior	0	1	-1	1	1	0	0	90004	225					2026-09-01 01:01:28
Dawnrise	Season 10 Freepick	178081	178081:97279:120	Chromie	72	1339077	Pendant of the Sorcerer	0	1	-1	1	1	0	0	90004	225					2026-09-01 01:01:28
Dawnrise	Season 10 Freepick	178081	178081:97279:120	Chromie	73	1339078	Pendant of the Bulwark	0	1	-1	1	1	0	0	90004	225					2026-09-01 01:01:28
Dawnrise	Season 10 Freepick	178081	178081:97279:120	Chromie	74	1339092	Tattered Dreadmist Belt	0	1	-1	1	1	0	0	90004	375					2026-09-01 01:01:28
Dawnrise	Season 10 Freepick	178081	178081:97279:120	Chromie	75	1339093	Stained Shadowcraft Belt	0	1	-1	1	1	0	0	90004	375					2026-09-01 01:01:28
Dawnrise	Season 10 Freepick	178081	178081:97279:120	Chromie	76	1339094	Preened Ironfeather Belt	0	1	-1	1	1	0	0	90004	375					2026-09-01 01:01:28
Dawnrise	Season 10 Freepick	178081	178081:97279:120	Chromie	77	1339095	Mystical Belt of Elements	0	1	-1	1	1	0	0	90004	375					2026-09-01 01:01:28
Dawnrise	Season 10 Freepick	178081	178081:97279:120	Chromie	78	1339096	Champion Herod's Belt	0	1	-1	1	1	0	0	90004	375					2026-09-01 01:01:28
Dawnrise	Season 10 Freepick	178081	178081:97279:120	Chromie	79	1339097	Polished Belt of Valor	0	1	-1	1	1	0	0	90004	375					2026-09-01 01:01:28
Dawnrise	Season 10 Freepick	178081	178081:97279:120	Chromie	80	1339098	Burnished Belt of Might	0	1	-1	1	1	0	0	90004	375					2026-09-01 01:01:28
Dawnrise	Season 10 Freepick	178081	178081:97279:120	Chromie	81	1339113	Tattered Dreadmist Leggings	0	1	-1	1	1	0	0	90004	600					2026-09-01 01:01:28
Dawnrise	Season 10 Freepick	178081	178081:97279:120	Chromie	82	1339114	Stained Shadowcraft Pants	0	1	-1	1	1	0	0	90004	600					2026-09-01 01:01:28
Dawnrise	Season 10 Freepick	178081	178081:97279:120	Chromie	83	1339115	Preened Ironfeather Legguards	0	1	-1	1	1	0	0	90004	600					2026-09-01 01:01:28
Dawnrise	Season 10 Freepick	178081	178081:97279:120	Chromie	84	1339116	Mystical Kilt of Elements	0	1	-1	1	1	0	0	90004	600					2026-09-01 01:01:28
Dawnrise	Season 10 Freepick	178081	178081:97279:120	Chromie	85	1339117	Champion Herod's Legguards	0	1	-1	1	1	0	0	90004	600					2026-09-01 01:01:28
Dawnrise	Season 10 Freepick	178081	178081:97279:120	Chromie	86	1339118	Polished Platelegs of Valor	0	1	-1	1	1	0	0	90004	600					2026-09-01 01:01:28
Dawnrise	Season 10 Freepick	178081	178081:97279:120	Chromie	87	1339119	Burnished Platelegs of Might	0	1	-1	1	1	0	0	90004	600					2026-09-01 01:01:28
Dawnrise	Season 10 Freepick	178081	178081:97279:120	Chromie	88	1339099	Tattered Dreadmist Boots	0	1	-1	1	1	0	0	90004	375					2026-09-01 01:01:28
Dawnrise	Season 10 Freepick	178081	178081:97279:120	Chromie	89	1339100	Stained Shadowcraft Boots	0	1	-1	1	1	0	0	90004	375					2026-09-01 01:01:28
Dawnrise	Season 10 Freepick	178081	178081:97279:120	Chromie	90	1339101	Preened Ironfeather Boots	0	1	-1	1	1	0	0	90004	375					2026-09-01 01:01:28
Dawnrise	Season 10 Freepick	178081	178081:97279:120	Chromie	91	1339102	Mystical Boots of Elements	0	1	-1	1	1	0	0	90004	375					2026-09-01 01:01:28
Dawnrise	Season 10 Freepick	178081	178081:97279:120	Chromie	92	1339103	Champion Herod's Boots	0	1	-1	1	1	0	0	90004	375					2026-09-01 01:01:28
Dawnrise	Season 10 Freepick	178081	178081:97279:120	Chromie	93	1339104	Polished Boots of Valor	0	1	-1	1	1	0	0	90004	375					2026-09-01 01:01:28
Dawnrise	Season 10 Freepick	178081	178081:97279:120	Chromie	94	1339105	Burnished Boots of Might	0	1	-1	1	1	0	0	90004	375					2026-09-01 01:01:28
Dawnrise	Season 10 Freepick	178081	178081:97279:120	Chromie	95	1339106	Tattered Dreadmist Bracers	0	1	-1	1	1	0	0	90004	375					2026-09-01 01:01:28
Dawnrise	Season 10 Freepick	178081	178081:97279:120	Chromie	96	1339107	Stained Shadowcraft Bracers	0	1	-1	1	1	0	0	90004	375					2026-09-01 01:01:28
Dawnrise	Season 10 Freepick	178081	178081:97279:120	Chromie	97	1339108	Preened Ironfeather Bracers	0	1	-1	1	1	0	0	90004	375					2026-09-01 01:01:28
Dawnrise	Season 10 Freepick	178081	178081:97279:120	Chromie	98	1339109	Mystical Bracers of Elements	0	1	-1	1	1	0	0	90004	375					2026-09-01 01:01:28
Dawnrise	Season 10 Freepick	178081	178081:97279:120	Chromie	99	1339110	Champion Herod's Bracers	0	1	-1	1	1	0	0	90004	375					2026-09-01 01:01:28
Dawnrise	Season 10 Freepick	178081	178081:97279:120	Chromie	100	1339111	Polished Bracers of Valor	0	1	-1	1	1	0	0	90004	375					2026-09-01 01:01:28
Dawnrise	Season 10 Freepick	178081	178081:97279:120	Chromie	101	1339112	Burnished Bracers of Might	0	1	-1	1	1	0	0	90004	375					2026-09-01 01:01:28
Dawnrise	Season 10 Freepick	178081	178081:97279:120	Chromie	102	1339127	Tattered Dreadmist Gloves	0	1	-1	1	1	0	0	90004	225					2026-09-01 01:01:28
Dawnrise	Season 10 Freepick	178081	178081:97279:120	Chromie	103	1339128	Stained Shadowcraft Gloves	0	1	-1	1	1	0	0	90004	225					2026-09-01 01:01:28
Dawnrise	Season 10 Freepick	178081	178081:97279:120	Chromie	104	1339129	Preened Ironfeather Gloves	0	1	-1	1	1	0	0	90004	225					2026-09-01 01:01:28
Dawnrise	Season 10 Freepick	178081	178081:97279:120	Chromie	105	1339130	Mystical Gloves of Elements	0	1	-1	1	1	0	0	90004	225					2026-09-01 01:01:28
Dawnrise	Season 10 Freepick	178081	178081:97279:120	Chromie	106	1339131	Champion Herod's Gloves	0	1	-1	1	1	0	0	90004	225					2026-09-01 01:01:28
Dawnrise	Season 10 Freepick	178081	178081:97279:120	Chromie	107	1339132	Polished Gauntlets of Valor	0	1	-1	1	1	0	0	90004	225					2026-09-01 01:01:28
Dawnrise	Season 10 Freepick	178081	178081:97279:120	Chromie	108	1339133	Burnished Gauntlets of Might	0	1	-1	1	1	0	0	90004	225					2026-09-01 01:01:28
Dawnrise	Season 10 Freepick	178081	178081:97279:120	Chromie	109	1339079	Ring of the Vanguard	0	1	-1	1	1	0	0	90004	225					2026-09-01 01:01:28
Dawnrise	Season 10 Freepick	178081	178081:97279:120	Chromie	110	1339080	Ring of the Sorcerer	0	1	-1	1	1	0	0	90004	225					2026-09-01 01:01:28
Dawnrise	Season 10 Freepick	178081	178081:97279:120	Chromie	111	1339081	Ring of the Bulwark	0	1	-1	1	1	0	0	90004	225					2026-09-01 01:01:28
Dawnrise	Season 10 Freepick	178081	178081:97279:120	Chromie	112	1339082	Ring of the Lionhearted	0	1	-1	1	1	0	0	90004	225					2026-09-01 01:01:28
Dawnrise	Season 10 Freepick	178081	178081:97279:120	Chromie	113	1339083	Ring of the Seer	0	1	-1	1	1	0	0	90004	225					2026-09-01 01:01:28
Dawnrise	Season 10 Freepick	178081	178081:97279:120	Chromie	114	1339084	Champion's Deathdealer Cloak	0	1	-1	1	1	0	0	90004	375					2026-09-01 01:01:28
Dawnrise	Season 10 Freepick	178081	178081:97279:120	Chromie	115	1339085	Polished Cloak of Valor	0	1	-1	1	1	0	0	90004	375					2026-09-01 01:01:28
Dawnrise	Season 10 Freepick	178081	178081:97279:120	Chromie	116	1339086	Tattered Dreadmist Cloak	0	1	-1	1	1	0	0	90004	375					2026-09-01 01:01:28
Dawnrise	Season 10 Freepick	178081	178081:97279:120	Chromie	117	1339087	Strengthened Cloak of Might	0	1	-1	1	1	0	0	90004	375					2026-09-01 01:01:28
Dawnrise	Season 10 Freepick	178081	178081:97279:120	Chromie	118	1339088	Stained Shadowcraft Cloak	0	1	-1	1	1	0	0	90004	375					2026-09-01 01:01:28
Dawnrise	Season 10 Freepick	178081	178081:97279:120	Chromie	119	1339089	Preened Ironfeather Cloak	0	1	-1	1	1	0	0	90004	375					2026-09-01 01:01:28
Dawnrise	Season 10 Freepick	178081	178081:97279:120	Chromie	120	1339090	Mystical Cloak of Elements	0	1	-1	1	1	0	0	90004	375					2026-09-01 01:01:28
Dawnrise	Season 10 Freepick	179538	179538	Millhouse Manastorm	1	2903513	Mechanical Mystic Altar	0	1	-1	1	1	0	0	1297307	3000					2026-09-01 00:39:38
Dawnrise	Season 10 Freepick	179538	179538:2903513:1	Millhouse Manastorm	1	2903513	Mechanical Mystic Altar	0	1	-1	1	1	0	0	1297307	3000					2026-09-01 01:05:36
Dawnrise	Season 10 Freepick	179538	179538:53834:34	Millhouse Manastorm	1	53834	Empty Heart Container	0	1	-1	1	1	0	0	1297307	200					2026-09-01 01:05:34
Dawnrise	Season 10 Freepick	179538	179538:53834:34	Millhouse Manastorm	2	427920	Millhouse's Goggles of Imminent Peril	0	1	-1	1	1	0	0	1297307	200					2026-09-01 01:05:34
Dawnrise	Season 10 Freepick	179538	179538:53834:34	Millhouse Manastorm	3	453836	Millhouse Mixtape	0	1	-1	1	1	0	0	1297307	500					2026-09-01 01:05:34
Dawnrise	Season 10 Freepick	179538	179538:53834:34	Millhouse Manastorm	4	509890	Manastorm's Duplicator	0	1	-1	1	1	0	0	1297307	500					2026-09-01 01:05:34
Dawnrise	Season 10 Freepick	179538	179538:53834:34	Millhouse Manastorm	5	980060	Beastmaster's Whistle: Pink Elekk	0	1	-1	1	1	0	0	1297307	500					2026-09-01 01:05:34
Dawnrise	Season 10 Freepick	179538	179538:53834:34	Millhouse Manastorm	6	233223	Millhouse's Mystical Transportation Device	0	1	-1	1	1	0	0	1297307	1500					2026-09-01 01:05:34
Dawnrise	Season 10 Freepick	179538	179538:53834:34	Millhouse Manastorm	7	532570	Pip	0	1	-1	1	1	0	0	1297307	1500					2026-09-01 01:05:34
Dawnrise	Season 10 Freepick	179538	179538:53834:34	Millhouse Manastorm	8	532571	Boomer	0	1	-1	1	1	0	0	1297307	1500					2026-09-01 01:05:34
Dawnrise	Season 10 Freepick	179538	179538:53834:34	Millhouse Manastorm	9	236415	Celestial Glitterplume	0	1	-1	1	1	0	0	1297307	5000					2026-09-01 01:05:34
Dawnrise	Season 10 Freepick	179538	179538:53834:34	Millhouse Manastorm	10	309907	Recalibrator Pylon	0	1	-1	1	1	0	0	1297307	500					2026-09-01 01:05:34
Dawnrise	Season 10 Freepick	179538	179538:53834:34	Millhouse Manastorm	11	439040	Tinkertrot	0	1	-1	1	1	0	0	1297307	5000					2026-09-01 01:05:34
Dawnrise	Season 10 Freepick	179538	179538:53834:34	Millhouse Manastorm	12	532577	Dazzling Rod	0	1	-1	1	1	0	0	1297307	5000					2026-09-01 01:05:34
Dawnrise	Season 10 Freepick	179538	179538:53834:34	Millhouse Manastorm	13	69078	Purple Desert Satin Cord	0	1	-1	1	1	0	0	1297307	2000					2026-09-01 01:05:34
Dawnrise	Season 10 Freepick	179538	179538:53834:34	Millhouse Manastorm	14	69079	Purple Desert Satin Treads	0	1	-1	1	1	0	0	1297307	2000					2026-09-01 01:05:34
Dawnrise	Season 10 Freepick	179538	179538:53834:34	Millhouse Manastorm	15	69080	Purple Desert Satin Tunic	0	1	-1	1	1	0	0	1297307	2000					2026-09-01 01:05:34
Dawnrise	Season 10 Freepick	179538	179538:53834:34	Millhouse Manastorm	16	69081	Purple Desert Satin Gloves	0	1	-1	1	1	0	0	1297307	2000					2026-09-01 01:05:34
Dawnrise	Season 10 Freepick	179538	179538:53834:34	Millhouse Manastorm	17	69082	Purple Desert Satin Hood	0	1	-1	1	1	0	0	1297307	2000					2026-09-01 01:05:34
Dawnrise	Season 10 Freepick	179538	179538:53834:34	Millhouse Manastorm	18	69083	Purple Desert Satin Leggings	0	1	-1	1	1	0	0	1297307	2000					2026-09-01 01:05:34
Dawnrise	Season 10 Freepick	179538	179538:53834:34	Millhouse Manastorm	19	69084	Purple Desert Satin Robe	0	1	-1	1	1	0	0	1297307	2000					2026-09-01 01:05:34
Dawnrise	Season 10 Freepick	179538	179538:53834:34	Millhouse Manastorm	20	69085	Purple Desert Satin Mantle	0	1	-1	1	1	0	0	1297307	2000					2026-09-01 01:05:34
Dawnrise	Season 10 Freepick	179538	179538:53834:34	Millhouse Manastorm	21	69086	Purple Desert Satin Cuffs	0	1	-1	1	1	0	0	1297307	2000					2026-09-01 01:05:34
Dawnrise	Season 10 Freepick	179538	179538:53834:34	Millhouse Manastorm	22	98451	Purple Desert Satin Skirt	0	1	-1	1	1	0	0	1297307	2000					2026-09-01 01:05:34
Dawnrise	Season 10 Freepick	179538	179538:53834:34	Millhouse Manastorm	23	280760	S.A.V.I.O.R	0	1	-1	1	1	0	0	1297307	8000					2026-09-01 01:05:34
Dawnrise	Season 10 Freepick	179538	179538:53834:34	Millhouse Manastorm	24	350411	Alchemist's Brewing Staff	0	1	-1	1	1	0	0	1297307	8000					2026-09-01 01:05:34
Dawnrise	Season 10 Freepick	179538	179538:53834:34	Millhouse Manastorm	25	532572	Steel Spinner	0	1	-1	1	1	0	0	1297307	8000					2026-09-01 01:05:34
Dawnrise	Season 10 Freepick	179538	179538:53834:34	Millhouse Manastorm	26	532573	Gnomefeaster	0	1	-1	1	1	0	0	1297307	8000					2026-09-01 01:05:34
Dawnrise	Season 10 Freepick	179538	179538:53834:34	Millhouse Manastorm	27	1611123	Void Forged Sword	0	1	-1	1	1	0	0	1297307	8000					2026-09-01 01:05:34
Dawnrise	Season 10 Freepick	179538	179538:53834:34	Millhouse Manastorm	28	532578	Beastmaster's Whistle: Doberman MK III	0	1	-1	1	1	0	0	1297307	12500					2026-09-01 01:05:34
Dawnrise	Season 10 Freepick	179538	179538:53834:34	Millhouse Manastorm	29	532579	Elemental Lodestone: Bound Water Elemental	0	1	-1	1	1	0	0	1297307	12500					2026-09-01 01:05:34
Dawnrise	Season 10 Freepick	179538	179538:53834:34	Millhouse Manastorm	30	532575	Transform: S.A.V.I.O.R	0	1	-1	1	1	0	0	1297307	15000					2026-09-01 01:05:34
Dawnrise	Season 10 Freepick	179538	179538:53834:34	Millhouse Manastorm	31	532576	Chromatic Actuator	0	1	-1	1	1	0	0	1297307	15000					2026-09-01 01:05:34
Dawnrise	Season 10 Freepick	179538	179538:53834:34	Millhouse Manastorm	32	428236	Reins of Silvershine Sentinel	0	1	-1	1	1	0	0	1297307	20000					2026-09-01 01:05:34
Dawnrise	Season 10 Freepick	179538	179538:53834:34	Millhouse Manastorm	33	532580	Rusted Keys to the Junkheap Drifter	0	1	-1	1	1	0	0	1297307	20000					2026-09-01 01:05:34
Dawnrise	Season 10 Freepick	179538	179538:53834:34	Millhouse Manastorm	34	754706	Incarnation: Silvershine Sentinel	0	1	-1	1	1	0	0	1297307	22000					2026-09-01 01:05:34
Dawnrise	Season 10 Freepick	179539	179539	Cogsworth	1	439057	Interrupt Rod (Rank 2)	0	1	-1	1	1	0	0	1297308	12500					2026-09-01 00:39:43
Dawnrise	Season 10 Freepick	179539	179539	Cogsworth	2	99271	Hearty Heal Upgrade (Rank 3)	0	1	-1	1	1	0	0	1297308	20000					2026-09-01 00:39:43
Dawnrise	Season 10 Freepick	179539	179539	Cogsworth	3	339033	Curing (Rank 1)	0	1	-1	1	1	0	0	1297308	7500					2026-09-01 00:39:43
Dawnrise	Season 10 Freepick	179539	179539	Cogsworth	4	339074	Motion Lotion (Rank 1)	0	1	-1	1	1	0	0	1297308	7500					2026-09-01 00:39:43
Dawnrise	Season 10 Freepick	179539	179539	Cogsworth	5	439030	Cleanse (Rank 2)	0	1	-1	1	1	0	0	1297308	12500					2026-09-01 00:39:43
Dawnrise	Season 10 Freepick	179539	179539	Cogsworth	6	539031	Purification (Rank 2)	0	1	-1	1	1	0	0	1297308	12500					2026-09-01 00:39:43
Dawnrise	Season 10 Freepick	179539	179539	Cogsworth	7	99290	Freedom Fizz (Rank 1)	0	1	-1	1	1	0	0	1297308	7500					2026-09-01 00:39:43
Dawnrise	Season 10 Freepick	179539	179539	Cogsworth	8	339050	Sprint Serum (Rank 1)	0	1	-1	1	1	0	0	1297308	7500					2026-09-01 00:39:43
Dawnrise	Season 10 Freepick	179539	179539	Cogsworth	9	1300186	Millhouse Mobility Mixture (Upgrade Rank 1)	0	1	-1	1	1	0	0	1297308	12500					2026-09-01 00:39:43
Dawnrise	Season 10 Freepick	179539	179539	Cogsworth	10	339077	Taunting Tonic (Rank 1)	0	1	-1	1	1	0	0	1297308	15000					2026-09-01 00:39:43
Dawnrise	Season 10 Freepick	179539	179539	Cogsworth	11	339034	Muscle Maxer (Rank 1)	0	1	-1	1	1	0	0	1297308	15000					2026-09-01 00:39:43
Dawnrise	Season 10 Freepick	179539	179539	Cogsworth	12	339035	Genius Juice (Rank 1)	0	1	-1	1	1	0	0	1297308	15000					2026-09-01 00:39:43
Dawnrise	Season 10 Freepick	179539	179539	Cogsworth	13	339037	Reflex Booster (Rank 1)	0	1	-1	1	1	0	0	1297308	15000					2026-09-01 00:39:43
Dawnrise	Season 10 Freepick	179539	179539	Cogsworth	14	339036	Chakra Chug (Rank 1)	0	1	-1	1	1	0	0	1297308	15000					2026-09-01 00:39:43
Dawnrise	Season 10 Freepick	179539	179539	Cogsworth	15	339063	Incantation Intensifier (Rank 1)	0	1	-1	1	1	0	0	1297308	20000					2026-09-01 00:39:43
Dawnrise	Season 10 Freepick	179539	179539	Cogsworth	16	339070	Long Haul Liquid (Rank 1)	0	1	-1	1	1	0	0	1297308	20000					2026-09-01 00:39:43
Dawnrise	Season 10 Freepick	179539	179539	Cogsworth	17	339071	Harm Repellant Remedy (Rank 1)	0	1	-1	1	1	0	0	1297308	20000					2026-09-01 00:39:43
Dawnrise	Season 10 Freepick	179539	179539	Cogsworth	18	339072	Rage Rush Solution (Rank 1)	0	1	-1	1	1	0	0	1297308	20000					2026-09-01 00:39:43
Dawnrise	Season 10 Freepick	179539	179539	Cogsworth	19	439124	Purge-O-Matic	0	1	-1	1	1	0	0	1297308	10000					2026-09-01 00:39:43
Dawnrise	Season 10 Freepick	179539	179539	Cogsworth	20	339042	Frogduck Morph Machine	0	1	-1	1	1	0	0	1297308	10000					2026-09-01 00:39:43
Dawnrise	Season 10 Freepick	179539	179539	Cogsworth	21	339062	Tiny Ticking Time-Bomb	0	1	-1	1	1	0	0	1297308	30000					2026-09-01 00:39:43
Dawnrise	Season 10 Freepick	179539	179539:439057:21	Cogsworth	1	439057	Interrupt Rod (Rank 2)	0	1	-1	1	1	0	0	1297308	12500					2026-09-01 01:05:38
Dawnrise	Season 10 Freepick	179539	179539:439057:21	Cogsworth	2	99271	Hearty Heal Upgrade (Rank 3)	0	1	-1	1	1	0	0	1297308	20000					2026-09-01 01:05:38
Dawnrise	Season 10 Freepick	179539	179539:439057:21	Cogsworth	3	339033	Curing (Rank 1)	0	1	-1	1	1	0	0	1297308	7500					2026-09-01 01:05:38
Dawnrise	Season 10 Freepick	179539	179539:439057:21	Cogsworth	4	339074	Motion Lotion (Rank 1)	0	1	-1	1	1	0	0	1297308	7500					2026-09-01 01:05:38
Dawnrise	Season 10 Freepick	179539	179539:439057:21	Cogsworth	5	439030	Cleanse (Rank 2)	0	1	-1	1	1	0	0	1297308	12500					2026-09-01 01:05:38
Dawnrise	Season 10 Freepick	179539	179539:439057:21	Cogsworth	6	539031	Purification (Rank 2)	0	1	-1	1	1	0	0	1297308	12500					2026-09-01 01:05:38
Dawnrise	Season 10 Freepick	179539	179539:439057:21	Cogsworth	7	99290	Freedom Fizz (Rank 1)	0	1	-1	1	1	0	0	1297308	7500					2026-09-01 01:05:38
Dawnrise	Season 10 Freepick	179539	179539:439057:21	Cogsworth	8	339050	Sprint Serum (Rank 1)	0	1	-1	1	1	0	0	1297308	7500					2026-09-01 01:05:38
Dawnrise	Season 10 Freepick	179539	179539:439057:21	Cogsworth	9	1300186	Millhouse Mobility Mixture (Upgrade Rank 1)	0	1	-1	1	1	0	0	1297308	12500					2026-09-01 01:05:38
Dawnrise	Season 10 Freepick	179539	179539:439057:21	Cogsworth	10	339077	Taunting Tonic (Rank 1)	0	1	-1	1	1	0	0	1297308	15000					2026-09-01 01:05:38
Dawnrise	Season 10 Freepick	179539	179539:439057:21	Cogsworth	11	339034	Muscle Maxer (Rank 1)	0	1	-1	1	1	0	0	1297308	15000					2026-09-01 01:05:38
Dawnrise	Season 10 Freepick	179539	179539:439057:21	Cogsworth	12	339035	Genius Juice (Rank 1)	0	1	-1	1	1	0	0	1297308	15000					2026-09-01 01:05:38
Dawnrise	Season 10 Freepick	179539	179539:439057:21	Cogsworth	13	339037	Reflex Booster (Rank 1)	0	1	-1	1	1	0	0	1297308	15000					2026-09-01 01:05:38
Dawnrise	Season 10 Freepick	179539	179539:439057:21	Cogsworth	14	339036	Chakra Chug (Rank 1)	0	1	-1	1	1	0	0	1297308	15000					2026-09-01 01:05:38
Dawnrise	Season 10 Freepick	179539	179539:439057:21	Cogsworth	15	339063	Incantation Intensifier (Rank 1)	0	1	-1	1	1	0	0	1297308	20000					2026-09-01 01:05:38
Dawnrise	Season 10 Freepick	179539	179539:439057:21	Cogsworth	16	339070	Long Haul Liquid (Rank 1)	0	1	-1	1	1	0	0	1297308	20000					2026-09-01 01:05:38
Dawnrise	Season 10 Freepick	179539	179539:439057:21	Cogsworth	17	339071	Harm Repellant Remedy (Rank 1)	0	1	-1	1	1	0	0	1297308	20000					2026-09-01 01:05:38
Dawnrise	Season 10 Freepick	179539	179539:439057:21	Cogsworth	18	339072	Rage Rush Solution (Rank 1)	0	1	-1	1	1	0	0	1297308	20000					2026-09-01 01:05:38
Dawnrise	Season 10 Freepick	179539	179539:439057:21	Cogsworth	19	439124	Purge-O-Matic	0	1	-1	1	1	0	0	1297308	10000					2026-09-01 01:05:38
Dawnrise	Season 10 Freepick	179539	179539:439057:21	Cogsworth	20	339042	Frogduck Morph Machine	0	1	-1	1	1	0	0	1297308	10000					2026-09-01 01:05:38
Dawnrise	Season 10 Freepick	179539	179539:439057:21	Cogsworth	21	339062	Tiny Ticking Time-Bomb	0	1	-1	1	1	0	0	1297308	30000					2026-09-01 01:05:38
Dawnrise	Season 10 Freepick	188672	188672:38:92	Thomas Yance	1	38	Recruit's Shirt	50000	1	-1	1	0	0	0							2026-09-01 01:02:32
Dawnrise	Season 10 Freepick	188672	188672:38:92	Thomas Yance	2	43	Squire's Boots	50000	1	-1	1	0	0	0							2026-09-01 01:02:32
Dawnrise	Season 10 Freepick	188672	188672:38:92	Thomas Yance	3	44	Squire's Pants	50000	1	-1	1	0	0	0							2026-09-01 01:02:32
Dawnrise	Season 10 Freepick	188672	188672:38:92	Thomas Yance	4	45	Squire's Shirt	50000	1	-1	1	0	0	0							2026-09-01 01:02:32
Dawnrise	Season 10 Freepick	188672	188672:38:92	Thomas Yance	5	47	Footpad's Shoes	50000	1	-1	1	0	0	0							2026-09-01 01:02:32
Dawnrise	Season 10 Freepick	188672	188672:38:92	Thomas Yance	6	48	Footpad's Pants	50000	1	-1	1	0	0	0							2026-09-01 01:02:32
Dawnrise	Season 10 Freepick	188672	188672:38:92	Thomas Yance	7	49	Footpad's Shirt	50000	1	-1	1	0	0	0							2026-09-01 01:02:32
Dawnrise	Season 10 Freepick	188672	188672:38:92	Thomas Yance	8	51	Neophyte's Boots	50000	1	-1	1	0	0	0							2026-09-01 01:02:32
Dawnrise	Season 10 Freepick	188672	188672:38:92	Thomas Yance	9	52	Neophyte's Pants	50000	1	-1	1	0	0	0							2026-09-01 01:02:32
Dawnrise	Season 10 Freepick	188672	188672:38:92	Thomas Yance	10	53	Neophyte's Shirt	50000	1	-1	1	0	0	0							2026-09-01 01:02:32
Dawnrise	Season 10 Freepick	188672	188672:38:92	Thomas Yance	11	55	Apprentice's Boots	50000	1	-1	1	0	0	0							2026-09-01 01:02:32
Dawnrise	Season 10 Freepick	188672	188672:38:92	Thomas Yance	12	56	Apprentice's Robe	50000	1	-1	1	0	0	0							2026-09-01 01:02:32
Dawnrise	Season 10 Freepick	188672	188672:38:92	Thomas Yance	13	57	Acolyte's Robe	50000	1	-1	1	0	0	0							2026-09-01 01:02:32
Dawnrise	Season 10 Freepick	188672	188672:38:92	Thomas Yance	14	59	Acolyte's Shoes	50000	1	-1	1	0	0	0							2026-09-01 01:02:32
Dawnrise	Season 10 Freepick	188672	188672:38:92	Thomas Yance	15	120	Thug Pants	50000	1	-1	1	0	0	0							2026-09-01 01:02:32
Dawnrise	Season 10 Freepick	188672	188672:38:92	Thomas Yance	16	121	Thug Boots	50000	1	-1	1	0	0	0							2026-09-01 01:02:32
Dawnrise	Season 10 Freepick	188672	188672:38:92	Thomas Yance	17	127	Trapper's Shirt	50000	1	-1	1	0	0	0							2026-09-01 01:02:32
Dawnrise	Season 10 Freepick	188672	188672:38:92	Thomas Yance	18	139	Brawler's Pants	50000	1	-1	1	0	0	0							2026-09-01 01:02:32
Dawnrise	Season 10 Freepick	188672	188672:38:92	Thomas Yance	19	140	Brawler's Boots	50000	1	-1	1	0	0	0							2026-09-01 01:02:32
Dawnrise	Season 10 Freepick	188672	188672:38:92	Thomas Yance	20	1395	Apprentice's Pants	50000	1	-1	1	0	0	0							2026-09-01 01:02:32
Dawnrise	Season 10 Freepick	188672	188672:38:92	Thomas Yance	21	1396	Acolyte's Pants	50000	1	-1	1	0	0	0							2026-09-01 01:02:32
Dawnrise	Season 10 Freepick	188672	188672:38:92	Thomas Yance	22	2105	Thug Shirt	50000	1	-1	1	0	0	0							2026-09-01 01:02:32
Dawnrise	Season 10 Freepick	188672	188672:38:92	Thomas Yance	23	6096	Apprentice's Shirt	50000	1	-1	1	0	0	0							2026-09-01 01:02:32
Dawnrise	Season 10 Freepick	188672	188672:38:92	Thomas Yance	24	6097	Acolyte's Shirt	50000	1	-1	1	0	0	0							2026-09-01 01:02:32
Dawnrise	Season 10 Freepick	188672	188672:38:92	Thomas Yance	25	6098	Neophyte's Robe	50000	1	-1	1	0	0	0							2026-09-01 01:02:32
Dawnrise	Season 10 Freepick	188672	188672:38:92	Thomas Yance	26	6116	Apprentice's Robe	50000	1	-1	1	0	0	0							2026-09-01 01:02:32
Dawnrise	Season 10 Freepick	188672	188672:38:92	Thomas Yance	27	6117	Squire's Shirt	50000	1	-1	1	0	0	0							2026-09-01 01:02:32
Dawnrise	Season 10 Freepick	188672	188672:38:92	Thomas Yance	28	6118	Squire's Pants	50000	1	-1	1	0	0	0							2026-09-01 01:02:32
Dawnrise	Season 10 Freepick	188672	188672:38:92	Thomas Yance	29	6119	Neophyte's Robe	50000	1	-1	1	0	0	0							2026-09-01 01:02:32
Dawnrise	Season 10 Freepick	188672	188672:38:92	Thomas Yance	30	6120	Recruit's Shirt	50000	1	-1	1	0	0	0							2026-09-01 01:02:32
Dawnrise	Season 10 Freepick	188672	188672:38:92	Thomas Yance	31	6121	Recruit's Pants	50000	1	-1	1	0	0	0							2026-09-01 01:02:32
Dawnrise	Season 10 Freepick	188672	188672:38:92	Thomas Yance	32	6122	Recruit's Boots	50000	1	-1	1	0	0	0							2026-09-01 01:02:32
Dawnrise	Season 10 Freepick	188672	188672:38:92	Thomas Yance	33	6123	Novice's Robe	50000	1	-1	1	0	0	0							2026-09-01 01:02:32
Dawnrise	Season 10 Freepick	188672	188672:38:92	Thomas Yance	34	6124	Novice's Pants	50000	1	-1	1	0	0	0							2026-09-01 01:02:32
Dawnrise	Season 10 Freepick	188672	188672:38:92	Thomas Yance	35	6125	Brawler's Harness	50000	1	-1	1	0	0	0							2026-09-01 01:02:32
Dawnrise	Season 10 Freepick	188672	188672:38:92	Thomas Yance	36	6126	Trapper's Pants	50000	1	-1	1	0	0	0							2026-09-01 01:02:32
Dawnrise	Season 10 Freepick	188672	188672:38:92	Thomas Yance	37	6127	Trapper's Boots	50000	1	-1	1	0	0	0							2026-09-01 01:02:32
Dawnrise	Season 10 Freepick	188672	188672:38:92	Thomas Yance	38	6129	Acolyte's Robe	50000	1	-1	1	0	0	0							2026-09-01 01:02:32
Dawnrise	Season 10 Freepick	188672	188672:38:92	Thomas Yance	39	6130	Trapper's Shirt	50000	1	-1	1	0	0	0							2026-09-01 01:02:32
Dawnrise	Season 10 Freepick	188672	188672:38:92	Thomas Yance	40	6131	Trapper's Pants	50000	1	-1	1	0	0	0							2026-09-01 01:02:32
Dawnrise	Season 10 Freepick	188672	188672:38:92	Thomas Yance	41	6136	Thug Shirt	50000	1	-1	1	0	0	0							2026-09-01 01:02:32
Dawnrise	Season 10 Freepick	188672	188672:38:92	Thomas Yance	42	6137	Thug Pants	50000	1	-1	1	0	0	0							2026-09-01 01:02:32
Dawnrise	Season 10 Freepick	188672	188672:38:92	Thomas Yance	43	6138	Thug Boots	50000	1	-1	1	0	0	0							2026-09-01 01:02:32
Dawnrise	Season 10 Freepick	188672	188672:38:92	Thomas Yance	44	6139	Novice's Robe	50000	1	-1	1	0	0	0							2026-09-01 01:02:32
Dawnrise	Season 10 Freepick	188672	188672:38:92	Thomas Yance	45	6140	Apprentice's Robe	50000	1	-1	1	0	0	0							2026-09-01 01:02:32
Dawnrise	Season 10 Freepick	188672	188672:38:92	Thomas Yance	46	6144	Neophyte's Robe	50000	1	-1	1	0	0	0							2026-09-01 01:02:32
Dawnrise	Season 10 Freepick	188672	188672:38:92	Thomas Yance	47	20891	Neophyte's Robe	50000	1	-1	1	0	0	0							2026-09-01 01:02:32
Dawnrise	Season 10 Freepick	188672	188672:38:92	Thomas Yance	48	20892	Acolyte's Robe	50000	1	-1	1	0	0	0							2026-09-01 01:02:32
Dawnrise	Season 10 Freepick	188672	188672:38:92	Thomas Yance	49	20893	Apprentice's Robe	50000	1	-1	1	0	0	0							2026-09-01 01:02:32
Dawnrise	Season 10 Freepick	188672	188672:38:92	Thomas Yance	50	20894	Apprentice's Pants	50000	1	-1	1	0	0	0							2026-09-01 01:02:32
Dawnrise	Season 10 Freepick	188672	188672:38:92	Thomas Yance	51	20895	Apprentice's Boots	50000	1	-1	1	0	0	0							2026-09-01 01:02:32
Dawnrise	Season 10 Freepick	188672	188672:38:92	Thomas Yance	52	20896	Lookout's Pants	50000	1	-1	1	0	0	0							2026-09-01 01:02:32
Dawnrise	Season 10 Freepick	188672	188672:38:92	Thomas Yance	53	20897	Lookout's Tunic	50000	1	-1	1	0	0	0							2026-09-01 01:02:32
Dawnrise	Season 10 Freepick	188672	188672:38:92	Thomas Yance	54	20898	Lookout's Shoes	50000	1	-1	1	0	0	0							2026-09-01 01:02:32
Dawnrise	Season 10 Freepick	188672	188672:38:92	Thomas Yance	55	20899	Warder's Pants	50000	1	-1	1	0	0	0							2026-09-01 01:02:32
Dawnrise	Season 10 Freepick	188672	188672:38:92	Thomas Yance	56	20900	Warder's Boots	50000	1	-1	1	0	0	0							2026-09-01 01:02:32
Dawnrise	Season 10 Freepick	188672	188672:38:92	Thomas Yance	57	20902	Recruit's Pants	50000	1	-1	1	0	0	0							2026-09-01 01:02:32
Dawnrise	Season 10 Freepick	188672	188672:38:92	Thomas Yance	58	20903	Recruit's Boots	50000	1	-1	1	0	0	0							2026-09-01 01:02:32
Dawnrise	Season 10 Freepick	188672	188672:38:92	Thomas Yance	59	20904	Recruit's Tunic	50000	1	-1	1	0	0	0							2026-09-01 01:02:32
Dawnrise	Season 10 Freepick	188672	188672:38:92	Thomas Yance	60	23321	Recruit's Robe	50000	1	-1	1	0	0	0							2026-09-01 01:02:32
Dawnrise	Season 10 Freepick	188672	188672:38:92	Thomas Yance	61	23344	Scout's Pants	50000	1	-1	1	0	0	0							2026-09-01 01:02:32
Dawnrise	Season 10 Freepick	188672	188672:38:92	Thomas Yance	62	23345	Scout's Shirt	50000	1	-1	1	0	0	0							2026-09-01 01:02:32
Dawnrise	Season 10 Freepick	188672	188672:38:92	Thomas Yance	63	23348	Scout's Boots	50000	1	-1	1	0	0	0							2026-09-01 01:02:32
Dawnrise	Season 10 Freepick	188672	188672:38:92	Thomas Yance	64	23471	Rugged Trapper's Pants	50000	1	-1	1	0	0	0							2026-09-01 01:02:32
Dawnrise	Season 10 Freepick	188672	188672:38:92	Thomas Yance	65	23473	Recruit's Shirt	50000	1	-1	1	0	0	0							2026-09-01 01:02:32
Dawnrise	Season 10 Freepick	188672	188672:38:92	Thomas Yance	66	23474	Recruit's Pants	50000	1	-1	1	0	0	0							2026-09-01 01:02:32
Dawnrise	Season 10 Freepick	188672	188672:38:92	Thomas Yance	67	23475	Recruit's Boots	50000	1	-1	1	0	0	0							2026-09-01 01:02:32
Dawnrise	Season 10 Freepick	188672	188672:38:92	Thomas Yance	68	23476	Squire's Shirt	50000	1	-1	1	0	0	0							2026-09-01 01:02:32
Dawnrise	Season 10 Freepick	188672	188672:38:92	Thomas Yance	69	23477	Squire's Pants	50000	1	-1	1	0	0	0							2026-09-01 01:02:32
Dawnrise	Season 10 Freepick	188672	188672:38:92	Thomas Yance	70	23479	Recruit's Robe	50000	1	-1	1	0	0	0							2026-09-01 01:02:32
Dawnrise	Season 10 Freepick	188672	188672:38:92	Thomas Yance	71	24143	Initiate's Shirt	50000	1	-1	1	0	0	0							2026-09-01 01:02:32
Dawnrise	Season 10 Freepick	188672	188672:38:92	Thomas Yance	72	24145	Initiate's Pants	50000	1	-1	1	0	0	0							2026-09-01 01:02:32
Dawnrise	Season 10 Freepick	188672	188672:38:92	Thomas Yance	73	52535	Primal Pants	50000	1	-1	1	0	0	0							2026-09-01 01:02:32
Dawnrise	Season 10 Freepick	188672	188672:38:92	Thomas Yance	74	52538	Primal Robe	50000	1	-1	1	0	0	0							2026-09-01 01:02:32
Dawnrise	Season 10 Freepick	188672	188672:38:92	Thomas Yance	75	52539	Primal Pants	50000	1	-1	1	0	0	0							2026-09-01 01:02:32
Dawnrise	Season 10 Freepick	188672	188672:38:92	Thomas Yance	76	52545	Primal Pants	50000	1	-1	1	0	0	0							2026-09-01 01:02:32
Dawnrise	Season 10 Freepick	188672	188672:38:92	Thomas Yance	77	52547	Neophyte's Robe	50000	1	-1	1	0	0	0							2026-09-01 01:02:32
Dawnrise	Season 10 Freepick	188672	188672:38:92	Thomas Yance	78	52549	Initiate's Pants	50000	1	-1	1	0	0	0							2026-09-01 01:02:32
Dawnrise	Season 10 Freepick	188672	188672:38:92	Thomas Yance	79	52680	Neophyte's Pants	50000	1	-1	1	0	0	0							2026-09-01 01:02:32
Dawnrise	Season 10 Freepick	188672	188672:38:92	Thomas Yance	80	58231	Recruit's Vest	50000	1	-1	1	0	0	0							2026-09-01 01:02:32
Dawnrise	Season 10 Freepick	188672	188672:38:92	Thomas Yance	81	58232	Rugged Trapper's Vest	50000	1	-1	1	0	0	0							2026-09-01 01:02:32
Dawnrise	Season 10 Freepick	188672	188672:38:92	Thomas Yance	82	58233	Squire's Vest	50000	1	-1	1	0	0	0							2026-09-01 01:02:32
Dawnrise	Season 10 Freepick	188672	188672:38:92	Thomas Yance	83	58234	Footpad's Vest	50000	1	-1	1	0	0	0							2026-09-01 01:02:32
Dawnrise	Season 10 Freepick	188672	188672:38:92	Thomas Yance	84	58235	Warder's Vest	50000	1	-1	1	0	0	0							2026-09-01 01:02:32
Dawnrise	Season 10 Freepick	188672	188672:38:92	Thomas Yance	85	58237	Initiate's Vest	50000	1	-1	1	0	0	0							2026-09-01 01:02:32
Dawnrise	Season 10 Freepick	188672	188672:38:92	Thomas Yance	86	58238	Lookout's Vest	50000	1	-1	1	0	0	0							2026-09-01 01:02:32
Dawnrise	Season 10 Freepick	188672	188672:38:92	Thomas Yance	87	58240	Scout's Vest	50000	1	-1	1	0	0	0							2026-09-01 01:02:32
Dawnrise	Season 10 Freepick	188672	188672:38:92	Thomas Yance	88	58242	Squire's Vest	50000	1	-1	1	0	0	0							2026-09-01 01:02:32
Dawnrise	Season 10 Freepick	188672	188672:38:92	Thomas Yance	89	58243	Recruit's Vest	50000	1	-1	1	0	0	0							2026-09-01 01:02:32
Dawnrise	Season 10 Freepick	188672	188672:38:92	Thomas Yance	90	58244	Recruit's Vest	50000	1	-1	1	0	0	0							2026-09-01 01:02:32
Dawnrise	Season 10 Freepick	188672	188672:38:92	Thomas Yance	91	58246	Thug Vest	50000	1	-1	1	0	0	0							2026-09-01 01:02:32
Dawnrise	Season 10 Freepick	188672	188672:38:92	Thomas Yance	92	58247	Trapper's Vest	50000	1	-1	1	0	0	0							2026-09-01 01:02:32
Dawnrise	Season 10 Freepick	317000	317000	Merul	1	1179149	Vicious War Spider (Alliance)	0	1	-1		1	25000	0							2026-09-01 00:38:34
Dawnrise	Season 10 Freepick	317000	317000	Merul	2	1179152	Vicious War Spider (Horde)	0	1	-1		1	25000	0							2026-09-01 00:38:34
Dawnrise	Season 10 Freepick	317000	317000	Merul	3	1777320	Rocktusk Battleboar	0	1	-1		1	25000	0							2026-09-01 00:38:34
Dawnrise	Season 10 Freepick	317000	317000	Merul	4	1777436	Umberhoof Warboar	0	1	-1		1	25000	0							2026-09-01 00:38:34
Dawnrise	Season 10 Freepick	317000	317000	Merul	5	29465	Black Battlestrider	0	1	-1	1	1	30000	0							2026-09-01 00:38:34
Dawnrise	Season 10 Freepick	317000	317000	Merul	6	29466	Black War Kodo	0	1	-1	1	1	30000	0							2026-09-01 00:38:34
Dawnrise	Season 10 Freepick	317000	317000	Merul	7	29467	Black War Ram	0	1	-1	1	1	30000	0							2026-09-01 00:38:34
Dawnrise	Season 10 Freepick	317000	317000	Merul	8	29468	Black War Steed Bridle	0	1	-1	1	1	30000	0							2026-09-01 00:38:34
Dawnrise	Season 10 Freepick	317000	317000	Merul	9	29469	Horn of the Black War Wolf	0	1	-1	1	1	30000	0							2026-09-01 00:38:34
Dawnrise	Season 10 Freepick	317000	317000	Merul	10	29470	Red Skeletal Warhorse	0	1	-1	1	1	30000	0							2026-09-01 00:38:34
Dawnrise	Season 10 Freepick	317000	317000	Merul	11	29471	Reins of the Black War Tiger	0	1	-1	1	1	30000	0							2026-09-01 00:38:34
Dawnrise	Season 10 Freepick	317000	317000	Merul	12	29472	Whistle of the Black War Raptor	0	1	-1	1	1	30000	0							2026-09-01 00:38:34
Dawnrise	Season 10 Freepick	317000	317000	Merul	13	34129	Swift Warstrider	0	1	-1	1	1	30000	0							2026-09-01 00:38:34
Dawnrise	Season 10 Freepick	317000	317000	Merul	14	35906	Reins of the Black War Elekk	0	1	-1	1	1	30000	0							2026-09-01 00:38:34
Dawnrise	Season 10 Freepick	317000	317000:1179149:14	Merul	1	1179149	Vicious War Spider (Alliance)	0	1	-1		1	25000	0							2026-09-01 01:04:24
Dawnrise	Season 10 Freepick	317000	317000:1179149:14	Merul	2	1179152	Vicious War Spider (Horde)	0	1	-1		1	25000	0							2026-09-01 01:04:24
Dawnrise	Season 10 Freepick	317000	317000:1179149:14	Merul	3	1777320	Rocktusk Battleboar	0	1	-1		1	25000	0							2026-09-01 01:04:24
Dawnrise	Season 10 Freepick	317000	317000:1179149:14	Merul	4	1777436	Umberhoof Warboar	0	1	-1		1	25000	0							2026-09-01 01:04:24
Dawnrise	Season 10 Freepick	317000	317000:1179149:14	Merul	5	29465	Black Battlestrider	0	1	-1	1	1	30000	0							2026-09-01 01:04:24
Dawnrise	Season 10 Freepick	317000	317000:1179149:14	Merul	6	29466	Black War Kodo	0	1	-1	1	1	30000	0							2026-09-01 01:04:24
Dawnrise	Season 10 Freepick	317000	317000:1179149:14	Merul	7	29467	Black War Ram	0	1	-1	1	1	30000	0							2026-09-01 01:04:24
Dawnrise	Season 10 Freepick	317000	317000:1179149:14	Merul	8	29468	Black War Steed Bridle	0	1	-1	1	1	30000	0							2026-09-01 01:04:24
Dawnrise	Season 10 Freepick	317000	317000:1179149:14	Merul	9	29469	Horn of the Black War Wolf	0	1	-1	1	1	30000	0							2026-09-01 01:04:24
Dawnrise	Season 10 Freepick	317000	317000:1179149:14	Merul	10	29470	Red Skeletal Warhorse	0	1	-1	1	1	30000	0							2026-09-01 01:04:24
Dawnrise	Season 10 Freepick	317000	317000:1179149:14	Merul	11	29471	Reins of the Black War Tiger	0	1	-1	1	1	30000	0							2026-09-01 01:04:24
Dawnrise	Season 10 Freepick	317000	317000:1179149:14	Merul	12	29472	Whistle of the Black War Raptor	0	1	-1	1	1	30000	0							2026-09-01 01:04:24
Dawnrise	Season 10 Freepick	317000	317000:1179149:14	Merul	13	34129	Swift Warstrider	0	1	-1	1	1	30000	0							2026-09-01 01:04:24
Dawnrise	Season 10 Freepick	317000	317000:1179149:14	Merul	14	35906	Reins of the Black War Elekk	0	1	-1	1	1	30000	0							2026-09-01 01:04:24
Dawnrise	Season 10 Freepick	317000	317000:51534:10	Merul	1	51534	Wrathful Gladiator's Tabard	0	1	-1		1	0	500							2026-09-01 01:04:17
Dawnrise	Season 10 Freepick	317000	317000:51534:10	Merul	2	1203021	Gladiator's Tabard of Redemption	0	1	-1		1	5000	0							2026-09-01 01:04:17
Dawnrise	Season 10 Freepick	317000	317000:51534:10	Merul	3	1203022	Gladiator's Tabard of Annihilation	0	1	-1		1	5000	0							2026-09-01 01:04:17
Dawnrise	Season 10 Freepick	317000	317000:51534:10	Merul	4	1203026	Gladiator's Tabard of Frigidity	0	1	-1		1	5000	0							2026-09-01 01:04:17
Dawnrise	Season 10 Freepick	317000	317000:51534:10	Merul	5	1203031	Gladiator's Tabard of Natural Cycles	0	1	-1		1	5000	0							2026-09-01 01:04:17
Dawnrise	Season 10 Freepick	317000	317000:51534:10	Merul	6	1203040	Gladiator's Tabard of Gore	0	1	-1		1	5000	0							2026-09-01 01:04:17
Dawnrise	Season 10 Freepick	317000	317000:51534:10	Merul	7	1203043	Gladiator's Tabard of Flames	0	1	-1		1	5000	0							2026-09-01 01:04:17
Dawnrise	Season 10 Freepick	317000	317000:51534:10	Merul	8	1600890	Tyrannical Gladiator's Tabard	0	1	-1		1	5000	0							2026-09-01 01:04:17
Dawnrise	Season 10 Freepick	317000	317000:51534:10	Merul	9	1600891	Grievous Gladiator's Tabard	0	1	-1		1	5000	0							2026-09-01 01:04:17
Dawnrise	Season 10 Freepick	317000	317000:51534:10	Merul	10	1203023	Gladiator's Tabard of Dominance	0	1	-1		1	5000	0							2026-09-01 01:04:17
Dawnrise	Season 10 Freepick	317000	317000:6300533:5	Merul	1	6300533	Illusion: Dancing Steel	0	1	-1		1	5000	0							2026-09-01 01:04:20
Dawnrise	Season 10 Freepick	317000	317000:6300533:5	Merul	2	6300535	Illusion: Elemental Force	0	1	-1		1	5000	0							2026-09-01 01:04:20
Dawnrise	Season 10 Freepick	317000	317000:6300533:5	Merul	3	6300537	Illusion: Jade Spirit	0	1	-1		1	5000	0							2026-09-01 01:04:20
Dawnrise	Season 10 Freepick	317000	317000:6300533:5	Merul	4	6300541	Illusion: Bloody Dancing Steel	0	1	-1		1	5000	0							2026-09-01 01:04:20
Dawnrise	Season 10 Freepick	317000	317000:6300533:5	Merul	5	6300097	Illusion: Demonic Tyranny	0	1	-1		1	5000	0							2026-09-01 01:04:20
Dawnrise	Season 10 Freepick	317000	317000:69087:32	Merul	1	69087	Ruthless Gladiator's Satin Cord Elite	0	1	-1		1	5000	0							2026-09-01 01:04:22
Dawnrise	Season 10 Freepick	317000	317000:69087:32	Merul	2	69095	Ruthless Gladiator's Satin Cuffs Elite	0	1	-1		1	5000	0							2026-09-01 01:04:22
Dawnrise	Season 10 Freepick	317000	317000:69087:32	Merul	3	70497	Ruthless Gladiator's Satin Treads Elite	0	1	-1		1	5000	0							2026-09-01 01:04:22
Dawnrise	Season 10 Freepick	317000	317000:69087:32	Merul	4	70474	Ruthless Gladiator's Satin Gloves Elite	0	1	-1		1	5000	0							2026-09-01 01:04:22
Dawnrise	Season 10 Freepick	317000	317000:69087:32	Merul	5	70471	Ruthless Gladiator's Satin Robe Elite	0	1	-1		1	5000	0							2026-09-01 01:04:22
Dawnrise	Season 10 Freepick	317000	317000:69087:32	Merul	6	69089	Ruthless Gladiator's Satin Tunic Elite	0	1	-1		1	5000	0							2026-09-01 01:04:22
Dawnrise	Season 10 Freepick	317000	317000:69087:32	Merul	7	70472	Ruthless Gladiator's Satin Leggings Elite	0	1	-1		1	5000	0							2026-09-01 01:04:22
Dawnrise	Season 10 Freepick	317000	317000:69087:32	Merul	8	98447	Ruthless Gladiator's Satin Skirt	0	1	-1		1	5000	0							2026-09-01 01:04:22
Dawnrise	Season 10 Freepick	317000	317000:69087:32	Merul	9	70473	Ruthless Gladiator's Satin Hood Elite	0	1	-1		1	5000	0							2026-09-01 01:04:22
Dawnrise	Season 10 Freepick	317000	317000:69087:32	Merul	10	70470	Ruthless Gladiator's Satin Mantle Elite	0	1	-1		1	5000	0							2026-09-01 01:04:22
Dawnrise	Season 10 Freepick	317000	317000:69087:32	Merul	11	1272342	Ruthless Gladiator's Dragonhide Belt Elite	0	1	-1		1	5000	0							2026-09-01 01:04:22
Dawnrise	Season 10 Freepick	317000	317000:69087:32	Merul	12	1272337	Ruthless Gladiator's Dragonhide Gloves Elite	0	1	-1		1	5000	0							2026-09-01 01:04:22
Dawnrise	Season 10 Freepick	317000	317000:69087:32	Merul	13	1272351	Ruthless Gladiator's Dragonhide Boots Elite	0	1	-1		1	5000	0							2026-09-01 01:04:22
Dawnrise	Season 10 Freepick	317000	317000:69087:32	Merul	14	1272340	Ruthless Gladiator's Dragonhide Robes Elite	0	1	-1		1	5000	0							2026-09-01 01:04:22
Dawnrise	Season 10 Freepick	317000	317000:69087:32	Merul	15	1272339	Ruthless Gladiator's Dragonhide Legguards Elite	0	1	-1		1	5000	0							2026-09-01 01:04:22
Dawnrise	Season 10 Freepick	317000	317000:69087:32	Merul	16	1272338	Ruthless Gladiator's Dragonhide Helm Elite	0	1	-1		1	5000	0							2026-09-01 01:04:22
Dawnrise	Season 10 Freepick	317000	317000:69087:32	Merul	17	1272341	Ruthless Gladiator's Dragonhide Spaulders Elite	0	1	-1		1	5000	0							2026-09-01 01:04:22
Dawnrise	Season 10 Freepick	317000	317000:69087:32	Merul	18	1285099	Ruthless Gladiator's Chain Belt Elite	0	1	-1		1	5000	0							2026-09-01 01:04:22
Dawnrise	Season 10 Freepick	317000	317000:69087:32	Merul	19	1270441	Ruthless Gladiator's Chain Gauntlets Elite	0	1	-1		1	5000	0							2026-09-01 01:04:22
Dawnrise	Season 10 Freepick	317000	317000:69087:32	Merul	20	1270500	Ruthless Gladiator's Chain Boots Elite	0	1	-1		1	5000	0							2026-09-01 01:04:22
Dawnrise	Season 10 Freepick	317000	317000:69087:32	Merul	21	1270476	Ruthless Gladiator's Chain Chest Elite	0	1	-1		1	5000	0							2026-09-01 01:04:22
Dawnrise	Season 10 Freepick	317000	317000:69087:32	Merul	22	1270435	Ruthless Gladiator's Chain Leggings Elite	0	1	-1		1	5000	0							2026-09-01 01:04:22
Dawnrise	Season 10 Freepick	317000	317000:69087:32	Merul	23	1270440	Ruthless Gladiator's Chain Helm Elite	0	1	-1		1	5000	0							2026-09-01 01:04:22
Dawnrise	Season 10 Freepick	317000	317000:69087:32	Merul	24	1270434	Ruthless Gladiator's Chain Spaulders Elite	0	1	-1		1	5000	0							2026-09-01 01:04:22
Dawnrise	Season 10 Freepick	317000	317000:69087:32	Merul	25	1006532	Vicious Gladiator's Plate Armplates Elite	0	1	-1		1	5000	0							2026-09-01 01:04:22
Dawnrise	Season 10 Freepick	317000	317000:69087:32	Merul	26	1006526	Vicious Gladiator's Plate Girdle Elite	0	1	-1		1	5000	0							2026-09-01 01:04:22
Dawnrise	Season 10 Freepick	317000	317000:69087:32	Merul	27	1006528	Vicious Gladiator's Plate Gauntlets Elite	0	1	-1		1	5000	0							2026-09-01 01:04:22
Dawnrise	Season 10 Freepick	317000	317000:69087:32	Merul	28	1006530	Vicious Gladiator's Plate Warboots Elite	0	1	-1		1	5000	0							2026-09-01 01:04:22
Dawnrise	Season 10 Freepick	317000	317000:69087:32	Merul	29	1006531	Vicious Gladiator's Plate Chestpiece Elite	0	1	-1		1	5000	0							2026-09-01 01:04:22
Dawnrise	Season 10 Freepick	317000	317000:69087:32	Merul	30	1006529	Vicious Gladiator's Plate Legguards Elite	0	1	-1		1	5000	0							2026-09-01 01:04:22
Dawnrise	Season 10 Freepick	317000	317000:69087:32	Merul	31	1006527	Vicious Gladiator's Plate Helm Elite	0	1	-1		1	5000	0							2026-09-01 01:04:22
Dawnrise	Season 10 Freepick	317000	317000:69087:32	Merul	32	1006533	Vicious Gladiator's Plate Shoulders Elite	0	1	-1		1	5000	0							2026-09-01 01:04:22
Dawnrise	Season 10 Freepick	900007	900007:10433:110	Tiraxis	1	10433	Softfoot's Last Resort Cache (Purple)	0	1	1	1	1	0	0	975001	1600					2026-09-01 01:02:08
Dawnrise	Season 10 Freepick	900007	900007:10433:110	Tiraxis	2	38314	Tabard of the Defender	0	1	1	1	1	0	0	975001	1500					2026-09-01 01:02:08
Dawnrise	Season 10 Freepick	900007	900007:10433:110	Tiraxis	3	41249	Blue Lumberjack Shirt	0	1	1	1	1	0	0	975001	1000					2026-09-01 01:02:08
Dawnrise	Season 10 Freepick	900007	900007:10433:110	Tiraxis	4	46657	Quillbert	0	1	1	1	1	0	0	975001	500					2026-09-01 01:02:08
Dawnrise	Season 10 Freepick	900007	900007:10433:110	Tiraxis	5	49089	Emberflare Wand	0	1	1	1	1	0	0	975001	200					2026-09-01 01:02:08
Dawnrise	Season 10 Freepick	900007	900007:10433:110	Tiraxis	6	49665	Pandaren Monk	0	1	1	1	1	0	0	975001	2000					2026-09-01 01:02:08
Dawnrise	Season 10 Freepick	900007	900007:10433:110	Tiraxis	7	55052	Obsidium Executioner	0	1	1	1	1	0	0	975001	1200					2026-09-01 01:02:08
Dawnrise	Season 10 Freepick	900007	900007:10433:110	Tiraxis	8	59120	Poison Protocol Pauldrons	0	1	1	1	1	0	0	975001	700					2026-09-01 01:02:08
Dawnrise	Season 10 Freepick	900007	900007:10433:110	Tiraxis	9	59462	Maimgor's Bite	0	1	1	1	1	0	0	975001	600					2026-09-01 01:02:08
Dawnrise	Season 10 Freepick	900007	900007:10433:110	Tiraxis	10	65905	Tabard of the Earthen Ring	0	1	1	1	1	0	0	975001	1500					2026-09-01 01:02:08
Dawnrise	Season 10 Freepick	900007	900007:10433:110	Tiraxis	11	67246	Beak of Julak-Doom	0	1	1	1	1	0	0	975001	200					2026-09-01 01:02:08
Dawnrise	Season 10 Freepick	900007	900007:10433:110	Tiraxis	12	70236	Ruthless Gladiator's Longbow	0	1	1	1	1	0	0	975001	300					2026-09-01 01:02:08
Dawnrise	Season 10 Freepick	900007	900007:10433:110	Tiraxis	13	77212	Hand of Morchok	0	1	1	1	1	0	0	975001	1600					2026-09-01 01:02:08
Dawnrise	Season 10 Freepick	900007	900007:10433:110	Tiraxis	14	77408	Barrier of Tranquil Hills	0	1	1	1	1	0	0	975001	500					2026-09-01 01:02:08
Dawnrise	Season 10 Freepick	900007	900007:10433:110	Tiraxis	15	80283	Sword of The Mist Dwellers	0	1	1	1	1	0	0	975001	700					2026-09-01 01:02:08
Dawnrise	Season 10 Freepick	900007	900007:10433:110	Tiraxis	16	80284	Sword of The Mist Dwellers (Green)	0	1	1	1	1	0	0	975001	700					2026-09-01 01:02:08
Dawnrise	Season 10 Freepick	900007	900007:10433:110	Tiraxis	17	84098	Eye of the Wakener	0	1	1	1	1	0	0	975001	600					2026-09-01 01:02:08
Dawnrise	Season 10 Freepick	900007	900007:10433:110	Tiraxis	18	84787	Malevolent Gladiator's Battle Staff	0	1	1	1	1	0	0	975001	2000					2026-09-01 01:02:08
Dawnrise	Season 10 Freepick	900007	900007:10433:110	Tiraxis	19	86328	Loshan, Terror Incarnate	0	1	1	1	1	0	0	975001	600					2026-09-01 01:02:08
Dawnrise	Season 10 Freepick	900007	900007:10433:110	Tiraxis	20	86468	Apron	0	1	1	1	1	0	0	975001	1500					2026-09-01 01:02:08
Dawnrise	Season 10 Freepick	900007	900007:10433:110	Tiraxis	21	96534	Qon's Flaming Scimitar (Ember)	0	1	1	1	1	0	0	975001	2200					2026-09-01 01:02:08
Dawnrise	Season 10 Freepick	900007	900007:10433:110	Tiraxis	22	104605	Hvitserk's Formidable Shanker (Orange)	0	1	1	1	1	0	0	975001	1400					2026-09-01 01:02:08
Dawnrise	Season 10 Freepick	900007	900007:10433:110	Tiraxis	23	106035	Chi-Ji's Spirit (Ivory)	0	1	1	1	1	0	0	975001	2800					2026-09-01 01:02:08
Dawnrise	Season 10 Freepick	900007	900007:10433:110	Tiraxis	24	106282	Vengeance of the Fallen (Red)	0	1	1	1	1	0	0	975001	3800					2026-09-01 01:02:08
Dawnrise	Season 10 Freepick	900007	900007:10433:110	Tiraxis	25	106843	Kingslayer (Red)	0	1	1	1	1	0	0	975001	1500					2026-09-01 01:02:08
Dawnrise	Season 10 Freepick	900007	900007:10433:110	Tiraxis	26	107536	Dark Runeblade (Crimson)	0	1	1	1	1	0	0	975001	2800					2026-09-01 01:02:08
Dawnrise	Season 10 Freepick	900007	900007:10433:110	Tiraxis	27	107722	Ghostblade (Teal)	0	1	1	1	1	0	0	975001	1800					2026-09-01 01:02:08
Dawnrise	Season 10 Freepick	900007	900007:10433:110	Tiraxis	28	110205	Spear of the Alpha (Red)	0	1	1	1	1	0	0	975001	3000					2026-09-01 01:02:08
Dawnrise	Season 10 Freepick	900007	900007:10433:110	Tiraxis	29	111074	Primal Gladiator's Rifle (Red)	0	1	1	1	1	0	0	975001	2500					2026-09-01 01:02:08
Dawnrise	Season 10 Freepick	900007	900007:10433:110	Tiraxis	30	111618	Scepter of the Earthwarder (Teal)	0	1	1	1	1	0	0	975001	2800					2026-09-01 01:02:08
Dawnrise	Season 10 Freepick	900007	900007:10433:110	Tiraxis	31	111622	Bonebreaker (Red)	0	1	1	1	1	0	0	975001	2000					2026-09-01 01:02:08
Dawnrise	Season 10 Freepick	900007	900007:10433:110	Tiraxis	32	111802	Helya's Gaze	0	1	1	1	1	0	0	975001	3200					2026-09-01 01:02:08
Dawnrise	Season 10 Freepick	900007	900007:10433:110	Tiraxis	33	111834	T'uure, Beacon of the Naaru (Blue)	0	1	1	1	1	0	0	975001	3000					2026-09-01 01:02:08
Dawnrise	Season 10 Freepick	900007	900007:10433:110	Tiraxis	34	111897	Fist of the Fallen Watcher (Gold)	0	1	1	1	1	0	0	975001	3200					2026-09-01 01:02:08
Dawnrise	Season 10 Freepick	900007	900007:10433:110	Tiraxis	35	111903	Protector's Judgement (Purple)	0	1	1	1	1	0	0	975001	3200					2026-09-01 01:02:08
Dawnrise	Season 10 Freepick	900007	900007:10433:110	Tiraxis	36	113606	Butcher's Bloody Cleaver	0	1	1	1	1	0	0	975001	1800					2026-09-01 01:02:08
Dawnrise	Season 10 Freepick	900007	900007:10433:110	Tiraxis	37	113946	Heart of the Clefthoof	0	1	1	1	1	0	0	975001	2800					2026-09-01 01:02:08
Dawnrise	Season 10 Freepick	900007	900007:10433:110	Tiraxis	38	113980	Iron Soldier's Saber	0	1	1	1	1	0	0	975001	2000					2026-09-01 01:02:08
Dawnrise	Season 10 Freepick	900007	900007:10433:110	Tiraxis	39	116472	Frostbitten Greatsword	0	1	1	1	1	0	0	975001	800					2026-09-01 01:02:08
Dawnrise	Season 10 Freepick	900007	900007:10433:110	Tiraxis	40	117551	Staff of the One True Bramble King	0	1	1	1	1	0	0	975001	2400					2026-09-01 01:02:08
Dawnrise	Season 10 Freepick	900007	900007:10433:110	Tiraxis	41	118403	Dimension-Ripper's Staff	0	1	1	1	1	0	0	975001	1500					2026-09-01 01:02:08
Dawnrise	Season 10 Freepick	900007	900007:10433:110	Tiraxis	42	119459	Longbow of Trials	0	1	1	1	1	0	0	975001	2500					2026-09-01 01:02:08
Dawnrise	Season 10 Freepick	900007	900007:10433:110	Tiraxis	43	120068	Catalyst of the Shimmering Rift	0	1	1	1	1	0	0	975001	1000					2026-09-01 01:02:08
Dawnrise	Season 10 Freepick	900007	900007:10433:110	Tiraxis	44	125018	Wild Combatant's Slicer (Blue)	0	1	1	1	1	0	0	975001	1200					2026-09-01 01:02:08
Dawnrise	Season 10 Freepick	900007	900007:10433:110	Tiraxis	45	128449	Saberstalkers Tabard	0	1	1	1	1	0	0	975001	1500					2026-09-01 01:02:08
Dawnrise	Season 10 Freepick	900007	900007:10433:110	Tiraxis	46	133399	Crescent Moon	0	1	1	1	1	0	0	975001	600					2026-09-01 01:02:08
Dawnrise	Season 10 Freepick	900007	900007:10433:110	Tiraxis	47	134922	Galerider Crescent	0	1	1	1	1	0	0	975001	500					2026-09-01 01:02:08
Dawnrise	Season 10 Freepick	900007	900007:10433:110	Tiraxis	48	138749	Dreamwalker's Spire	0	1	1	1	1	0	0	975001	700					2026-09-01 01:02:08
Dawnrise	Season 10 Freepick	900007	900007:10433:110	Tiraxis	49	152399	Army of the Light Tabard	0	1	1	1	1	0	0	975001	1500					2026-09-01 01:02:08
Dawnrise	Season 10 Freepick	900007	900007:10433:110	Tiraxis	50	159927	Flamebending Medium	0	1	1	1	1	0	0	975001	800					2026-09-01 01:02:08
Dawnrise	Season 10 Freepick	900007	900007:10433:110	Tiraxis	51	162639	Wooden Toy Helm	0	1	1	1	1	0	0	975001	1800					2026-09-01 01:02:08
Dawnrise	Season 10 Freepick	900007	900007:10433:110	Tiraxis	52	163895	Sanctified Aegis	0	1	1	1	1	0	0	975001	1200					2026-09-01 01:02:08
Dawnrise	Season 10 Freepick	900007	900007:10433:110	Tiraxis	53	165768	Bloodcrest Axe Cache	0	1	1	1	1	0	0	975001	1400					2026-09-01 01:02:08
Dawnrise	Season 10 Freepick	900007	900007:10433:110	Tiraxis	54	168998	Ankoan Staff of the South Sea	0	1	1	1	1	0	0	975001	600					2026-09-01 01:02:08
Dawnrise	Season 10 Freepick	900007	900007:10433:110	Tiraxis	55	170467	Whirring Chainblade	0	1	1	1	1	0	0	975001	2000					2026-09-01 01:02:08
Dawnrise	Season 10 Freepick	900007	900007:10433:110	Tiraxis	56	171600	Pride of the Kor'kron	0	1	1	1	1	0	0	975001	2500					2026-09-01 01:02:08
Dawnrise	Season 10 Freepick	900007	900007:10433:110	Tiraxis	57	172776	Corrupted Gladiator's War Staff	0	1	1	1	1	0	0	975001	3500					2026-09-01 01:02:08
Dawnrise	Season 10 Freepick	900007	900007:10433:110	Tiraxis	58	174222	Unspeakable Bloodletter	0	1	1	1	1	0	0	975001	800					2026-09-01 01:02:08
Dawnrise	Season 10 Freepick	900007	900007:10433:110	Tiraxis	59	180164	Soultwister's Scythe	0	1	1	1	1	0	0	975001	3000					2026-09-01 01:02:08
Dawnrise	Season 10 Freepick	900007	900007:10433:110	Tiraxis	60	182380	Court Bodyguard's Cover	0	1	1	1	1	0	0	975001	3500					2026-09-01 01:02:08
Dawnrise	Season 10 Freepick	900007	900007:10433:110	Tiraxis	61	183457	Goreforged Greataxe	0	1	1	1	1	0	0	975001	1800					2026-09-01 01:02:08
Dawnrise	Season 10 Freepick	900007	900007:10433:110	Tiraxis	62	192114	Ruthless Gladiator's Rifle	0	1	1	1	1	0	0	975001	400					2026-09-01 01:02:08
Dawnrise	Season 10 Freepick	900007	900007:10433:110	Tiraxis	63	192128	Corrupted Argus Gavel	0	1	1	1	1	0	0	975001	400					2026-09-01 01:02:08
Dawnrise	Season 10 Freepick	900007	900007:10433:110	Tiraxis	64	194346	Beastmaster's Whistle: Elusive Wilderling	0	1	1	1	1	0	0	975001	2400					2026-09-01 01:02:08
Dawnrise	Season 10 Freepick	900007	900007:10433:110	Tiraxis	65	199339	Beastmaster's Whistle: Barnabee	0	1	1	1	1	0	0	975001	1200					2026-09-01 01:02:08
Dawnrise	Season 10 Freepick	900007	900007:10433:110	Tiraxis	66	201887	Trapper's Camo Sarong	0	1	1	1	1	0	0	975001	1000					2026-09-01 01:02:08
Dawnrise	Season 10 Freepick	900007	900007:10433:110	Tiraxis	67	201890	Trapper's Silver Sarong	0	1	1	1	1	0	0	975001	1000					2026-09-01 01:02:08
Dawnrise	Season 10 Freepick	900007	900007:10433:110	Tiraxis	68	210852	Juvenile Silver Armored Storm Gryphon	0	1	1	1	1	0	0	975001	800					2026-09-01 01:02:08
Dawnrise	Season 10 Freepick	900007	900007:10433:110	Tiraxis	69	240144	Reins of the Sunspine Loyal Snapdragon	0	1	1	1	1	0	0	975001	1100					2026-09-01 01:02:08
Dawnrise	Season 10 Freepick	900007	900007:10433:110	Tiraxis	70	251141	Razorjaw Protector	0	1	1	1	1	0	0	975001	3200					2026-09-01 01:02:08
Dawnrise	Season 10 Freepick	900007	900007:10433:110	Tiraxis	71	257412	Horde's Training Sword	0	1	1	1	1	0	0	975001	300					2026-09-01 01:02:08
Dawnrise	Season 10 Freepick	900007	900007:10433:110	Tiraxis	72	278875	Cache of the Crimson Revenant	0	1	1	1	1	0	0	975001	3200					2026-09-01 01:02:08
Dawnrise	Season 10 Freepick	900007	900007:10433:110	Tiraxis	73	279848	Blightweaver's Myconic Shell	0	1	1	1	1	0	0	975001	3200					2026-09-01 01:02:08
Dawnrise	Season 10 Freepick	900007	900007:10433:110	Tiraxis	74	280535	Reticent Hood of The Shadow Dweller	0	1	1	1	1	0	0	975001	2500					2026-09-01 01:02:08
Dawnrise	Season 10 Freepick	900007	900007:10433:110	Tiraxis	75	281749	Summoner's Stone: Sneering Doomling	0	1	1	1	1	0	0	975001	1600					2026-09-01 01:02:08
Dawnrise	Season 10 Freepick	900007	900007:10433:110	Tiraxis	76	283070	Shining Set of the Heavens Cache	0	1	1	1	1	0	0	975001	4000					2026-09-01 01:02:08
Dawnrise	Season 10 Freepick	900007	900007:10433:110	Tiraxis	77	284102	Bloodstone Ore-namental Attire	0	1	1	1	1	0	0	975001	3200					2026-09-01 01:02:08
Dawnrise	Season 10 Freepick	900007	900007:10433:110	Tiraxis	78	284105	Alabaster Ore-namental Attire	0	1	1	1	1	0	0	975001	3200					2026-09-01 01:02:08
Dawnrise	Season 10 Freepick	900007	900007:10433:110	Tiraxis	79	291915	Reins of the Unbound Star-Eater	0	1	1	1	1	0	0	975001	9600					2026-09-01 01:02:08
Dawnrise	Season 10 Freepick	900007	900007:10433:110	Tiraxis	80	298081	Twilight Rites of the Hexflame Coven	0	1	1	1	1	0	0	975001	4800					2026-09-01 01:02:08
Dawnrise	Season 10 Freepick	900007	900007:10433:110	Tiraxis	81	393424	Golden Gossamer Wings	0	1	1	1	1	0	0	975001	4800					2026-09-01 01:02:08
Dawnrise	Season 10 Freepick	900007	900007:10433:110	Tiraxis	82	444094	Cache of the Voidstar Ascendant	0	1	1	1	1	0	0	975001	4000					2026-09-01 01:02:08
Dawnrise	Season 10 Freepick	900007	900007:10433:110	Tiraxis	83	499244	Taner's Terrible Spine (Yellow)	0	1	1	1	1	0	0	975001	1200					2026-09-01 01:02:08
Dawnrise	Season 10 Freepick	900007	900007:10433:110	Tiraxis	84	499264	Tentacle Crusher (Grey)	0	1	1	1	1	0	0	975001	2000					2026-09-01 01:02:08
Dawnrise	Season 10 Freepick	900007	900007:10433:110	Tiraxis	85	499270	Aqua-Pulse Trident (Bronze)	0	1	1	1	1	0	0	975001	1000					2026-09-01 01:02:08
Dawnrise	Season 10 Freepick	900007	900007:10433:110	Tiraxis	86	499484	Witchwood Stag (Teal)	0	1	1	1	1	0	0	975001	3500					2026-09-01 01:02:08
Dawnrise	Season 10 Freepick	900007	900007:10433:110	Tiraxis	87	499508	Party Hat (Red)	0	1	1	1	1	0	0	975001	2500					2026-09-01 01:02:08
Dawnrise	Season 10 Freepick	900007	900007:10433:110	Tiraxis	88	499605	Blue Dragon Head Costume	0	1	1	1	1	0	0	975001	600					2026-09-01 01:02:08
Dawnrise	Season 10 Freepick	900007	900007:10433:110	Tiraxis	89	499667	Ka'graz's Burning Blade - Green	0	1	1	1	1	0	0	975001	1200					2026-09-01 01:02:08
Dawnrise	Season 10 Freepick	900007	900007:10433:110	Tiraxis	90	499808	Tusk of the Reborn Prophet (Teal)	0	1	1	1	1	0	0	975001	1600					2026-09-01 01:02:08
Dawnrise	Season 10 Freepick	900007	900007:10433:110	Tiraxis	91	574560	Dream Raider's Fiery Charglaive Cache (Backsheath)	0	1	1	1	1	0	0	975001	4000					2026-09-01 01:02:08
Dawnrise	Season 10 Freepick	900007	900007:10433:110	Tiraxis	92	601022	Elemental Lodestone: Desert Guardian	0	1	1	1	1	0	0	975001	3200					2026-09-01 01:02:08
Dawnrise	Season 10 Freepick	900007	900007:10433:110	Tiraxis	93	680057	Garb of Venerated Spirits (Red)	0	1	1	1	1	0	0	975001	3200					2026-09-01 01:02:08
Dawnrise	Season 10 Freepick	900007	900007:10433:110	Tiraxis	94	1001682	Vorakar, the Vindictive's Harness	0	1	1	1	1	0	0	975001	2400					2026-09-01 01:02:08
Dawnrise	Season 10 Freepick	900007	900007:10433:110	Tiraxis	95	1001786	Crystal Seer's Armor	0	1	1	1	1	0	0	975001	3200					2026-09-01 01:02:08
Dawnrise	Season 10 Freepick	900007	900007:10433:110	Tiraxis	96	1179038	Blood Soaked Vellum: Maldraxxus Skeleton (Black/Grey (Armored))	0	1	1	1	1	0	0	975001	5000					2026-09-01 01:02:08
Dawnrise	Season 10 Freepick	900007	900007:10433:110	Tiraxis	97	1179042	Blood Soaked Vellum: Maldraxxus Skeleton (Grey/Black (Armored))	0	1	1	1	1	0	0	975001	5000					2026-09-01 01:02:08
Dawnrise	Season 10 Freepick	900007	900007:10433:110	Tiraxis	98	1179130	Lurid Bloodtusk	0	1	1	1	1	0	0	975001	3200					2026-09-01 01:02:08
Dawnrise	Season 10 Freepick	900007	900007:10433:110	Tiraxis	99	1777068	Viridian Phase-Hunter	0	1	1	1	1	0	0	975001	3000					2026-09-01 01:02:08
Dawnrise	Season 10 Freepick	900007	900007:10433:110	Tiraxis	100	1777105	Ashen Mawsworn Staff	0	1	1	1	1	0	0	975001	2800					2026-09-01 01:02:08
Dawnrise	Season 10 Freepick	900007	900007:10433:110	Tiraxis	101	1777120	Protomineral Extractor	0	1	1	1	1	0	0	975001	1200					2026-09-01 01:02:08
Dawnrise	Season 10 Freepick	900007	900007:10433:110	Tiraxis	102	1777163	Ebony Dredspine Repeater	0	1	1	1	1	0	0	975001	2800					2026-09-01 01:02:08
Dawnrise	Season 10 Freepick	900007	900007:10433:110	Tiraxis	103	1777186	Death Warden's Greatblade	0	1	1	1	1	0	0	975001	2800					2026-09-01 01:02:08
Dawnrise	Season 10 Freepick	900007	900007:10433:110	Tiraxis	104	1777203	Legato Hammer	0	1	1	1	1	0	0	975001	1500					2026-09-01 01:02:08
Dawnrise	Season 10 Freepick	900007	900007:10433:110	Tiraxis	105	1777332	Reins of the Zandalari Direhorn	0	1	1	1	1	0	0	975001	3000					2026-09-01 01:02:08
Dawnrise	Season 10 Freepick	900007	900007:10433:110	Tiraxis	106	1777376	Swift Frostwolf	0	1	1	1	1	0	0	975001	1200					2026-09-01 01:02:08
Dawnrise	Season 10 Freepick	900007	900007:10433:110	Tiraxis	107	5532604	Broken Shard of Malygos (Backsheath)	0	1	1	1	1	0	0	975001	800					2026-09-01 01:02:08
Dawnrise	Season 10 Freepick	900007	900007:10433:110	Tiraxis	108	5534696	Blade of the Drowning Prince (Backsheath)	0	1	1	1	1	0	0	975001	500					2026-09-01 01:02:08
Dawnrise	Season 10 Freepick	900007	900007:10433:110	Tiraxis	109	5540540	Vrykul Frostaxe (Backsheath)	0	1	1	1	1	0	0	975001	200					2026-09-01 01:02:08
Dawnrise	Season 10 Freepick	900007	900007:10433:110	Tiraxis	110	8200109	Yellow Slyvern Pup	0	1	1	1	1	0	0	975001	700					2026-09-01 01:02:08
Dawnrise	Season 10 Freepick	900007	900007:1518202:53	Tiraxis	1	1518202	Rethreaded Left Bear Claw	0	1	-1	1	1	0	0	975001	600					2026-09-01 01:02:25
Dawnrise	Season 10 Freepick	900007	900007:1518202:53	Tiraxis	2	1518203	Rethreaded Right Bear Claw	0	1	-1	1	1	0	0	975001	600					2026-09-01 01:02:25
Dawnrise	Season 10 Freepick	900007	900007:1518202:53	Tiraxis	3	1642896	Druid Idol of Agility	0	1	-1	1	1	0	0	975001	600					2026-09-01 01:02:25
Dawnrise	Season 10 Freepick	900007	900007:1518202:53	Tiraxis	4	1642897	Druid Idol of Spells	0	1	-1	1	1	0	0	975001	600					2026-09-01 01:02:25
Dawnrise	Season 10 Freepick	900007	900007:1518202:53	Tiraxis	5	1642898	Shaman Totem of Agility	0	1	-1	1	1	0	0	975001	600					2026-09-01 01:02:25
Dawnrise	Season 10 Freepick	900007	900007:1518202:53	Tiraxis	6	1642899	Shaman Totem of Spells	0	1	-1	1	1	0	0	975001	600					2026-09-01 01:02:25
Dawnrise	Season 10 Freepick	900007	900007:1518202:53	Tiraxis	7	1642900	Paladin Libram of Strength	0	1	-1	1	1	0	0	975001	600					2026-09-01 01:02:25
Dawnrise	Season 10 Freepick	900007	900007:1518202:53	Tiraxis	8	1642901	Paladin Libram of Healing	0	1	-1	1	1	0	0	975001	600					2026-09-01 01:02:25
Dawnrise	Season 10 Freepick	900007	900007:1518202:53	Tiraxis	9	1642902	Thrown Axe of the Executioner	0	1	-1	1	1	0	0	975001	600					2026-09-01 01:02:25
Dawnrise	Season 10 Freepick	900007	900007:1518202:53	Tiraxis	10	1642944	Balanced Heartseeker	0	1	-1	1	1	0	0	975001	600					2026-09-01 01:02:25
Dawnrise	Season 10 Freepick	900007	900007:1518202:53	Tiraxis	11	1642945	Venerable Dal'Rend's Sacred Charge	0	1	-1	1	1	0	0	975001	600					2026-09-01 01:02:25
Dawnrise	Season 10 Freepick	900007	900007:1518202:53	Tiraxis	12	1642948	Devout Aurastone Hammer	0	1	-1	1	1	0	0	975001	600					2026-09-01 01:02:25
Dawnrise	Season 10 Freepick	900007	900007:1518202:53	Tiraxis	13	1644091	Sharpened Scarlet Kris	0	1	-1	1	1	0	0	975001	600					2026-09-01 01:02:25
Dawnrise	Season 10 Freepick	900007	900007:1518202:53	Tiraxis	14	1644094	The Blessed Hammer of Grace	0	1	-1	1	1	0	0	975001	600					2026-09-01 01:02:25
Dawnrise	Season 10 Freepick	900007	900007:1518202:53	Tiraxis	15	1644096	Battleworn Thrash Blade	0	1	-1	1	1	0	0	975001	600					2026-09-01 01:02:25
Dawnrise	Season 10 Freepick	900007	900007:1518202:53	Tiraxis	16	1648716	Venerable Mass of McGowan	0	1	-1	1	1	0	0	975001	600					2026-09-01 01:02:25
Dawnrise	Season 10 Freepick	900007	900007:1518202:53	Tiraxis	17	3140350	Urn of Aspiring Light	0	1	-1	1	1	0	0	975001	600					2026-09-01 01:02:25
Dawnrise	Season 10 Freepick	900007	900007:1518202:53	Tiraxis	18	3148335	Polished Observer's Shield	0	1	-1	1	1	0	0	975001	600					2026-09-01 01:02:25
Dawnrise	Season 10 Freepick	900007	900007:1518202:53	Tiraxis	19	1642846	Wand of the Forgotten Lich	0	1	-1	1	1	0	0	975001	800					2026-09-01 01:02:25
Dawnrise	Season 10 Freepick	900007	900007:1518202:53	Tiraxis	20	1642943	Bloodied Arcanite Reaper	0	1	-1	1	1	0	0	975001	800					2026-09-01 01:02:25
Dawnrise	Season 10 Freepick	900007	900007:1518202:53	Tiraxis	21	1642946	Charmed Ancient Bone Bow	0	1	-1	1	1	0	0	975001	800					2026-09-01 01:02:25
Dawnrise	Season 10 Freepick	900007	900007:1518202:53	Tiraxis	22	1642947	Dignified Headmaster's Charge	0	1	-1	1	1	0	0	975001	800					2026-09-01 01:02:25
Dawnrise	Season 10 Freepick	900007	900007:1518202:53	Tiraxis	23	1642999	Ancient Crossbow	0	1	-1	1	1	0	0	975001	800					2026-09-01 01:02:25
Dawnrise	Season 10 Freepick	900007	900007:1518202:53	Tiraxis	24	1644092	Reforged Truesilver Champion	0	1	-1	1	1	0	0	975001	800					2026-09-01 01:02:25
Dawnrise	Season 10 Freepick	900007	900007:1518202:53	Tiraxis	25	1644093	Upgraded Dwarven Hand Cannon	0	1	-1	1	1	0	0	975001	800					2026-09-01 01:02:25
Dawnrise	Season 10 Freepick	900007	900007:1518202:53	Tiraxis	26	1644095	Grand Staff of Jordan	0	1	-1	1	1	0	0	975001	800					2026-09-01 01:02:25
Dawnrise	Season 10 Freepick	900007	900007:1518202:53	Tiraxis	27	1648718	Repurposed Lava Dredger	0	1	-1	1	1	0	0	975001	800					2026-09-01 01:02:25
Dawnrise	Season 10 Freepick	900007	900007:1518202:53	Tiraxis	28	3142943	Sturdied Arcanite Spear	0	1	-1	1	1	0	0	975001	800					2026-09-01 01:02:25
Dawnrise	Season 10 Freepick	900007	900007:1518202:53	Tiraxis	29	1642991	Swift Hand of Justice	0	1	-1	1	1	0	0	975001	500					2026-09-01 01:02:25
Dawnrise	Season 10 Freepick	900007	900007:1518202:53	Tiraxis	30	1642992	Discerning Eye of the Beast	0	1	-1	1	1	0	0	975001	500					2026-09-01 01:02:25
Dawnrise	Season 10 Freepick	900007	900007:1518202:53	Tiraxis	31	1644097	Inherited Insignia of the Horde	0	1	-1	1	1	0	0	975001	500					2026-09-01 01:02:25
Dawnrise	Season 10 Freepick	900007	900007:1518202:53	Tiraxis	32	1644098	Inherited Insignia of the Alliance	0	1	-1	1	1	0	0	975001	500					2026-09-01 01:02:25
Dawnrise	Season 10 Freepick	900007	900007:1518202:53	Tiraxis	33	1642949	Polished Spaulders of Valor	0	1	-1	1	1	0	0	975001	600					2026-09-01 01:02:25
Dawnrise	Season 10 Freepick	900007	900007:1518202:53	Tiraxis	34	1642950	Champion Herod's Shoulder	0	1	-1	1	1	0	0	975001	600					2026-09-01 01:02:25
Dawnrise	Season 10 Freepick	900007	900007:1518202:53	Tiraxis	35	1642951	Mystical Pauldrons of Elements	0	1	-1	1	1	0	0	975001	600					2026-09-01 01:02:25
Dawnrise	Season 10 Freepick	900007	900007:1518202:53	Tiraxis	36	1642952	Stained Shadowcraft Spaulders	0	1	-1	1	1	0	0	975001	600					2026-09-01 01:02:25
Dawnrise	Season 10 Freepick	900007	900007:1518202:53	Tiraxis	37	1642984	Preened Ironfeather Shoulders	0	1	-1	1	1	0	0	975001	600					2026-09-01 01:02:25
Dawnrise	Season 10 Freepick	900007	900007:1518202:53	Tiraxis	38	1642985	Tattered Dreadmist Mantle	0	1	-1	1	1	0	0	975001	600					2026-09-01 01:02:25
Dawnrise	Season 10 Freepick	900007	900007:1518202:53	Tiraxis	39	1644099	Strengthened Stockade Pauldrons	0	1	-1	1	1	0	0	975001	600					2026-09-01 01:02:25
Dawnrise	Season 10 Freepick	900007	900007:1518202:53	Tiraxis	40	1644100	Pristine Lightforge Spaulders	0	1	-1	1	1	0	0	975001	600					2026-09-01 01:02:25
Dawnrise	Season 10 Freepick	900007	900007:1518202:53	Tiraxis	41	1644101	Prized Beastmaster's Mantle	0	1	-1	1	1	0	0	975001	600					2026-09-01 01:02:25
Dawnrise	Season 10 Freepick	900007	900007:1518202:53	Tiraxis	42	1644102	Aged Pauldrons of The Five Thunders	0	1	-1	1	1	0	0	975001	600					2026-09-01 01:02:25
Dawnrise	Season 10 Freepick	900007	900007:1518202:53	Tiraxis	43	1644103	Exceptional Stormshroud Shoulders	0	1	-1	1	1	0	0	975001	600					2026-09-01 01:02:25
Dawnrise	Season 10 Freepick	900007	900007:1518202:53	Tiraxis	44	1644105	Lasting Feralheart Spaulders	0	1	-1	1	1	0	0	975001	600					2026-09-01 01:02:25
Dawnrise	Season 10 Freepick	900007	900007:1518202:53	Tiraxis	45	1644107	Exquisite Sunderseer Mantle	0	1	-1	1	1	0	0	975001	600					2026-09-01 01:02:25
Dawnrise	Season 10 Freepick	900007	900007:1518202:53	Tiraxis	46	3142949	Burnished Spaulders of Might	0	1	-1	1	1	0	0	975001	600					2026-09-01 01:02:25
Dawnrise	Season 10 Freepick	900007	900007:1518202:53	Tiraxis	47	1648677	Champion's Deathdealer Breastplate	0	1	-1	1	1	0	0	975001	800					2026-09-01 01:02:25
Dawnrise	Season 10 Freepick	900007	900007:1518202:53	Tiraxis	48	1648683	Mystical Vest of Elements	0	1	-1	1	1	0	0	975001	800					2026-09-01 01:02:25
Dawnrise	Season 10 Freepick	900007	900007:1518202:53	Tiraxis	49	1648685	Polished Breastplate of Valor	0	1	-1	1	1	0	0	975001	800					2026-09-01 01:02:25
Dawnrise	Season 10 Freepick	900007	900007:1518202:53	Tiraxis	50	1648687	Preened Ironfeather Breastplate	0	1	-1	1	1	0	0	975001	800					2026-09-01 01:02:25
Dawnrise	Season 10 Freepick	900007	900007:1518202:53	Tiraxis	51	1648689	Stained Shadowcraft Tunic	0	1	-1	1	1	0	0	975001	800					2026-09-01 01:02:25
Dawnrise	Season 10 Freepick	900007	900007:1518202:53	Tiraxis	52	1648691	Tattered Dreadmist Robe	0	1	-1	1	1	0	0	975001	800					2026-09-01 01:02:25
Dawnrise	Season 10 Freepick	900007	900007:1518202:53	Tiraxis	53	3148685	Burnished Breastplate of Might	0	1	-1	1	1	0	0	975001	800					2026-09-01 01:02:25
Dawnrise	Season 10 Freepick	900007	900007:696661:11	Tiraxis	1	696661	Keeper's Scroll: Golganneth	0	1	-1	1	1	0	0	975001	60					2026-09-01 01:02:18
Dawnrise	Season 10 Freepick	900007	900007:696661:11	Tiraxis	2	696662	Keeper's Scroll: Norgannon	0	1	-1	1	1	0	0	975001	60					2026-09-01 01:02:18
Dawnrise	Season 10 Freepick	900007	900007:696661:11	Tiraxis	3	696663	Keeper's Scroll: Khaz'goroth	0	1	-1	1	1	0	0	975001	60					2026-09-01 01:02:18
Dawnrise	Season 10 Freepick	900007	900007:696661:11	Tiraxis	4	696664	Keeper's Scroll: Aggramar	0	1	-1	1	1	0	0	975001	60					2026-09-01 01:02:18
Dawnrise	Season 10 Freepick	900007	900007:696661:11	Tiraxis	5	696665	Keeper's Scroll: Eonar	0	1	-1	1	1	0	0	975001	60					2026-09-01 01:02:18
Dawnrise	Season 10 Freepick	900007	900007:696661:11	Tiraxis	6	1179126	Keeper's Scroll: Ancient Enchanting Altar	0	1	-1	1	1	0	0	975001	150					2026-09-01 01:02:18
Dawnrise	Season 10 Freepick	900007	900007:696661:11	Tiraxis	7	1179240	Keeper's Scroll: Steadfast	0	1	-1	1	1	0	0	975001	100					2026-09-01 01:02:18
Dawnrise	Season 10 Freepick	900007	900007:696661:11	Tiraxis	8	1179261	Keeper's Scroll: Featherfall	0	1	-1	1	1	0	0	975001	60					2026-09-01 01:02:18
Dawnrise	Season 10 Freepick	900007	900007:696661:11	Tiraxis	9	1179266	Keeper's Scroll: Ghost Runner	0	1	-1	1	1	0	0	975001	75					2026-09-01 01:02:18
Dawnrise	Season 10 Freepick	900007	900007:696661:11	Tiraxis	10	1179267	Keeper's Scroll: Celebrate	0	1	-1	1	1	0	0	975001	250					2026-09-01 01:02:18
Dawnrise	Season 10 Freepick	900007	900007:696661:11	Tiraxis	11	1179269	Keeper's Scroll: Crafting Speed	0	1	-1	1	1	0	0	975001	100					2026-09-01 01:02:18
Dawnrise	Season 10 Freepick	900007	900007:777001:76	Tiraxis	1	777001	Stone of Retreat: Undercity	0	1	-1	1	1	0	0	975001	350					2026-09-01 01:02:21
Dawnrise	Season 10 Freepick	900007	900007:777001:76	Tiraxis	2	777002	Stone of Retreat: Thunder Bluff	0	1	-1	1	1	0	0	975001	350					2026-09-01 01:02:21
Dawnrise	Season 10 Freepick	900007	900007:777001:76	Tiraxis	3	777004	Stone of Retreat: Darnassus	0	1	-1	1	1	0	0	975001	350					2026-09-01 01:02:21
Dawnrise	Season 10 Freepick	900007	900007:777001:76	Tiraxis	4	777005	Stone of Retreat: Ironforge	0	1	-1	1	1	0	0	975001	350					2026-09-01 01:02:21
Dawnrise	Season 10 Freepick	900007	900007:777001:76	Tiraxis	5	777006	Stone of Retreat: Light's Hope	0	1	-1	1	1	0	0	975001	350					2026-09-01 01:02:21
Dawnrise	Season 10 Freepick	900007	900007:777001:76	Tiraxis	6	777007	Stone of Retreat: Everlook	0	1	-1	1	1	0	0	975001	350					2026-09-01 01:02:21
Dawnrise	Season 10 Freepick	900007	900007:777001:76	Tiraxis	7	777008	Stone of Retreat: Booty Bay	0	1	-1	1	1	0	0	975001	350					2026-09-01 01:02:21
Dawnrise	Season 10 Freepick	900007	900007:777001:76	Tiraxis	8	777009	Stone of Retreat: Gadgetzan	0	1	-1	1	1	0	0	975001	350					2026-09-01 01:02:21
Dawnrise	Season 10 Freepick	900007	900007:777001:76	Tiraxis	9	777010	Stone of Retreat: Ratchet	0	1	-1	1	1	0	0	975001	350					2026-09-01 01:02:21
Dawnrise	Season 10 Freepick	900007	900007:777001:76	Tiraxis	10	777011	Stone of Retreat: Thorium Point	0	1	-1	1	1	0	0	975001	350					2026-09-01 01:02:21
Dawnrise	Season 10 Freepick	900007	900007:777001:76	Tiraxis	11	777012	Stone of Retreat: Mudsprocket	0	1	-1	1	1	0	0	975001	350					2026-09-01 01:02:21
Dawnrise	Season 10 Freepick	900007	900007:777001:76	Tiraxis	12	777013	Stone of Retreat: Cenarion Hold	0	1	-1	1	1	0	0	975001	350					2026-09-01 01:02:21
Dawnrise	Season 10 Freepick	900007	900007:777001:76	Tiraxis	13	777020	Stone of Retreat: Gurubashi Arena	0	1	-1	1	1	0	0	975001	350					2026-09-01 01:02:21
Dawnrise	Season 10 Freepick	900007	900007:777001:76	Tiraxis	14	777021	Stone of Retreat: Bloodvenom Post	0	1	-1	1	1	0	0	975001	350					2026-09-01 01:02:21
Dawnrise	Season 10 Freepick	900007	900007:777001:76	Tiraxis	15	777023	Stone of Retreat: Azshara	0	1	-1	1	1	0	0	975001	350					2026-09-01 01:02:21
Dawnrise	Season 10 Freepick	900007	900007:777001:76	Tiraxis	16	777031	Stone of Retreat: Karazhan	0	1	-1	1	1	0	0	975001	350					2026-09-01 01:02:21
Dawnrise	Season 10 Freepick	900007	900007:777001:76	Tiraxis	17	777032	Stone of Retreat: Moonglade	0	1	-1	1	1	0	0	975001	250					2026-09-01 01:02:21
Dawnrise	Season 10 Freepick	900007	900007:777001:76	Tiraxis	18	1777023	Stone of Retreat: Yojamba Isle	0	1	-1	1	1	0	0	975001	350					2026-09-01 01:02:21
Dawnrise	Season 10 Freepick	900007	900007:777001:76	Tiraxis	19	1777024	Stone of Retreat: Camp Mojache	0	1	-1	1	1	0	0	975001	350					2026-09-01 01:02:21
Dawnrise	Season 10 Freepick	900007	900007:777001:76	Tiraxis	20	1777025	Stone of Retreat: Feathermoon Stronghold	0	1	-1	1	1	0	0	975001	350					2026-09-01 01:02:21
Dawnrise	Season 10 Freepick	900007	900007:777001:76	Tiraxis	21	1777026	Stone of Retreat: Nethergarde Keep	0	1	-1	1	1	0	0	975001	350					2026-09-01 01:02:21
Dawnrise	Season 10 Freepick	900007	900007:777001:76	Tiraxis	22	1777027	Stone of Retreat: Stonard	0	1	-1	1	1	0	0	975001	350					2026-09-01 01:02:21
Dawnrise	Season 10 Freepick	900007	900007:777001:76	Tiraxis	23	1777036	Stone of Retreat: Aerie Peak	0	1	-1	1	1	0	0	975001	350					2026-09-01 01:02:21
Dawnrise	Season 10 Freepick	900007	900007:777001:76	Tiraxis	24	1777037	Stone of Retreat: Revantusk Village	0	1	-1	1	1	0	0	975001	350					2026-09-01 01:02:21
Dawnrise	Season 10 Freepick	900007	900007:777001:76	Tiraxis	25	1777043	Stone of Retreat: Shadowprey Village	0	1	-1	1	1	0	0	975001	350					2026-09-01 01:02:21
Dawnrise	Season 10 Freepick	900007	900007:777001:76	Tiraxis	26	1777044	Stone of Retreat: Nijel's Point	0	1	-1	1	1	0	0	975001	350					2026-09-01 01:02:21
Dawnrise	Season 10 Freepick	900007	900007:777001:76	Tiraxis	27	1780010	Stone of Retreat: Marshal's Refuge	0	1	-1	1	1	0	0	975001	350					2026-09-01 01:02:21
Dawnrise	Season 10 Freepick	900007	900007:777001:76	Tiraxis	28	1780011	Stone of Retreat: Thalanaar	0	1	-1	1	1	0	0	975001	350					2026-09-01 01:02:21
Dawnrise	Season 10 Freepick	900007	900007:777001:76	Tiraxis	29	1780012	Stone of Retreat: Freewind Post	0	1	-1	1	1	0	0	975001	350					2026-09-01 01:02:21
Dawnrise	Season 10 Freepick	900007	900007:777001:76	Tiraxis	30	1780013	Stone of Retreat: Theramore Isle	0	1	-1	1	1	0	0	975001	350					2026-09-01 01:02:21
Dawnrise	Season 10 Freepick	900007	900007:777001:76	Tiraxis	31	1780014	Stone of Retreat: Brackenwall Village	0	1	-1	1	1	0	0	975001	350					2026-09-01 01:02:21
Dawnrise	Season 10 Freepick	900007	900007:777001:76	Tiraxis	32	1780015	Stone of Retreat: Camp Taurajo	0	1	-1	1	1	0	0	975001	350					2026-09-01 01:02:21
Dawnrise	Season 10 Freepick	900007	900007:777001:76	Tiraxis	33	1780016	Stone of Retreat: The Crossroads	0	1	-1	1	1	0	0	975001	350					2026-09-01 01:02:21
Dawnrise	Season 10 Freepick	900007	900007:777001:76	Tiraxis	34	1780017	Stone of Retreat: Mor'shan Base Camp	0	1	-1	1	1	0	0	975001	350					2026-09-01 01:02:21
Dawnrise	Season 10 Freepick	900007	900007:777001:76	Tiraxis	35	1780018	Stone of Retreat: Sun Rock Retreat	0	1	-1	1	1	0	0	975001	350					2026-09-01 01:02:21
Dawnrise	Season 10 Freepick	900007	900007:777001:76	Tiraxis	36	1780019	Stone of Retreat: Stonetalon Peak	0	1	-1	1	1	0	0	975001	350					2026-09-01 01:02:21
Dawnrise	Season 10 Freepick	900007	900007:777001:76	Tiraxis	37	1780020	Stone of Retreat: Ghost Walker's Post	0	1	-1	1	1	0	0	975001	350					2026-09-01 01:02:21
Dawnrise	Season 10 Freepick	900007	900007:777001:76	Tiraxis	38	1780021	Stone of Retreat: Talrendis Point	0	1	-1	1	1	0	0	975001	350					2026-09-01 01:02:21
Dawnrise	Season 10 Freepick	900007	900007:777001:76	Tiraxis	39	1780022	Stone of Retreat: Valormok	0	1	-1	1	1	0	0	975001	350					2026-09-01 01:02:21
Dawnrise	Season 10 Freepick	900007	900007:777001:76	Tiraxis	40	1780023	Stone of Retreat: Emerald Sanctuary	0	1	-1	1	1	0	0	975001	350					2026-09-01 01:02:21
Dawnrise	Season 10 Freepick	900007	900007:777001:76	Tiraxis	41	1780024	Stone of Retreat: Auberdine	0	1	-1	1	1	0	0	975001	350					2026-09-01 01:02:21
Dawnrise	Season 10 Freepick	900007	900007:777001:76	Tiraxis	42	1780025	Stone of Retreat: Grove of the Ancients	0	1	-1	1	1	0	0	975001	350					2026-09-01 01:02:21
Dawnrise	Season 10 Freepick	900007	900007:777001:76	Tiraxis	43	1780026	Stone of Retreat: Astranaar	0	1	-1	1	1	0	0	975001	350					2026-09-01 01:02:21
Dawnrise	Season 10 Freepick	900007	900007:777001:76	Tiraxis	44	1780027	Stone of Retreat: Forest Song	0	1	-1	1	1	0	0	975001	350					2026-09-01 01:02:21
Dawnrise	Season 10 Freepick	900007	900007:777001:76	Tiraxis	45	1780028	Stone of Retreat: Splintertree Post	0	1	-1	1	1	0	0	975001	350					2026-09-01 01:02:21
Dawnrise	Season 10 Freepick	900007	900007:777001:76	Tiraxis	46	1780029	Stone of Retreat: Zoram'gar Outpost	0	1	-1	1	1	0	0	975001	350					2026-09-01 01:02:21
Dawnrise	Season 10 Freepick	900007	900007:777001:76	Tiraxis	47	1780030	Stone of Retreat: Darkshire	0	1	-1	1	1	0	0	975001	350					2026-09-01 01:02:21
Dawnrise	Season 10 Freepick	900007	900007:777001:76	Tiraxis	48	1780031	Stone of Retreat: Eastvale Logging Camp	0	1	-1	1	1	0	0	975001	350					2026-09-01 01:02:21
Dawnrise	Season 10 Freepick	900007	900007:777001:76	Tiraxis	49	1780032	Stone of Retreat: Sentinel Hill	0	1	-1	1	1	0	0	975001	350					2026-09-01 01:02:21
Dawnrise	Season 10 Freepick	900007	900007:777001:76	Tiraxis	50	1780033	Stone of Retreat: Grom'gol Basecamp	0	1	-1	1	1	0	0	975001	350					2026-09-01 01:02:21
Dawnrise	Season 10 Freepick	900007	900007:777001:76	Tiraxis	51	1780034	Stone of Retreat: Rebel Camp	0	1	-1	1	1	0	0	975001	350					2026-09-01 01:02:21
Dawnrise	Season 10 Freepick	900007	900007:777001:76	Tiraxis	52	1780035	Stone of Retreat: Nesingwary's Expedition	0	1	-1	1	1	0	0	975001	350					2026-09-01 01:02:21
Dawnrise	Season 10 Freepick	900007	900007:777001:76	Tiraxis	53	1780036	Stone of Retreat: Lakeshire	0	1	-1	1	1	0	0	975001	350					2026-09-01 01:02:21
Dawnrise	Season 10 Freepick	900007	900007:777001:76	Tiraxis	54	1780037	Stone of Retreat: Morgan's Vigil	0	1	-1	1	1	0	0	975001	350					2026-09-01 01:02:21
Dawnrise	Season 10 Freepick	900007	900007:777001:76	Tiraxis	55	1780038	Stone of Retreat: Kargath	0	1	-1	1	1	0	0	975001	350					2026-09-01 01:02:21
Dawnrise	Season 10 Freepick	900007	900007:777001:76	Tiraxis	56	1780039	Stone of Retreat: Hammertoe Digsite	0	1	-1	1	1	0	0	975001	350					2026-09-01 01:02:21
Dawnrise	Season 10 Freepick	900007	900007:777001:76	Tiraxis	57	1780040	Stone of Retreat: Farstrider Lodge	0	1	-1	1	1	0	0	975001	350					2026-09-01 01:02:21
Dawnrise	Season 10 Freepick	900007	900007:777001:76	Tiraxis	58	1780041	Stone of Retreat: Thelsamar	0	1	-1	1	1	0	0	975001	350					2026-09-01 01:02:21
Dawnrise	Season 10 Freepick	900007	900007:777001:76	Tiraxis	59	1780042	Stone of Retreat: Menethil Harbor	0	1	-1	1	1	0	0	975001	350					2026-09-01 01:02:21
Dawnrise	Season 10 Freepick	900007	900007:777001:76	Tiraxis	60	1780043	Stone of Retreat: Refuge Point	0	1	-1	1	1	0	0	975001	350					2026-09-01 01:02:21
Dawnrise	Season 10 Freepick	900007	900007:777001:76	Tiraxis	61	1780044	Stone of Retreat: Hammerfall	0	1	-1	1	1	0	0	975001	350					2026-09-01 01:02:21
Dawnrise	Season 10 Freepick	900007	900007:777001:76	Tiraxis	62	1780045	Stone of Retreat: Faldir's Cove	0	1	-1	1	1	0	0	975001	350					2026-09-01 01:02:21
Dawnrise	Season 10 Freepick	900007	900007:777001:76	Tiraxis	63	1780046	Stone of Retreat: Southshore	0	1	-1	1	1	0	0	975001	350					2026-09-01 01:02:21
Dawnrise	Season 10 Freepick	900007	900007:777001:76	Tiraxis	64	1780047	Stone of Retreat: Tarren Mill	0	1	-1	1	1	0	0	975001	350					2026-09-01 01:02:21
Dawnrise	Season 10 Freepick	900007	900007:777001:76	Tiraxis	65	1780048	Stone of Retreat: The Sepulcher	0	1	-1	1	1	0	0	975001	350					2026-09-01 01:02:21
Dawnrise	Season 10 Freepick	900007	900007:777001:76	Tiraxis	66	1780049	Stone of Retreat: Kharanos	0	1	-1	1	1	0	0	975001	350					2026-09-01 01:02:21
Dawnrise	Season 10 Freepick	900007	900007:777001:76	Tiraxis	67	1780050	Stone of Retreat: Brill	0	1	-1	1	1	0	0	975001	350					2026-09-01 01:02:21
Dawnrise	Season 10 Freepick	900007	900007:777001:76	Tiraxis	68	1780052	Stone of Retreat: Dolanaar	0	1	-1	1	1	0	0	975001	350					2026-09-01 01:02:21
Dawnrise	Season 10 Freepick	900007	900007:777001:76	Tiraxis	69	1780053	Stone of Retreat: Sen'jin Village	0	1	-1	1	1	0	0	975001	350					2026-09-01 01:02:21
Dawnrise	Season 10 Freepick	900007	900007:777001:76	Tiraxis	70	1780055	Stone of Retreat: Bloodhoof Village	0	1	-1	1	1	0	0	975001	350					2026-09-01 01:02:21
Dawnrise	Season 10 Freepick	900007	900007:777001:76	Tiraxis	71	1780056	Stone of Retreat: Flame Crest	0	1	-1	1	1	0	0	975001	350					2026-09-01 01:02:21
Dawnrise	Season 10 Freepick	900007	900007:777001:76	Tiraxis	72	1780057	Stone of Retreat: The Harborage	0	1	-1	1	1	0	0	975001	350					2026-09-01 01:02:21
Dawnrise	Season 10 Freepick	900007	900007:777001:76	Tiraxis	73	1780058	Stone of Retreat: Ambermill	0	1	-1	1	1	0	0	975001	350					2026-09-01 01:02:21
Dawnrise	Season 10 Freepick	900007	900007:777001:76	Tiraxis	74	1780059	Stone of Retreat: The Bulwark	0	1	-1	1	1	0	0	975001	350					2026-09-01 01:02:21
Dawnrise	Season 10 Freepick	900007	900007:777001:76	Tiraxis	75	1880047	Stone of Retreat: Talonbranch Glade	0	1	-1	1	1	0	0	975001	350					2026-09-01 01:02:21
Dawnrise	Season 10 Freepick	900007	900007:777001:76	Tiraxis	76	1880049	Stone of Retreat: Chillwind Camp	0	1	-1	1	1	0	0	975001	350					2026-09-01 01:02:21
Dawnrise	Season 10 Freepick	900007	900007:777900:2	Tiraxis	1	777900	Ethereal Box of Wares	0	1	-1	1	1	0	0	975001	125					2026-09-01 01:02:11
Dawnrise	Season 10 Freepick	900007	900007:777900:2	Tiraxis	2	777903	Ethereal Box of Banners	0	1	-1	1	1	0	0	975001	125					2026-09-01 01:02:11
Dawnrise	Season 10 Freepick	900007	900007:818046:49	Tiraxis	1	818046	Potion of Experience	0	1	-1	1	1	0	0	975001	35					2026-09-01 01:02:13
Dawnrise	Season 10 Freepick	900007	900007:818046:49	Tiraxis	2	818047	Potion of Reputation	0	1	-1	1	1	0	0	975001	35					2026-09-01 01:02:13
Dawnrise	Season 10 Freepick	900007	900007:818046:49	Tiraxis	3	818059	Aura of Experience	0	1	-1	1	1	0	0	975001	250					2026-09-01 01:02:13
Dawnrise	Season 10 Freepick	900007	900007:818046:49	Tiraxis	4	818061	Aura of Reputation	0	1	-1	1	1	0	0	975001	500					2026-09-01 01:02:13
Dawnrise	Season 10 Freepick	900007	900007:818046:49	Tiraxis	5	910201	Customization Potion	0	1	-1	1	1	0	0	975001	150					2026-09-01 01:02:13
Dawnrise	Season 10 Freepick	900007	900007:818046:49	Tiraxis	6	1777008	Portable Runeforge (Blue)	0	1	-1	1	1	0	0	975001	500					2026-09-01 01:02:13
Dawnrise	Season 10 Freepick	900007	900007:818046:49	Tiraxis	7	1777064	Portable Sawmill	0	1	-1	1	1	0	0	975001	500					2026-09-01 01:02:13
Dawnrise	Season 10 Freepick	900007	900007:818046:49	Tiraxis	8	200001	Race Change Potion	0	1	-1	1	1	0	0	975001	250					2026-09-01 01:02:13
Dawnrise	Season 10 Freepick	900007	900007:818046:49	Tiraxis	9	910200	Faction Change Potion	0	1	-1	1	1	0	0	975001	600					2026-09-01 01:02:13
Dawnrise	Season 10 Freepick	900007	900007:818046:49	Tiraxis	10	101257	Scroll of Defense: Ashenvale	0	1	-1	1	1	0	0	975001	50					2026-09-01 01:02:13
Dawnrise	Season 10 Freepick	900007	900007:818046:49	Tiraxis	11	101258	Scroll of Defense: Hillsbrad Foothills	0	1	-1	1	1	0	0	975001	50					2026-09-01 01:02:13
Dawnrise	Season 10 Freepick	900007	900007:818046:49	Tiraxis	12	57000	Lootbot 3000	0	1	-1	1	1	0	0	975001	800					2026-09-01 01:02:13
Dawnrise	Season 10 Freepick	900007	900007:818046:49	Tiraxis	13	98074	Cogsley	0	1	-1	1	1	0	0	975001	800					2026-09-01 01:02:13
Dawnrise	Season 10 Freepick	900007	900007:818046:49	Tiraxis	14	101169	Wondrous Wisdomball	0	1	-1	1	1	0	0	975001	800					2026-09-01 01:02:13
Dawnrise	Season 10 Freepick	900007	900007:818046:49	Tiraxis	15	190190	Loot-Transfigurator 5000	0	1	-1	1	1	0	0	975001	1600					2026-09-01 01:02:13
Dawnrise	Season 10 Freepick	900007	900007:818046:49	Tiraxis	16	505002	Pristine Pouch	0	1	-1	1	1	0	0	975001	35					2026-09-01 01:02:13
Dawnrise	Season 10 Freepick	900007	900007:818046:49	Tiraxis	17	505003	Heroes' Satchel	0	1	-1	1	1	0	0	975001	350					2026-09-01 01:02:13
Dawnrise	Season 10 Freepick	900007	900007:818046:49	Tiraxis	18	43345	Dragon Hide Bag	0	1	-1	1	1	0	0	975001	600					2026-09-01 01:02:13
Dawnrise	Season 10 Freepick	900007	900007:818046:49	Tiraxis	19	1004036	Ironweave Bag	0	1	-1	1	1	0	0	975001	800					2026-09-01 01:02:13
Dawnrise	Season 10 Freepick	900007	900007:818046:49	Tiraxis	20	1004040	Mekkatorque's Neverending Storage Contraption	0	1	-1	1	1	0	0	975001	1500					2026-09-01 01:02:13
Dawnrise	Season 10 Freepick	900007	900007:818046:49	Tiraxis	21	98457	Book of Ascension	0	1	-1	1	1	0	0	975001	350					2026-09-01 01:02:13
Dawnrise	Season 10 Freepick	900007	900007:818046:49	Tiraxis	22	750750	Book of Artisans	0	1	-1	1	1	0	0	975001	350					2026-09-01 01:02:13
Dawnrise	Season 10 Freepick	900007	900007:818046:49	Tiraxis	23	1806961	Mystic Enchanting: Specialization	0	1	-1	1	1	0	0	975001	500					2026-09-01 01:02:13
Dawnrise	Season 10 Freepick	900007	900007:818046:49	Tiraxis	24	97871	Craftsman's Codex	0	1	-1	1	1	0	0	975001	500					2026-09-01 01:02:13
Dawnrise	Season 10 Freepick	900007	900007:818046:49	Tiraxis	25	777998	Tradesman's Scroll	0	1	-1	1	1	0	0	975001	500					2026-09-01 01:02:13
Dawnrise	Season 10 Freepick	900007	900007:818046:49	Tiraxis	26	3001006	Riding Tome: Apprentice Riding	0	1	-1	1	1	0	0	975001	100					2026-09-01 01:02:13
Dawnrise	Season 10 Freepick	900007	900007:818046:49	Tiraxis	27	3001005	Riding Tome: Journeyman Riding	0	1	-1	1	1	0	0	975001	500					2026-09-01 01:02:13
Dawnrise	Season 10 Freepick	900007	900007:818046:49	Tiraxis	28	3211009	Riding Tome: Expert Riding	0	1	-1		1	0	0	975001	475					2026-09-01 01:02:13
Dawnrise	Season 10 Freepick	900007	900007:818046:49	Tiraxis	29	1179243	Riding Tome: Extraordinary Riding	0	1	-1		1	0	0	975001	1500					2026-09-01 01:02:13
Dawnrise	Season 10 Freepick	900007	900007:818046:49	Tiraxis	30	106955	Tome of Specialization II	0	1	-1	1	1	0	0	975001	250					2026-09-01 01:02:13
Dawnrise	Season 10 Freepick	900007	900007:818046:49	Tiraxis	31	106956	Tome of Specialization III	0	1	-1	1	1	0	0	975001	300					2026-09-01 01:02:13
Dawnrise	Season 10 Freepick	900007	900007:818046:49	Tiraxis	32	106957	Tome of Specialization IV	0	1	-1		1	0	0	975001	400					2026-09-01 01:02:13
Dawnrise	Season 10 Freepick	900007	900007:818046:49	Tiraxis	33	106958	Tome of Specialization V	0	1	-1		1	0	0	975001	500					2026-09-01 01:02:13
Dawnrise	Season 10 Freepick	900007	900007:818046:49	Tiraxis	34	106959	Tome of Specialization VI	0	1	-1		1	0	0	975001	700					2026-09-01 01:02:13
Dawnrise	Season 10 Freepick	900007	900007:818046:49	Tiraxis	35	106960	Tome of Specialization VII	0	1	-1		1	0	0	975001	1500					2026-09-01 01:02:13
Dawnrise	Season 10 Freepick	900007	900007:818046:49	Tiraxis	36	97332	Master's Tome Of Specialization (8-20)	0	1	-1		1	0	0	975001	2000					2026-09-01 01:02:13
Dawnrise	Season 10 Freepick	900007	900007:818046:49	Tiraxis	37	1777028	Thermal Anvil	0	1	-1	1	1	0	0	975001	500					2026-09-01 01:02:13
Dawnrise	Season 10 Freepick	900007	900007:818046:49	Tiraxis	38	898070	Battle Horn	0	1	-1	1	1	0	0	975001	700					2026-09-01 01:02:13
Dawnrise	Season 10 Freepick	900007	900007:818046:49	Tiraxis	39	1004000	Herbalist's Hat	0	1	-1	1	1	0	0	975001	700					2026-09-01 01:02:13
Dawnrise	Season 10 Freepick	900007	900007:818046:49	Tiraxis	40	1004001	Miner's Hat	0	1	-1	1	1	0	0	975001	700					2026-09-01 01:02:13
Dawnrise	Season 10 Freepick	900007	900007:818046:49	Tiraxis	41	1004002	Skinner's Hat	0	1	-1	1	1	0	0	975001	700					2026-09-01 01:02:13
Dawnrise	Season 10 Freepick	900007	900007:818046:49	Tiraxis	42	1004003	Alchemist's Hat	0	1	-1	1	1	0	0	975001	700					2026-09-01 01:02:13
Dawnrise	Season 10 Freepick	900007	900007:818046:49	Tiraxis	43	1004004	Blacksmith's Hat	0	1	-1	1	1	0	0	975001	700					2026-09-01 01:02:13
Dawnrise	Season 10 Freepick	900007	900007:818046:49	Tiraxis	44	1004006	Enchanter's Hat	0	1	-1	1	1	0	0	975001	700					2026-09-01 01:02:13
Dawnrise	Season 10 Freepick	900007	900007:818046:49	Tiraxis	45	1004007	Engineer's Goggles	0	1	-1	1	1	0	0	975001	700					2026-09-01 01:02:13
Dawnrise	Season 10 Freepick	900007	900007:818046:49	Tiraxis	46	1004012	Leatherworker's Hat	0	1	-1	1	1	0	0	975001	700					2026-09-01 01:02:13
Dawnrise	Season 10 Freepick	900007	900007:818046:49	Tiraxis	47	1004013	Tailor's Hat	0	1	-1	1	1	0	0	975001	700					2026-09-01 01:02:13
Dawnrise	Season 10 Freepick	900007	900007:818046:49	Tiraxis	48	1004014	Field Medic's Hat	0	1	-1	1	1	0	0	975001	700					2026-09-01 01:02:13
Dawnrise	Season 10 Freepick	900007	900007:818046:49	Tiraxis	49	1004017	Chef's Hat	0	1	-1	1	1	0	0	975001	700					2026-09-01 01:02:13
Dawnrise	Season 10 Freepick	9780012	9780012	Guardian of Time	1	1518202	Rethreaded Left Bear Claw	0	1	-1	1	1	0	0	375250	96000					2026-09-01 00:40:15
Dawnrise	Season 10 Freepick	9780012	9780012	Guardian of Time	2	1518203	Rethreaded Right Bear Claw	0	1	-1	1	1	0	0	375250	96000					2026-09-01 00:40:15
Dawnrise	Season 10 Freepick	9780012	9780012	Guardian of Time	3	1642896	Druid Idol of Agility	0	1	-1	1	1	0	0	375250	96000					2026-09-01 00:40:15
Dawnrise	Season 10 Freepick	9780012	9780012	Guardian of Time	4	1642897	Druid Idol of Spells	0	1	-1	1	1	0	0	375250	96000					2026-09-01 00:40:15
Dawnrise	Season 10 Freepick	9780012	9780012	Guardian of Time	5	1642898	Shaman Totem of Agility	0	1	-1	1	1	0	0	375250	96000					2026-09-01 00:40:15
Dawnrise	Season 10 Freepick	9780012	9780012	Guardian of Time	6	1642899	Shaman Totem of Spells	0	1	-1	1	1	0	0	375250	96000					2026-09-01 00:40:15
Dawnrise	Season 10 Freepick	9780012	9780012	Guardian of Time	7	1642900	Paladin Libram of Strength	0	1	-1	1	1	0	0	375250	96000					2026-09-01 00:40:15
Dawnrise	Season 10 Freepick	9780012	9780012	Guardian of Time	8	1642901	Paladin Libram of Healing	0	1	-1	1	1	0	0	375250	96000					2026-09-01 00:40:15
Dawnrise	Season 10 Freepick	9780012	9780012	Guardian of Time	9	1642902	Thrown Axe of the Executioner	0	1	-1	1	1	0	0	375250	96000					2026-09-01 00:40:15
Dawnrise	Season 10 Freepick	9780012	9780012	Guardian of Time	10	1642944	Balanced Heartseeker	0	1	-1	1	1	0	0	375250	96000					2026-09-01 00:40:15
Dawnrise	Season 10 Freepick	9780012	9780012	Guardian of Time	11	1642945	Venerable Dal'Rend's Sacred Charge	0	1	-1	1	1	0	0	375250	96000					2026-09-01 00:40:15
Dawnrise	Season 10 Freepick	9780012	9780012	Guardian of Time	12	1642948	Devout Aurastone Hammer	0	1	-1	1	1	0	0	375250	96000					2026-09-01 00:40:15
Dawnrise	Season 10 Freepick	9780012	9780012	Guardian of Time	13	1644091	Sharpened Scarlet Kris	0	1	-1	1	1	0	0	375250	96000					2026-09-01 00:40:15
Dawnrise	Season 10 Freepick	9780012	9780012	Guardian of Time	14	1644094	The Blessed Hammer of Grace	0	1	-1	1	1	0	0	375250	96000					2026-09-01 00:40:15
Dawnrise	Season 10 Freepick	9780012	9780012	Guardian of Time	15	1644096	Battleworn Thrash Blade	0	1	-1	1	1	0	0	375250	96000					2026-09-01 00:40:15
Dawnrise	Season 10 Freepick	9780012	9780012	Guardian of Time	16	1648716	Venerable Mass of McGowan	0	1	-1	1	1	0	0	375250	96000					2026-09-01 00:40:15
Dawnrise	Season 10 Freepick	9780012	9780012	Guardian of Time	17	3140350	Urn of Aspiring Light	0	1	-1	1	1	0	0	375250	96000					2026-09-01 00:40:15
Dawnrise	Season 10 Freepick	9780012	9780012	Guardian of Time	18	3148335	Polished Observer's Shield	0	1	-1	1	1	0	0	375250	96000					2026-09-01 00:40:15
Dawnrise	Season 10 Freepick	9780012	9780012	Guardian of Time	19	1642846	Wand of the Forgotten Lich	0	1	-1	1	1	0	0	375250	96000					2026-09-01 00:40:15
Dawnrise	Season 10 Freepick	9780012	9780012	Guardian of Time	20	1642943	Bloodied Arcanite Reaper	0	1	-1	1	1	0	0	375250	160000					2026-09-01 00:40:15
Dawnrise	Season 10 Freepick	9780012	9780012	Guardian of Time	21	1642946	Charmed Ancient Bone Bow	0	1	-1	1	1	0	0	375250	96000					2026-09-01 00:40:15
Dawnrise	Season 10 Freepick	9780012	9780012	Guardian of Time	22	1642947	Dignified Headmaster's Charge	0	1	-1	1	1	0	0	375250	160000					2026-09-01 00:40:15
Dawnrise	Season 10 Freepick	9780012	9780012	Guardian of Time	23	1642999	Ancient Crossbow	0	1	-1	1	1	0	0	375250	96000					2026-09-01 00:40:15
Dawnrise	Season 10 Freepick	9780012	9780012	Guardian of Time	24	1644092	Reforged Truesilver Champion	0	1	-1	1	1	0	0	375250	160000					2026-09-01 00:40:15
Dawnrise	Season 10 Freepick	9780012	9780012	Guardian of Time	25	1644093	Upgraded Dwarven Hand Cannon	0	1	-1	1	1	0	0	375250	96000					2026-09-01 00:40:15
Dawnrise	Season 10 Freepick	9780012	9780012	Guardian of Time	26	1644095	Grand Staff of Jordan	0	1	-1	1	1	0	0	375250	160000					2026-09-01 00:40:15
Dawnrise	Season 10 Freepick	9780012	9780012	Guardian of Time	27	1648718	Repurposed Lava Dredger	0	1	-1	1	1	0	0	375250	160000					2026-09-01 00:40:15
Dawnrise	Season 10 Freepick	9780012	9780012	Guardian of Time	28	3142943	Sturdied Arcanite Spear	0	1	-1	1	1	0	0	375250	160000					2026-09-01 00:40:15
Dawnrise	Season 10 Freepick	9780012	9780012	Guardian of Time	29	1642991	Swift Hand of Justice	0	1	-1	1	1	0	0	375250	80000					2026-09-01 00:40:15
Dawnrise	Season 10 Freepick	9780012	9780012	Guardian of Time	30	1642992	Discerning Eye of the Beast	0	1	-1	1	1	0	0	375250	80000					2026-09-01 00:40:15
Dawnrise	Season 10 Freepick	9780012	9780012	Guardian of Time	31	1644097	Inherited Insignia of the Horde	0	1	-1	1	1	0	0	375250	80000					2026-09-01 00:40:15
Dawnrise	Season 10 Freepick	9780012	9780012	Guardian of Time	32	1644098	Inherited Insignia of the Alliance	0	1	-1	1	1	0	0	375250	80000					2026-09-01 00:40:15
Dawnrise	Season 10 Freepick	9780012	9780012	Guardian of Time	33	1642949	Polished Spaulders of Valor	0	1	-1	1	1	0	0	375250	128000					2026-09-01 00:40:15
Dawnrise	Season 10 Freepick	9780012	9780012	Guardian of Time	34	1642950	Champion Herod's Shoulder	0	1	-1	1	1	0	0	375250	128000					2026-09-01 00:40:15
Dawnrise	Season 10 Freepick	9780012	9780012	Guardian of Time	35	1642951	Mystical Pauldrons of Elements	0	1	-1	1	1	0	0	375250	128000					2026-09-01 00:40:15
Dawnrise	Season 10 Freepick	9780012	9780012	Guardian of Time	36	1642952	Stained Shadowcraft Spaulders	0	1	-1	1	1	0	0	375250	128000					2026-09-01 00:40:15
Dawnrise	Season 10 Freepick	9780012	9780012	Guardian of Time	37	1642984	Preened Ironfeather Shoulders	0	1	-1	1	1	0	0	375250	128000					2026-09-01 00:40:15
Dawnrise	Season 10 Freepick	9780012	9780012	Guardian of Time	38	1642985	Tattered Dreadmist Mantle	0	1	-1	1	1	0	0	375250	128000					2026-09-01 00:40:15
Dawnrise	Season 10 Freepick	9780012	9780012	Guardian of Time	39	1644099	Strengthened Stockade Pauldrons	0	1	-1	1	1	0	0	375250	128000					2026-09-01 00:40:15
Dawnrise	Season 10 Freepick	9780012	9780012	Guardian of Time	40	1644100	Pristine Lightforge Spaulders	0	1	-1	1	1	0	0	375250	128000					2026-09-01 00:40:15
Dawnrise	Season 10 Freepick	9780012	9780012	Guardian of Time	41	1644101	Prized Beastmaster's Mantle	0	1	-1	1	1	0	0	375250	128000					2026-09-01 00:40:15
Dawnrise	Season 10 Freepick	9780012	9780012	Guardian of Time	42	1644102	Aged Pauldrons of The Five Thunders	0	1	-1	1	1	0	0	375250	128000					2026-09-01 00:40:15
Dawnrise	Season 10 Freepick	9780012	9780012	Guardian of Time	43	1644103	Exceptional Stormshroud Shoulders	0	1	-1	1	1	0	0	375250	128000					2026-09-01 00:40:15
Dawnrise	Season 10 Freepick	9780012	9780012	Guardian of Time	44	1644105	Lasting Feralheart Spaulders	0	1	-1	1	1	0	0	375250	128000					2026-09-01 00:40:15
Dawnrise	Season 10 Freepick	9780012	9780012	Guardian of Time	45	1644107	Exquisite Sunderseer Mantle	0	1	-1	1	1	0	0	375250	128000					2026-09-01 00:40:15
Dawnrise	Season 10 Freepick	9780012	9780012	Guardian of Time	46	3142949	Burnished Spaulders of Might	0	1	-1	1	1	0	0	375250	128000					2026-09-01 00:40:15
Dawnrise	Season 10 Freepick	9780012	9780012	Guardian of Time	47	1648677	Champion's Deathdealer Breastplate	0	1	-1	1	1	0	0	375250	192000					2026-09-01 00:40:15
Dawnrise	Season 10 Freepick	9780012	9780012	Guardian of Time	48	1648683	Mystical Vest of Elements	0	1	-1	1	1	0	0	375250	192000					2026-09-01 00:40:15
Dawnrise	Season 10 Freepick	9780012	9780012	Guardian of Time	49	1648685	Polished Breastplate of Valor	0	1	-1	1	1	0	0	375250	192000					2026-09-01 00:40:15
Dawnrise	Season 10 Freepick	9780012	9780012	Guardian of Time	50	1648687	Preened Ironfeather Breastplate	0	1	-1	1	1	0	0	375250	192000					2026-09-01 00:40:15
Dawnrise	Season 10 Freepick	9780012	9780012	Guardian of Time	51	1648689	Stained Shadowcraft Tunic	0	1	-1	1	1	0	0	375250	192000					2026-09-01 00:40:15
Dawnrise	Season 10 Freepick	9780012	9780012	Guardian of Time	52	1648691	Tattered Dreadmist Robe	0	1	-1	1	1	0	0	375250	192000					2026-09-01 00:40:15
Dawnrise	Season 10 Freepick	9780012	9780012	Guardian of Time	53	3148685	Burnished Breastplate of Might	0	1	-1	1	1	0	0	375250	192000					2026-09-01 00:40:15
Dawnrise	Season 10 Freepick	9780012	9780012	Guardian of Time	54	1339120	Tattered Dreadmist Hood	0	1	-1	1	1	0	0	375250	75000					2026-09-01 00:40:15
Dawnrise	Season 10 Freepick	9780012	9780012	Guardian of Time	55	1339121	Stained Shadowcraft Hood	0	1	-1	1	1	0	0	375250	75000					2026-09-01 00:40:15
Dawnrise	Season 10 Freepick	9780012	9780012	Guardian of Time	56	1339122	Preened Ironfeather Headguard	0	1	-1	1	1	0	0	375250	75000					2026-09-01 00:40:15
Dawnrise	Season 10 Freepick	9780012	9780012	Guardian of Time	57	1339123	Mystical Helm of Elements	0	1	-1	1	1	0	0	375250	75000					2026-09-01 00:40:15
Dawnrise	Season 10 Freepick	9780012	9780012	Guardian of Time	58	1339124	Champion Herod's Helmet	0	1	-1	1	1	0	0	375250	75000					2026-09-01 00:40:15
Dawnrise	Season 10 Freepick	9780012	9780012	Guardian of Time	59	1339125	Polished Helmet of Valor	0	1	-1	1	1	0	0	375250	75000					2026-09-01 00:40:15
Dawnrise	Season 10 Freepick	9780012	9780012	Guardian of Time	60	1339126	Burnished Helmet of Might	0	1	-1	1	1	0	0	375250	75000					2026-09-01 00:40:15
Dawnrise	Season 10 Freepick	9780012	9780012	Guardian of Time	61	1339076	Pendant of the Warrior	0	1	-1	1	1	0	0	375250	60000					2026-09-01 00:40:15
Dawnrise	Season 10 Freepick	9780012	9780012	Guardian of Time	62	1339077	Pendant of the Sorcerer	0	1	-1	1	1	0	0	375250	60000					2026-09-01 00:40:15
Dawnrise	Season 10 Freepick	9780012	9780012	Guardian of Time	63	1339078	Pendant of the Bulwark	0	1	-1	1	1	0	0	375250	60000					2026-09-01 00:40:15
Dawnrise	Season 10 Freepick	9780012	9780012	Guardian of Time	64	1339092	Tattered Dreadmist Belt	0	1	-1	1	1	0	0	375250	75000					2026-09-01 00:40:15
Dawnrise	Season 10 Freepick	9780012	9780012	Guardian of Time	65	1339093	Stained Shadowcraft Belt	0	1	-1	1	1	0	0	375250	75000					2026-09-01 00:40:15
Dawnrise	Season 10 Freepick	9780012	9780012	Guardian of Time	66	1339094	Preened Ironfeather Belt	0	1	-1	1	1	0	0	375250	75000					2026-09-01 00:40:15
Dawnrise	Season 10 Freepick	9780012	9780012	Guardian of Time	67	1339095	Mystical Belt of Elements	0	1	-1	1	1	0	0	375250	75000					2026-09-01 00:40:15
Dawnrise	Season 10 Freepick	9780012	9780012	Guardian of Time	68	1339096	Champion Herod's Belt	0	1	-1	1	1	0	0	375250	75000					2026-09-01 00:40:15
Dawnrise	Season 10 Freepick	9780012	9780012	Guardian of Time	69	1339097	Polished Belt of Valor	0	1	-1	1	1	0	0	375250	75000					2026-09-01 00:40:15
Dawnrise	Season 10 Freepick	9780012	9780012	Guardian of Time	70	1339098	Burnished Belt of Might	0	1	-1	1	1	0	0	375250	75000					2026-09-01 00:40:15
Dawnrise	Season 10 Freepick	9780012	9780012	Guardian of Time	71	1339113	Tattered Dreadmist Leggings	0	1	-1	1	1	0	0	375250	90000					2026-09-01 00:40:15
Dawnrise	Season 10 Freepick	9780012	9780012	Guardian of Time	72	1339114	Stained Shadowcraft Pants	0	1	-1	1	1	0	0	375250	90000					2026-09-01 00:40:15
Dawnrise	Season 10 Freepick	9780012	9780012	Guardian of Time	73	1339115	Preened Ironfeather Legguards	0	1	-1	1	1	0	0	375250	90000					2026-09-01 00:40:15
Dawnrise	Season 10 Freepick	9780012	9780012	Guardian of Time	74	1339116	Mystical Kilt of Elements	0	1	-1	1	1	0	0	375250	90000					2026-09-01 00:40:15
Dawnrise	Season 10 Freepick	9780012	9780012	Guardian of Time	75	1339117	Champion Herod's Legguards	0	1	-1	1	1	0	0	375250	90000					2026-09-01 00:40:15
Dawnrise	Season 10 Freepick	9780012	9780012	Guardian of Time	76	1339118	Polished Platelegs of Valor	0	1	-1	1	1	0	0	375250	90000					2026-09-01 00:40:15
Dawnrise	Season 10 Freepick	9780012	9780012	Guardian of Time	77	1339119	Burnished Platelegs of Might	0	1	-1	1	1	0	0	375250	90000					2026-09-01 00:40:15
Dawnrise	Season 10 Freepick	9780012	9780012	Guardian of Time	78	1339099	Tattered Dreadmist Boots	0	1	-1	1	1	0	0	375250	75000					2026-09-01 00:40:15
Dawnrise	Season 10 Freepick	9780012	9780012	Guardian of Time	79	1339100	Stained Shadowcraft Boots	0	1	-1	1	1	0	0	375250	75000					2026-09-01 00:40:15
Dawnrise	Season 10 Freepick	9780012	9780012	Guardian of Time	80	1339101	Preened Ironfeather Boots	0	1	-1	1	1	0	0	375250	75000					2026-09-01 00:40:15
Dawnrise	Season 10 Freepick	9780012	9780012	Guardian of Time	81	1339102	Mystical Boots of Elements	0	1	-1	1	1	0	0	375250	75000					2026-09-01 00:40:15
Dawnrise	Season 10 Freepick	9780012	9780012	Guardian of Time	82	1339103	Champion Herod's Boots	0	1	-1	1	1	0	0	375250	75000					2026-09-01 00:40:15
Dawnrise	Season 10 Freepick	9780012	9780012	Guardian of Time	83	1339104	Polished Boots of Valor	0	1	-1	1	1	0	0	375250	75000					2026-09-01 00:40:15
Dawnrise	Season 10 Freepick	9780012	9780012	Guardian of Time	84	1339105	Burnished Boots of Might	0	1	-1	1	1	0	0	375250	75000					2026-09-01 00:40:15
Dawnrise	Season 10 Freepick	9780012	9780012	Guardian of Time	85	1339106	Tattered Dreadmist Bracers	0	1	-1	1	1	0	0	375250	75000					2026-09-01 00:40:15
Dawnrise	Season 10 Freepick	9780012	9780012	Guardian of Time	86	1339107	Stained Shadowcraft Bracers	0	1	-1	1	1	0	0	375250	75000					2026-09-01 00:40:15
Dawnrise	Season 10 Freepick	9780012	9780012	Guardian of Time	87	1339108	Preened Ironfeather Bracers	0	1	-1	1	1	0	0	375250	75000					2026-09-01 00:40:15
Dawnrise	Season 10 Freepick	9780012	9780012	Guardian of Time	88	1339109	Mystical Bracers of Elements	0	1	-1	1	1	0	0	375250	75000					2026-09-01 00:40:15
Dawnrise	Season 10 Freepick	9780012	9780012	Guardian of Time	89	1339110	Champion Herod's Bracers	0	1	-1	1	1	0	0	375250	75000					2026-09-01 00:40:15
Dawnrise	Season 10 Freepick	9780012	9780012	Guardian of Time	90	1339111	Polished Bracers of Valor	0	1	-1	1	1	0	0	375250	75000					2026-09-01 00:40:15
Dawnrise	Season 10 Freepick	9780012	9780012	Guardian of Time	91	1339112	Burnished Bracers of Might	0	1	-1	1	1	0	0	375250	75000					2026-09-01 00:40:15
Dawnrise	Season 10 Freepick	9780012	9780012	Guardian of Time	92	1339127	Tattered Dreadmist Gloves	0	1	-1	1	1	0	0	375250	60000					2026-09-01 00:40:15
Dawnrise	Season 10 Freepick	9780012	9780012	Guardian of Time	93	1339128	Stained Shadowcraft Gloves	0	1	-1	1	1	0	0	375250	60000					2026-09-01 00:40:15
Dawnrise	Season 10 Freepick	9780012	9780012	Guardian of Time	94	1339129	Preened Ironfeather Gloves	0	1	-1	1	1	0	0	375250	60000					2026-09-01 00:40:15
Dawnrise	Season 10 Freepick	9780012	9780012	Guardian of Time	95	1339130	Mystical Gloves of Elements	0	1	-1	1	1	0	0	375250	60000					2026-09-01 00:40:15
Dawnrise	Season 10 Freepick	9780012	9780012	Guardian of Time	96	1339131	Champion Herod's Gloves	0	1	-1	1	1	0	0	375250	60000					2026-09-01 00:40:15
Dawnrise	Season 10 Freepick	9780012	9780012	Guardian of Time	97	1339132	Polished Gauntlets of Valor	0	1	-1	1	1	0	0	375250	60000					2026-09-01 00:40:15
Dawnrise	Season 10 Freepick	9780012	9780012	Guardian of Time	98	1339133	Burnished Gauntlets of Might	0	1	-1	1	1	0	0	375250	60000					2026-09-01 00:40:15
Dawnrise	Season 10 Freepick	9780012	9780012	Guardian of Time	99	1339079	Ring of the Vanguard	0	1	-1	1	1	0	0	375250	60000					2026-09-01 00:40:15
Dawnrise	Season 10 Freepick	9780012	9780012	Guardian of Time	100	1339080	Ring of the Sorcerer	0	1	-1	1	1	0	0	375250	60000					2026-09-01 00:40:15
Dawnrise	Season 10 Freepick	9780012	9780012	Guardian of Time	101	1339081	Ring of the Bulwark	0	1	-1	1	1	0	0	375250	60000					2026-09-01 00:40:15
Dawnrise	Season 10 Freepick	9780012	9780012	Guardian of Time	102	1339082	Ring of the Lionhearted	0	1	-1	1	1	0	0	375250	60000					2026-09-01 00:40:15
Dawnrise	Season 10 Freepick	9780012	9780012	Guardian of Time	103	1339083	Ring of the Seer	0	1	-1	1	1	0	0	375250	60000					2026-09-01 00:40:15
Dawnrise	Season 10 Freepick	9780012	9780012	Guardian of Time	104	1339084	Champion's Deathdealer Cloak	0	1	-1	1	1	0	0	375250	75000					2026-09-01 00:40:15
Dawnrise	Season 10 Freepick	9780012	9780012	Guardian of Time	105	1339085	Polished Cloak of Valor	0	1	-1	1	1	0	0	375250	75000					2026-09-01 00:40:15
Dawnrise	Season 10 Freepick	9780012	9780012	Guardian of Time	106	1339086	Tattered Dreadmist Cloak	0	1	-1	1	1	0	0	375250	75000					2026-09-01 00:40:15
Dawnrise	Season 10 Freepick	9780012	9780012	Guardian of Time	107	1339087	Strengthened Cloak of Might	0	1	-1	1	1	0	0	375250	75000					2026-09-01 00:40:15
Dawnrise	Season 10 Freepick	9780012	9780012	Guardian of Time	108	1339088	Stained Shadowcraft Cloak	0	1	-1	1	1	0	0	375250	75000					2026-09-01 00:40:15
Dawnrise	Season 10 Freepick	9780012	9780012	Guardian of Time	109	1339089	Preened Ironfeather Cloak	0	1	-1	1	1	0	0	375250	75000					2026-09-01 00:40:15
Dawnrise	Season 10 Freepick	9780012	9780012	Guardian of Time	110	1339090	Mystical Cloak of Elements	0	1	-1	1	1	0	0	375250	75000					2026-09-01 00:40:15
Dawnrise	Season 10 Freepick	9780012	9780012:1518202:110	Guardian of Time	1	1518202	Rethreaded Left Bear Claw	0	1	-1	1	1	0	0	375250	96000					2026-09-01 01:01:43
Dawnrise	Season 10 Freepick	9780012	9780012:1518202:110	Guardian of Time	2	1518203	Rethreaded Right Bear Claw	0	1	-1	1	1	0	0	375250	96000					2026-09-01 01:01:43
Dawnrise	Season 10 Freepick	9780012	9780012:1518202:110	Guardian of Time	3	1642896	Druid Idol of Agility	0	1	-1	1	1	0	0	375250	96000					2026-09-01 01:01:43
Dawnrise	Season 10 Freepick	9780012	9780012:1518202:110	Guardian of Time	4	1642897	Druid Idol of Spells	0	1	-1	1	1	0	0	375250	96000					2026-09-01 01:01:43
Dawnrise	Season 10 Freepick	9780012	9780012:1518202:110	Guardian of Time	5	1642898	Shaman Totem of Agility	0	1	-1	1	1	0	0	375250	96000					2026-09-01 01:01:43
Dawnrise	Season 10 Freepick	9780012	9780012:1518202:110	Guardian of Time	6	1642899	Shaman Totem of Spells	0	1	-1	1	1	0	0	375250	96000					2026-09-01 01:01:43
Dawnrise	Season 10 Freepick	9780012	9780012:1518202:110	Guardian of Time	7	1642900	Paladin Libram of Strength	0	1	-1	1	1	0	0	375250	96000					2026-09-01 01:01:43
Dawnrise	Season 10 Freepick	9780012	9780012:1518202:110	Guardian of Time	8	1642901	Paladin Libram of Healing	0	1	-1	1	1	0	0	375250	96000					2026-09-01 01:01:43
Dawnrise	Season 10 Freepick	9780012	9780012:1518202:110	Guardian of Time	9	1642902	Thrown Axe of the Executioner	0	1	-1	1	1	0	0	375250	96000					2026-09-01 01:01:43
Dawnrise	Season 10 Freepick	9780012	9780012:1518202:110	Guardian of Time	10	1642944	Balanced Heartseeker	0	1	-1	1	1	0	0	375250	96000					2026-09-01 01:01:43
Dawnrise	Season 10 Freepick	9780012	9780012:1518202:110	Guardian of Time	11	1642945	Venerable Dal'Rend's Sacred Charge	0	1	-1	1	1	0	0	375250	96000					2026-09-01 01:01:43
Dawnrise	Season 10 Freepick	9780012	9780012:1518202:110	Guardian of Time	12	1642948	Devout Aurastone Hammer	0	1	-1	1	1	0	0	375250	96000					2026-09-01 01:01:43
Dawnrise	Season 10 Freepick	9780012	9780012:1518202:110	Guardian of Time	13	1644091	Sharpened Scarlet Kris	0	1	-1	1	1	0	0	375250	96000					2026-09-01 01:01:43
Dawnrise	Season 10 Freepick	9780012	9780012:1518202:110	Guardian of Time	14	1644094	The Blessed Hammer of Grace	0	1	-1	1	1	0	0	375250	96000					2026-09-01 01:01:43
Dawnrise	Season 10 Freepick	9780012	9780012:1518202:110	Guardian of Time	15	1644096	Battleworn Thrash Blade	0	1	-1	1	1	0	0	375250	96000					2026-09-01 01:01:43
Dawnrise	Season 10 Freepick	9780012	9780012:1518202:110	Guardian of Time	16	1648716	Venerable Mass of McGowan	0	1	-1	1	1	0	0	375250	96000					2026-09-01 01:01:43
Dawnrise	Season 10 Freepick	9780012	9780012:1518202:110	Guardian of Time	17	3140350	Urn of Aspiring Light	0	1	-1	1	1	0	0	375250	96000					2026-09-01 01:01:43
Dawnrise	Season 10 Freepick	9780012	9780012:1518202:110	Guardian of Time	18	3148335	Polished Observer's Shield	0	1	-1	1	1	0	0	375250	96000					2026-09-01 01:01:43
Dawnrise	Season 10 Freepick	9780012	9780012:1518202:110	Guardian of Time	19	1642846	Wand of the Forgotten Lich	0	1	-1	1	1	0	0	375250	96000					2026-09-01 01:01:43
Dawnrise	Season 10 Freepick	9780012	9780012:1518202:110	Guardian of Time	20	1642943	Bloodied Arcanite Reaper	0	1	-1	1	1	0	0	375250	160000					2026-09-01 01:01:43
Dawnrise	Season 10 Freepick	9780012	9780012:1518202:110	Guardian of Time	21	1642946	Charmed Ancient Bone Bow	0	1	-1	1	1	0	0	375250	96000					2026-09-01 01:01:43
Dawnrise	Season 10 Freepick	9780012	9780012:1518202:110	Guardian of Time	22	1642947	Dignified Headmaster's Charge	0	1	-1	1	1	0	0	375250	160000					2026-09-01 01:01:43
Dawnrise	Season 10 Freepick	9780012	9780012:1518202:110	Guardian of Time	23	1642999	Ancient Crossbow	0	1	-1	1	1	0	0	375250	96000					2026-09-01 01:01:43
Dawnrise	Season 10 Freepick	9780012	9780012:1518202:110	Guardian of Time	24	1644092	Reforged Truesilver Champion	0	1	-1	1	1	0	0	375250	160000					2026-09-01 01:01:43
Dawnrise	Season 10 Freepick	9780012	9780012:1518202:110	Guardian of Time	25	1644093	Upgraded Dwarven Hand Cannon	0	1	-1	1	1	0	0	375250	96000					2026-09-01 01:01:43
Dawnrise	Season 10 Freepick	9780012	9780012:1518202:110	Guardian of Time	26	1644095	Grand Staff of Jordan	0	1	-1	1	1	0	0	375250	160000					2026-09-01 01:01:43
Dawnrise	Season 10 Freepick	9780012	9780012:1518202:110	Guardian of Time	27	1648718	Repurposed Lava Dredger	0	1	-1	1	1	0	0	375250	160000					2026-09-01 01:01:43
Dawnrise	Season 10 Freepick	9780012	9780012:1518202:110	Guardian of Time	28	3142943	Sturdied Arcanite Spear	0	1	-1	1	1	0	0	375250	160000					2026-09-01 01:01:43
Dawnrise	Season 10 Freepick	9780012	9780012:1518202:110	Guardian of Time	29	1642991	Swift Hand of Justice	0	1	-1	1	1	0	0	375250	80000					2026-09-01 01:01:43
Dawnrise	Season 10 Freepick	9780012	9780012:1518202:110	Guardian of Time	30	1642992	Discerning Eye of the Beast	0	1	-1	1	1	0	0	375250	80000					2026-09-01 01:01:43
Dawnrise	Season 10 Freepick	9780012	9780012:1518202:110	Guardian of Time	31	1644097	Inherited Insignia of the Horde	0	1	-1	1	1	0	0	375250	80000					2026-09-01 01:01:43
Dawnrise	Season 10 Freepick	9780012	9780012:1518202:110	Guardian of Time	32	1644098	Inherited Insignia of the Alliance	0	1	-1	1	1	0	0	375250	80000					2026-09-01 01:01:43
Dawnrise	Season 10 Freepick	9780012	9780012:1518202:110	Guardian of Time	33	1642949	Polished Spaulders of Valor	0	1	-1	1	1	0	0	375250	128000					2026-09-01 01:01:43
Dawnrise	Season 10 Freepick	9780012	9780012:1518202:110	Guardian of Time	34	1642950	Champion Herod's Shoulder	0	1	-1	1	1	0	0	375250	128000					2026-09-01 01:01:43
Dawnrise	Season 10 Freepick	9780012	9780012:1518202:110	Guardian of Time	35	1642951	Mystical Pauldrons of Elements	0	1	-1	1	1	0	0	375250	128000					2026-09-01 01:01:43
Dawnrise	Season 10 Freepick	9780012	9780012:1518202:110	Guardian of Time	36	1642952	Stained Shadowcraft Spaulders	0	1	-1	1	1	0	0	375250	128000					2026-09-01 01:01:43
Dawnrise	Season 10 Freepick	9780012	9780012:1518202:110	Guardian of Time	37	1642984	Preened Ironfeather Shoulders	0	1	-1	1	1	0	0	375250	128000					2026-09-01 01:01:43
Dawnrise	Season 10 Freepick	9780012	9780012:1518202:110	Guardian of Time	38	1642985	Tattered Dreadmist Mantle	0	1	-1	1	1	0	0	375250	128000					2026-09-01 01:01:43
Dawnrise	Season 10 Freepick	9780012	9780012:1518202:110	Guardian of Time	39	1644099	Strengthened Stockade Pauldrons	0	1	-1	1	1	0	0	375250	128000					2026-09-01 01:01:43
Dawnrise	Season 10 Freepick	9780012	9780012:1518202:110	Guardian of Time	40	1644100	Pristine Lightforge Spaulders	0	1	-1	1	1	0	0	375250	128000					2026-09-01 01:01:43
Dawnrise	Season 10 Freepick	9780012	9780012:1518202:110	Guardian of Time	41	1644101	Prized Beastmaster's Mantle	0	1	-1	1	1	0	0	375250	128000					2026-09-01 01:01:43
Dawnrise	Season 10 Freepick	9780012	9780012:1518202:110	Guardian of Time	42	1644102	Aged Pauldrons of The Five Thunders	0	1	-1	1	1	0	0	375250	128000					2026-09-01 01:01:43
Dawnrise	Season 10 Freepick	9780012	9780012:1518202:110	Guardian of Time	43	1644103	Exceptional Stormshroud Shoulders	0	1	-1	1	1	0	0	375250	128000					2026-09-01 01:01:43
Dawnrise	Season 10 Freepick	9780012	9780012:1518202:110	Guardian of Time	44	1644105	Lasting Feralheart Spaulders	0	1	-1	1	1	0	0	375250	128000					2026-09-01 01:01:43
Dawnrise	Season 10 Freepick	9780012	9780012:1518202:110	Guardian of Time	45	1644107	Exquisite Sunderseer Mantle	0	1	-1	1	1	0	0	375250	128000					2026-09-01 01:01:43
Dawnrise	Season 10 Freepick	9780012	9780012:1518202:110	Guardian of Time	46	3142949	Burnished Spaulders of Might	0	1	-1	1	1	0	0	375250	128000					2026-09-01 01:01:43
Dawnrise	Season 10 Freepick	9780012	9780012:1518202:110	Guardian of Time	47	1648677	Champion's Deathdealer Breastplate	0	1	-1	1	1	0	0	375250	192000					2026-09-01 01:01:43
Dawnrise	Season 10 Freepick	9780012	9780012:1518202:110	Guardian of Time	48	1648683	Mystical Vest of Elements	0	1	-1	1	1	0	0	375250	192000					2026-09-01 01:01:43
Dawnrise	Season 10 Freepick	9780012	9780012:1518202:110	Guardian of Time	49	1648685	Polished Breastplate of Valor	0	1	-1	1	1	0	0	375250	192000					2026-09-01 01:01:43
Dawnrise	Season 10 Freepick	9780012	9780012:1518202:110	Guardian of Time	50	1648687	Preened Ironfeather Breastplate	0	1	-1	1	1	0	0	375250	192000					2026-09-01 01:01:43
Dawnrise	Season 10 Freepick	9780012	9780012:1518202:110	Guardian of Time	51	1648689	Stained Shadowcraft Tunic	0	1	-1	1	1	0	0	375250	192000					2026-09-01 01:01:43
Dawnrise	Season 10 Freepick	9780012	9780012:1518202:110	Guardian of Time	52	1648691	Tattered Dreadmist Robe	0	1	-1	1	1	0	0	375250	192000					2026-09-01 01:01:43
Dawnrise	Season 10 Freepick	9780012	9780012:1518202:110	Guardian of Time	53	3148685	Burnished Breastplate of Might	0	1	-1	1	1	0	0	375250	192000					2026-09-01 01:01:43
Dawnrise	Season 10 Freepick	9780012	9780012:1518202:110	Guardian of Time	54	1339120	Tattered Dreadmist Hood	0	1	-1	1	1	0	0	375250	75000					2026-09-01 01:01:43
Dawnrise	Season 10 Freepick	9780012	9780012:1518202:110	Guardian of Time	55	1339121	Stained Shadowcraft Hood	0	1	-1	1	1	0	0	375250	75000					2026-09-01 01:01:43
Dawnrise	Season 10 Freepick	9780012	9780012:1518202:110	Guardian of Time	56	1339122	Preened Ironfeather Headguard	0	1	-1	1	1	0	0	375250	75000					2026-09-01 01:01:43
Dawnrise	Season 10 Freepick	9780012	9780012:1518202:110	Guardian of Time	57	1339123	Mystical Helm of Elements	0	1	-1	1	1	0	0	375250	75000					2026-09-01 01:01:43
Dawnrise	Season 10 Freepick	9780012	9780012:1518202:110	Guardian of Time	58	1339124	Champion Herod's Helmet	0	1	-1	1	1	0	0	375250	75000					2026-09-01 01:01:43
Dawnrise	Season 10 Freepick	9780012	9780012:1518202:110	Guardian of Time	59	1339125	Polished Helmet of Valor	0	1	-1	1	1	0	0	375250	75000					2026-09-01 01:01:43
Dawnrise	Season 10 Freepick	9780012	9780012:1518202:110	Guardian of Time	60	1339126	Burnished Helmet of Might	0	1	-1	1	1	0	0	375250	75000					2026-09-01 01:01:43
Dawnrise	Season 10 Freepick	9780012	9780012:1518202:110	Guardian of Time	61	1339076	Pendant of the Warrior	0	1	-1	1	1	0	0	375250	60000					2026-09-01 01:01:43
Dawnrise	Season 10 Freepick	9780012	9780012:1518202:110	Guardian of Time	62	1339077	Pendant of the Sorcerer	0	1	-1	1	1	0	0	375250	60000					2026-09-01 01:01:43
Dawnrise	Season 10 Freepick	9780012	9780012:1518202:110	Guardian of Time	63	1339078	Pendant of the Bulwark	0	1	-1	1	1	0	0	375250	60000					2026-09-01 01:01:43
Dawnrise	Season 10 Freepick	9780012	9780012:1518202:110	Guardian of Time	64	1339092	Tattered Dreadmist Belt	0	1	-1	1	1	0	0	375250	75000					2026-09-01 01:01:43
Dawnrise	Season 10 Freepick	9780012	9780012:1518202:110	Guardian of Time	65	1339093	Stained Shadowcraft Belt	0	1	-1	1	1	0	0	375250	75000					2026-09-01 01:01:43
Dawnrise	Season 10 Freepick	9780012	9780012:1518202:110	Guardian of Time	66	1339094	Preened Ironfeather Belt	0	1	-1	1	1	0	0	375250	75000					2026-09-01 01:01:43
Dawnrise	Season 10 Freepick	9780012	9780012:1518202:110	Guardian of Time	67	1339095	Mystical Belt of Elements	0	1	-1	1	1	0	0	375250	75000					2026-09-01 01:01:43
Dawnrise	Season 10 Freepick	9780012	9780012:1518202:110	Guardian of Time	68	1339096	Champion Herod's Belt	0	1	-1	1	1	0	0	375250	75000					2026-09-01 01:01:43
Dawnrise	Season 10 Freepick	9780012	9780012:1518202:110	Guardian of Time	69	1339097	Polished Belt of Valor	0	1	-1	1	1	0	0	375250	75000					2026-09-01 01:01:43
Dawnrise	Season 10 Freepick	9780012	9780012:1518202:110	Guardian of Time	70	1339098	Burnished Belt of Might	0	1	-1	1	1	0	0	375250	75000					2026-09-01 01:01:43
Dawnrise	Season 10 Freepick	9780012	9780012:1518202:110	Guardian of Time	71	1339113	Tattered Dreadmist Leggings	0	1	-1	1	1	0	0	375250	90000					2026-09-01 01:01:43
Dawnrise	Season 10 Freepick	9780012	9780012:1518202:110	Guardian of Time	72	1339114	Stained Shadowcraft Pants	0	1	-1	1	1	0	0	375250	90000					2026-09-01 01:01:43
Dawnrise	Season 10 Freepick	9780012	9780012:1518202:110	Guardian of Time	73	1339115	Preened Ironfeather Legguards	0	1	-1	1	1	0	0	375250	90000					2026-09-01 01:01:43
Dawnrise	Season 10 Freepick	9780012	9780012:1518202:110	Guardian of Time	74	1339116	Mystical Kilt of Elements	0	1	-1	1	1	0	0	375250	90000					2026-09-01 01:01:43
Dawnrise	Season 10 Freepick	9780012	9780012:1518202:110	Guardian of Time	75	1339117	Champion Herod's Legguards	0	1	-1	1	1	0	0	375250	90000					2026-09-01 01:01:43
Dawnrise	Season 10 Freepick	9780012	9780012:1518202:110	Guardian of Time	76	1339118	Polished Platelegs of Valor	0	1	-1	1	1	0	0	375250	90000					2026-09-01 01:01:43
Dawnrise	Season 10 Freepick	9780012	9780012:1518202:110	Guardian of Time	77	1339119	Burnished Platelegs of Might	0	1	-1	1	1	0	0	375250	90000					2026-09-01 01:01:43
Dawnrise	Season 10 Freepick	9780012	9780012:1518202:110	Guardian of Time	78	1339099	Tattered Dreadmist Boots	0	1	-1	1	1	0	0	375250	75000					2026-09-01 01:01:43
Dawnrise	Season 10 Freepick	9780012	9780012:1518202:110	Guardian of Time	79	1339100	Stained Shadowcraft Boots	0	1	-1	1	1	0	0	375250	75000					2026-09-01 01:01:43
Dawnrise	Season 10 Freepick	9780012	9780012:1518202:110	Guardian of Time	80	1339101	Preened Ironfeather Boots	0	1	-1	1	1	0	0	375250	75000					2026-09-01 01:01:43
Dawnrise	Season 10 Freepick	9780012	9780012:1518202:110	Guardian of Time	81	1339102	Mystical Boots of Elements	0	1	-1	1	1	0	0	375250	75000					2026-09-01 01:01:43
Dawnrise	Season 10 Freepick	9780012	9780012:1518202:110	Guardian of Time	82	1339103	Champion Herod's Boots	0	1	-1	1	1	0	0	375250	75000					2026-09-01 01:01:43
Dawnrise	Season 10 Freepick	9780012	9780012:1518202:110	Guardian of Time	83	1339104	Polished Boots of Valor	0	1	-1	1	1	0	0	375250	75000					2026-09-01 01:01:43
Dawnrise	Season 10 Freepick	9780012	9780012:1518202:110	Guardian of Time	84	1339105	Burnished Boots of Might	0	1	-1	1	1	0	0	375250	75000					2026-09-01 01:01:43
Dawnrise	Season 10 Freepick	9780012	9780012:1518202:110	Guardian of Time	85	1339106	Tattered Dreadmist Bracers	0	1	-1	1	1	0	0	375250	75000					2026-09-01 01:01:43
Dawnrise	Season 10 Freepick	9780012	9780012:1518202:110	Guardian of Time	86	1339107	Stained Shadowcraft Bracers	0	1	-1	1	1	0	0	375250	75000					2026-09-01 01:01:43
Dawnrise	Season 10 Freepick	9780012	9780012:1518202:110	Guardian of Time	87	1339108	Preened Ironfeather Bracers	0	1	-1	1	1	0	0	375250	75000					2026-09-01 01:01:43
Dawnrise	Season 10 Freepick	9780012	9780012:1518202:110	Guardian of Time	88	1339109	Mystical Bracers of Elements	0	1	-1	1	1	0	0	375250	75000					2026-09-01 01:01:43
Dawnrise	Season 10 Freepick	9780012	9780012:1518202:110	Guardian of Time	89	1339110	Champion Herod's Bracers	0	1	-1	1	1	0	0	375250	75000					2026-09-01 01:01:43
Dawnrise	Season 10 Freepick	9780012	9780012:1518202:110	Guardian of Time	90	1339111	Polished Bracers of Valor	0	1	-1	1	1	0	0	375250	75000					2026-09-01 01:01:43
Dawnrise	Season 10 Freepick	9780012	9780012:1518202:110	Guardian of Time	91	1339112	Burnished Bracers of Might	0	1	-1	1	1	0	0	375250	75000					2026-09-01 01:01:43
Dawnrise	Season 10 Freepick	9780012	9780012:1518202:110	Guardian of Time	92	1339127	Tattered Dreadmist Gloves	0	1	-1	1	1	0	0	375250	60000					2026-09-01 01:01:43
Dawnrise	Season 10 Freepick	9780012	9780012:1518202:110	Guardian of Time	93	1339128	Stained Shadowcraft Gloves	0	1	-1	1	1	0	0	375250	60000					2026-09-01 01:01:43
Dawnrise	Season 10 Freepick	9780012	9780012:1518202:110	Guardian of Time	94	1339129	Preened Ironfeather Gloves	0	1	-1	1	1	0	0	375250	60000					2026-09-01 01:01:43
Dawnrise	Season 10 Freepick	9780012	9780012:1518202:110	Guardian of Time	95	1339130	Mystical Gloves of Elements	0	1	-1	1	1	0	0	375250	60000					2026-09-01 01:01:43
Dawnrise	Season 10 Freepick	9780012	9780012:1518202:110	Guardian of Time	96	1339131	Champion Herod's Gloves	0	1	-1	1	1	0	0	375250	60000					2026-09-01 01:01:43
Dawnrise	Season 10 Freepick	9780012	9780012:1518202:110	Guardian of Time	97	1339132	Polished Gauntlets of Valor	0	1	-1	1	1	0	0	375250	60000					2026-09-01 01:01:43
Dawnrise	Season 10 Freepick	9780012	9780012:1518202:110	Guardian of Time	98	1339133	Burnished Gauntlets of Might	0	1	-1	1	1	0	0	375250	60000					2026-09-01 01:01:43
Dawnrise	Season 10 Freepick	9780012	9780012:1518202:110	Guardian of Time	99	1339079	Ring of the Vanguard	0	1	-1	1	1	0	0	375250	60000					2026-09-01 01:01:43
Dawnrise	Season 10 Freepick	9780012	9780012:1518202:110	Guardian of Time	100	1339080	Ring of the Sorcerer	0	1	-1	1	1	0	0	375250	60000					2026-09-01 01:01:43
Dawnrise	Season 10 Freepick	9780012	9780012:1518202:110	Guardian of Time	101	1339081	Ring of the Bulwark	0	1	-1	1	1	0	0	375250	60000					2026-09-01 01:01:43
Dawnrise	Season 10 Freepick	9780012	9780012:1518202:110	Guardian of Time	102	1339082	Ring of the Lionhearted	0	1	-1	1	1	0	0	375250	60000					2026-09-01 01:01:43
Dawnrise	Season 10 Freepick	9780012	9780012:1518202:110	Guardian of Time	103	1339083	Ring of the Seer	0	1	-1	1	1	0	0	375250	60000					2026-09-01 01:01:43
Dawnrise	Season 10 Freepick	9780012	9780012:1518202:110	Guardian of Time	104	1339084	Champion's Deathdealer Cloak	0	1	-1	1	1	0	0	375250	75000					2026-09-01 01:01:43
Dawnrise	Season 10 Freepick	9780012	9780012:1518202:110	Guardian of Time	105	1339085	Polished Cloak of Valor	0	1	-1	1	1	0	0	375250	75000					2026-09-01 01:01:43
Dawnrise	Season 10 Freepick	9780012	9780012:1518202:110	Guardian of Time	106	1339086	Tattered Dreadmist Cloak	0	1	-1	1	1	0	0	375250	75000					2026-09-01 01:01:43
Dawnrise	Season 10 Freepick	9780012	9780012:1518202:110	Guardian of Time	107	1339087	Strengthened Cloak of Might	0	1	-1	1	1	0	0	375250	75000					2026-09-01 01:01:43
Dawnrise	Season 10 Freepick	9780012	9780012:1518202:110	Guardian of Time	108	1339088	Stained Shadowcraft Cloak	0	1	-1	1	1	0	0	375250	75000					2026-09-01 01:01:43
Dawnrise	Season 10 Freepick	9780012	9780012:1518202:110	Guardian of Time	109	1339089	Preened Ironfeather Cloak	0	1	-1	1	1	0	0	375250	75000					2026-09-01 01:01:43
Dawnrise	Season 10 Freepick	9780012	9780012:1518202:110	Guardian of Time	110	1339090	Mystical Cloak of Elements	0	1	-1	1	1	0	0	375250	75000					2026-09-01 01:01:43
Dawnrise	Season 10 Freepick	9780012	9780012:399200:23	Guardian of Time	1	399200	Commendation of War	0	1	-1	1	1	0	0	400750	20					2026-09-01 01:01:40
Dawnrise	Season 10 Freepick	9780012	9780012:399200:23	Guardian of Time	2	1513965	Time-Lost Pocket Watch	0	1	-1	1	1	0	0	375250	2500					2026-09-01 01:01:40
Dawnrise	Season 10 Freepick	9780012	9780012:399200:23	Guardian of Time	3	1513966	Time-Lost Tear	0	1	-1	1	1	0	0	375250	2500					2026-09-01 01:01:40
Dawnrise	Season 10 Freepick	9780012	9780012:399200:23	Guardian of Time	4	1513967	Time-Lost Lucky Coin	0	1	-1	1	1	0	0	375250	2500					2026-09-01 01:01:40
Dawnrise	Season 10 Freepick	9780012	9780012:399200:23	Guardian of Time	5	1513968	Time-Lost Relic	0	1	-1	1	1	0	0	375250	2500					2026-09-01 01:01:40
Dawnrise	Season 10 Freepick	9780012	9780012:399200:23	Guardian of Time	6	8263512	Aetherial Reliquary	0	1	-1	1	1	0	0	375250	5000					2026-09-01 01:01:40
Dawnrise	Season 10 Freepick	9780012	9780012:399200:23	Guardian of Time	7	383082	Ability Purge	0	1	-1	1	1	0	0	375250	10000					2026-09-01 01:01:40
Dawnrise	Season 10 Freepick	9780012	9780012:399200:23	Guardian of Time	8	383083	Talent Purge	0	1	-1	1	1	0	0	375250	7500					2026-09-01 01:01:40
Dawnrise	Season 10 Freepick	9780012	9780012:399200:23	Guardian of Time	9	1179000	Neural Silencer	5000	1	-1	1	0	0	0							2026-09-01 01:01:40
Dawnrise	Season 10 Freepick	9780012	9780012:399200:23	Guardian of Time	10	52510	Enchanting Vellum - Armor	30000	1	-1	1	0	0	0							2026-09-01 01:01:40
Dawnrise	Season 10 Freepick	9780012	9780012:399200:23	Guardian of Time	11	52511	Enchanting Vellum - Weapon	30000	1	-1	1	0	0	0							2026-09-01 01:01:40
Dawnrise	Season 10 Freepick	9780012	9780012:399200:23	Guardian of Time	12	53872	Scroll - Remove Armor Enchant	500000	1	-1	1	0	0	0							2026-09-01 01:01:40
Dawnrise	Season 10 Freepick	9780012	9780012:399200:23	Guardian of Time	13	53873	Scroll - Remove Weapon Enchant	500000	1	-1	1	0	0	0							2026-09-01 01:01:40
Dawnrise	Season 10 Freepick	9780012	9780012:399200:23	Guardian of Time	14	97871	Craftsman's Codex	25000000	1	-1	1	0	0	0							2026-09-01 01:01:40
Dawnrise	Season 10 Freepick	9780012	9780012:399200:23	Guardian of Time	15	106954	Tome of Specialization II	10000000	1	-1	1	0	0	0							2026-09-01 01:01:40
Dawnrise	Season 10 Freepick	9780012	9780012:399200:23	Guardian of Time	16	992720	Unimbued Mystic Scroll	1000	1	-1	1	0	0	0							2026-09-01 01:01:40
Dawnrise	Season 10 Freepick	9780012	9780012:399200:23	Guardian of Time	17	777999	Bloody Jar	2500	1	-1	1	0	0	0							2026-09-01 01:01:40
Dawnrise	Season 10 Freepick	9780012	9780012:399200:23	Guardian of Time	18	777218	Outlaw's Pardon	2500000	1	-1	1	0	0	0							2026-09-01 01:01:40
Dawnrise	Season 10 Freepick	9780012	9780012:399200:23	Guardian of Time	19	696664	Keeper's Scroll: Aggramar	1000000	1	1	1	0	0	0							2026-09-01 01:01:40
Dawnrise	Season 10 Freepick	9780012	9780012:399200:23	Guardian of Time	20	696665	Keeper's Scroll: Eonar	1000000	1	1	1	0	0	0							2026-09-01 01:01:40
Dawnrise	Season 10 Freepick	9780012	9780012:399200:23	Guardian of Time	21	696661	Keeper's Scroll: Golganneth	1000000	1	1	1	0	0	0							2026-09-01 01:01:40
Dawnrise	Season 10 Freepick	9780012	9780012:399200:23	Guardian of Time	22	696663	Keeper's Scroll: Khaz'goroth	1000000	1	1	1	0	0	0							2026-09-01 01:01:40
Dawnrise	Season 10 Freepick	9780012	9780012:399200:23	Guardian of Time	23	696662	Keeper's Scroll: Norgannon	1000000	1	1	1	0	0	0							2026-09-01 01:01:40
