id	sha256	cache	filename	group	realm	mode	slug	mode_source	records	captured	path
1	c10ce8a0ce37a20473c64fb1198220562bec918ada4bb2978b1e544ee6379aa2	creaturecache	creaturecache.wdb	Rexxar - Conquest of Azeroth	Rexxar	Conquest of Azeroth	conquest-of-azeroth	modes.json	5455	2026-08-31	discord resources/Rexxar - Conquest of Azeroth/creaturecache.wdb
2	c560ac4e798bb64676a0e11d562b03d52ca11dcf84934e2722868424b22482cf	gameobjectcache	gameobjectcache.wdb	Rexxar - Conquest of Azeroth	Rexxar	Conquest of Azeroth	conquest-of-azeroth	modes.json	5273	2026-08-31	discord resources/Rexxar - Conquest of Azeroth/gameobjectcache.wdb
3	01385ce827e95dfa695e111c5b387f0251d23012c683dbeb56ff60ab795e098e	itemcache	itemcache.wdb	Rexxar - Conquest of Azeroth	Rexxar	Conquest of Azeroth	conquest-of-azeroth	modes.json	31503	2026-08-31	discord resources/Rexxar - Conquest of Azeroth/itemcache.wdb
4	879bd9b2556e6292d46cd343beb29f1cea6158a08c6180e0f697e2c45de351e2	itemnamecache	itemnamecache.wdb	Rexxar - Conquest of Azeroth	Rexxar	Conquest of Azeroth	conquest-of-azeroth	modes.json	843	2026-08-31	discord resources/Rexxar - Conquest of Azeroth/itemnamecache.wdb
5	42c064452e5d397571969722167de04d93d51124b9d5497bea26fe7b59360f7c	(non-standard)	itemstatcache.wdb	Rexxar - Conquest of Azeroth	Rexxar	Conquest of Azeroth	conquest-of-azeroth	modes.json	0	2026-08-31	discord resources/Rexxar - Conquest of Azeroth/itemstatcache.wdb
6	61f4e343034bbb3d2d46918e725164652db373ca4f109de5411b0c7cf7ba882b	itemtextcache	itemtextcache.wdb	Rexxar - Conquest of Azeroth	Rexxar	Conquest of Azeroth	conquest-of-azeroth	modes.json	0	2026-08-31	discord resources/Rexxar - Conquest of Azeroth/itemtextcache.wdb
7	9e05419686f30c22bc8d043becf69d61a28bb45e2a9eb761396c550cd510f428	npccache	npccache.wdb	Rexxar - Conquest of Azeroth	Rexxar	Conquest of Azeroth	conquest-of-azeroth	modes.json	107	2026-08-31	discord resources/Rexxar - Conquest of Azeroth/npccache.wdb
8	24f37a82598a8d12dfb676879858e0d8432859de540613956e9da02c661bef95	pagetextcache	pagetextcache.wdb	Rexxar - Conquest of Azeroth	Rexxar	Conquest of Azeroth	conquest-of-azeroth	modes.json	8	2026-08-31	discord resources/Rexxar - Conquest of Azeroth/pagetextcache.wdb
9	46f187ec811b0946eb24cb1b56d6ca0e4b49803bb97ef4ca92338c4b861b8f74	questcache	questcache.wdb	Rexxar - Conquest of Azeroth	Rexxar	Conquest of Azeroth	conquest-of-azeroth	modes.json	451	2026-08-31	discord resources/Rexxar - Conquest of Azeroth/questcache.wdb
10	44048ec3999ae85c0097811549d5a25382f1c328909b4781b7abf0fb126388bf	(non-standard)	questcacheaddon.wdb	Rexxar - Conquest of Azeroth	Rexxar	Conquest of Azeroth	conquest-of-azeroth	modes.json	0	2026-08-26	discord resources/Rexxar - Conquest of Azeroth/questcacheaddon.wdb
11	e5f6218c9aefb3e22ba91ecfb4e37e1cb0e4835ba208dbed2573ea061908078c	wowcache	wowcache.wdb	Rexxar - Conquest of Azeroth	Rexxar	Conquest of Azeroth	conquest-of-azeroth	modes.json	0	2026-08-31	discord resources/Rexxar - Conquest of Azeroth/wowcache.wdb
12	eaaa37d55ebd919505eccfec1413272ec8cd8a3664b0cd8789a41cb1c0bd27d6	creaturecache	creaturecache.wdb	Rexxar - Conquest of Azeroth	Rexxar	Conquest of Azeroth	conquest-of-azeroth	modes.json	7250	2026-08-23	discord resources/Rexxar and Voljin/Rexxar - Conquest of Azeroth/creaturecache.wdb
13	48bc07b47a6cb776ecd98a83f9b915476d7078a469e1d32d715374ed302f461e	gameobjectcache	gameobjectcache.wdb	Rexxar - Conquest of Azeroth	Rexxar	Conquest of Azeroth	conquest-of-azeroth	modes.json	6278	2026-08-23	discord resources/Rexxar and Voljin/Rexxar - Conquest of Azeroth/gameobjectcache.wdb
14	7a1b2b33755022d5cfbb632785b9fdaeb0c54a1db037960ef6e4b92a911e79af	itemcache	itemcache.wdb	Rexxar - Conquest of Azeroth	Rexxar	Conquest of Azeroth	conquest-of-azeroth	modes.json	33350	2026-08-23	discord resources/Rexxar and Voljin/Rexxar - Conquest of Azeroth/itemcache.wdb
15	f0ac2c2e27f7c443998e4d3e84da09ca9dec8c2825c25633289fcb0e9b97ba83	itemnamecache	itemnamecache.wdb	Rexxar - Conquest of Azeroth	Rexxar	Conquest of Azeroth	conquest-of-azeroth	modes.json	344	2026-08-23	discord resources/Rexxar and Voljin/Rexxar - Conquest of Azeroth/itemnamecache.wdb
16	eb6657515404278930ce2c63fe51c1193aff5a4faa24ec56cd922fa3ce7347d4	(non-standard)	itemstatcache.wdb	Rexxar - Conquest of Azeroth	Rexxar	Conquest of Azeroth	conquest-of-azeroth	modes.json	0	2026-08-23	discord resources/Rexxar and Voljin/Rexxar - Conquest of Azeroth/itemstatcache.wdb
17	9bdf199cb9eafbc520a49c2895b2e55b73c3c197a45a727836cac2075f2ee2d0	itemtextcache	itemtextcache.wdb	Rexxar - Conquest of Azeroth	Rexxar	Conquest of Azeroth	conquest-of-azeroth	modes.json	0	2026-08-23	discord resources/Rexxar and Voljin/Rexxar - Conquest of Azeroth/itemtextcache.wdb
18	ff5ba795c4517d49b8cb0800f6016eb9ad957771a06d1e45ad6de9d2e452966d	npccache	npccache.wdb	Rexxar - Conquest of Azeroth	Rexxar	Conquest of Azeroth	conquest-of-azeroth	modes.json	415	2026-08-23	discord resources/Rexxar and Voljin/Rexxar - Conquest of Azeroth/npccache.wdb
19	3b5f362332660f0b16c4d2d0a52402d1232be1ad64597d2bc65eb1ed2df43891	pagetextcache	pagetextcache.wdb	Rexxar - Conquest of Azeroth	Rexxar	Conquest of Azeroth	conquest-of-azeroth	modes.json	27	2026-08-23	discord resources/Rexxar and Voljin/Rexxar - Conquest of Azeroth/pagetextcache.wdb
20	dab7c7f3cf56159818dbbff06e9474f212530c0d141c3c35d18a44a049eb411a	questcache	questcache.wdb	Rexxar - Conquest of Azeroth	Rexxar	Conquest of Azeroth	conquest-of-azeroth	modes.json	1153	2026-08-23	discord resources/Rexxar and Voljin/Rexxar - Conquest of Azeroth/questcache.wdb
21	ccbfcc043e8fedd8f9e3150a80f7fec0aa4e658a8614d1e2046243f26a68ff6c	(non-standard)	questcacheaddon.wdb	Rexxar - Conquest of Azeroth	Rexxar	Conquest of Azeroth	conquest-of-azeroth	modes.json	0	2026-08-22	discord resources/Rexxar and Voljin/Rexxar - Conquest of Azeroth/questcacheaddon.wdb
22	98c3146a7eda3887273dc190edfa3ddeede44d68920872f1c238042d75e950db	wowcache	wowcache.wdb	Rexxar - Conquest of Azeroth	Rexxar	Conquest of Azeroth	conquest-of-azeroth	modes.json	0	2026-08-23	discord resources/Rexxar and Voljin/Rexxar - Conquest of Azeroth/wowcache.wdb
23	78811e9ea3df422005f16d41008b10f60edcd68e414854468bfad8f8f2aabdbc	creaturecache	creaturecache.wdb	Vol'jin - Conquest of Azeroth	Vol'jin	Conquest of Azeroth	conquest-of-azeroth	modes.json	254	2026-08-07	discord resources/Rexxar and Voljin/Vol'jin - Conquest of Azeroth/creaturecache.wdb
24	9103d9911d73d70b7244e1a6985253a2b4a30a45ca150d95d8501b8524977178	gameobjectcache	gameobjectcache.wdb	Vol'jin - Conquest of Azeroth	Vol'jin	Conquest of Azeroth	conquest-of-azeroth	modes.json	24	2026-08-07	discord resources/Rexxar and Voljin/Vol'jin - Conquest of Azeroth/gameobjectcache.wdb
25	06f7151eaaf3c3853169638ba8bf1c15bca5eb4ca794f975d8a38fce86c338a6	itemcache	itemcache.wdb	Vol'jin - Conquest of Azeroth	Vol'jin	Conquest of Azeroth	conquest-of-azeroth	modes.json	199	2026-08-07	discord resources/Rexxar and Voljin/Vol'jin - Conquest of Azeroth/itemcache.wdb
26	3f2b289a6130120cc1560ee643bf90f54204167a7f24185c022536053126194b	itemnamecache	itemnamecache.wdb	Vol'jin - Conquest of Azeroth	Vol'jin	Conquest of Azeroth	conquest-of-azeroth	modes.json	0	2026-08-07	discord resources/Rexxar and Voljin/Vol'jin - Conquest of Azeroth/itemnamecache.wdb
27	362136a7c9f449800128258e67fc2fe8a58878b4222fb95eb605681fe29fbc21	(non-standard)	itemstatcache.wdb	Vol'jin - Conquest of Azeroth	Vol'jin	Conquest of Azeroth	conquest-of-azeroth	modes.json	0	2026-08-07	discord resources/Rexxar and Voljin/Vol'jin - Conquest of Azeroth/itemstatcache.wdb
28	61f4e343034bbb3d2d46918e725164652db373ca4f109de5411b0c7cf7ba882b	itemtextcache	itemtextcache.wdb	Vol'jin - Conquest of Azeroth	Vol'jin	Conquest of Azeroth	conquest-of-azeroth	modes.json	0	2026-08-07	discord resources/Rexxar and Voljin/Vol'jin - Conquest of Azeroth/itemtextcache.wdb
29	6a999ea5785056b0723c5f44b23358f6839a799885ad05891cebf8abdd371745	npccache	npccache.wdb	Vol'jin - Conquest of Azeroth	Vol'jin	Conquest of Azeroth	conquest-of-azeroth	modes.json	0	2026-08-07	discord resources/Rexxar and Voljin/Vol'jin - Conquest of Azeroth/npccache.wdb
30	4e9562247e3211fe5656a9466c40afa5be411dbffa10e82e02fa2d63916cd502	pagetextcache	pagetextcache.wdb	Vol'jin - Conquest of Azeroth	Vol'jin	Conquest of Azeroth	conquest-of-azeroth	modes.json	0	2026-08-07	discord resources/Rexxar and Voljin/Vol'jin - Conquest of Azeroth/pagetextcache.wdb
31	0645a9c01ee9f506e1fc3d61d4bdb62bc10260567b33771f34493eecbc4c8def	questcache	questcache.wdb	Vol'jin - Conquest of Azeroth	Vol'jin	Conquest of Azeroth	conquest-of-azeroth	modes.json	58	2026-08-07	discord resources/Rexxar and Voljin/Vol'jin - Conquest of Azeroth/questcache.wdb
32	e5f6218c9aefb3e22ba91ecfb4e37e1cb0e4835ba208dbed2573ea061908078c	wowcache	wowcache.wdb	Vol'jin - Conquest of Azeroth	Vol'jin	Conquest of Azeroth	conquest-of-azeroth	modes.json	0	2026-08-07	discord resources/Rexxar and Voljin/Vol'jin - Conquest of Azeroth/wowcache.wdb
33	ea68b4687a03202739d23a79028febb12b4e7306c445a9d193e0f7019d8c34d2	creaturecache	creaturecache.wdb	discord resources		unknown	unknown	unknown	2968	2026-09-08	discord resources/creaturecache.wdb
34	2324309c45e35db1f672b884f62780e9c53d3bed84dbbe498d02632283227017	gameobjectcache	gameobjectcache.wdb	discord resources		unknown	unknown	unknown	2037	2026-09-08	discord resources/gameobjectcache.wdb
35	47b335594c511608a88641e713eff68b647502381ec10b143809a1f5e046e6de	itemnamecache	itemnamecache.wdb	discord resources		unknown	unknown	unknown	19	2026-09-08	discord resources/itemnamecache.wdb
36	678b086007422e2d91ddf1c3587c7ad283f4171b4b5ac4518857039a97a1e286	(non-standard)	itemstatcache.wdb	discord resources		unknown	unknown	unknown	0	2026-09-08	discord resources/itemstatcache.wdb
37	976efce0e5d40769e1c956e832a906dec2f55dda063b301244a1ace5a39f8030	itemtextcache	itemtextcache.wdb	discord resources		unknown	unknown	unknown	0	2026-09-08	discord resources/itemtextcache.wdb
38	2fcc8f303c48d4589f78a87f7cfc52e2fd764f5d2879605b2aca0dde6bd77647	npccache	npccache.wdb	discord resources		unknown	unknown	unknown	176	2026-09-08	discord resources/npccache.wdb
39	8416fa4a8b2b01effaad3e225585f4fe57a22212fa49ef1a209e93159646a314	questcache	questcache.wdb	discord resources		unknown	unknown	unknown	445	2026-09-08	discord resources/questcache.wdb
40	23d7d0ffb47fd24edc4e77aadc4d32cf8c74b57a9ab40fd86e5ca7efa6518faa	creaturecache	creaturecache.wdb	current-active-realm	current-active-realm	unknown	unknown	unknown	0	2026-09-07	_inbox/ascension-harvest-export/client-cache/current-active-realm/creaturecache.wdb
41	3ce9ff9b2fd5dce3499c09aff0a96017a0d1c4d55c194524ccb61a41a0c920fe	gameobjectcache	gameobjectcache.wdb	current-active-realm	current-active-realm	unknown	unknown	unknown	0	2026-09-07	_inbox/ascension-harvest-export/client-cache/current-active-realm/gameobjectcache.wdb
42	76a25181ddacda4e4e4350a73411d0a3cdabc990cbcc611c9be20aca5fbf4072	itemcache	itemcache.wdb	current-active-realm	current-active-realm	unknown	unknown	unknown	0	2026-09-07	_inbox/ascension-harvest-export/client-cache/current-active-realm/itemcache.wdb
43	bbce0eced31ea84fc64167083402e03ae89476b4f3259391dfa137a5ba96aef9	itemnamecache	itemnamecache.wdb	current-active-realm	current-active-realm	unknown	unknown	unknown	0	2026-09-07	_inbox/ascension-harvest-export/client-cache/current-active-realm/itemnamecache.wdb
44	b8a610ce6505f07d78657874e0bd0734ac92e824df3038d9063d177ae773cef3	itemtextcache	itemtextcache.wdb	current-active-realm	current-active-realm	unknown	unknown	unknown	0	2026-09-07	_inbox/ascension-harvest-export/client-cache/current-active-realm/itemtextcache.wdb
45	da68cdfcc755fa9edabe5f5b2f541fada8e7819a7e3ba6ae32d4910957b67eb7	npccache	npccache.wdb	current-active-realm	current-active-realm	unknown	unknown	unknown	0	2026-09-07	_inbox/ascension-harvest-export/client-cache/current-active-realm/npccache.wdb
46	af6620ee3c0f2052f652cd84bae60ebc10321568da0caedf8bf2dc8aad336df9	pagetextcache	pagetextcache.wdb	current-active-realm	current-active-realm	unknown	unknown	unknown	0	2026-09-07	_inbox/ascension-harvest-export/client-cache/current-active-realm/pagetextcache.wdb
47	23eacf892501a8dcdbab155c58699f5fdaa8016c467ea5378b6419b9e3f1bee8	questcache	questcache.wdb	current-active-realm	current-active-realm	unknown	unknown	unknown	0	2026-09-07	_inbox/ascension-harvest-export/client-cache/current-active-realm/questcache.wdb
48	0300fa94cc7e8356558b3b6475bc06175aab8d26dcb088490a62ca492c2a621a	wowcache	wowcache.wdb	current-active-realm	current-active-realm	unknown	unknown	unknown	0	2026-09-07	_inbox/ascension-harvest-export/client-cache/current-active-realm/wowcache.wdb
49	d04b6af21e9fa9fba727f860a2687a0f1356a06862d5713fd045c63033c58c56	creaturecache	creaturecache-dawnrise-2026-08-29.wdb	dawnrise-dated-snapshots	Dawnrise	Season 10 Freepick	season-10-freepick	modes.json	755	2026-09-07	_inbox/ascension-harvest-export/client-cache/dawnrise-dated-snapshots/creaturecache-dawnrise-2026-08-29.wdb
50	41c47432338760240975ccda4cefcafbd74d90582b3417c7203fd767bdb192f2	creaturecache	creaturecache-dawnrise-2026-08-31.wdb	dawnrise-dated-snapshots	Dawnrise	Season 10 Freepick	season-10-freepick	modes.json	3573	2026-09-07	_inbox/ascension-harvest-export/client-cache/dawnrise-dated-snapshots/creaturecache-dawnrise-2026-08-31.wdb
51	84c073e8f16e5d9eeb0df88194802516a3ca17d8859f62d69f44ad06061c8cee	creaturecache	creaturecache-dawnrise-2026-09-01.wdb	dawnrise-dated-snapshots	Dawnrise	Season 10 Freepick	season-10-freepick	modes.json	3593	2026-09-07	_inbox/ascension-harvest-export/client-cache/dawnrise-dated-snapshots/creaturecache-dawnrise-2026-09-01.wdb
52	2272247b8519d5b235917e58f02dbf364ea3741f64bab2afa92b04cc9e7eb170	creaturecache	creaturecache-dawnrise-2026-09-01c.wdb	dawnrise-dated-snapshots	Dawnrise	Season 10 Freepick	season-10-freepick	modes.json	3998	2026-09-07	_inbox/ascension-harvest-export/client-cache/dawnrise-dated-snapshots/creaturecache-dawnrise-2026-09-01c.wdb
53	d93b177d16a20ee20c59976d7a4cedbdf511bed73ada4c043e5e012daa893020	creaturecache	creaturecache-dawnrise-2026-09-01d.wdb	dawnrise-dated-snapshots	Dawnrise	Season 10 Freepick	season-10-freepick	modes.json	4024	2026-09-07	_inbox/ascension-harvest-export/client-cache/dawnrise-dated-snapshots/creaturecache-dawnrise-2026-09-01d.wdb
54	de72db0e53a85eda9bda33be6394626b09fc36e11811ae435fa659df73f36956	creaturecache	creaturecache-dawnrise-2026-09-01f.wdb	dawnrise-dated-snapshots	Dawnrise	Season 10 Freepick	season-10-freepick	modes.json	4299	2026-09-07	_inbox/ascension-harvest-export/client-cache/dawnrise-dated-snapshots/creaturecache-dawnrise-2026-09-01f.wdb
55	ef80aadcb4b8d83ba3dbcf4509bcefe1dbad49b1fa59b14c6778e34a96e244c0	gameobjectcache	gameobjectcache-dawnrise-2026-08-29.wdb	dawnrise-dated-snapshots	Dawnrise	Season 10 Freepick	season-10-freepick	modes.json	663	2026-09-07	_inbox/ascension-harvest-export/client-cache/dawnrise-dated-snapshots/gameobjectcache-dawnrise-2026-08-29.wdb
56	3cb541e56fd59020b71c2d169588f47d8d064ade88886ada0260cdbed0ef71e7	gameobjectcache	gameobjectcache-dawnrise-2026-08-31.wdb	dawnrise-dated-snapshots	Dawnrise	Season 10 Freepick	season-10-freepick	modes.json	3153	2026-09-07	_inbox/ascension-harvest-export/client-cache/dawnrise-dated-snapshots/gameobjectcache-dawnrise-2026-08-31.wdb
57	69624a7f4fd45375d169e3cc52f3a2a82577be4afc1ef3413d38ad13c3922f1d	gameobjectcache	gameobjectcache-dawnrise-2026-09-01c.wdb	dawnrise-dated-snapshots	Dawnrise	Season 10 Freepick	season-10-freepick	modes.json	3162	2026-09-07	_inbox/ascension-harvest-export/client-cache/dawnrise-dated-snapshots/gameobjectcache-dawnrise-2026-09-01c.wdb
58	157cc69f9958ed865bbca832711b7cb2208502c2d290d1f6558d671a1f303949	gameobjectcache	gameobjectcache-dawnrise-2026-09-01d.wdb	dawnrise-dated-snapshots	Dawnrise	Season 10 Freepick	season-10-freepick	modes.json	3166	2026-09-07	_inbox/ascension-harvest-export/client-cache/dawnrise-dated-snapshots/gameobjectcache-dawnrise-2026-09-01d.wdb
59	f702fce433709bf6f6c4e14b05aba7e13576747d28ec882d95b1b7702227670d	gameobjectcache	gameobjectcache-dawnrise-2026-09-01f.wdb	dawnrise-dated-snapshots	Dawnrise	Season 10 Freepick	season-10-freepick	modes.json	3461	2026-09-07	_inbox/ascension-harvest-export/client-cache/dawnrise-dated-snapshots/gameobjectcache-dawnrise-2026-09-01f.wdb
60	bd9f29665596760af9d7cdbfd37f8607c15dcb6e0678a19509c62ce90ab68c7d	itemcache	itemcache-dawnrise-2026-08-29b.wdb	dawnrise-dated-snapshots	Dawnrise	Season 10 Freepick	season-10-freepick	modes.json	23350	2026-09-07	_inbox/ascension-harvest-export/client-cache/dawnrise-dated-snapshots/itemcache-dawnrise-2026-08-29b.wdb
61	766513c85c81d2323bce4cde18e9bad4a4e5ee5c878b8831f5b8e45688235bd2	itemcache	itemcache-dawnrise-2026-08-29c.wdb	dawnrise-dated-snapshots	Dawnrise	Season 10 Freepick	season-10-freepick	modes.json	49115	2026-09-07	_inbox/ascension-harvest-export/client-cache/dawnrise-dated-snapshots/itemcache-dawnrise-2026-08-29c.wdb
62	cacc9ee053f37e36182e9cd767867d0cbb9cc1001df2758fb6e9796f76f5e096	itemcache	itemcache-dawnrise-2026-08-29d.wdb	dawnrise-dated-snapshots	Dawnrise	Season 10 Freepick	season-10-freepick	modes.json	114253	2026-09-07	_inbox/ascension-harvest-export/client-cache/dawnrise-dated-snapshots/itemcache-dawnrise-2026-08-29d.wdb
63	323ecb3df9dc084f440b29cd73f58fcef5f10d410626a929b1bc10b071f86220	itemcache	itemcache-dawnrise-2026-08-29e.wdb	dawnrise-dated-snapshots	Dawnrise	Season 10 Freepick	season-10-freepick	modes.json	155075	2026-09-07	_inbox/ascension-harvest-export/client-cache/dawnrise-dated-snapshots/itemcache-dawnrise-2026-08-29e.wdb
64	a6da67addf52436840011916a7e2e4109098a536c091aac46e246e3fe96fc159	itemcache	itemcache-dawnrise-2026-08-30.wdb	dawnrise-dated-snapshots	Dawnrise	Season 10 Freepick	season-10-freepick	modes.json	307336	2026-09-07	_inbox/ascension-harvest-export/client-cache/dawnrise-dated-snapshots/itemcache-dawnrise-2026-08-30.wdb
65	fcb4f3cdf7adf0247d7922a0c2baa39deff74a36c0ed03d5dbc11b2097a53526	itemcache	itemcache-dawnrise-2026-08-31.wdb	dawnrise-dated-snapshots	Dawnrise	Season 10 Freepick	season-10-freepick	modes.json	387976	2026-09-07	_inbox/ascension-harvest-export/client-cache/dawnrise-dated-snapshots/itemcache-dawnrise-2026-08-31.wdb
66	e93f4284ca0953296baf716ea19b13032cb3365b9deb5d6a333bb5b6f5f561b5	itemcache	itemcache-dawnrise-2026-09-01.wdb	dawnrise-dated-snapshots	Dawnrise	Season 10 Freepick	season-10-freepick	modes.json	548484	2026-09-07	_inbox/ascension-harvest-export/client-cache/dawnrise-dated-snapshots/itemcache-dawnrise-2026-09-01.wdb
67	8a7a115838f4f7fc940330d8a37e624ae3d2b28e06a3b88a299d86290ab8ccd3	itemcache	itemcache-dawnrise-2026-09-01c.wdb	dawnrise-dated-snapshots	Dawnrise	Season 10 Freepick	season-10-freepick	modes.json	548496	2026-09-07	_inbox/ascension-harvest-export/client-cache/dawnrise-dated-snapshots/itemcache-dawnrise-2026-09-01c.wdb
68	1b007a6d025df3b728a1d1dac10a6dde712cc4ee2a7035037f97cce3fdc6c5cc	itemcache	itemcache-dawnrise-2026-09-01e.wdb	dawnrise-dated-snapshots	Dawnrise	Season 10 Freepick	season-10-freepick	modes.json	548497	2026-09-07	_inbox/ascension-harvest-export/client-cache/dawnrise-dated-snapshots/itemcache-dawnrise-2026-09-01e.wdb
69	596df0495ab681c68db444e32e7256226c0ac2dad4d5d0edcf0a33b92100e97c	npccache	npccache-dawnrise-2026-09-01d.wdb	dawnrise-dated-snapshots	Dawnrise	Season 10 Freepick	season-10-freepick	modes.json	33	2026-09-07	_inbox/ascension-harvest-export/client-cache/dawnrise-dated-snapshots/npccache-dawnrise-2026-09-01d.wdb
70	a93912f6a6b6182d424b9fe06a68d201f036f1af7168e61eb5038c5650ffde8e	npccache	npccache-dawnrise-2026-09-01f.wdb	dawnrise-dated-snapshots	Dawnrise	Season 10 Freepick	season-10-freepick	modes.json	35	2026-09-07	_inbox/ascension-harvest-export/client-cache/dawnrise-dated-snapshots/npccache-dawnrise-2026-09-01f.wdb
71	9a192e87953359ce19e3f937dbb471828bdb8bf9af2a5c3d5b52848e7bf85d9c	pagetextcache	pagetextcache-dawnrise-2026-09-01d.wdb	dawnrise-dated-snapshots	Dawnrise	Season 10 Freepick	season-10-freepick	modes.json	22	2026-09-07	_inbox/ascension-harvest-export/client-cache/dawnrise-dated-snapshots/pagetextcache-dawnrise-2026-09-01d.wdb
72	20b8c15e8f30f80036e21112685094e6d537af917e14effa4a3cf9f0458babba	questcache	questcache-dawnrise-2026-08-29.wdb	dawnrise-dated-snapshots	Dawnrise	Season 10 Freepick	season-10-freepick	modes.json	560	2026-09-07	_inbox/ascension-harvest-export/client-cache/dawnrise-dated-snapshots/questcache-dawnrise-2026-08-29.wdb
73	9520992fb6dc4fdb564f2e81602b58bdbac0acd48d220a06d9384e748f79682b	questcache	questcache-dawnrise-2026-08-30.wdb	dawnrise-dated-snapshots	Dawnrise	Season 10 Freepick	season-10-freepick	modes.json	569	2026-09-07	_inbox/ascension-harvest-export/client-cache/dawnrise-dated-snapshots/questcache-dawnrise-2026-08-30.wdb
74	8a4a41f492de1f23d0a5a4046110e1309eb5683544955ac6b0eac785a833bc58	questcache	questcache-dawnrise-2026-09-01.wdb	dawnrise-dated-snapshots	Dawnrise	Season 10 Freepick	season-10-freepick	modes.json	581	2026-09-07	_inbox/ascension-harvest-export/client-cache/dawnrise-dated-snapshots/questcache-dawnrise-2026-09-01.wdb
75	4345ef47cc3938d5ecaa090dd92cda5e5c71e7a73554050ba1a3ff6e0b06a5f2	questcache	questcache-dawnrise-2026-09-01b.wdb	dawnrise-dated-snapshots	Dawnrise	Season 10 Freepick	season-10-freepick	modes.json	3139	2026-09-07	_inbox/ascension-harvest-export/client-cache/dawnrise-dated-snapshots/questcache-dawnrise-2026-09-01b.wdb
76	58f16a395259e5b707a656461fa7f5fea642227178a83264828c39e017566129	questcache	questcache-dawnrise-2026-09-01c.wdb	dawnrise-dated-snapshots	Dawnrise	Season 10 Freepick	season-10-freepick	modes.json	18552	2026-09-07	_inbox/ascension-harvest-export/client-cache/dawnrise-dated-snapshots/questcache-dawnrise-2026-09-01c.wdb
77	3d06c4c08343045bfa6e3573680d994c0b9da5f898cd45aa3db20bb3b5947d10	creaturecache	creaturecache.wdb	Area 52 - Free-Pick	Area 52	Free-Pick	free-pick	modes.json	257	2026-09-07	_inbox/ascension-harvest-export/client-cache/full-enus-snapshot-2026-09-01/enUS/Area 52 - Free-Pick/creaturecache.wdb
78	8a572a703eb8b70a744b93e1b89a89211312f309c2502d01d80f0011e9364b1c	gameobjectcache	gameobjectcache.wdb	Area 52 - Free-Pick	Area 52	Free-Pick	free-pick	modes.json	21	2026-09-07	_inbox/ascension-harvest-export/client-cache/full-enus-snapshot-2026-09-01/enUS/Area 52 - Free-Pick/gameobjectcache.wdb
79	2092c63068b42ed41449bb0fa34d46a2e6a464c46a16d0c51ab8cfa3d45a30fb	itemcache	itemcache.wdb	Area 52 - Free-Pick	Area 52	Free-Pick	free-pick	modes.json	60	2026-09-07	_inbox/ascension-harvest-export/client-cache/full-enus-snapshot-2026-09-01/enUS/Area 52 - Free-Pick/itemcache.wdb
80	49fb9155a45b2093661b6843bab4f85e51111acecfa4d162f2549b8d79b5f8bd	itemnamecache	itemnamecache.wdb	Area 52 - Free-Pick	Area 52	Free-Pick	free-pick	modes.json	0	2026-09-07	_inbox/ascension-harvest-export/client-cache/full-enus-snapshot-2026-09-01/enUS/Area 52 - Free-Pick/itemnamecache.wdb
81	5e9a368f9d76c2bcac27084f586ae4ca4ccddba6c045c4e26ceec882dea04e43	(non-standard)	itemstatcache.wdb	Area 52 - Free-Pick	Area 52	Free-Pick	free-pick	modes.json	0	2026-09-07	_inbox/ascension-harvest-export/client-cache/full-enus-snapshot-2026-09-01/enUS/Area 52 - Free-Pick/itemstatcache.wdb
82	1673458b30206c502e52cad51c40eb81a4a76c3f5d3b7ddcdbab75919e591992	itemtextcache	itemtextcache.wdb	Area 52 - Free-Pick	Area 52	Free-Pick	free-pick	modes.json	0	2026-09-07	_inbox/ascension-harvest-export/client-cache/full-enus-snapshot-2026-09-01/enUS/Area 52 - Free-Pick/itemtextcache.wdb
83	0052b87c8b3c3d120c395c334d8cdb90908039783f89e1ad3934ce0015087e8f	npccache	npccache.wdb	Area 52 - Free-Pick	Area 52	Free-Pick	free-pick	modes.json	0	2026-09-07	_inbox/ascension-harvest-export/client-cache/full-enus-snapshot-2026-09-01/enUS/Area 52 - Free-Pick/npccache.wdb
84	82db6fdd8591a6e5981cdd543e3f248872d412fee08c26e9650b71e85aac4484	pagetextcache	pagetextcache.wdb	Area 52 - Free-Pick	Area 52	Free-Pick	free-pick	modes.json	0	2026-09-07	_inbox/ascension-harvest-export/client-cache/full-enus-snapshot-2026-09-01/enUS/Area 52 - Free-Pick/pagetextcache.wdb
85	856f4a02fe3183dff915a9d63f90edfb5f042de8f669b56675c8cfaa5ab96d8c	questcache	questcache.wdb	Area 52 - Free-Pick	Area 52	Free-Pick	free-pick	modes.json	59	2026-09-07	_inbox/ascension-harvest-export/client-cache/full-enus-snapshot-2026-09-01/enUS/Area 52 - Free-Pick/questcache.wdb
86	f9fae52ec59188f1c1ddaf03b9c23deece6c08e023c2e0a9e884349fe74ce10f	wowcache	wowcache.wdb	Area 52 - Free-Pick	Area 52	Free-Pick	free-pick	modes.json	0	2026-09-07	_inbox/ascension-harvest-export/client-cache/full-enus-snapshot-2026-09-01/enUS/Area 52 - Free-Pick/wowcache.wdb
87	aeaa6fc7bc2c87129292d24d92e1d5d4cba9f5dfcf25b71c93795241f0bb6b56	creaturecache	creaturecache.wdb	Darkmoon - Season 10 Wildcard	Darkmoon	Season 10 Wildcard	season-10-wildcard	modes.json	868	2026-09-07	_inbox/ascension-harvest-export/client-cache/full-enus-snapshot-2026-09-01/enUS/Darkmoon - Season 10 Wildcard/creaturecache.wdb
88	dc9cedbf30ef767a4848a907deb2b7849c25eeb9bff960ba13f1b807e39be364	gameobjectcache	gameobjectcache.wdb	Darkmoon - Season 10 Wildcard	Darkmoon	Season 10 Wildcard	season-10-wildcard	modes.json	636	2026-09-07	_inbox/ascension-harvest-export/client-cache/full-enus-snapshot-2026-09-01/enUS/Darkmoon - Season 10 Wildcard/gameobjectcache.wdb
89	940a1395bbe12b4b3ccf30fece028dcd7061fc0d73081fb65ed9dcec203058a0	itemcache	itemcache.wdb	Darkmoon - Season 10 Wildcard	Darkmoon	Season 10 Wildcard	season-10-wildcard	modes.json	1128	2026-09-07	_inbox/ascension-harvest-export/client-cache/full-enus-snapshot-2026-09-01/enUS/Darkmoon - Season 10 Wildcard/itemcache.wdb
90	49fb9155a45b2093661b6843bab4f85e51111acecfa4d162f2549b8d79b5f8bd	itemnamecache	itemnamecache.wdb	Darkmoon - Season 10 Wildcard	Darkmoon	Season 10 Wildcard	season-10-wildcard	modes.json	0	2026-09-07	_inbox/ascension-harvest-export/client-cache/full-enus-snapshot-2026-09-01/enUS/Darkmoon - Season 10 Wildcard/itemnamecache.wdb
91	92e298986494218c56ca656d8b966bb4072e7e7a8c7d4d7c5f6e04e98f858149	(non-standard)	itemstatcache.wdb	Darkmoon - Season 10 Wildcard	Darkmoon	Season 10 Wildcard	season-10-wildcard	modes.json	0	2026-09-07	_inbox/ascension-harvest-export/client-cache/full-enus-snapshot-2026-09-01/enUS/Darkmoon - Season 10 Wildcard/itemstatcache.wdb
92	1673458b30206c502e52cad51c40eb81a4a76c3f5d3b7ddcdbab75919e591992	itemtextcache	itemtextcache.wdb	Darkmoon - Season 10 Wildcard	Darkmoon	Season 10 Wildcard	season-10-wildcard	modes.json	0	2026-09-07	_inbox/ascension-harvest-export/client-cache/full-enus-snapshot-2026-09-01/enUS/Darkmoon - Season 10 Wildcard/itemtextcache.wdb
93	abbee38be822065943667c4195371d6520f059a7ec7cae182e17a707b276072d	npccache	npccache.wdb	Darkmoon - Season 10 Wildcard	Darkmoon	Season 10 Wildcard	season-10-wildcard	modes.json	28	2026-09-07	_inbox/ascension-harvest-export/client-cache/full-enus-snapshot-2026-09-01/enUS/Darkmoon - Season 10 Wildcard/npccache.wdb
94	82db6fdd8591a6e5981cdd543e3f248872d412fee08c26e9650b71e85aac4484	pagetextcache	pagetextcache.wdb	Darkmoon - Season 10 Wildcard	Darkmoon	Season 10 Wildcard	season-10-wildcard	modes.json	0	2026-09-07	_inbox/ascension-harvest-export/client-cache/full-enus-snapshot-2026-09-01/enUS/Darkmoon - Season 10 Wildcard/pagetextcache.wdb
95	19f73e5fca817aebc8ff869fe69bab4a8d0b2908773c1b72039943a3bd805d70	questcache	questcache.wdb	Darkmoon - Season 10 Wildcard	Darkmoon	Season 10 Wildcard	season-10-wildcard	modes.json	111	2026-09-07	_inbox/ascension-harvest-export/client-cache/full-enus-snapshot-2026-09-01/enUS/Darkmoon - Season 10 Wildcard/questcache.wdb
96	f9fae52ec59188f1c1ddaf03b9c23deece6c08e023c2e0a9e884349fe74ce10f	wowcache	wowcache.wdb	Darkmoon - Season 10 Wildcard	Darkmoon	Season 10 Wildcard	season-10-wildcard	modes.json	0	2026-09-07	_inbox/ascension-harvest-export/client-cache/full-enus-snapshot-2026-09-01/enUS/Darkmoon - Season 10 Wildcard/wowcache.wdb
97	41c47432338760240975ccda4cefcafbd74d90582b3417c7203fd767bdb192f2	creaturecache	creaturecache.wdb	Dawnrise - Season 10 Freepick	Dawnrise	Season 10 Freepick	season-10-freepick	modes.json	3573	2026-09-07	_inbox/ascension-harvest-export/client-cache/full-enus-snapshot-2026-09-01/enUS/Dawnrise - Season 10 Freepick/creaturecache.wdb
98	3cb541e56fd59020b71c2d169588f47d8d064ade88886ada0260cdbed0ef71e7	gameobjectcache	gameobjectcache.wdb	Dawnrise - Season 10 Freepick	Dawnrise	Season 10 Freepick	season-10-freepick	modes.json	3153	2026-09-07	_inbox/ascension-harvest-export/client-cache/full-enus-snapshot-2026-09-01/enUS/Dawnrise - Season 10 Freepick/gameobjectcache.wdb
99	fcb4f3cdf7adf0247d7922a0c2baa39deff74a36c0ed03d5dbc11b2097a53526	itemcache	itemcache.wdb	Dawnrise - Season 10 Freepick	Dawnrise	Season 10 Freepick	season-10-freepick	modes.json	387976	2026-09-07	_inbox/ascension-harvest-export/client-cache/full-enus-snapshot-2026-09-01/enUS/Dawnrise - Season 10 Freepick/itemcache.wdb
100	36fd324059c2e5f2b0f75c861b9afecac7494514cda04011c93817ac034107b1	itemnamecache	itemnamecache.wdb	Dawnrise - Season 10 Freepick	Dawnrise	Season 10 Freepick	season-10-freepick	modes.json	87	2026-09-07	_inbox/ascension-harvest-export/client-cache/full-enus-snapshot-2026-09-01/enUS/Dawnrise - Season 10 Freepick/itemnamecache.wdb
101	92e298986494218c56ca656d8b966bb4072e7e7a8c7d4d7c5f6e04e98f858149	(non-standard)	itemstatcache.wdb	Dawnrise - Season 10 Freepick	Dawnrise	Season 10 Freepick	season-10-freepick	modes.json	0	2026-09-07	_inbox/ascension-harvest-export/client-cache/full-enus-snapshot-2026-09-01/enUS/Dawnrise - Season 10 Freepick/itemstatcache.wdb
102	1673458b30206c502e52cad51c40eb81a4a76c3f5d3b7ddcdbab75919e591992	itemtextcache	itemtextcache.wdb	Dawnrise - Season 10 Freepick	Dawnrise	Season 10 Freepick	season-10-freepick	modes.json	0	2026-09-07	_inbox/ascension-harvest-export/client-cache/full-enus-snapshot-2026-09-01/enUS/Dawnrise - Season 10 Freepick/itemtextcache.wdb
103	3da2c768fd0869de5250c70bf810cfa830159eb966a3571865b434bbbafe3d88	npccache	npccache.wdb	Dawnrise - Season 10 Freepick	Dawnrise	Season 10 Freepick	season-10-freepick	modes.json	24	2026-09-07	_inbox/ascension-harvest-export/client-cache/full-enus-snapshot-2026-09-01/enUS/Dawnrise - Season 10 Freepick/npccache.wdb
104	9a192e87953359ce19e3f937dbb471828bdb8bf9af2a5c3d5b52848e7bf85d9c	pagetextcache	pagetextcache.wdb	Dawnrise - Season 10 Freepick	Dawnrise	Season 10 Freepick	season-10-freepick	modes.json	22	2026-09-07	_inbox/ascension-harvest-export/client-cache/full-enus-snapshot-2026-09-01/enUS/Dawnrise - Season 10 Freepick/pagetextcache.wdb
105	9520992fb6dc4fdb564f2e81602b58bdbac0acd48d220a06d9384e748f79682b	questcache	questcache.wdb	Dawnrise - Season 10 Freepick	Dawnrise	Season 10 Freepick	season-10-freepick	modes.json	569	2026-09-07	_inbox/ascension-harvest-export/client-cache/full-enus-snapshot-2026-09-01/enUS/Dawnrise - Season 10 Freepick/questcache.wdb
106	f9fae52ec59188f1c1ddaf03b9c23deece6c08e023c2e0a9e884349fe74ce10f	wowcache	wowcache.wdb	Dawnrise - Season 10 Freepick	Dawnrise	Season 10 Freepick	season-10-freepick	modes.json	0	2026-09-07	_inbox/ascension-harvest-export/client-cache/full-enus-snapshot-2026-09-01/enUS/Dawnrise - Season 10 Freepick/wowcache.wdb
107	af65b630ae8c5cf26f932a9777dc2d8310359ec1e2e802b6e6f2d52dd2c50b94	creaturecache	creaturecache.wdb	Rexxar - Conquest of Azeroth	Rexxar	Conquest of Azeroth	conquest-of-azeroth	modes.json	471	2026-09-07	_inbox/ascension-harvest-export/client-cache/full-enus-snapshot-2026-09-01/enUS/Rexxar - Conquest of Azeroth/creaturecache.wdb
108	0ce0b9f5c5093c532fb56c28bceb158b9c06a1ae6ed5e759ee37e0a963f933dd	gameobjectcache	gameobjectcache.wdb	Rexxar - Conquest of Azeroth	Rexxar	Conquest of Azeroth	conquest-of-azeroth	modes.json	186	2026-09-07	_inbox/ascension-harvest-export/client-cache/full-enus-snapshot-2026-09-01/enUS/Rexxar - Conquest of Azeroth/gameobjectcache.wdb
109	eb72d1641ebf1ed358135de2719e6c3027364ac12b9ef933e461a87a4af14937	itemcache	itemcache.wdb	Rexxar - Conquest of Azeroth	Rexxar	Conquest of Azeroth	conquest-of-azeroth	modes.json	5731	2026-09-07	_inbox/ascension-harvest-export/client-cache/full-enus-snapshot-2026-09-01/enUS/Rexxar - Conquest of Azeroth/itemcache.wdb
110	49fb9155a45b2093661b6843bab4f85e51111acecfa4d162f2549b8d79b5f8bd	itemnamecache	itemnamecache.wdb	Rexxar - Conquest of Azeroth	Rexxar	Conquest of Azeroth	conquest-of-azeroth	modes.json	0	2026-09-07	_inbox/ascension-harvest-export/client-cache/full-enus-snapshot-2026-09-01/enUS/Rexxar - Conquest of Azeroth/itemnamecache.wdb
111	8ed0b7a779e994fc0f7b0d5baa6ce5acb2c9b7d8b13dc199ad86f57955969f0b	(non-standard)	itemstatcache.wdb	Rexxar - Conquest of Azeroth	Rexxar	Conquest of Azeroth	conquest-of-azeroth	modes.json	0	2026-09-07	_inbox/ascension-harvest-export/client-cache/full-enus-snapshot-2026-09-01/enUS/Rexxar - Conquest of Azeroth/itemstatcache.wdb
112	1673458b30206c502e52cad51c40eb81a4a76c3f5d3b7ddcdbab75919e591992	itemtextcache	itemtextcache.wdb	Rexxar - Conquest of Azeroth	Rexxar	Conquest of Azeroth	conquest-of-azeroth	modes.json	0	2026-09-07	_inbox/ascension-harvest-export/client-cache/full-enus-snapshot-2026-09-01/enUS/Rexxar - Conquest of Azeroth/itemtextcache.wdb
113	730611fa1662fb13231ba026600b67719a840edfcb6057414ad4b21913fdc4e5	npccache	npccache.wdb	Rexxar - Conquest of Azeroth	Rexxar	Conquest of Azeroth	conquest-of-azeroth	modes.json	3	2026-09-07	_inbox/ascension-harvest-export/client-cache/full-enus-snapshot-2026-09-01/enUS/Rexxar - Conquest of Azeroth/npccache.wdb
114	82db6fdd8591a6e5981cdd543e3f248872d412fee08c26e9650b71e85aac4484	pagetextcache	pagetextcache.wdb	Rexxar - Conquest of Azeroth	Rexxar	Conquest of Azeroth	conquest-of-azeroth	modes.json	0	2026-09-07	_inbox/ascension-harvest-export/client-cache/full-enus-snapshot-2026-09-01/enUS/Rexxar - Conquest of Azeroth/pagetextcache.wdb
115	21a333168ad4d6b794e5f9b03af902e924f4bb325bbd437e8088296dcd9088d9	questcache	questcache.wdb	Rexxar - Conquest of Azeroth	Rexxar	Conquest of Azeroth	conquest-of-azeroth	modes.json	69	2026-09-07	_inbox/ascension-harvest-export/client-cache/full-enus-snapshot-2026-09-01/enUS/Rexxar - Conquest of Azeroth/questcache.wdb
116	f9fae52ec59188f1c1ddaf03b9c23deece6c08e023c2e0a9e884349fe74ce10f	wowcache	wowcache.wdb	Rexxar - Conquest of Azeroth	Rexxar	Conquest of Azeroth	conquest-of-azeroth	modes.json	0	2026-09-07	_inbox/ascension-harvest-export/client-cache/full-enus-snapshot-2026-09-01/enUS/Rexxar - Conquest of Azeroth/wowcache.wdb
117	ed1fb427bd1d2e6e7f3a42bcf2930ad0be9101bb2a29d6f713643120bad54c9d	creaturecache	creaturecache.wdb	enUS (realm root)		conquest-of-azeroth	conquest-of-azeroth	inferred:1.000/817	0	2026-09-07	_inbox/ascension-harvest-export/client-cache/full-enus-snapshot-2026-09-01/enUS/creaturecache.wdb
118	2870547f70bb72d9e2f82b0fa58c4e36725499557cc2f396dfebde68c12ff59e	gameobjectcache	gameobjectcache.wdb	enUS (realm root)		conquest-of-azeroth	conquest-of-azeroth	inferred:1.000/817	0	2026-09-07	_inbox/ascension-harvest-export/client-cache/full-enus-snapshot-2026-09-01/enUS/gameobjectcache.wdb
119	c1dac73c9c7b2b45fd20706823183e2f3fc21fad97e10c70231837651f25958f	itemcache	itemcache.wdb	enUS (realm root)		conquest-of-azeroth	conquest-of-azeroth	inferred:1.000/817	0	2026-09-07	_inbox/ascension-harvest-export/client-cache/full-enus-snapshot-2026-09-01/enUS/itemcache.wdb
120	7966a79edfdac155f553da53b987afe15a8d001bd32670bbdf5ba3a8aa8f81ca	itemnamecache	itemnamecache.wdb	enUS (realm root)		conquest-of-azeroth	conquest-of-azeroth	inferred:1.000/817	0	2026-09-07	_inbox/ascension-harvest-export/client-cache/full-enus-snapshot-2026-09-01/enUS/itemnamecache.wdb
121	7a07985b8a26b0968e139995934e675342068fbefa4cc8625666a1b4a004b2d6	itemtextcache	itemtextcache.wdb	enUS (realm root)		conquest-of-azeroth	conquest-of-azeroth	inferred:1.000/817	0	2026-09-07	_inbox/ascension-harvest-export/client-cache/full-enus-snapshot-2026-09-01/enUS/itemtextcache.wdb
122	e64550fd0c90b8c6f8e9961d047ae934f28371beffe964196bc6992248a9b324	npccache	npccache.wdb	enUS (realm root)		conquest-of-azeroth	conquest-of-azeroth	inferred:1.000/817	0	2026-09-07	_inbox/ascension-harvest-export/client-cache/full-enus-snapshot-2026-09-01/enUS/npccache.wdb
123	17cf81aa01323f25f195858f7396872ce21759d58c16e2bb604d6fefbef19c5c	pagetextcache	pagetextcache.wdb	enUS (realm root)		conquest-of-azeroth	conquest-of-azeroth	inferred:1.000/817	0	2026-09-07	_inbox/ascension-harvest-export/client-cache/full-enus-snapshot-2026-09-01/enUS/pagetextcache.wdb
124	f522477814278a6e5ebb6036bcb5d6bef2c56315c71213bcb561105f1eb13373	questcache	questcache.wdb	enUS (realm root)		conquest-of-azeroth	conquest-of-azeroth	inferred:1.000/817	0	2026-09-07	_inbox/ascension-harvest-export/client-cache/full-enus-snapshot-2026-09-01/enUS/questcache.wdb
125	ecefc6e410b8a2b0e1416e6947cb195c4bef83b807cc065728b19a3e226be029	wowcache	wowcache.wdb	enUS (realm root)		conquest-of-azeroth	conquest-of-azeroth	inferred:1.000/817	0	2026-09-07	_inbox/ascension-harvest-export/client-cache/full-enus-snapshot-2026-09-01/enUS/wowcache.wdb
126	337379671b6d8e253eb45c188e475c98c6094e4d7e1339c77312f9a86696ecf2	creaturecache	creaturecache.wdb	area52-freepick	Area 52	Free-Pick	free-pick	modes.json	259	2026-09-07	_inbox/ascension-harvest-export/client-cache/live-realm-snapshots/area52-freepick/creaturecache.wdb
127	34e857e7837b42422ff5d21f0b68811fb4e3c452017b7f2dd09a5d7657c21f53	gameobjectcache	gameobjectcache.wdb	area52-freepick	Area 52	Free-Pick	free-pick	modes.json	21	2026-09-07	_inbox/ascension-harvest-export/client-cache/live-realm-snapshots/area52-freepick/gameobjectcache.wdb
128	5477f0a71b08f4f5a2f12833034398483cf21b9359f05cddf418120b117f63c7	itemcache	itemcache.wdb	area52-freepick	Area 52	Free-Pick	free-pick	modes.json	60	2026-09-07	_inbox/ascension-harvest-export/client-cache/live-realm-snapshots/area52-freepick/itemcache.wdb
129	bbce0eced31ea84fc64167083402e03ae89476b4f3259391dfa137a5ba96aef9	itemnamecache	itemnamecache.wdb	area52-freepick	Area 52	Free-Pick	free-pick	modes.json	0	2026-09-07	_inbox/ascension-harvest-export/client-cache/live-realm-snapshots/area52-freepick/itemnamecache.wdb
130	b8a610ce6505f07d78657874e0bd0734ac92e824df3038d9063d177ae773cef3	itemtextcache	itemtextcache.wdb	area52-freepick	Area 52	Free-Pick	free-pick	modes.json	0	2026-09-07	_inbox/ascension-harvest-export/client-cache/live-realm-snapshots/area52-freepick/itemtextcache.wdb
131	da68cdfcc755fa9edabe5f5b2f541fada8e7819a7e3ba6ae32d4910957b67eb7	npccache	npccache.wdb	area52-freepick	Area 52	Free-Pick	free-pick	modes.json	0	2026-09-07	_inbox/ascension-harvest-export/client-cache/live-realm-snapshots/area52-freepick/npccache.wdb
132	af6620ee3c0f2052f652cd84bae60ebc10321568da0caedf8bf2dc8aad336df9	pagetextcache	pagetextcache.wdb	area52-freepick	Area 52	Free-Pick	free-pick	modes.json	0	2026-09-07	_inbox/ascension-harvest-export/client-cache/live-realm-snapshots/area52-freepick/pagetextcache.wdb
133	f834a274bd85809cf881cc08b4332f1851a9dcef45ec8112f21a721ead0dfb0d	questcache	questcache.wdb	area52-freepick	Area 52	Free-Pick	free-pick	modes.json	59	2026-09-07	_inbox/ascension-harvest-export/client-cache/live-realm-snapshots/area52-freepick/questcache.wdb
134	0300fa94cc7e8356558b3b6475bc06175aab8d26dcb088490a62ca492c2a621a	wowcache	wowcache.wdb	area52-freepick	Area 52	Free-Pick	free-pick	modes.json	0	2026-09-07	_inbox/ascension-harvest-export/client-cache/live-realm-snapshots/area52-freepick/wowcache.wdb
135	23d7d0ffb47fd24edc4e77aadc4d32cf8c74b57a9ab40fd86e5ca7efa6518faa	creaturecache	creaturecache.wdb	coa-ptr		CoA PTR	coa-ptr	modes.json	0	2026-09-07	_inbox/ascension-harvest-export/client-cache/live-realm-snapshots/coa-ptr/creaturecache.wdb
136	3ce9ff9b2fd5dce3499c09aff0a96017a0d1c4d55c194524ccb61a41a0c920fe	gameobjectcache	gameobjectcache.wdb	coa-ptr		CoA PTR	coa-ptr	modes.json	0	2026-09-07	_inbox/ascension-harvest-export/client-cache/live-realm-snapshots/coa-ptr/gameobjectcache.wdb
137	76a25181ddacda4e4e4350a73411d0a3cdabc990cbcc611c9be20aca5fbf4072	itemcache	itemcache.wdb	coa-ptr		CoA PTR	coa-ptr	modes.json	0	2026-09-07	_inbox/ascension-harvest-export/client-cache/live-realm-snapshots/coa-ptr/itemcache.wdb
138	bbce0eced31ea84fc64167083402e03ae89476b4f3259391dfa137a5ba96aef9	itemnamecache	itemnamecache.wdb	coa-ptr		CoA PTR	coa-ptr	modes.json	0	2026-09-07	_inbox/ascension-harvest-export/client-cache/live-realm-snapshots/coa-ptr/itemnamecache.wdb
139	b8a610ce6505f07d78657874e0bd0734ac92e824df3038d9063d177ae773cef3	itemtextcache	itemtextcache.wdb	coa-ptr		CoA PTR	coa-ptr	modes.json	0	2026-09-07	_inbox/ascension-harvest-export/client-cache/live-realm-snapshots/coa-ptr/itemtextcache.wdb
140	da68cdfcc755fa9edabe5f5b2f541fada8e7819a7e3ba6ae32d4910957b67eb7	npccache	npccache.wdb	coa-ptr		CoA PTR	coa-ptr	modes.json	0	2026-09-07	_inbox/ascension-harvest-export/client-cache/live-realm-snapshots/coa-ptr/npccache.wdb
141	af6620ee3c0f2052f652cd84bae60ebc10321568da0caedf8bf2dc8aad336df9	pagetextcache	pagetextcache.wdb	coa-ptr		CoA PTR	coa-ptr	modes.json	0	2026-09-07	_inbox/ascension-harvest-export/client-cache/live-realm-snapshots/coa-ptr/pagetextcache.wdb
142	23eacf892501a8dcdbab155c58699f5fdaa8016c467ea5378b6419b9e3f1bee8	questcache	questcache.wdb	coa-ptr		CoA PTR	coa-ptr	modes.json	0	2026-09-07	_inbox/ascension-harvest-export/client-cache/live-realm-snapshots/coa-ptr/questcache.wdb
143	0300fa94cc7e8356558b3b6475bc06175aab8d26dcb088490a62ca492c2a621a	wowcache	wowcache.wdb	coa-ptr		CoA PTR	coa-ptr	modes.json	0	2026-09-07	_inbox/ascension-harvest-export/client-cache/live-realm-snapshots/coa-ptr/wowcache.wdb
144	b44226b2114a319be2b7e91fc8040140fef45f8e60740d95930b0d203408387f	creaturecache	creaturecache.wdb	darkmoon-s10-wildcard	Darkmoon	Season 10 Wildcard	season-10-wildcard	modes.json	837	2026-09-07	_inbox/ascension-harvest-export/client-cache/live-realm-snapshots/darkmoon-s10-wildcard/creaturecache.wdb
145	bf4d4a729a4190d32c6dc92e0511de4ec410f03cf4b28168680c7fc46add9875	gameobjectcache	gameobjectcache.wdb	darkmoon-s10-wildcard	Darkmoon	Season 10 Wildcard	season-10-wildcard	modes.json	1124	2026-09-07	_inbox/ascension-harvest-export/client-cache/live-realm-snapshots/darkmoon-s10-wildcard/gameobjectcache.wdb
146	1a28958b97b3a2aae4b7ad3fd716d831d88baa7951b183158b6cc3cf5abf0883	itemcache	itemcache.wdb	darkmoon-s10-wildcard	Darkmoon	Season 10 Wildcard	season-10-wildcard	modes.json	2348	2026-09-07	_inbox/ascension-harvest-export/client-cache/live-realm-snapshots/darkmoon-s10-wildcard/itemcache.wdb
147	a74400fc973ab068ae23c2cc1d1a01383855fd3ea84c0f565a6a4d11e7788cfd	itemnamecache	itemnamecache.wdb	darkmoon-s10-wildcard	Darkmoon	Season 10 Wildcard	season-10-wildcard	modes.json	27	2026-09-07	_inbox/ascension-harvest-export/client-cache/live-realm-snapshots/darkmoon-s10-wildcard/itemnamecache.wdb
148	3d5212e2adfb59b0e00f48250111f80a130d95fecdeb436fd904084b1b367a40	(non-standard)	itemstatcache.wdb	darkmoon-s10-wildcard	Darkmoon	Season 10 Wildcard	season-10-wildcard	modes.json	0	2026-09-07	_inbox/ascension-harvest-export/client-cache/live-realm-snapshots/darkmoon-s10-wildcard/itemstatcache.wdb
149	b8a610ce6505f07d78657874e0bd0734ac92e824df3038d9063d177ae773cef3	itemtextcache	itemtextcache.wdb	darkmoon-s10-wildcard	Darkmoon	Season 10 Wildcard	season-10-wildcard	modes.json	0	2026-09-07	_inbox/ascension-harvest-export/client-cache/live-realm-snapshots/darkmoon-s10-wildcard/itemtextcache.wdb
150	a4fba9413ac7402490ce14405ae1bf62da149d6bf39ca9723785be92c24ab123	npccache	npccache.wdb	darkmoon-s10-wildcard	Darkmoon	Season 10 Wildcard	season-10-wildcard	modes.json	7	2026-09-07	_inbox/ascension-harvest-export/client-cache/live-realm-snapshots/darkmoon-s10-wildcard/npccache.wdb
151	af6620ee3c0f2052f652cd84bae60ebc10321568da0caedf8bf2dc8aad336df9	pagetextcache	pagetextcache.wdb	darkmoon-s10-wildcard	Darkmoon	Season 10 Wildcard	season-10-wildcard	modes.json	0	2026-09-07	_inbox/ascension-harvest-export/client-cache/live-realm-snapshots/darkmoon-s10-wildcard/pagetextcache.wdb
152	fc770b9a99e75bb604e016f4eb8531b34bf34292b22e46fa7bd375e31800168d	questcache	questcache.wdb	darkmoon-s10-wildcard	Darkmoon	Season 10 Wildcard	season-10-wildcard	modes.json	73	2026-09-07	_inbox/ascension-harvest-export/client-cache/live-realm-snapshots/darkmoon-s10-wildcard/questcache.wdb
153	fb88bd27b0293c8e7fdd4201e5f76bbe108d00ef61782fa1f71ecc4491ca0ae8	(non-standard)	questcacheaddon.wdb	darkmoon-s10-wildcard	Darkmoon	Season 10 Wildcard	season-10-wildcard	modes.json	0	2026-09-07	_inbox/ascension-harvest-export/client-cache/live-realm-snapshots/darkmoon-s10-wildcard/questcacheaddon.wdb
154	0300fa94cc7e8356558b3b6475bc06175aab8d26dcb088490a62ca492c2a621a	wowcache	wowcache.wdb	darkmoon-s10-wildcard	Darkmoon	Season 10 Wildcard	season-10-wildcard	modes.json	0	2026-09-07	_inbox/ascension-harvest-export/client-cache/live-realm-snapshots/darkmoon-s10-wildcard/wowcache.wdb
155	aef98e3bc4fc4e7da053fb24d82958f29587654f02d39ba76ec87bfdf50db8b3	creaturecache	creaturecache.wdb	dawnrise-s10-freepick	Dawnrise	Season 10 Freepick	season-10-freepick	modes.json	6238	2026-09-07	_inbox/ascension-harvest-export/client-cache/live-realm-snapshots/dawnrise-s10-freepick/creaturecache.wdb
156	6af7599d5e54d5277e266e23beda65d15487fdc5d7180135e9e9d8101677da1b	gameobjectcache	gameobjectcache.wdb	dawnrise-s10-freepick	Dawnrise	Season 10 Freepick	season-10-freepick	modes.json	4470	2026-09-07	_inbox/ascension-harvest-export/client-cache/live-realm-snapshots/dawnrise-s10-freepick/gameobjectcache.wdb
157	709340468f0dbf106da47a6bedf67da2eaa62882c9f3ecf881f21e679af142f3	itemcache	itemcache.wdb	dawnrise-s10-freepick	Dawnrise	Season 10 Freepick	season-10-freepick	modes.json	5162	2026-09-07	_inbox/ascension-harvest-export/client-cache/live-realm-snapshots/dawnrise-s10-freepick/itemcache.wdb
158	565be64ff1026c22fe134f9515c87bf8118d002bc658598582afd01531a73d87	itemnamecache	itemnamecache.wdb	dawnrise-s10-freepick	Dawnrise	Season 10 Freepick	season-10-freepick	modes.json	137	2026-09-07	_inbox/ascension-harvest-export/client-cache/live-realm-snapshots/dawnrise-s10-freepick/itemnamecache.wdb
159	bed27c506b9a3c71010c3cc41a3b28212657017ee1a891b81ccf89249192810f	(non-standard)	itemstatcache.wdb	dawnrise-s10-freepick	Dawnrise	Season 10 Freepick	season-10-freepick	modes.json	0	2026-09-07	_inbox/ascension-harvest-export/client-cache/live-realm-snapshots/dawnrise-s10-freepick/itemstatcache.wdb
160	b8a610ce6505f07d78657874e0bd0734ac92e824df3038d9063d177ae773cef3	itemtextcache	itemtextcache.wdb	dawnrise-s10-freepick	Dawnrise	Season 10 Freepick	season-10-freepick	modes.json	0	2026-09-07	_inbox/ascension-harvest-export/client-cache/live-realm-snapshots/dawnrise-s10-freepick/itemtextcache.wdb
161	a9895cfe41c2b963a2ef869c97ad4e4402b3d3913f19a1897b38e016f6973ef6	npccache	npccache.wdb	dawnrise-s10-freepick	Dawnrise	Season 10 Freepick	season-10-freepick	modes.json	16	2026-09-07	_inbox/ascension-harvest-export/client-cache/live-realm-snapshots/dawnrise-s10-freepick/npccache.wdb
162	db84154727a8f082ac9be5583366bc2a2e328d34e149f3b0f42dd4caa91b8594	pagetextcache	pagetextcache.wdb	dawnrise-s10-freepick	Dawnrise	Season 10 Freepick	season-10-freepick	modes.json	1	2026-09-07	_inbox/ascension-harvest-export/client-cache/live-realm-snapshots/dawnrise-s10-freepick/pagetextcache.wdb
163	68a87213af70ffc8ebbebb37ae14dc7a62c5e21dc2454af6e969815352cdcc47	questcache	questcache.wdb	dawnrise-s10-freepick	Dawnrise	Season 10 Freepick	season-10-freepick	modes.json	69	2026-09-07	_inbox/ascension-harvest-export/client-cache/live-realm-snapshots/dawnrise-s10-freepick/questcache.wdb
164	4846e13038f887b7f09545f3e97e5a1b0ec8efce5fbe465bfd559f9ba71c56ea	(non-standard)	questcacheaddon.wdb	dawnrise-s10-freepick	Dawnrise	Season 10 Freepick	season-10-freepick	modes.json	0	2026-09-07	_inbox/ascension-harvest-export/client-cache/live-realm-snapshots/dawnrise-s10-freepick/questcacheaddon.wdb
165	0300fa94cc7e8356558b3b6475bc06175aab8d26dcb088490a62ca492c2a621a	wowcache	wowcache.wdb	dawnrise-s10-freepick	Dawnrise	Season 10 Freepick	season-10-freepick	modes.json	0	2026-09-07	_inbox/ascension-harvest-export/client-cache/live-realm-snapshots/dawnrise-s10-freepick/wowcache.wdb
166	23d7d0ffb47fd24edc4e77aadc4d32cf8c74b57a9ab40fd86e5ca7efa6518faa	creaturecache	creaturecache.wdb	elune-s9-freepick	Elune	Season 9	season-9	modes.json	0	2026-09-07	_inbox/ascension-harvest-export/client-cache/live-realm-snapshots/elune-s9-freepick/creaturecache.wdb
167	3ce9ff9b2fd5dce3499c09aff0a96017a0d1c4d55c194524ccb61a41a0c920fe	gameobjectcache	gameobjectcache.wdb	elune-s9-freepick	Elune	Season 9	season-9	modes.json	0	2026-09-07	_inbox/ascension-harvest-export/client-cache/live-realm-snapshots/elune-s9-freepick/gameobjectcache.wdb
168	76a25181ddacda4e4e4350a73411d0a3cdabc990cbcc611c9be20aca5fbf4072	itemcache	itemcache.wdb	elune-s9-freepick	Elune	Season 9	season-9	modes.json	0	2026-09-07	_inbox/ascension-harvest-export/client-cache/live-realm-snapshots/elune-s9-freepick/itemcache.wdb
169	bbce0eced31ea84fc64167083402e03ae89476b4f3259391dfa137a5ba96aef9	itemnamecache	itemnamecache.wdb	elune-s9-freepick	Elune	Season 9	season-9	modes.json	0	2026-09-07	_inbox/ascension-harvest-export/client-cache/live-realm-snapshots/elune-s9-freepick/itemnamecache.wdb
170	38ffe81ce5e8325b5126ddc179f4dbd97af8e9b259793890f5ecc8fe5e6403c3	(non-standard)	itemstatcache.wdb	elune-s9-freepick	Elune	Season 9	season-9	modes.json	0	2026-09-07	_inbox/ascension-harvest-export/client-cache/live-realm-snapshots/elune-s9-freepick/itemstatcache.wdb
171	b8a610ce6505f07d78657874e0bd0734ac92e824df3038d9063d177ae773cef3	itemtextcache	itemtextcache.wdb	elune-s9-freepick	Elune	Season 9	season-9	modes.json	0	2026-09-07	_inbox/ascension-harvest-export/client-cache/live-realm-snapshots/elune-s9-freepick/itemtextcache.wdb
172	da68cdfcc755fa9edabe5f5b2f541fada8e7819a7e3ba6ae32d4910957b67eb7	npccache	npccache.wdb	elune-s9-freepick	Elune	Season 9	season-9	modes.json	0	2026-09-07	_inbox/ascension-harvest-export/client-cache/live-realm-snapshots/elune-s9-freepick/npccache.wdb
173	af6620ee3c0f2052f652cd84bae60ebc10321568da0caedf8bf2dc8aad336df9	pagetextcache	pagetextcache.wdb	elune-s9-freepick	Elune	Season 9	season-9	modes.json	0	2026-09-07	_inbox/ascension-harvest-export/client-cache/live-realm-snapshots/elune-s9-freepick/pagetextcache.wdb
174	23eacf892501a8dcdbab155c58699f5fdaa8016c467ea5378b6419b9e3f1bee8	questcache	questcache.wdb	elune-s9-freepick	Elune	Season 9	season-9	modes.json	0	2026-09-07	_inbox/ascension-harvest-export/client-cache/live-realm-snapshots/elune-s9-freepick/questcache.wdb
175	0300fa94cc7e8356558b3b6475bc06175aab8d26dcb088490a62ca492c2a621a	wowcache	wowcache.wdb	elune-s9-freepick	Elune	Season 9	season-9	modes.json	0	2026-09-07	_inbox/ascension-harvest-export/client-cache/live-realm-snapshots/elune-s9-freepick/wowcache.wdb
176	23d7d0ffb47fd24edc4e77aadc4d32cf8c74b57a9ab40fd86e5ca7efa6518faa	creaturecache	creaturecache.wdb	rexxar-coa	Rexxar	Conquest of Azeroth	conquest-of-azeroth	modes.json	0	2026-09-07	_inbox/ascension-harvest-export/client-cache/live-realm-snapshots/rexxar-coa/creaturecache.wdb
177	3ce9ff9b2fd5dce3499c09aff0a96017a0d1c4d55c194524ccb61a41a0c920fe	gameobjectcache	gameobjectcache.wdb	rexxar-coa	Rexxar	Conquest of Azeroth	conquest-of-azeroth	modes.json	0	2026-09-07	_inbox/ascension-harvest-export/client-cache/live-realm-snapshots/rexxar-coa/gameobjectcache.wdb
178	76a25181ddacda4e4e4350a73411d0a3cdabc990cbcc611c9be20aca5fbf4072	itemcache	itemcache.wdb	rexxar-coa	Rexxar	Conquest of Azeroth	conquest-of-azeroth	modes.json	0	2026-09-07	_inbox/ascension-harvest-export/client-cache/live-realm-snapshots/rexxar-coa/itemcache.wdb
179	bbce0eced31ea84fc64167083402e03ae89476b4f3259391dfa137a5ba96aef9	itemnamecache	itemnamecache.wdb	rexxar-coa	Rexxar	Conquest of Azeroth	conquest-of-azeroth	modes.json	0	2026-09-07	_inbox/ascension-harvest-export/client-cache/live-realm-snapshots/rexxar-coa/itemnamecache.wdb
180	b8a610ce6505f07d78657874e0bd0734ac92e824df3038d9063d177ae773cef3	itemtextcache	itemtextcache.wdb	rexxar-coa	Rexxar	Conquest of Azeroth	conquest-of-azeroth	modes.json	0	2026-09-07	_inbox/ascension-harvest-export/client-cache/live-realm-snapshots/rexxar-coa/itemtextcache.wdb
181	da68cdfcc755fa9edabe5f5b2f541fada8e7819a7e3ba6ae32d4910957b67eb7	npccache	npccache.wdb	rexxar-coa	Rexxar	Conquest of Azeroth	conquest-of-azeroth	modes.json	0	2026-09-07	_inbox/ascension-harvest-export/client-cache/live-realm-snapshots/rexxar-coa/npccache.wdb
182	af6620ee3c0f2052f652cd84bae60ebc10321568da0caedf8bf2dc8aad336df9	pagetextcache	pagetextcache.wdb	rexxar-coa	Rexxar	Conquest of Azeroth	conquest-of-azeroth	modes.json	0	2026-09-07	_inbox/ascension-harvest-export/client-cache/live-realm-snapshots/rexxar-coa/pagetextcache.wdb
183	23eacf892501a8dcdbab155c58699f5fdaa8016c467ea5378b6419b9e3f1bee8	questcache	questcache.wdb	rexxar-coa	Rexxar	Conquest of Azeroth	conquest-of-azeroth	modes.json	0	2026-09-07	_inbox/ascension-harvest-export/client-cache/live-realm-snapshots/rexxar-coa/questcache.wdb
184	0300fa94cc7e8356558b3b6475bc06175aab8d26dcb088490a62ca492c2a621a	wowcache	wowcache.wdb	rexxar-coa	Rexxar	Conquest of Azeroth	conquest-of-azeroth	modes.json	0	2026-09-07	_inbox/ascension-harvest-export/client-cache/live-realm-snapshots/rexxar-coa/wowcache.wdb
185	ed1fb427bd1d2e6e7f3a42bcf2930ad0be9101bb2a29d6f713643120bad54c9d	creaturecache	creaturecache.wdb	Rexxar - CoA Alpha - Development	Rexxar	CoA Alpha - Development	coa-alpha	modes.json	0	2026-09-08	extracted/COA_BETA_ALPHA_WDB/Rexxar - CoA Alpha - Development/creaturecache.wdb
186	2870547f70bb72d9e2f82b0fa58c4e36725499557cc2f396dfebde68c12ff59e	gameobjectcache	gameobjectcache.wdb	Rexxar - CoA Alpha - Development	Rexxar	CoA Alpha - Development	coa-alpha	modes.json	0	2026-09-08	extracted/COA_BETA_ALPHA_WDB/Rexxar - CoA Alpha - Development/gameobjectcache.wdb
187	c1dac73c9c7b2b45fd20706823183e2f3fc21fad97e10c70231837651f25958f	itemcache	itemcache.wdb	Rexxar - CoA Alpha - Development	Rexxar	CoA Alpha - Development	coa-alpha	modes.json	0	2026-09-08	extracted/COA_BETA_ALPHA_WDB/Rexxar - CoA Alpha - Development/itemcache.wdb
188	7966a79edfdac155f553da53b987afe15a8d001bd32670bbdf5ba3a8aa8f81ca	itemnamecache	itemnamecache.wdb	Rexxar - CoA Alpha - Development	Rexxar	CoA Alpha - Development	coa-alpha	modes.json	0	2026-09-08	extracted/COA_BETA_ALPHA_WDB/Rexxar - CoA Alpha - Development/itemnamecache.wdb
189	7a07985b8a26b0968e139995934e675342068fbefa4cc8625666a1b4a004b2d6	itemtextcache	itemtextcache.wdb	Rexxar - CoA Alpha - Development	Rexxar	CoA Alpha - Development	coa-alpha	modes.json	0	2026-09-08	extracted/COA_BETA_ALPHA_WDB/Rexxar - CoA Alpha - Development/itemtextcache.wdb
190	e64550fd0c90b8c6f8e9961d047ae934f28371beffe964196bc6992248a9b324	npccache	npccache.wdb	Rexxar - CoA Alpha - Development	Rexxar	CoA Alpha - Development	coa-alpha	modes.json	0	2026-09-08	extracted/COA_BETA_ALPHA_WDB/Rexxar - CoA Alpha - Development/npccache.wdb
191	17cf81aa01323f25f195858f7396872ce21759d58c16e2bb604d6fefbef19c5c	pagetextcache	pagetextcache.wdb	Rexxar - CoA Alpha - Development	Rexxar	CoA Alpha - Development	coa-alpha	modes.json	0	2026-09-08	extracted/COA_BETA_ALPHA_WDB/Rexxar - CoA Alpha - Development/pagetextcache.wdb
192	f522477814278a6e5ebb6036bcb5d6bef2c56315c71213bcb561105f1eb13373	questcache	questcache.wdb	Rexxar - CoA Alpha - Development	Rexxar	CoA Alpha - Development	coa-alpha	modes.json	0	2026-09-08	extracted/COA_BETA_ALPHA_WDB/Rexxar - CoA Alpha - Development/questcache.wdb
193	ecefc6e410b8a2b0e1416e6947cb195c4bef83b807cc065728b19a3e226be029	wowcache	wowcache.wdb	Rexxar - CoA Alpha - Development	Rexxar	CoA Alpha - Development	coa-alpha	modes.json	0	2026-09-08	extracted/COA_BETA_ALPHA_WDB/Rexxar - CoA Alpha - Development/wowcache.wdb
194	54be1ad0e6da0099bb67fddf48bde147ce53e5d7146f00d4d5a53c3aabbe2fc4	creaturecache	creaturecache.wdb	Vol'jin - CoA Beta	Vol'jin	CoA Beta	coa-beta	modes.json	3392	2026-09-08	extracted/COA_BETA_ALPHA_WDB/Vol'jin - CoA Beta/creaturecache.wdb
195	d60d33fdbcfeb2618fcb9d4b271d2c9f038c9c9709fd15e46bf400caec7f41f8	gameobjectcache	gameobjectcache.wdb	Vol'jin - CoA Beta	Vol'jin	CoA Beta	coa-beta	modes.json	3120	2026-09-08	extracted/COA_BETA_ALPHA_WDB/Vol'jin - CoA Beta/gameobjectcache.wdb
196	f86b9fc8845cd153f5c0b0b849d3f1c3e21b78ebb3d011edc259dad07bcc8c8b	itemcache	itemcache.wdb	Vol'jin - CoA Beta	Vol'jin	CoA Beta	coa-beta	modes.json	13385	2026-09-08	extracted/COA_BETA_ALPHA_WDB/Vol'jin - CoA Beta/itemcache.wdb
197	c2f47dcae4f2dbc58262b91c97d419c7e02b08b4c8571a1582121f343a838be8	itemnamecache	itemnamecache.wdb	Vol'jin - CoA Beta	Vol'jin	CoA Beta	coa-beta	modes.json	39	2026-09-08	extracted/COA_BETA_ALPHA_WDB/Vol'jin - CoA Beta/itemnamecache.wdb
198	7f2bec8b8461a7c6a02cfdb540064aacf798d7c1d2da1b62c70f441b5fbd5d43	(non-standard)	itemstatcache.wdb	Vol'jin - CoA Beta	Vol'jin	CoA Beta	coa-beta	modes.json	0	2026-09-08	extracted/COA_BETA_ALPHA_WDB/Vol'jin - CoA Beta/itemstatcache.wdb
199	1401ec42aa1e9486e83384b0c22e0aa23977fe0e3904f96e3ec9ff6b5f89bf85	itemtextcache	itemtextcache.wdb	Vol'jin - CoA Beta	Vol'jin	CoA Beta	coa-beta	modes.json	0	2026-09-08	extracted/COA_BETA_ALPHA_WDB/Vol'jin - CoA Beta/itemtextcache.wdb
200	e2e4456170c5b7f8868efed00072a4420ff3fca7a8ef174469d86355fa03a0a4	npccache	npccache.wdb	Vol'jin - CoA Beta	Vol'jin	CoA Beta	coa-beta	modes.json	221	2026-09-08	extracted/COA_BETA_ALPHA_WDB/Vol'jin - CoA Beta/npccache.wdb
201	c27e3069b75a374d779916213e15e95188d6ea41a2619f81e1e89d6a206c9643	pagetextcache	pagetextcache.wdb	Vol'jin - CoA Beta	Vol'jin	CoA Beta	coa-beta	modes.json	11	2026-09-08	extracted/COA_BETA_ALPHA_WDB/Vol'jin - CoA Beta/pagetextcache.wdb
202	65d74cd6016a2cd1a45f0e74957777e672c74d27ef4e55a67d174f4a44c66d98	questcache	questcache.wdb	Vol'jin - CoA Beta	Vol'jin	CoA Beta	coa-beta	modes.json	556	2026-09-08	extracted/COA_BETA_ALPHA_WDB/Vol'jin - CoA Beta/questcache.wdb
203	895ac6f4ddb9062f45a458f1d6f01aebe5d231597f2d48a5ebedac1646160a7e	(non-standard)	questcacheaddon.wdb	Vol'jin - CoA Beta	Vol'jin	CoA Beta	coa-beta	modes.json	0	2026-09-08	extracted/COA_BETA_ALPHA_WDB/Vol'jin - CoA Beta/questcacheaddon.wdb
204	c577139c75fe513c86ac17b966222a7f2e64d1b1d57e4b3b52935bee23c72ab7	wowcache	wowcache.wdb	Vol'jin - CoA Beta	Vol'jin	CoA Beta	coa-beta	modes.json	0	2026-09-08	extracted/COA_BETA_ALPHA_WDB/Vol'jin - CoA Beta/wowcache.wdb
205	ed1fb427bd1d2e6e7f3a42bcf2930ad0be9101bb2a29d6f713643120bad54c9d	creaturecache	creaturecache.wdb	COA_BETA_ALPHA_WDB		unknown	unknown	unknown	0	2026-09-08	extracted/COA_BETA_ALPHA_WDB/creaturecache.wdb
206	2870547f70bb72d9e2f82b0fa58c4e36725499557cc2f396dfebde68c12ff59e	gameobjectcache	gameobjectcache.wdb	COA_BETA_ALPHA_WDB		unknown	unknown	unknown	0	2026-09-08	extracted/COA_BETA_ALPHA_WDB/gameobjectcache.wdb
207	c1dac73c9c7b2b45fd20706823183e2f3fc21fad97e10c70231837651f25958f	itemcache	itemcache.wdb	COA_BETA_ALPHA_WDB		unknown	unknown	unknown	0	2026-09-08	extracted/COA_BETA_ALPHA_WDB/itemcache.wdb
208	7966a79edfdac155f553da53b987afe15a8d001bd32670bbdf5ba3a8aa8f81ca	itemnamecache	itemnamecache.wdb	COA_BETA_ALPHA_WDB		unknown	unknown	unknown	0	2026-09-08	extracted/COA_BETA_ALPHA_WDB/itemnamecache.wdb
209	7a07985b8a26b0968e139995934e675342068fbefa4cc8625666a1b4a004b2d6	itemtextcache	itemtextcache.wdb	COA_BETA_ALPHA_WDB		unknown	unknown	unknown	0	2026-09-08	extracted/COA_BETA_ALPHA_WDB/itemtextcache.wdb
210	e64550fd0c90b8c6f8e9961d047ae934f28371beffe964196bc6992248a9b324	npccache	npccache.wdb	COA_BETA_ALPHA_WDB		unknown	unknown	unknown	0	2026-09-08	extracted/COA_BETA_ALPHA_WDB/npccache.wdb
211	17cf81aa01323f25f195858f7396872ce21759d58c16e2bb604d6fefbef19c5c	pagetextcache	pagetextcache.wdb	COA_BETA_ALPHA_WDB		unknown	unknown	unknown	0	2026-09-08	extracted/COA_BETA_ALPHA_WDB/pagetextcache.wdb
212	f522477814278a6e5ebb6036bcb5d6bef2c56315c71213bcb561105f1eb13373	questcache	questcache.wdb	COA_BETA_ALPHA_WDB		unknown	unknown	unknown	0	2026-09-08	extracted/COA_BETA_ALPHA_WDB/questcache.wdb
213	ecefc6e410b8a2b0e1416e6947cb195c4bef83b807cc065728b19a3e226be029	wowcache	wowcache.wdb	COA_BETA_ALPHA_WDB		unknown	unknown	unknown	0	2026-09-08	extracted/COA_BETA_ALPHA_WDB/wowcache.wdb
214	23d7d0ffb47fd24edc4e77aadc4d32cf8c74b57a9ab40fd86e5ca7efa6518faa	creaturecache	creaturecache.wdb	CoA QA	CoA QA	Conquest of Azeroth	conquest-of-azeroth	modes.json	0	2026-09-04	extracted/Cache/Cache/WDB/enUS/CoA QA/creaturecache.wdb
215	3ce9ff9b2fd5dce3499c09aff0a96017a0d1c4d55c194524ccb61a41a0c920fe	gameobjectcache	gameobjectcache.wdb	CoA QA	CoA QA	Conquest of Azeroth	conquest-of-azeroth	modes.json	0	2026-09-04	extracted/Cache/Cache/WDB/enUS/CoA QA/gameobjectcache.wdb
216	76a25181ddacda4e4e4350a73411d0a3cdabc990cbcc611c9be20aca5fbf4072	itemcache	itemcache.wdb	CoA QA	CoA QA	Conquest of Azeroth	conquest-of-azeroth	modes.json	0	2026-09-04	extracted/Cache/Cache/WDB/enUS/CoA QA/itemcache.wdb
217	bbce0eced31ea84fc64167083402e03ae89476b4f3259391dfa137a5ba96aef9	itemnamecache	itemnamecache.wdb	CoA QA	CoA QA	Conquest of Azeroth	conquest-of-azeroth	modes.json	0	2026-09-04	extracted/Cache/Cache/WDB/enUS/CoA QA/itemnamecache.wdb
218	b8a610ce6505f07d78657874e0bd0734ac92e824df3038d9063d177ae773cef3	itemtextcache	itemtextcache.wdb	CoA QA	CoA QA	Conquest of Azeroth	conquest-of-azeroth	modes.json	0	2026-09-04	extracted/Cache/Cache/WDB/enUS/CoA QA/itemtextcache.wdb
219	da68cdfcc755fa9edabe5f5b2f541fada8e7819a7e3ba6ae32d4910957b67eb7	npccache	npccache.wdb	CoA QA	CoA QA	Conquest of Azeroth	conquest-of-azeroth	modes.json	0	2026-09-04	extracted/Cache/Cache/WDB/enUS/CoA QA/npccache.wdb
220	af6620ee3c0f2052f652cd84bae60ebc10321568da0caedf8bf2dc8aad336df9	pagetextcache	pagetextcache.wdb	CoA QA	CoA QA	Conquest of Azeroth	conquest-of-azeroth	modes.json	0	2026-09-04	extracted/Cache/Cache/WDB/enUS/CoA QA/pagetextcache.wdb
221	23eacf892501a8dcdbab155c58699f5fdaa8016c467ea5378b6419b9e3f1bee8	questcache	questcache.wdb	CoA QA	CoA QA	Conquest of Azeroth	conquest-of-azeroth	modes.json	0	2026-09-04	extracted/Cache/Cache/WDB/enUS/CoA QA/questcache.wdb
222	0300fa94cc7e8356558b3b6475bc06175aab8d26dcb088490a62ca492c2a621a	wowcache	wowcache.wdb	CoA QA	CoA QA	Conquest of Azeroth	conquest-of-azeroth	modes.json	0	2026-09-04	extracted/Cache/Cache/WDB/enUS/CoA QA/wowcache.wdb
223	bed3f24f8b57104495a3a6af6c6466fd600cbd7803b19d731124b804fede2b9d	creaturecache	creaturecache.wdb	Rexxar - Conquest of Azeroth	Rexxar	Conquest of Azeroth	conquest-of-azeroth	modes.json	2340	2026-09-04	extracted/Cache/Cache/WDB/enUS/Rexxar - Conquest of Azeroth/creaturecache.wdb
224	3aa030ac5ecda8057f739fe890f2ccbc545a0014fd5ca9fcad65d67768d1a763	gameobjectcache	gameobjectcache.wdb	Rexxar - Conquest of Azeroth	Rexxar	Conquest of Azeroth	conquest-of-azeroth	modes.json	968	2026-09-04	extracted/Cache/Cache/WDB/enUS/Rexxar - Conquest of Azeroth/gameobjectcache.wdb
225	a02ec939b38d758e1fb604f60f7b7128c3add540dafb4f89bde64bcb099a1fc9	itemcache	itemcache.wdb	Rexxar - Conquest of Azeroth	Rexxar	Conquest of Azeroth	conquest-of-azeroth	modes.json	13737	2026-09-04	extracted/Cache/Cache/WDB/enUS/Rexxar - Conquest of Azeroth/itemcache.wdb
226	32bb39d3cbad3a3e183b02f2e02144977300ee533cde61f11da3c6fb52f5adf8	itemnamecache	itemnamecache.wdb	Rexxar - Conquest of Azeroth	Rexxar	Conquest of Azeroth	conquest-of-azeroth	modes.json	80	2026-09-04	extracted/Cache/Cache/WDB/enUS/Rexxar - Conquest of Azeroth/itemnamecache.wdb
227	0faa713512c0a3a0bf6f554a1394a3c9a1e10285cf0a9bb72bcbb721d243f6b8	(non-standard)	itemstatcache.wdb	Rexxar - Conquest of Azeroth	Rexxar	Conquest of Azeroth	conquest-of-azeroth	modes.json	0	2026-09-04	extracted/Cache/Cache/WDB/enUS/Rexxar - Conquest of Azeroth/itemstatcache.wdb
228	b8a610ce6505f07d78657874e0bd0734ac92e824df3038d9063d177ae773cef3	itemtextcache	itemtextcache.wdb	Rexxar - Conquest of Azeroth	Rexxar	Conquest of Azeroth	conquest-of-azeroth	modes.json	0	2026-09-04	extracted/Cache/Cache/WDB/enUS/Rexxar - Conquest of Azeroth/itemtextcache.wdb
229	ac09d7e12d1ff87766527c5664229411c53a08a2dca0be1cd94b4cc49c15d535	npccache	npccache.wdb	Rexxar - Conquest of Azeroth	Rexxar	Conquest of Azeroth	conquest-of-azeroth	modes.json	7	2026-09-04	extracted/Cache/Cache/WDB/enUS/Rexxar - Conquest of Azeroth/npccache.wdb
230	af6620ee3c0f2052f652cd84bae60ebc10321568da0caedf8bf2dc8aad336df9	pagetextcache	pagetextcache.wdb	Rexxar - Conquest of Azeroth	Rexxar	Conquest of Azeroth	conquest-of-azeroth	modes.json	0	2026-09-04	extracted/Cache/Cache/WDB/enUS/Rexxar - Conquest of Azeroth/pagetextcache.wdb
231	2d73dd2a577d9aa7939966221a7fb650024c00e0f9a1376d7311695b2c490a48	questcache	questcache.wdb	Rexxar - Conquest of Azeroth	Rexxar	Conquest of Azeroth	conquest-of-azeroth	modes.json	76	2026-09-04	extracted/Cache/Cache/WDB/enUS/Rexxar - Conquest of Azeroth/questcache.wdb
232	6dba1b14cfa6938b6cf94aa7dbabf87090a42352a1a6dc2b1ff5267f39f72ea2	(non-standard)	questcacheaddon.wdb	Rexxar - Conquest of Azeroth	Rexxar	Conquest of Azeroth	conquest-of-azeroth	modes.json	0	2026-09-04	extracted/Cache/Cache/WDB/enUS/Rexxar - Conquest of Azeroth/questcacheaddon.wdb
233	0300fa94cc7e8356558b3b6475bc06175aab8d26dcb088490a62ca492c2a621a	wowcache	wowcache.wdb	Rexxar - Conquest of Azeroth	Rexxar	Conquest of Azeroth	conquest-of-azeroth	modes.json	0	2026-09-04	extracted/Cache/Cache/WDB/enUS/Rexxar - Conquest of Azeroth/wowcache.wdb
234	23d7d0ffb47fd24edc4e77aadc4d32cf8c74b57a9ab40fd86e5ca7efa6518faa	creaturecache	creaturecache.wdb	Vol'jin - Conquest of Azeroth	Vol'jin	Conquest of Azeroth	conquest-of-azeroth	modes.json	0	2026-09-04	extracted/Cache/Cache/WDB/enUS/Vol'jin - Conquest of Azeroth/creaturecache.wdb
235	3ce9ff9b2fd5dce3499c09aff0a96017a0d1c4d55c194524ccb61a41a0c920fe	gameobjectcache	gameobjectcache.wdb	Vol'jin - Conquest of Azeroth	Vol'jin	Conquest of Azeroth	conquest-of-azeroth	modes.json	0	2026-09-04	extracted/Cache/Cache/WDB/enUS/Vol'jin - Conquest of Azeroth/gameobjectcache.wdb
236	76a25181ddacda4e4e4350a73411d0a3cdabc990cbcc611c9be20aca5fbf4072	itemcache	itemcache.wdb	Vol'jin - Conquest of Azeroth	Vol'jin	Conquest of Azeroth	conquest-of-azeroth	modes.json	0	2026-09-04	extracted/Cache/Cache/WDB/enUS/Vol'jin - Conquest of Azeroth/itemcache.wdb
237	bbce0eced31ea84fc64167083402e03ae89476b4f3259391dfa137a5ba96aef9	itemnamecache	itemnamecache.wdb	Vol'jin - Conquest of Azeroth	Vol'jin	Conquest of Azeroth	conquest-of-azeroth	modes.json	0	2026-09-04	extracted/Cache/Cache/WDB/enUS/Vol'jin - Conquest of Azeroth/itemnamecache.wdb
238	b8a610ce6505f07d78657874e0bd0734ac92e824df3038d9063d177ae773cef3	itemtextcache	itemtextcache.wdb	Vol'jin - Conquest of Azeroth	Vol'jin	Conquest of Azeroth	conquest-of-azeroth	modes.json	0	2026-09-04	extracted/Cache/Cache/WDB/enUS/Vol'jin - Conquest of Azeroth/itemtextcache.wdb
239	da68cdfcc755fa9edabe5f5b2f541fada8e7819a7e3ba6ae32d4910957b67eb7	npccache	npccache.wdb	Vol'jin - Conquest of Azeroth	Vol'jin	Conquest of Azeroth	conquest-of-azeroth	modes.json	0	2026-09-04	extracted/Cache/Cache/WDB/enUS/Vol'jin - Conquest of Azeroth/npccache.wdb
240	af6620ee3c0f2052f652cd84bae60ebc10321568da0caedf8bf2dc8aad336df9	pagetextcache	pagetextcache.wdb	Vol'jin - Conquest of Azeroth	Vol'jin	Conquest of Azeroth	conquest-of-azeroth	modes.json	0	2026-09-04	extracted/Cache/Cache/WDB/enUS/Vol'jin - Conquest of Azeroth/pagetextcache.wdb
241	23eacf892501a8dcdbab155c58699f5fdaa8016c467ea5378b6419b9e3f1bee8	questcache	questcache.wdb	Vol'jin - Conquest of Azeroth	Vol'jin	Conquest of Azeroth	conquest-of-azeroth	modes.json	0	2026-09-04	extracted/Cache/Cache/WDB/enUS/Vol'jin - Conquest of Azeroth/questcache.wdb
242	0300fa94cc7e8356558b3b6475bc06175aab8d26dcb088490a62ca492c2a621a	wowcache	wowcache.wdb	Vol'jin - Conquest of Azeroth	Vol'jin	Conquest of Azeroth	conquest-of-azeroth	modes.json	0	2026-09-04	extracted/Cache/Cache/WDB/enUS/Vol'jin - Conquest of Azeroth/wowcache.wdb
243	879c12496d6f7b854ea8fb95c35f8c8163a917793fd1dc1b58ec3d2814667f12	creaturecache	creaturecache.wdb	VolJin_COA_wdb_-_Coin	Vol'jin	Conquest of Azeroth	conquest-of-azeroth	modes.json	5215	2026-08-26	extracted/VolJin_COA_wdb_-_Coin/creaturecache.wdb
244	d7847cc63710907250e2320a9613e7c73d6ac080ae97f0fa1d0d761968c7f2d5	gameobjectcache	gameobjectcache.wdb	VolJin_COA_wdb_-_Coin	Vol'jin	Conquest of Azeroth	conquest-of-azeroth	modes.json	4784	2026-08-26	extracted/VolJin_COA_wdb_-_Coin/gameobjectcache.wdb
245	96afc70edf41606444454e92d2161405defe45dfcc9794f0446a8f0c2a7596c0	itemcache	itemcache.wdb	VolJin_COA_wdb_-_Coin	Vol'jin	Conquest of Azeroth	conquest-of-azeroth	modes.json	31119	2026-08-26	extracted/VolJin_COA_wdb_-_Coin/itemcache.wdb
246	a96552ea44a633b724cb9b5531329272b11cf79b85a60ceb6d395d24669c8dbe	itemnamecache	itemnamecache.wdb	VolJin_COA_wdb_-_Coin	Vol'jin	Conquest of Azeroth	conquest-of-azeroth	modes.json	366	2026-08-26	extracted/VolJin_COA_wdb_-_Coin/itemnamecache.wdb
247	2a8ce460ea398915e394378ea70ff1151724a2b174a5e68d0a59b9da19100841	(non-standard)	itemstatcache.wdb	VolJin_COA_wdb_-_Coin	Vol'jin	Conquest of Azeroth	conquest-of-azeroth	modes.json	0	2026-08-26	extracted/VolJin_COA_wdb_-_Coin/itemstatcache.wdb
248	69d454a7d2adcc5c7d6d19b4ffcc9933132c3169a70e5a322151456d87a4215f	itemtextcache	itemtextcache.wdb	VolJin_COA_wdb_-_Coin	Vol'jin	Conquest of Azeroth	conquest-of-azeroth	modes.json	0	2026-08-26	extracted/VolJin_COA_wdb_-_Coin/itemtextcache.wdb
249	062f046ebe473d79797bc10dabeb9dba5ad3e3da60cf0d32bd3bd23389193b45	npccache	npccache.wdb	VolJin_COA_wdb_-_Coin	Vol'jin	Conquest of Azeroth	conquest-of-azeroth	modes.json	276	2026-08-26	extracted/VolJin_COA_wdb_-_Coin/npccache.wdb
250	2e656ef88306c47f72011550ddadd5c4ecab7170f56c12187105603dd12ea761	pagetextcache	pagetextcache.wdb	VolJin_COA_wdb_-_Coin	Vol'jin	Conquest of Azeroth	conquest-of-azeroth	modes.json	12	2026-08-26	extracted/VolJin_COA_wdb_-_Coin/pagetextcache.wdb
251	92eae1516f923685f19b52643d27969132d5a33815dda7652e00e8832307b0c1	questcache	questcache.wdb	VolJin_COA_wdb_-_Coin	Vol'jin	Conquest of Azeroth	conquest-of-azeroth	modes.json	736	2026-08-26	extracted/VolJin_COA_wdb_-_Coin/questcache.wdb
252	46d275d7d4b0334bd80ea7fba39624c28771bd391f4113d27e93fe59a9a6d583	(non-standard)	questcacheaddon.wdb	VolJin_COA_wdb_-_Coin	Vol'jin	Conquest of Azeroth	conquest-of-azeroth	modes.json	0	2026-08-26	extracted/VolJin_COA_wdb_-_Coin/questcacheaddon.wdb
253	c2d1e133d60ddb6aaf4f13a1deee949a120400ba95db3795bd813be77cf1c7f6	wowcache	wowcache.wdb	VolJin_COA_wdb_-_Coin	Vol'jin	Conquest of Azeroth	conquest-of-azeroth	modes.json	0	2026-08-26	extracted/VolJin_COA_wdb_-_Coin/wowcache.wdb
254	b029b117411de435c059d7d34dcb0a4bfd2619cb3dd0f9d098ec7bbf2a0bea68	creaturecache	creaturecache.wdb	Voljin- Conquest of Azeroth	Vol'jin	Conquest of Azeroth	conquest-of-azeroth	modes.json	0	2026-07-22	extracted/Voljin-_Conquest_of_Azeroth/Voljin- Conquest of Azeroth/creaturecache.wdb
255	44f9427509efb617c5c0c2790e4e39f757fb0b8dc4bea8eafa9c20633a41a2c5	gameobjectcache	gameobjectcache.wdb	Voljin- Conquest of Azeroth	Vol'jin	Conquest of Azeroth	conquest-of-azeroth	modes.json	0	2026-07-22	extracted/Voljin-_Conquest_of_Azeroth/Voljin- Conquest of Azeroth/gameobjectcache.wdb
256	4cd280fe676096e41334354d982d129bac5abb617e5f28a7309229fe0daf1cd9	itemcache	itemcache.wdb	Voljin- Conquest of Azeroth	Vol'jin	Conquest of Azeroth	conquest-of-azeroth	modes.json	0	2026-07-22	extracted/Voljin-_Conquest_of_Azeroth/Voljin- Conquest of Azeroth/itemcache.wdb
257	22b7d4d53b17d784e51f0a78e1fe4228cade612daf8ad35e90d9a9a5ed0e6820	itemnamecache	itemnamecache.wdb	Voljin- Conquest of Azeroth	Vol'jin	Conquest of Azeroth	conquest-of-azeroth	modes.json	0	2026-07-22	extracted/Voljin-_Conquest_of_Azeroth/Voljin- Conquest of Azeroth/itemnamecache.wdb
258	69d454a7d2adcc5c7d6d19b4ffcc9933132c3169a70e5a322151456d87a4215f	itemtextcache	itemtextcache.wdb	Voljin- Conquest of Azeroth	Vol'jin	Conquest of Azeroth	conquest-of-azeroth	modes.json	0	2026-07-22	extracted/Voljin-_Conquest_of_Azeroth/Voljin- Conquest of Azeroth/itemtextcache.wdb
259	4f821d2cd03b9f5b9a3a9cbdfe3a361903971bf18e0f83ec55e05b96e4f7e5f3	npccache	npccache.wdb	Voljin- Conquest of Azeroth	Vol'jin	Conquest of Azeroth	conquest-of-azeroth	modes.json	0	2026-07-22	extracted/Voljin-_Conquest_of_Azeroth/Voljin- Conquest of Azeroth/npccache.wdb
260	443918fe4e12e97c8ab1a86a292878f9e05fae6980936fd5eafb5cfb3fd51ed2	pagetextcache	pagetextcache.wdb	Voljin- Conquest of Azeroth	Vol'jin	Conquest of Azeroth	conquest-of-azeroth	modes.json	0	2026-07-22	extracted/Voljin-_Conquest_of_Azeroth/Voljin- Conquest of Azeroth/pagetextcache.wdb
261	9dd5903eb012e3807d651dabe53ec026e286ce932de7f7d1b4b0696b980d9a59	questcache	questcache.wdb	Voljin- Conquest of Azeroth	Vol'jin	Conquest of Azeroth	conquest-of-azeroth	modes.json	0	2026-07-22	extracted/Voljin-_Conquest_of_Azeroth/Voljin- Conquest of Azeroth/questcache.wdb
262	c2d1e133d60ddb6aaf4f13a1deee949a120400ba95db3795bd813be77cf1c7f6	wowcache	wowcache.wdb	Voljin- Conquest of Azeroth	Vol'jin	Conquest of Azeroth	conquest-of-azeroth	modes.json	0	2026-07-22	extracted/Voljin-_Conquest_of_Azeroth/Voljin- Conquest of Azeroth/wowcache.wdb
263	6419ce9043b16bd4cb5ff61985b5158c193136d17b90ac41cbb5fc0a635f34f1	creaturecache	creaturecache.wdb	Area 52 - Free-Pick	Area 52	Free-Pick	free-pick	modes.json	887	2026-09-04	extracted/WDB(1)/WDB/enUS/Area 52 - Free-Pick/creaturecache.wdb
264	d5b5d7e412cd42b548f838a3110f5e953ffc15aa12811898080d603201db673d	gameobjectcache	gameobjectcache.wdb	Area 52 - Free-Pick	Area 52	Free-Pick	free-pick	modes.json	759	2026-09-04	extracted/WDB(1)/WDB/enUS/Area 52 - Free-Pick/gameobjectcache.wdb
265	e96048cd9df61c7c6a79887d696d3a9c408f6323e13374c44f7cd105eebfb0f8	itemcache	itemcache.wdb	Area 52 - Free-Pick	Area 52	Free-Pick	free-pick	modes.json	2942	2026-09-04	extracted/WDB(1)/WDB/enUS/Area 52 - Free-Pick/itemcache.wdb
266	92604f2b457758deb28af50df76111302990be102ed3a8966f165d326514cc17	itemnamecache	itemnamecache.wdb	Area 52 - Free-Pick	Area 52	Free-Pick	free-pick	modes.json	89	2026-09-04	extracted/WDB(1)/WDB/enUS/Area 52 - Free-Pick/itemnamecache.wdb
267	b8a610ce6505f07d78657874e0bd0734ac92e824df3038d9063d177ae773cef3	itemtextcache	itemtextcache.wdb	Area 52 - Free-Pick	Area 52	Free-Pick	free-pick	modes.json	0	2026-09-04	extracted/WDB(1)/WDB/enUS/Area 52 - Free-Pick/itemtextcache.wdb
268	befe17858ab25f29d4430bd877c6a06da02f76373d1d36aca093901b9205a515	npccache	npccache.wdb	Area 52 - Free-Pick	Area 52	Free-Pick	free-pick	modes.json	3	2026-09-04	extracted/WDB(1)/WDB/enUS/Area 52 - Free-Pick/npccache.wdb
269	af6620ee3c0f2052f652cd84bae60ebc10321568da0caedf8bf2dc8aad336df9	pagetextcache	pagetextcache.wdb	Area 52 - Free-Pick	Area 52	Free-Pick	free-pick	modes.json	0	2026-09-04	extracted/WDB(1)/WDB/enUS/Area 52 - Free-Pick/pagetextcache.wdb
270	ebe6db9eaad53bac7d360268b093c04f426e68df6c2f8889a8fa8d270f42bcd4	questcache	questcache.wdb	Area 52 - Free-Pick	Area 52	Free-Pick	free-pick	modes.json	150	2026-09-04	extracted/WDB(1)/WDB/enUS/Area 52 - Free-Pick/questcache.wdb
271	0300fa94cc7e8356558b3b6475bc06175aab8d26dcb088490a62ca492c2a621a	wowcache	wowcache.wdb	Area 52 - Free-Pick	Area 52	Free-Pick	free-pick	modes.json	0	2026-09-04	extracted/WDB(1)/WDB/enUS/Area 52 - Free-Pick/wowcache.wdb
272	75da4a6b90c9cbe20d50e23a231059e112e84eb271a020ca163a03ee906fb39f	creaturecache	creaturecache.wdb	Dawnrise - Season 10 Freepick	Dawnrise	Season 10 Freepick	season-10-freepick	modes.json	606	2026-09-04	extracted/WDB(1)/WDB/enUS/Dawnrise - Season 10 Freepick/creaturecache.wdb
273	cfa1db93cd4a1e6941f77eb2d2aa661c81f1d4e1065b15b8e41dba4c8e79d786	gameobjectcache	gameobjectcache.wdb	Dawnrise - Season 10 Freepick	Dawnrise	Season 10 Freepick	season-10-freepick	modes.json	31	2026-09-04	extracted/WDB(1)/WDB/enUS/Dawnrise - Season 10 Freepick/gameobjectcache.wdb
274	9e1c9c9d49078f2e93c110474c89d1bf2fb6949f485ca26bd881c1aa3453a0c3	itemcache	itemcache.wdb	Dawnrise - Season 10 Freepick	Dawnrise	Season 10 Freepick	season-10-freepick	modes.json	2599	2026-09-04	extracted/WDB(1)/WDB/enUS/Dawnrise - Season 10 Freepick/itemcache.wdb
275	b6262e15bde6818a941574213129ad20eb5aab1b9934902f298665b3d25b8781	itemnamecache	itemnamecache.wdb	Dawnrise - Season 10 Freepick	Dawnrise	Season 10 Freepick	season-10-freepick	modes.json	32	2026-09-04	extracted/WDB(1)/WDB/enUS/Dawnrise - Season 10 Freepick/itemnamecache.wdb
276	b0f88f2ab9a59d8ca1b189138a9a03c1a452b0a0895484e14d101f0929bbaab8	(non-standard)	itemstatcache.wdb	Dawnrise - Season 10 Freepick	Dawnrise	Season 10 Freepick	season-10-freepick	modes.json	0	2026-09-04	extracted/WDB(1)/WDB/enUS/Dawnrise - Season 10 Freepick/itemstatcache.wdb
277	b8a610ce6505f07d78657874e0bd0734ac92e824df3038d9063d177ae773cef3	itemtextcache	itemtextcache.wdb	Dawnrise - Season 10 Freepick	Dawnrise	Season 10 Freepick	season-10-freepick	modes.json	0	2026-09-04	extracted/WDB(1)/WDB/enUS/Dawnrise - Season 10 Freepick/itemtextcache.wdb
278	a07c18b81889e5d1fb95a1267ff9387e7262c6a5106b0f0558a903d28e129f9e	npccache	npccache.wdb	Dawnrise - Season 10 Freepick	Dawnrise	Season 10 Freepick	season-10-freepick	modes.json	2	2026-09-04	extracted/WDB(1)/WDB/enUS/Dawnrise - Season 10 Freepick/npccache.wdb
279	af6620ee3c0f2052f652cd84bae60ebc10321568da0caedf8bf2dc8aad336df9	pagetextcache	pagetextcache.wdb	Dawnrise - Season 10 Freepick	Dawnrise	Season 10 Freepick	season-10-freepick	modes.json	0	2026-09-04	extracted/WDB(1)/WDB/enUS/Dawnrise - Season 10 Freepick/pagetextcache.wdb
280	ab384d3af45222a97115046231214957357ae604441834cabe6e9d26dde24e03	questcache	questcache.wdb	Dawnrise - Season 10 Freepick	Dawnrise	Season 10 Freepick	season-10-freepick	modes.json	67	2026-09-04	extracted/WDB(1)/WDB/enUS/Dawnrise - Season 10 Freepick/questcache.wdb
281	8fbf9567ebe3e5d82290578aef298d2f042e52b2792894fa0f5069113e0f5323	(non-standard)	questcacheaddon.wdb	Dawnrise - Season 10 Freepick	Dawnrise	Season 10 Freepick	season-10-freepick	modes.json	0	2026-09-03	extracted/WDB(1)/WDB/enUS/Dawnrise - Season 10 Freepick/questcacheaddon.wdb
282	0300fa94cc7e8356558b3b6475bc06175aab8d26dcb088490a62ca492c2a621a	wowcache	wowcache.wdb	Dawnrise - Season 10 Freepick	Dawnrise	Season 10 Freepick	season-10-freepick	modes.json	0	2026-09-04	extracted/WDB(1)/WDB/enUS/Dawnrise - Season 10 Freepick/wowcache.wdb
283	1dc10960b64c1a81b2ac72600721422faeee962fa2437f805a06291147d97063	creaturecache	creaturecache.wdb	Vol'jin - Conquest of Azeroth	Vol'jin	Conquest of Azeroth	conquest-of-azeroth	modes.json	2013	2026-09-04	extracted/WDB(1)/WDB/enUS/Vol'jin - Conquest of Azeroth/creaturecache.wdb
284	54be91488ef310e34f943b60dd7f0be00a0eab4bc0eb6798169f8571e690e41a	gameobjectcache	gameobjectcache.wdb	Vol'jin - Conquest of Azeroth	Vol'jin	Conquest of Azeroth	conquest-of-azeroth	modes.json	1223	2026-09-04	extracted/WDB(1)/WDB/enUS/Vol'jin - Conquest of Azeroth/gameobjectcache.wdb
285	5671ec530bc9b78d3da6642692f2acedeabcfad3a9b85e95fd88ff5b68baa011	itemcache	itemcache.wdb	Vol'jin - Conquest of Azeroth	Vol'jin	Conquest of Azeroth	conquest-of-azeroth	modes.json	11781	2026-09-04	extracted/WDB(1)/WDB/enUS/Vol'jin - Conquest of Azeroth/itemcache.wdb
286	8ece5d7f0616a540ef857ed091ea102ea7638d30624ce5abec10cce8cd1f3dae	itemnamecache	itemnamecache.wdb	Vol'jin - Conquest of Azeroth	Vol'jin	Conquest of Azeroth	conquest-of-azeroth	modes.json	169	2026-09-04	extracted/WDB(1)/WDB/enUS/Vol'jin - Conquest of Azeroth/itemnamecache.wdb
287	91024aebafba6b1bcd1c9764663f8884de3aa14353cdae2909ef1ca64e5a3932	(non-standard)	itemstatcache.wdb	Vol'jin - Conquest of Azeroth	Vol'jin	Conquest of Azeroth	conquest-of-azeroth	modes.json	0	2026-09-04	extracted/WDB(1)/WDB/enUS/Vol'jin - Conquest of Azeroth/itemstatcache.wdb
288	eb3ba318b12a965cdf874fb66542af391ecdc1ac8422f3dbfdfb53942b511434	npccache	npccache.wdb	Vol'jin - Conquest of Azeroth	Vol'jin	Conquest of Azeroth	conquest-of-azeroth	modes.json	34	2026-09-04	extracted/WDB(1)/WDB/enUS/Vol'jin - Conquest of Azeroth/npccache.wdb
289	38ae083bc22bfc0733ec9689eda25984aee155677b50e7b6dab5f751107cdb49	pagetextcache	pagetextcache.wdb	Vol'jin - Conquest of Azeroth	Vol'jin	Conquest of Azeroth	conquest-of-azeroth	modes.json	2	2026-09-04	extracted/WDB(1)/WDB/enUS/Vol'jin - Conquest of Azeroth/pagetextcache.wdb
290	b93c3231ad2fbe0b25558b00a0537b1cae7d5cf83f833afb37148df93ac4e24f	questcache	questcache.wdb	Vol'jin - Conquest of Azeroth	Vol'jin	Conquest of Azeroth	conquest-of-azeroth	modes.json	163	2026-09-04	extracted/WDB(1)/WDB/enUS/Vol'jin - Conquest of Azeroth/questcache.wdb
291	8fbf9567ebe3e5d82290578aef298d2f042e52b2792894fa0f5069113e0f5323	(non-standard)	questcacheaddon.wdb	Vol'jin - Conquest of Azeroth	Vol'jin	Conquest of Azeroth	conquest-of-azeroth	modes.json	0	2026-09-03	extracted/WDB(1)/WDB/enUS/Vol'jin - Conquest of Azeroth/questcacheaddon.wdb
292	91024aebafba6b1bcd1c9764663f8884de3aa14353cdae2909ef1ca64e5a3932	(non-standard)	itemstatcache.wdb	enUS (realm root)		conquest-of-azeroth	conquest-of-azeroth	inferred:1.000/817	0	2026-09-04	extracted/WDB(1)/WDB/enUS/itemstatcache.wdb
293	266611c0483256231b6dae043dfe537812e440df4ec1c16dea8f7edda0dbd7eb	creaturecache	creaturecache.wdb	Rexxar - Conquest of Azeroth	Rexxar	Conquest of Azeroth	conquest-of-azeroth	modes.json	5976	2026-08-29	extracted/WDB(1)__rar/WDB/enUS/Rexxar - Conquest of Azeroth/creaturecache.wdb
294	87d91813c031bdae2b09c646f2968775907b7867d871cfeddcecaf00b1a5d57f	gameobjectcache	gameobjectcache.wdb	Rexxar - Conquest of Azeroth	Rexxar	Conquest of Azeroth	conquest-of-azeroth	modes.json	4936	2026-08-29	extracted/WDB(1)__rar/WDB/enUS/Rexxar - Conquest of Azeroth/gameobjectcache.wdb
295	67bbd6250c701cbe03377837806a7e9ae55ade208341c17bcb1cba794983055c	itemcache	itemcache.wdb	Rexxar - Conquest of Azeroth	Rexxar	Conquest of Azeroth	conquest-of-azeroth	modes.json	32601	2026-08-29	extracted/WDB(1)__rar/WDB/enUS/Rexxar - Conquest of Azeroth/itemcache.wdb
296	226fc42e343a4b1b3532d3da9f0be25b63b07ed6c80b35c3923aea88d75fad1f	itemnamecache	itemnamecache.wdb	Rexxar - Conquest of Azeroth	Rexxar	Conquest of Azeroth	conquest-of-azeroth	modes.json	114	2026-08-29	extracted/WDB(1)__rar/WDB/enUS/Rexxar - Conquest of Azeroth/itemnamecache.wdb
297	19062227aa1f7a08ce2478eece0d7bdc99216fa91b5ccd4113e4e0ba44049fb9	(non-standard)	itemstatcache.wdb	Rexxar - Conquest of Azeroth	Rexxar	Conquest of Azeroth	conquest-of-azeroth	modes.json	0	2026-08-29	extracted/WDB(1)__rar/WDB/enUS/Rexxar - Conquest of Azeroth/itemstatcache.wdb
298	976efce0e5d40769e1c956e832a906dec2f55dda063b301244a1ace5a39f8030	itemtextcache	itemtextcache.wdb	Rexxar - Conquest of Azeroth	Rexxar	Conquest of Azeroth	conquest-of-azeroth	modes.json	0	2026-08-29	extracted/WDB(1)__rar/WDB/enUS/Rexxar - Conquest of Azeroth/itemtextcache.wdb
299	2dfd07ebe7aee8d61d00e506678031365ae465b7f46f90b49034fe3f473ca231	npccache	npccache.wdb	Rexxar - Conquest of Azeroth	Rexxar	Conquest of Azeroth	conquest-of-azeroth	modes.json	381	2026-08-29	extracted/WDB(1)__rar/WDB/enUS/Rexxar - Conquest of Azeroth/npccache.wdb
300	1ac73e4a63a4a281947dc4bfa2fbf32bf693d0ab182e84210e45eaec565f90d8	pagetextcache	pagetextcache.wdb	Rexxar - Conquest of Azeroth	Rexxar	Conquest of Azeroth	conquest-of-azeroth	modes.json	20	2026-08-29	extracted/WDB(1)__rar/WDB/enUS/Rexxar - Conquest of Azeroth/pagetextcache.wdb
301	6ee1bfb3162fdfb0d505917eebca758bd43b3ae1807fbb0a27c625ec3f4f37da	questcache	questcache.wdb	Rexxar - Conquest of Azeroth	Rexxar	Conquest of Azeroth	conquest-of-azeroth	modes.json	829	2026-08-29	extracted/WDB(1)__rar/WDB/enUS/Rexxar - Conquest of Azeroth/questcache.wdb
302	68f376b166873b89046f780749f49caf9fc40a8262c4dfca4f987ade383096eb	(non-standard)	questcacheaddon.wdb	Rexxar - Conquest of Azeroth	Rexxar	Conquest of Azeroth	conquest-of-azeroth	modes.json	0	2026-08-17	extracted/WDB(1)__rar/WDB/enUS/Rexxar - Conquest of Azeroth/questcacheaddon.wdb
303	69bac9330927bf9b2149af31f06707c8768e2c0b7987740e6c57139adc775acb	wowcache	wowcache.wdb	Rexxar - Conquest of Azeroth	Rexxar	Conquest of Azeroth	conquest-of-azeroth	modes.json	0	2026-08-29	extracted/WDB(1)__rar/WDB/enUS/Rexxar - Conquest of Azeroth/wowcache.wdb
304	854d21886643c45b531508a64b1a7fa47713b3906940826c372a231c72cae184	creaturecache	creaturecache.wdb	enUS (realm root)		conquest-of-azeroth	conquest-of-azeroth	inferred:1.000/817	5931	2026-08-17	extracted/WDB(1)__rar/WDB/enUS/creaturecache.wdb
305	c3d0367a6f0b763639693792a3b1e37a1bde553a46e2d4a04af5cb62c4f1f4a4	gameobjectcache	gameobjectcache.wdb	enUS (realm root)		conquest-of-azeroth	conquest-of-azeroth	inferred:1.000/817	4899	2026-08-17	extracted/WDB(1)__rar/WDB/enUS/gameobjectcache.wdb
306	923cbf4b0d561179edfd8101110c7031785fca6ee97eede97974fb607ea06aa0	itemcache	itemcache.wdb	enUS (realm root)		conquest-of-azeroth	conquest-of-azeroth	inferred:1.000/817	31723	2026-08-17	extracted/WDB(1)__rar/WDB/enUS/itemcache.wdb
307	046dbd3c020c664002f68f6e08d1c8ab0d2e642131ab13a7515eba4e13252420	itemnamecache	itemnamecache.wdb	enUS (realm root)		conquest-of-azeroth	conquest-of-azeroth	inferred:1.000/817	114	2026-08-17	extracted/WDB(1)__rar/WDB/enUS/itemnamecache.wdb
308	f63ab7dcd7a9599309cee3000cb4ba875f21ba8362e033870363eb5051f1c4b5	npccache	npccache.wdb	enUS (realm root)		conquest-of-azeroth	conquest-of-azeroth	inferred:1.000/817	361	2026-08-17	extracted/WDB(1)__rar/WDB/enUS/npccache.wdb
309	d0cd4eb050c964e8bc6e4716af76208a4e0b7b004745af874523325c46f38ac5	pagetextcache	pagetextcache.wdb	enUS (realm root)		conquest-of-azeroth	conquest-of-azeroth	inferred:1.000/817	16	2026-08-17	extracted/WDB(1)__rar/WDB/enUS/pagetextcache.wdb
310	2397eed981a7287aeb06fd2570fe435617860d6b5267336f9b89f716a6bafb4a	questcache	questcache.wdb	enUS (realm root)		conquest-of-azeroth	conquest-of-azeroth	inferred:1.000/817	759	2026-08-17	extracted/WDB(1)__rar/WDB/enUS/questcache.wdb
311	0c496e9954fffe532a43da03e0e294cc58d2cdb2ed5471a2361f3cb25c633236	creaturecache	creaturecache.wdb	Bronzebeard - Warcraft Reborn	Bronzebeard	Warcraft Reborn	warcraft-reborn	modes.json	0	2026-08-08	extracted/WDB-20260908T210846Z-1-001/WDB/enUS/Bronzebeard - Warcraft Reborn/creaturecache.wdb
312	962a7018cef1ea7549014ecf48c20c19d9168471a1a2a5bcad09aeec56d2d266	gameobjectcache	gameobjectcache.wdb	Bronzebeard - Warcraft Reborn	Bronzebeard	Warcraft Reborn	warcraft-reborn	modes.json	0	2026-08-08	extracted/WDB-20260908T210846Z-1-001/WDB/enUS/Bronzebeard - Warcraft Reborn/gameobjectcache.wdb
313	2131b797e1be3f2e137f4781a6efbd9dc3cb79190d2aaf5172c3304830d9c0ed	itemcache	itemcache.wdb	Bronzebeard - Warcraft Reborn	Bronzebeard	Warcraft Reborn	warcraft-reborn	modes.json	0	2026-08-08	extracted/WDB-20260908T210846Z-1-001/WDB/enUS/Bronzebeard - Warcraft Reborn/itemcache.wdb
314	3f2b289a6130120cc1560ee643bf90f54204167a7f24185c022536053126194b	itemnamecache	itemnamecache.wdb	Bronzebeard - Warcraft Reborn	Bronzebeard	Warcraft Reborn	warcraft-reborn	modes.json	0	2026-08-08	extracted/WDB-20260908T210846Z-1-001/WDB/enUS/Bronzebeard - Warcraft Reborn/itemnamecache.wdb
315	61f4e343034bbb3d2d46918e725164652db373ca4f109de5411b0c7cf7ba882b	itemtextcache	itemtextcache.wdb	Bronzebeard - Warcraft Reborn	Bronzebeard	Warcraft Reborn	warcraft-reborn	modes.json	0	2026-08-08	extracted/WDB-20260908T210846Z-1-001/WDB/enUS/Bronzebeard - Warcraft Reborn/itemtextcache.wdb
316	6a999ea5785056b0723c5f44b23358f6839a799885ad05891cebf8abdd371745	npccache	npccache.wdb	Bronzebeard - Warcraft Reborn	Bronzebeard	Warcraft Reborn	warcraft-reborn	modes.json	0	2026-08-08	extracted/WDB-20260908T210846Z-1-001/WDB/enUS/Bronzebeard - Warcraft Reborn/npccache.wdb
317	4e9562247e3211fe5656a9466c40afa5be411dbffa10e82e02fa2d63916cd502	pagetextcache	pagetextcache.wdb	Bronzebeard - Warcraft Reborn	Bronzebeard	Warcraft Reborn	warcraft-reborn	modes.json	0	2026-08-08	extracted/WDB-20260908T210846Z-1-001/WDB/enUS/Bronzebeard - Warcraft Reborn/pagetextcache.wdb
318	63d7e57b7a38e86d5f2fd66c4be371102894130415224b5989ca0993921f2e82	questcache	questcache.wdb	Bronzebeard - Warcraft Reborn	Bronzebeard	Warcraft Reborn	warcraft-reborn	modes.json	0	2026-08-08	extracted/WDB-20260908T210846Z-1-001/WDB/enUS/Bronzebeard - Warcraft Reborn/questcache.wdb
319	e5f6218c9aefb3e22ba91ecfb4e37e1cb0e4835ba208dbed2573ea061908078c	wowcache	wowcache.wdb	Bronzebeard - Warcraft Reborn	Bronzebeard	Warcraft Reborn	warcraft-reborn	modes.json	0	2026-08-08	extracted/WDB-20260908T210846Z-1-001/WDB/enUS/Bronzebeard - Warcraft Reborn/wowcache.wdb
320	0c496e9954fffe532a43da03e0e294cc58d2cdb2ed5471a2361f3cb25c633236	creaturecache	creaturecache.wdb	Dawnrise - Season 10 Freepick	Dawnrise	Season 10 Freepick	season-10-freepick	modes.json	0	2026-08-09	extracted/WDB-20260908T210846Z-1-001/WDB/enUS/Dawnrise - Season 10 Freepick/creaturecache.wdb
321	962a7018cef1ea7549014ecf48c20c19d9168471a1a2a5bcad09aeec56d2d266	gameobjectcache	gameobjectcache.wdb	Dawnrise - Season 10 Freepick	Dawnrise	Season 10 Freepick	season-10-freepick	modes.json	0	2026-08-09	extracted/WDB-20260908T210846Z-1-001/WDB/enUS/Dawnrise - Season 10 Freepick/gameobjectcache.wdb
322	2131b797e1be3f2e137f4781a6efbd9dc3cb79190d2aaf5172c3304830d9c0ed	itemcache	itemcache.wdb	Dawnrise - Season 10 Freepick	Dawnrise	Season 10 Freepick	season-10-freepick	modes.json	0	2026-08-09	extracted/WDB-20260908T210846Z-1-001/WDB/enUS/Dawnrise - Season 10 Freepick/itemcache.wdb
323	3f2b289a6130120cc1560ee643bf90f54204167a7f24185c022536053126194b	itemnamecache	itemnamecache.wdb	Dawnrise - Season 10 Freepick	Dawnrise	Season 10 Freepick	season-10-freepick	modes.json	0	2026-08-09	extracted/WDB-20260908T210846Z-1-001/WDB/enUS/Dawnrise - Season 10 Freepick/itemnamecache.wdb
324	61f4e343034bbb3d2d46918e725164652db373ca4f109de5411b0c7cf7ba882b	itemtextcache	itemtextcache.wdb	Dawnrise - Season 10 Freepick	Dawnrise	Season 10 Freepick	season-10-freepick	modes.json	0	2026-08-09	extracted/WDB-20260908T210846Z-1-001/WDB/enUS/Dawnrise - Season 10 Freepick/itemtextcache.wdb
325	6a999ea5785056b0723c5f44b23358f6839a799885ad05891cebf8abdd371745	npccache	npccache.wdb	Dawnrise - Season 10 Freepick	Dawnrise	Season 10 Freepick	season-10-freepick	modes.json	0	2026-08-09	extracted/WDB-20260908T210846Z-1-001/WDB/enUS/Dawnrise - Season 10 Freepick/npccache.wdb
326	4e9562247e3211fe5656a9466c40afa5be411dbffa10e82e02fa2d63916cd502	pagetextcache	pagetextcache.wdb	Dawnrise - Season 10 Freepick	Dawnrise	Season 10 Freepick	season-10-freepick	modes.json	0	2026-08-09	extracted/WDB-20260908T210846Z-1-001/WDB/enUS/Dawnrise - Season 10 Freepick/pagetextcache.wdb
327	63d7e57b7a38e86d5f2fd66c4be371102894130415224b5989ca0993921f2e82	questcache	questcache.wdb	Dawnrise - Season 10 Freepick	Dawnrise	Season 10 Freepick	season-10-freepick	modes.json	0	2026-08-09	extracted/WDB-20260908T210846Z-1-001/WDB/enUS/Dawnrise - Season 10 Freepick/questcache.wdb
328	e5f6218c9aefb3e22ba91ecfb4e37e1cb0e4835ba208dbed2573ea061908078c	wowcache	wowcache.wdb	Dawnrise - Season 10 Freepick	Dawnrise	Season 10 Freepick	season-10-freepick	modes.json	0	2026-08-09	extracted/WDB-20260908T210846Z-1-001/WDB/enUS/Dawnrise - Season 10 Freepick/wowcache.wdb
329	36a955b7d7c1b1e5b9cd0e8a8f34ee56aa71cf90be865999d8412ce51fa4e10a	creaturecache	creaturecache.wdb	Rexxar - Conquest of Azeroth	Rexxar	Conquest of Azeroth	conquest-of-azeroth	modes.json	1363	2026-08-16	extracted/WDB-20260908T210846Z-1-001/WDB/enUS/Rexxar - Conquest of Azeroth/creaturecache.wdb
330	2171112419f4d000fe8913508cb0bdd6449177eb363ec5d302e81f06dc59bd2e	gameobjectcache	gameobjectcache.wdb	Rexxar - Conquest of Azeroth	Rexxar	Conquest of Azeroth	conquest-of-azeroth	modes.json	640	2026-08-16	extracted/WDB-20260908T210846Z-1-001/WDB/enUS/Rexxar - Conquest of Azeroth/gameobjectcache.wdb
331	63ef3f5b64b6325f2276b45858be42a4475c88aefdf84c16233611a25de670a3	itemcache	itemcache.wdb	Rexxar - Conquest of Azeroth	Rexxar	Conquest of Azeroth	conquest-of-azeroth	modes.json	8289	2026-08-16	extracted/WDB-20260908T210846Z-1-001/WDB/enUS/Rexxar - Conquest of Azeroth/itemcache.wdb
332	9a9a7bce01163dd81cb7b5304736f7cf7ac2b68e677bba844c382fb7cebe8f8d	itemnamecache	itemnamecache.wdb	Rexxar - Conquest of Azeroth	Rexxar	Conquest of Azeroth	conquest-of-azeroth	modes.json	33	2026-08-16	extracted/WDB-20260908T210846Z-1-001/WDB/enUS/Rexxar - Conquest of Azeroth/itemnamecache.wdb
333	83157b62eb6c52bdf02885bbdabc867b8c7096a1d5edd30eadfac6e61e70486e	(non-standard)	itemstatcache.wdb	Rexxar - Conquest of Azeroth	Rexxar	Conquest of Azeroth	conquest-of-azeroth	modes.json	0	2026-08-13	extracted/WDB-20260908T210846Z-1-001/WDB/enUS/Rexxar - Conquest of Azeroth/itemstatcache.wdb
334	d5557697ca356af4d6ed4046dd5a881aa20dbe0e489782653b99789bbe384840	npccache	npccache.wdb	Rexxar - Conquest of Azeroth	Rexxar	Conquest of Azeroth	conquest-of-azeroth	modes.json	59	2026-08-16	extracted/WDB-20260908T210846Z-1-001/WDB/enUS/Rexxar - Conquest of Azeroth/npccache.wdb
335	07b6cfa395fc81a1dced2761e277e3b0eeb4426964b8081c4fd7fa1b6d20b187	pagetextcache	pagetextcache.wdb	Rexxar - Conquest of Azeroth	Rexxar	Conquest of Azeroth	conquest-of-azeroth	modes.json	1	2026-08-16	extracted/WDB-20260908T210846Z-1-001/WDB/enUS/Rexxar - Conquest of Azeroth/pagetextcache.wdb
336	bc29762745a15827346298568ce8b5270247fe04b02e7ad0a5f38ed922a9e0d0	questcache	questcache.wdb	Rexxar - Conquest of Azeroth	Rexxar	Conquest of Azeroth	conquest-of-azeroth	modes.json	213	2026-08-16	extracted/WDB-20260908T210846Z-1-001/WDB/enUS/Rexxar - Conquest of Azeroth/questcache.wdb
337	d0d67669016400b2043fc65a346a96ddb001a1c57dfea3c6f63847bbcd469036	creaturecache	creaturecache.wdb	Vol_jin - Conquest of Azeroth	Vol_jin	Conquest of Azeroth	conquest-of-azeroth	modes.json	761	2026-08-27	extracted/WDB-20260908T210846Z-1-001/WDB/enUS/Vol_jin - Conquest of Azeroth/creaturecache.wdb
338	833671341b8c79a18f465119f90098a759ec6e765bfe705a4f1f655dc3f8f44a	gameobjectcache	gameobjectcache.wdb	Vol_jin - Conquest of Azeroth	Vol_jin	Conquest of Azeroth	conquest-of-azeroth	modes.json	327	2026-08-27	extracted/WDB-20260908T210846Z-1-001/WDB/enUS/Vol_jin - Conquest of Azeroth/gameobjectcache.wdb
339	968bf6f1ca8b3cb48b49e8057be8563aa2ff8bd3210d9e0e1106cad8c9a0a02a	itemcache	itemcache.wdb	Vol_jin - Conquest of Azeroth	Vol_jin	Conquest of Azeroth	conquest-of-azeroth	modes.json	5553	2026-08-27	extracted/WDB-20260908T210846Z-1-001/WDB/enUS/Vol_jin - Conquest of Azeroth/itemcache.wdb
340	3f2b289a6130120cc1560ee643bf90f54204167a7f24185c022536053126194b	itemnamecache	itemnamecache.wdb	Vol_jin - Conquest of Azeroth	Vol_jin	Conquest of Azeroth	conquest-of-azeroth	modes.json	0	2026-08-27	extracted/WDB-20260908T210846Z-1-001/WDB/enUS/Vol_jin - Conquest of Azeroth/itemnamecache.wdb
341	a8f178b3d58959fea1158c9714b19b72d14ed54006971bd1d71ad74b2dfb6050	(non-standard)	itemstatcache.wdb	Vol_jin - Conquest of Azeroth	Vol_jin	Conquest of Azeroth	conquest-of-azeroth	modes.json	0	2026-08-17	extracted/WDB-20260908T210846Z-1-001/WDB/enUS/Vol_jin - Conquest of Azeroth/itemstatcache.wdb
342	61f4e343034bbb3d2d46918e725164652db373ca4f109de5411b0c7cf7ba882b	itemtextcache	itemtextcache.wdb	Vol_jin - Conquest of Azeroth	Vol_jin	Conquest of Azeroth	conquest-of-azeroth	modes.json	0	2026-08-27	extracted/WDB-20260908T210846Z-1-001/WDB/enUS/Vol_jin - Conquest of Azeroth/itemtextcache.wdb
343	4a7ef60b707c1d477bbb6e2375d2fa7a5cef663ca5ca03f23f77efe1dc9ca973	npccache	npccache.wdb	Vol_jin - Conquest of Azeroth	Vol_jin	Conquest of Azeroth	conquest-of-azeroth	modes.json	26	2026-08-27	extracted/WDB-20260908T210846Z-1-001/WDB/enUS/Vol_jin - Conquest of Azeroth/npccache.wdb
344	7c96614d166b90cf5dc3c4daabe7424da117e8676dbc613e82f437671f62ab22	pagetextcache	pagetextcache.wdb	Vol_jin - Conquest of Azeroth	Vol_jin	Conquest of Azeroth	conquest-of-azeroth	modes.json	2	2026-08-27	extracted/WDB-20260908T210846Z-1-001/WDB/enUS/Vol_jin - Conquest of Azeroth/pagetextcache.wdb
345	8714ee2f5136f5697b5ada5a90cb10a8ab65a5ccb5bac63e46d88180a275a085	questcache	questcache.wdb	Vol_jin - Conquest of Azeroth	Vol_jin	Conquest of Azeroth	conquest-of-azeroth	modes.json	127	2026-08-27	extracted/WDB-20260908T210846Z-1-001/WDB/enUS/Vol_jin - Conquest of Azeroth/questcache.wdb
346	e5f6218c9aefb3e22ba91ecfb4e37e1cb0e4835ba208dbed2573ea061908078c	wowcache	wowcache.wdb	Vol_jin - Conquest of Azeroth	Vol_jin	Conquest of Azeroth	conquest-of-azeroth	modes.json	0	2026-08-27	extracted/WDB-20260908T210846Z-1-001/WDB/enUS/Vol_jin - Conquest of Azeroth/wowcache.wdb
347	6045483f8bb6200e76880daf32d590ad19c581954947033e2e750deb5d471683	creaturecache	creaturecache.wdb	Area 52 - Free-Pick	Area 52	Free-Pick	free-pick	modes.json	1912	2026-08-28	extracted/WDB_2-20260908T214838Z-1-001/WDB 2/enUS/Area 52 - Free-Pick/creaturecache.wdb
348	f15269de1d87fa9c076e8f27e0efdc0c453837e16e98a84440d704983e5a0c2f	gameobjectcache	gameobjectcache.wdb	Area 52 - Free-Pick	Area 52	Free-Pick	free-pick	modes.json	2062	2026-08-28	extracted/WDB_2-20260908T214838Z-1-001/WDB 2/enUS/Area 52 - Free-Pick/gameobjectcache.wdb
349	7204486a421b554eec6acb8e11e86d5d2437c7a9ba60078a49e718f08a749406	itemcache	itemcache.wdb	Area 52 - Free-Pick	Area 52	Free-Pick	free-pick	modes.json	4003	2026-08-28	extracted/WDB_2-20260908T214838Z-1-001/WDB 2/enUS/Area 52 - Free-Pick/itemcache.wdb
350	3f2b289a6130120cc1560ee643bf90f54204167a7f24185c022536053126194b	itemnamecache	itemnamecache.wdb	Area 52 - Free-Pick	Area 52	Free-Pick	free-pick	modes.json	0	2026-08-28	extracted/WDB_2-20260908T214838Z-1-001/WDB 2/enUS/Area 52 - Free-Pick/itemnamecache.wdb
351	6490aff8e83b457925808c8efaeea7e0a04023806ffefeb02fa8680e7fef7958	(non-standard)	itemstatcache.wdb	Area 52 - Free-Pick	Area 52	Free-Pick	free-pick	modes.json	0	2026-08-27	extracted/WDB_2-20260908T214838Z-1-001/WDB 2/enUS/Area 52 - Free-Pick/itemstatcache.wdb
352	61f4e343034bbb3d2d46918e725164652db373ca4f109de5411b0c7cf7ba882b	itemtextcache	itemtextcache.wdb	Area 52 - Free-Pick	Area 52	Free-Pick	free-pick	modes.json	0	2026-08-28	extracted/WDB_2-20260908T214838Z-1-001/WDB 2/enUS/Area 52 - Free-Pick/itemtextcache.wdb
353	0848706bcb9551302ccd132787c75be7bdea20c7d76563ae6d342f1dfa974a58	npccache	npccache.wdb	Area 52 - Free-Pick	Area 52	Free-Pick	free-pick	modes.json	103	2026-08-28	extracted/WDB_2-20260908T214838Z-1-001/WDB 2/enUS/Area 52 - Free-Pick/npccache.wdb
354	d78457110afd8008eb0673d0a8762faa4200344f87a7b8f5eb297d0f8f538bd6	pagetextcache	pagetextcache.wdb	Area 52 - Free-Pick	Area 52	Free-Pick	free-pick	modes.json	7	2026-08-28	extracted/WDB_2-20260908T214838Z-1-001/WDB 2/enUS/Area 52 - Free-Pick/pagetextcache.wdb
355	2a4a4e7d3877cbee632fad3f18d74c35df55f0c15392ca2d2f182541c9ff9f92	questcache	questcache.wdb	Area 52 - Free-Pick	Area 52	Free-Pick	free-pick	modes.json	217	2026-08-28	extracted/WDB_2-20260908T214838Z-1-001/WDB 2/enUS/Area 52 - Free-Pick/questcache.wdb
356	e5f6218c9aefb3e22ba91ecfb4e37e1cb0e4835ba208dbed2573ea061908078c	wowcache	wowcache.wdb	Area 52 - Free-Pick	Area 52	Free-Pick	free-pick	modes.json	0	2026-08-28	extracted/WDB_2-20260908T214838Z-1-001/WDB 2/enUS/Area 52 - Free-Pick/wowcache.wdb
357	a1446b96ab3a0c4a9614ebde054e0d0fbdd147eded318163575cca4f9c79c5e3	creaturecache	creaturecache.wdb	Bronzebeard - Warcraft Reborn	Bronzebeard	Warcraft Reborn	warcraft-reborn	modes.json	1570	2026-08-27	extracted/WDB_2-20260908T214838Z-1-001/WDB 2/enUS/Bronzebeard - Warcraft Reborn/creaturecache.wdb
358	50f1712de985a87c77d59194d4cee492e89b3465920155465d172658c0066276	gameobjectcache	gameobjectcache.wdb	Bronzebeard - Warcraft Reborn	Bronzebeard	Warcraft Reborn	warcraft-reborn	modes.json	1339	2026-08-27	extracted/WDB_2-20260908T214838Z-1-001/WDB 2/enUS/Bronzebeard - Warcraft Reborn/gameobjectcache.wdb
359	2cfc658215751fd3c8c573c11bda5cf09cb327795336f7d01079fe1d418cd67b	itemcache	itemcache.wdb	Bronzebeard - Warcraft Reborn	Bronzebeard	Warcraft Reborn	warcraft-reborn	modes.json	9718	2026-08-27	extracted/WDB_2-20260908T214838Z-1-001/WDB 2/enUS/Bronzebeard - Warcraft Reborn/itemcache.wdb
360	46c8f23178d5647c62224ce9709f415c3d5ac8e8069d39cf0837cc0aeef238ba	(non-standard)	itemstatcache.wdb	Bronzebeard - Warcraft Reborn	Bronzebeard	Warcraft Reborn	warcraft-reborn	modes.json	0	2026-08-19	extracted/WDB_2-20260908T214838Z-1-001/WDB 2/enUS/Bronzebeard - Warcraft Reborn/itemstatcache.wdb
361	311e2d3b946a3904500b86b8f1b07ad0f9872c9e1760019ee9faca7a4565df4b	npccache	npccache.wdb	Bronzebeard - Warcraft Reborn	Bronzebeard	Warcraft Reborn	warcraft-reborn	modes.json	90	2026-08-27	extracted/WDB_2-20260908T214838Z-1-001/WDB 2/enUS/Bronzebeard - Warcraft Reborn/npccache.wdb
362	8bb59652722ef521dc53dd3edec936147ad23bf0604a9fddc814caf73a5715f0	pagetextcache	pagetextcache.wdb	Bronzebeard - Warcraft Reborn	Bronzebeard	Warcraft Reborn	warcraft-reborn	modes.json	9	2026-08-27	extracted/WDB_2-20260908T214838Z-1-001/WDB 2/enUS/Bronzebeard - Warcraft Reborn/pagetextcache.wdb
363	eb55ec9eff708e39da544f900b7b70be06b598f107b88c0bfc5e62cc8ab4cd7e	questcache	questcache.wdb	Bronzebeard - Warcraft Reborn	Bronzebeard	Warcraft Reborn	warcraft-reborn	modes.json	195	2026-08-27	extracted/WDB_2-20260908T214838Z-1-001/WDB 2/enUS/Bronzebeard - Warcraft Reborn/questcache.wdb
364	a9e38375d613c6b46924ffa99bbae50c864e44d1379c0ea2bfcbb86e499eb955	creaturecache	creaturecache.wdb	Rexxar - Conquest of Azeroth	Rexxar	Conquest of Azeroth	conquest-of-azeroth	modes.json	5602	2026-09-01	extracted/WDB_2-20260908T214838Z-1-001/WDB 2/enUS/Rexxar - Conquest of Azeroth/creaturecache.wdb
365	7959d7de0422acc15f4f9ed0c49ecb3b86406f3ab49e245e55bc95189fff5cc3	gameobjectcache	gameobjectcache.wdb	Rexxar - Conquest of Azeroth	Rexxar	Conquest of Azeroth	conquest-of-azeroth	modes.json	2956	2026-09-01	extracted/WDB_2-20260908T214838Z-1-001/WDB 2/enUS/Rexxar - Conquest of Azeroth/gameobjectcache.wdb
366	cc439e9590d98899989889c0c04bc594d9d740ec0fe4a3fd0572310adbbf377b	itemcache	itemcache.wdb	Rexxar - Conquest of Azeroth	Rexxar	Conquest of Azeroth	conquest-of-azeroth	modes.json	21089	2026-09-01	extracted/WDB_2-20260908T214838Z-1-001/WDB 2/enUS/Rexxar - Conquest of Azeroth/itemcache.wdb
367	234f71520113fe58f072c0f9d261aa99b031f0dcbc16fdbfc292a55e39d3afd4	itemnamecache	itemnamecache.wdb	Rexxar - Conquest of Azeroth	Rexxar	Conquest of Azeroth	conquest-of-azeroth	modes.json	27	2026-09-01	extracted/WDB_2-20260908T214838Z-1-001/WDB 2/enUS/Rexxar - Conquest of Azeroth/itemnamecache.wdb
368	5237e20eeb7e4b561b888609c52cd4f109e7234bfd3ce0e3311f088cfcf5f3a1	(non-standard)	itemstatcache.wdb	Rexxar - Conquest of Azeroth	Rexxar	Conquest of Azeroth	conquest-of-azeroth	modes.json	0	2026-09-01	extracted/WDB_2-20260908T214838Z-1-001/WDB 2/enUS/Rexxar - Conquest of Azeroth/itemstatcache.wdb
369	8e2c30ba826e038a6d005dba47161731dc2eef8e07499805c4ccfc8cb3f57fc6	npccache	npccache.wdb	Rexxar - Conquest of Azeroth	Rexxar	Conquest of Azeroth	conquest-of-azeroth	modes.json	210	2026-09-01	extracted/WDB_2-20260908T214838Z-1-001/WDB 2/enUS/Rexxar - Conquest of Azeroth/npccache.wdb
370	2edfa6c1fc0ad2a9516c25fdc12db76ea31a671af1901084f9176d5fb3c2b3be	pagetextcache	pagetextcache.wdb	Rexxar - Conquest of Azeroth	Rexxar	Conquest of Azeroth	conquest-of-azeroth	modes.json	25	2026-09-01	extracted/WDB_2-20260908T214838Z-1-001/WDB 2/enUS/Rexxar - Conquest of Azeroth/pagetextcache.wdb
371	132e087887e3f4c9eadaad73e9cd00ab7e504bfb9030546edd31add3ba074ff4	questcache	questcache.wdb	Rexxar - Conquest of Azeroth	Rexxar	Conquest of Azeroth	conquest-of-azeroth	modes.json	540	2026-09-01	extracted/WDB_2-20260908T214838Z-1-001/WDB 2/enUS/Rexxar - Conquest of Azeroth/questcache.wdb
372	d90bf6e82c349b0aecff00ae05e9baa7bfbb881df35285198ad19f261ab07c4a	creaturecache	creaturecache.wdb	Vol_jin - Conquest of Azeroth	Vol_jin	Conquest of Azeroth	conquest-of-azeroth	modes.json	409	2026-08-28	extracted/WDB_2-20260908T214838Z-1-001/WDB 2/enUS/Vol_jin - Conquest of Azeroth/creaturecache.wdb
373	fadb9c84af5246dcbc740ea3e6305da757649c4351eeebee95d9906bd95a6109	gameobjectcache	gameobjectcache.wdb	Vol_jin - Conquest of Azeroth	Vol_jin	Conquest of Azeroth	conquest-of-azeroth	modes.json	81	2026-08-28	extracted/WDB_2-20260908T214838Z-1-001/WDB 2/enUS/Vol_jin - Conquest of Azeroth/gameobjectcache.wdb
374	14900bb0c3474f6974b817cba6e0a7ecb3f62daeba6d7b85ebdda44e0ab7c5b1	itemcache	itemcache.wdb	Vol_jin - Conquest of Azeroth	Vol_jin	Conquest of Azeroth	conquest-of-azeroth	modes.json	1877	2026-08-28	extracted/WDB_2-20260908T214838Z-1-001/WDB 2/enUS/Vol_jin - Conquest of Azeroth/itemcache.wdb
375	49fb9155a45b2093661b6843bab4f85e51111acecfa4d162f2549b8d79b5f8bd	itemnamecache	itemnamecache.wdb	Vol_jin - Conquest of Azeroth	Vol_jin	Conquest of Azeroth	conquest-of-azeroth	modes.json	0	2026-08-28	extracted/WDB_2-20260908T214838Z-1-001/WDB 2/enUS/Vol_jin - Conquest of Azeroth/itemnamecache.wdb
376	1673458b30206c502e52cad51c40eb81a4a76c3f5d3b7ddcdbab75919e591992	itemtextcache	itemtextcache.wdb	Vol_jin - Conquest of Azeroth	Vol_jin	Conquest of Azeroth	conquest-of-azeroth	modes.json	0	2026-08-28	extracted/WDB_2-20260908T214838Z-1-001/WDB 2/enUS/Vol_jin - Conquest of Azeroth/itemtextcache.wdb
377	0052b87c8b3c3d120c395c334d8cdb90908039783f89e1ad3934ce0015087e8f	npccache	npccache.wdb	Vol_jin - Conquest of Azeroth	Vol_jin	Conquest of Azeroth	conquest-of-azeroth	modes.json	0	2026-08-28	extracted/WDB_2-20260908T214838Z-1-001/WDB 2/enUS/Vol_jin - Conquest of Azeroth/npccache.wdb
378	82db6fdd8591a6e5981cdd543e3f248872d412fee08c26e9650b71e85aac4484	pagetextcache	pagetextcache.wdb	Vol_jin - Conquest of Azeroth	Vol_jin	Conquest of Azeroth	conquest-of-azeroth	modes.json	0	2026-08-28	extracted/WDB_2-20260908T214838Z-1-001/WDB 2/enUS/Vol_jin - Conquest of Azeroth/pagetextcache.wdb
379	40fe1258c4fd63d6409c26a1ddb6ca31f83c406eb31e504087c014f854244c67	questcache	questcache.wdb	Vol_jin - Conquest of Azeroth	Vol_jin	Conquest of Azeroth	conquest-of-azeroth	modes.json	73	2026-08-28	extracted/WDB_2-20260908T214838Z-1-001/WDB 2/enUS/Vol_jin - Conquest of Azeroth/questcache.wdb
380	f9fae52ec59188f1c1ddaf03b9c23deece6c08e023c2e0a9e884349fe74ce10f	wowcache	wowcache.wdb	Vol_jin - Conquest of Azeroth	Vol_jin	Conquest of Azeroth	conquest-of-azeroth	modes.json	0	2026-08-28	extracted/WDB_2-20260908T214838Z-1-001/WDB 2/enUS/Vol_jin - Conquest of Azeroth/wowcache.wdb
381	f1b16b1fe64afa184c62c1588d27524a7c83e8ac6318dca458a96fedef6a95fa	creaturecache	creaturecache.wdb	Rexxar - Conquest of Azeroth	Rexxar	Conquest of Azeroth	conquest-of-azeroth	modes.json	7657	2026-09-04	extracted/WDB__rar/WDB/enUS/Rexxar - Conquest of Azeroth/creaturecache.wdb
382	9489561a7fe823ea6e5d0fc43def90796476e041570907f7543adcc3286c75c6	gameobjectcache	gameobjectcache.wdb	Rexxar - Conquest of Azeroth	Rexxar	Conquest of Azeroth	conquest-of-azeroth	modes.json	4952	2026-09-04	extracted/WDB__rar/WDB/enUS/Rexxar - Conquest of Azeroth/gameobjectcache.wdb
383	fb866f927af7a8ad4734b6e1c47ae0c03d4c780c62ef9ca271bc82152d746fc5	itemcache	itemcache.wdb	Rexxar - Conquest of Azeroth	Rexxar	Conquest of Azeroth	conquest-of-azeroth	modes.json	29256	2026-09-04	extracted/WDB__rar/WDB/enUS/Rexxar - Conquest of Azeroth/itemcache.wdb
384	16081bf0a216706e100de96813cedfba88c555c06c989548e163eeebbb9818cd	itemnamecache	itemnamecache.wdb	Rexxar - Conquest of Azeroth	Rexxar	Conquest of Azeroth	conquest-of-azeroth	modes.json	200	2026-09-04	extracted/WDB__rar/WDB/enUS/Rexxar - Conquest of Azeroth/itemnamecache.wdb
385	3dd72049e8811c8c4e608103caafa865b3f1bd0c755c3dc43fb4da6e5891ef22	(non-standard)	itemstatcache.wdb	Rexxar - Conquest of Azeroth	Rexxar	Conquest of Azeroth	conquest-of-azeroth	modes.json	0	2026-09-04	extracted/WDB__rar/WDB/enUS/Rexxar - Conquest of Azeroth/itemstatcache.wdb
386	9bd6ac7e0f732d71657fc3eaee66ac0bba25d945aa99f9ce6934402b4567d543	npccache	npccache.wdb	Rexxar - Conquest of Azeroth	Rexxar	Conquest of Azeroth	conquest-of-azeroth	modes.json	267	2026-09-04	extracted/WDB__rar/WDB/enUS/Rexxar - Conquest of Azeroth/npccache.wdb
387	97dc2a1d8cd735e2116c69eee69bfe35dc2935b453538b01e01d7453ab6a3e53	pagetextcache	pagetextcache.wdb	Rexxar - Conquest of Azeroth	Rexxar	Conquest of Azeroth	conquest-of-azeroth	modes.json	25	2026-09-04	extracted/WDB__rar/WDB/enUS/Rexxar - Conquest of Azeroth/pagetextcache.wdb
388	09c8a99ea60d88597aff1a3311d922ce9f549e2d2532a4110da1da83e395961b	questcache	questcache.wdb	Rexxar - Conquest of Azeroth	Rexxar	Conquest of Azeroth	conquest-of-azeroth	modes.json	670	2026-09-04	extracted/WDB__rar/WDB/enUS/Rexxar - Conquest of Azeroth/questcache.wdb
389	b7ba88a4715e1d4f5c1c97c5ad4bccb4cd79bb11ce021731c67024d96e11f978	(non-standard)	questcacheaddon.wdb	Rexxar - Conquest of Azeroth	Rexxar	Conquest of Azeroth	conquest-of-azeroth	modes.json	0	2026-09-02	extracted/WDB__rar/WDB/enUS/Rexxar - Conquest of Azeroth/questcacheaddon.wdb
390	b3a8201c4efdd8caaf4a71a5d33b5498b6b05f8e8b81b53636cfd05208b2b3be	creaturecache	creaturecache.wdb	Vol'jin - Conquest of Azeroth	Vol'jin	Conquest of Azeroth	conquest-of-azeroth	modes.json	366	2026-07-25	extracted/WDB__rar/WDB/enUS/Vol'jin - Conquest of Azeroth/creaturecache.wdb
391	85363400f4ee7a316f52a7d99bb5faa15563798237fbcc4d482521b4f92db1d8	gameobjectcache	gameobjectcache.wdb	Vol'jin - Conquest of Azeroth	Vol'jin	Conquest of Azeroth	conquest-of-azeroth	modes.json	107	2026-07-25	extracted/WDB__rar/WDB/enUS/Vol'jin - Conquest of Azeroth/gameobjectcache.wdb
392	29b79fed07f254eae010e7adcd56854b35d5feeb372495c2662736972079cc8b	itemcache	itemcache.wdb	Vol'jin - Conquest of Azeroth	Vol'jin	Conquest of Azeroth	conquest-of-azeroth	modes.json	622	2026-07-25	extracted/WDB__rar/WDB/enUS/Vol'jin - Conquest of Azeroth/itemcache.wdb
393	7b23b756297805c9ed2fb407ebd753160fe4dab0375a11e5706b031f98770ec7	(non-standard)	itemstatcache.wdb	Vol'jin - Conquest of Azeroth	Vol'jin	Conquest of Azeroth	conquest-of-azeroth	modes.json	0	2026-07-21	extracted/WDB__rar/WDB/enUS/Vol'jin - Conquest of Azeroth/itemstatcache.wdb
394	106acb341cb44d4c7bd9068821faa723d8bc42ebf68c65531d5484c39722d982	npccache	npccache.wdb	Vol'jin - Conquest of Azeroth	Vol'jin	Conquest of Azeroth	conquest-of-azeroth	modes.json	1	2026-07-25	extracted/WDB__rar/WDB/enUS/Vol'jin - Conquest of Azeroth/npccache.wdb
395	25c0b489e0124a3c7ce898f4730b15de943cbdedb151c5143de3bf4767d551b9	questcache	questcache.wdb	Vol'jin - Conquest of Azeroth	Vol'jin	Conquest of Azeroth	conquest-of-azeroth	modes.json	59	2026-07-25	extracted/WDB__rar/WDB/enUS/Vol'jin - Conquest of Azeroth/questcache.wdb
396	f246ec4ac0cef75b8f7c6e23a4bef4d180c9dad1294884b35df4e01c913711eb	creaturecache	creaturecache.wdb	enUS (realm root)		conquest-of-azeroth	conquest-of-azeroth	inferred:1.000/817	3508	2026-09-04	extracted/WDB__rar/WDB/enUS/creaturecache.wdb
397	b6dee2b753d94ed7722abb22553ac9e56fd960ea55c3e077b393a5b71e45f626	gameobjectcache	gameobjectcache.wdb	enUS (realm root)		conquest-of-azeroth	conquest-of-azeroth	inferred:1.000/817	3285	2026-09-04	extracted/WDB__rar/WDB/enUS/gameobjectcache.wdb
398	6bb2e0360342cf5496b384343f8e39b42e980c9d4d95b57ec202a5c810b80fdc	itemcache	itemcache.wdb	enUS (realm root)		conquest-of-azeroth	conquest-of-azeroth	inferred:1.000/817	18399	2026-09-04	extracted/WDB__rar/WDB/enUS/itemcache.wdb
399	3e7a7c90b85dcaf640533a1c67def2e324f32e058f4d198c70893e70bc9a9eb1	itemnamecache	itemnamecache.wdb	enUS (realm root)		conquest-of-azeroth	conquest-of-azeroth	inferred:1.000/817	25	2026-09-04	extracted/WDB__rar/WDB/enUS/itemnamecache.wdb
400	c9897d3921f632809ad243292cf2e02b90f37140e5f97b91dae3a30285e4c0ff	npccache	npccache.wdb	enUS (realm root)		conquest-of-azeroth	conquest-of-azeroth	inferred:1.000/817	198	2026-09-04	extracted/WDB__rar/WDB/enUS/npccache.wdb
401	c32ab51bc54de9cbe331c79dfd6fd4e88bff734b2fd4e8f303db8229166203df	pagetextcache	pagetextcache.wdb	enUS (realm root)		conquest-of-azeroth	conquest-of-azeroth	inferred:1.000/817	17	2026-09-04	extracted/WDB__rar/WDB/enUS/pagetextcache.wdb
402	25f9dcd39bbbd681b3d4a3f2c58f849a19a71ea42683039c492e48bb6b297d90	questcache	questcache.wdb	enUS (realm root)		conquest-of-azeroth	conquest-of-azeroth	inferred:1.000/817	512	2026-09-04	extracted/WDB__rar/WDB/enUS/questcache.wdb
403	071d4194e0c6154507744cf7d04861afb8c6f7ee810e8968eb7d53c8929c284e	creaturecache	creaturecache.wdb	Area 52 - Free-Pick	Area 52	Free-Pick	free-pick	modes.json	1274	2026-07-29	extracted/WDB__targz/WDB/enUS/Area 52 - Free-Pick/creaturecache.wdb
404	ff4708fe63aa37511ddb0664a418d287271dc3f7460679cbd8bacf8f9be37e9f	gameobjectcache	gameobjectcache.wdb	Area 52 - Free-Pick	Area 52	Free-Pick	free-pick	modes.json	1010	2026-07-29	extracted/WDB__targz/WDB/enUS/Area 52 - Free-Pick/gameobjectcache.wdb
405	23afad2bb7f5fbc6d4b4002218155bc0b6cf0ffa1b8af7d02689035c00b118f4	itemcache	itemcache.wdb	Area 52 - Free-Pick	Area 52	Free-Pick	free-pick	modes.json	18978	2026-07-29	extracted/WDB__targz/WDB/enUS/Area 52 - Free-Pick/itemcache.wdb
406	a780d7a92a42d6e59e437739f904c0ae603cf56134d2af88c2050ef5c46f2e69	itemnamecache	itemnamecache.wdb	Area 52 - Free-Pick	Area 52	Free-Pick	free-pick	modes.json	230	2026-07-29	extracted/WDB__targz/WDB/enUS/Area 52 - Free-Pick/itemnamecache.wdb
407	31953e15750ffda409c589567d979eb58ce54438d9e58e60dd7af808bae428e2	(non-standard)	itemstatcache.wdb	Area 52 - Free-Pick	Area 52	Free-Pick	free-pick	modes.json	0	2026-07-25	extracted/WDB__targz/WDB/enUS/Area 52 - Free-Pick/itemstatcache.wdb
408	3dff95da40e3255edb22824658e8f63f87523188d046ea59af264d212d734823	itemtextcache	itemtextcache.wdb	Area 52 - Free-Pick	Area 52	Free-Pick	free-pick	modes.json	0	2026-07-29	extracted/WDB__targz/WDB/enUS/Area 52 - Free-Pick/itemtextcache.wdb
409	80563e80bbbb4931fcadcc868e42d4607841e9d4837ce18a7982d529610cffd2	npccache	npccache.wdb	Area 52 - Free-Pick	Area 52	Free-Pick	free-pick	modes.json	50	2026-07-29	extracted/WDB__targz/WDB/enUS/Area 52 - Free-Pick/npccache.wdb
410	0b382b423a70a6c0b46ea72aa2142d543a02a27844832b82c0ca0f2663310e73	pagetextcache	pagetextcache.wdb	Area 52 - Free-Pick	Area 52	Free-Pick	free-pick	modes.json	0	2026-07-29	extracted/WDB__targz/WDB/enUS/Area 52 - Free-Pick/pagetextcache.wdb
411	e13a24e1e4f4a6f4fae611f057412408fa8310e5ae27a6114a5acdfcf0e59aa5	questcache	questcache.wdb	Area 52 - Free-Pick	Area 52	Free-Pick	free-pick	modes.json	168	2026-07-29	extracted/WDB__targz/WDB/enUS/Area 52 - Free-Pick/questcache.wdb
412	e88bfadbaa3903849485cc26fb4ac448e87748c721d4b5c3951a5b83a8c77466	(non-standard)	questcacheaddon.wdb	Area 52 - Free-Pick	Area 52	Free-Pick	free-pick	modes.json	0	2026-06-07	extracted/WDB__targz/WDB/enUS/Area 52 - Free-Pick/questcacheaddon.wdb
413	8220601df21acec02d556e26af93cd6f7383274b8fd49174c53d52d9188d5426	wowcache	wowcache.wdb	Area 52 - Free-Pick	Area 52	Free-Pick	free-pick	modes.json	0	2026-07-29	extracted/WDB__targz/WDB/enUS/Area 52 - Free-Pick/wowcache.wdb
414	dc2e6cbff93a3e3f0166d94d4e9407a9d7203914bbe76a038b00663721b19021	creaturecache	creaturecache.wdb	Bronzebeard - Warcraft Reborn	Bronzebeard	Warcraft Reborn	warcraft-reborn	modes.json	1377	2026-07-02	extracted/WDB__targz/WDB/enUS/Bronzebeard - Warcraft Reborn/creaturecache.wdb
415	a915c110a03af259af731f3b2eea621da89cd0f3d856e83bcb50d0b4d996a792	gameobjectcache	gameobjectcache.wdb	Bronzebeard - Warcraft Reborn	Bronzebeard	Warcraft Reborn	warcraft-reborn	modes.json	932	2026-07-02	extracted/WDB__targz/WDB/enUS/Bronzebeard - Warcraft Reborn/gameobjectcache.wdb
416	8009704e7ffcf0ff3a125197bcf0c0de4fc32d2c59de08c2fb00193d2ecde1a5	itemcache	itemcache.wdb	Bronzebeard - Warcraft Reborn	Bronzebeard	Warcraft Reborn	warcraft-reborn	modes.json	29371	2026-07-02	extracted/WDB__targz/WDB/enUS/Bronzebeard - Warcraft Reborn/itemcache.wdb
417	7d450b616e1be6e3243006ec31572bd718f8f3a2f820a271da475dc98aff7ac7	itemnamecache	itemnamecache.wdb	Bronzebeard - Warcraft Reborn	Bronzebeard	Warcraft Reborn	warcraft-reborn	modes.json	616	2026-07-02	extracted/WDB__targz/WDB/enUS/Bronzebeard - Warcraft Reborn/itemnamecache.wdb
418	281d2bcfe57ed78ba2ce107fa77fbd761cf38c61d78ca4a6ef12d61c973b9c33	(non-standard)	itemstatcache.wdb	Bronzebeard - Warcraft Reborn	Bronzebeard	Warcraft Reborn	warcraft-reborn	modes.json	0	2026-07-01	extracted/WDB__targz/WDB/enUS/Bronzebeard - Warcraft Reborn/itemstatcache.wdb
419	3dff95da40e3255edb22824658e8f63f87523188d046ea59af264d212d734823	itemtextcache	itemtextcache.wdb	Bronzebeard - Warcraft Reborn	Bronzebeard	Warcraft Reborn	warcraft-reborn	modes.json	0	2026-07-02	extracted/WDB__targz/WDB/enUS/Bronzebeard - Warcraft Reborn/itemtextcache.wdb
420	d756998ff374c601eefdff4ed69f5ed503ff8adb1b5d9b0f45e48515902ab44b	npccache	npccache.wdb	Bronzebeard - Warcraft Reborn	Bronzebeard	Warcraft Reborn	warcraft-reborn	modes.json	35	2026-07-02	extracted/WDB__targz/WDB/enUS/Bronzebeard - Warcraft Reborn/npccache.wdb
421	0b382b423a70a6c0b46ea72aa2142d543a02a27844832b82c0ca0f2663310e73	pagetextcache	pagetextcache.wdb	Bronzebeard - Warcraft Reborn	Bronzebeard	Warcraft Reborn	warcraft-reborn	modes.json	0	2026-07-02	extracted/WDB__targz/WDB/enUS/Bronzebeard - Warcraft Reborn/pagetextcache.wdb
422	826d1ddf9ca91f16f07fe7b334d809ffd3d63d2f39e6d31a3b97eaea28b855e1	questcache	questcache.wdb	Bronzebeard - Warcraft Reborn	Bronzebeard	Warcraft Reborn	warcraft-reborn	modes.json	121	2026-07-02	extracted/WDB__targz/WDB/enUS/Bronzebeard - Warcraft Reborn/questcache.wdb
423	60316389a6ef4afea106ffcaeeb2fbacb3a210555e5f84e991bbd5b0e9121ce7	(non-standard)	questcacheaddon.wdb	Bronzebeard - Warcraft Reborn	Bronzebeard	Warcraft Reborn	warcraft-reborn	modes.json	0	2026-06-13	extracted/WDB__targz/WDB/enUS/Bronzebeard - Warcraft Reborn/questcacheaddon.wdb
424	8220601df21acec02d556e26af93cd6f7383274b8fd49174c53d52d9188d5426	wowcache	wowcache.wdb	Bronzebeard - Warcraft Reborn	Bronzebeard	Warcraft Reborn	warcraft-reborn	modes.json	0	2026-07-02	extracted/WDB__targz/WDB/enUS/Bronzebeard - Warcraft Reborn/wowcache.wdb
425	5f4840026b77d8780888194b6b1ca9092f0e2f0b2435b0b8b73fbb7b6549a7a9	creaturecache	creaturecache.wdb	Darkmoon - Season 10 Wildcard	Darkmoon	Season 10 Wildcard	season-10-wildcard	modes.json	2715	2026-09-02	extracted/WDB__targz/WDB/enUS/Darkmoon - Season 10 Wildcard/creaturecache.wdb
426	6246ceda404f3e139b22ebd09696248a60a0680095a696960e2e1ba3e4401b80	gameobjectcache	gameobjectcache.wdb	Darkmoon - Season 10 Wildcard	Darkmoon	Season 10 Wildcard	season-10-wildcard	modes.json	1749	2026-09-02	extracted/WDB__targz/WDB/enUS/Darkmoon - Season 10 Wildcard/gameobjectcache.wdb
427	fbd405ccaf8c20aa6f85049378086f9863841695ae60eb2b9addd7c525cb5c03	itemcache	itemcache.wdb	Darkmoon - Season 10 Wildcard	Darkmoon	Season 10 Wildcard	season-10-wildcard	modes.json	10569	2026-09-02	extracted/WDB__targz/WDB/enUS/Darkmoon - Season 10 Wildcard/itemcache.wdb
428	390c3df6b962b65f0a254238f8dfa0370310d12e3da9194b928d9a63eefa2806	itemnamecache	itemnamecache.wdb	Darkmoon - Season 10 Wildcard	Darkmoon	Season 10 Wildcard	season-10-wildcard	modes.json	100	2026-09-02	extracted/WDB__targz/WDB/enUS/Darkmoon - Season 10 Wildcard/itemnamecache.wdb
429	73f9836f9a17fb0067cb817d3cc495bbae410237cd063ea8e4779f58b86942f6	(non-standard)	itemstatcache.wdb	Darkmoon - Season 10 Wildcard	Darkmoon	Season 10 Wildcard	season-10-wildcard	modes.json	0	2026-09-02	extracted/WDB__targz/WDB/enUS/Darkmoon - Season 10 Wildcard/itemstatcache.wdb
430	447542743b113c7f1e7cfb0cfed7078e1e71d89af540628db3dc26c172a45ec0	npccache	npccache.wdb	Darkmoon - Season 10 Wildcard	Darkmoon	Season 10 Wildcard	season-10-wildcard	modes.json	130	2026-09-02	extracted/WDB__targz/WDB/enUS/Darkmoon - Season 10 Wildcard/npccache.wdb
431	a7b6878ff0382f1ac25c435962523b810297760dc973ad4b587cda4559b23568	pagetextcache	pagetextcache.wdb	Darkmoon - Season 10 Wildcard	Darkmoon	Season 10 Wildcard	season-10-wildcard	modes.json	1	2026-09-02	extracted/WDB__targz/WDB/enUS/Darkmoon - Season 10 Wildcard/pagetextcache.wdb
432	a2ad45c2be3061b6f72e7c3d41a68a52a7ad3831fca3b845c2753462673b4a4a	questcache	questcache.wdb	Darkmoon - Season 10 Wildcard	Darkmoon	Season 10 Wildcard	season-10-wildcard	modes.json	346	2026-09-02	extracted/WDB__targz/WDB/enUS/Darkmoon - Season 10 Wildcard/questcache.wdb
433	10308aafefa55cd0dce372d60e5e2c94085b1181fb3f6d79ae96358b3d9c5f7e	creaturecache	creaturecache.wdb	Dawnrise - Season 10 Freepick	Dawnrise	Season 10 Freepick	season-10-freepick	modes.json	508	2026-07-29	extracted/WDB__targz/WDB/enUS/Dawnrise - Season 10 Freepick/creaturecache.wdb
434	f361f0ee4a162b97e4662198d5f60d4532fc0e03c35203131b5e797ca5f0f21f	gameobjectcache	gameobjectcache.wdb	Dawnrise - Season 10 Freepick	Dawnrise	Season 10 Freepick	season-10-freepick	modes.json	73	2026-07-29	extracted/WDB__targz/WDB/enUS/Dawnrise - Season 10 Freepick/gameobjectcache.wdb
435	899c25f53352e0fb0999b17228482fb974fa41488c855ef91efa4f2af520d9bf	itemcache	itemcache.wdb	Dawnrise - Season 10 Freepick	Dawnrise	Season 10 Freepick	season-10-freepick	modes.json	4592	2026-07-29	extracted/WDB__targz/WDB/enUS/Dawnrise - Season 10 Freepick/itemcache.wdb
436	f0c2ad8d90f4475970a955ed8f9ba1fd04b6eaf4e47a1cb206e57293ae60a8c7	itemnamecache	itemnamecache.wdb	Dawnrise - Season 10 Freepick	Dawnrise	Season 10 Freepick	season-10-freepick	modes.json	7	2026-07-29	extracted/WDB__targz/WDB/enUS/Dawnrise - Season 10 Freepick/itemnamecache.wdb
437	8b0872995e9f8732776b83ee201a7d15dcdd02077dc5aaf4a646ac34938e6f3d	(non-standard)	itemstatcache.wdb	Dawnrise - Season 10 Freepick	Dawnrise	Season 10 Freepick	season-10-freepick	modes.json	0	2026-07-23	extracted/WDB__targz/WDB/enUS/Dawnrise - Season 10 Freepick/itemstatcache.wdb
438	84a511f3088c81d072e88332f1dbd1aa6f841dd8bd31ff39e10812afe58d8709	questcache	questcache.wdb	Dawnrise - Season 10 Freepick	Dawnrise	Season 10 Freepick	season-10-freepick	modes.json	60	2026-07-29	extracted/WDB__targz/WDB/enUS/Dawnrise - Season 10 Freepick/questcache.wdb
439	29d707e3b629e8739a23e07d9760f371b52a5d5bc3b01ef06a14c9b69e6e640d	creaturecache	creaturecache.wdb	Elune - Season 9	Elune	Season 9	season-9	modes.json	5098	2026-07-02	extracted/WDB__targz/WDB/enUS/Elune - Season 9/creaturecache.wdb
440	381219667b542d35005474df8b947cb8f12f278079226f21f650e03c055cbf87	gameobjectcache	gameobjectcache.wdb	Elune - Season 9	Elune	Season 9	season-9	modes.json	4981	2026-07-02	extracted/WDB__targz/WDB/enUS/Elune - Season 9/gameobjectcache.wdb
441	21e8b1cb3bbea43891bd8f6bd8ac166d1c6840326e6ace767c8aa9c626b63d6a	itemcache	itemcache.wdb	Elune - Season 9	Elune	Season 9	season-9	modes.json	19638	2026-07-02	extracted/WDB__targz/WDB/enUS/Elune - Season 9/itemcache.wdb
442	9ea69432e468880cc03637804c69681ba40fc2d17ce85336c561557fbb7048c8	itemnamecache	itemnamecache.wdb	Elune - Season 9	Elune	Season 9	season-9	modes.json	449	2026-07-02	extracted/WDB__targz/WDB/enUS/Elune - Season 9/itemnamecache.wdb
443	3a3d07e003b0d31b9a1607d6424fd355a7931bc9a9d7964da17f30ee2f1e6f0b	(non-standard)	itemstatcache.wdb	Elune - Season 9	Elune	Season 9	season-9	modes.json	0	2026-06-21	extracted/WDB__targz/WDB/enUS/Elune - Season 9/itemstatcache.wdb
444	0171193172bec3b03ec088cb8ccb9a35abb0b424ea86d0f0623aadacb6ae1aed	itemtextcache	itemtextcache.wdb	Elune - Season 9	Elune	Season 9	season-9	modes.json	0	2026-07-02	extracted/WDB__targz/WDB/enUS/Elune - Season 9/itemtextcache.wdb
445	9d41db2d168a30f01c626045390d52b2eb116fd5c27f21bffbbbb78871f4e1dc	npccache	npccache.wdb	Elune - Season 9	Elune	Season 9	season-9	modes.json	212	2026-07-02	extracted/WDB__targz/WDB/enUS/Elune - Season 9/npccache.wdb
446	7fae55efe0c562b7e20672e0badeeb99df50e9950124b2acd9c7e3e126d467ac	pagetextcache	pagetextcache.wdb	Elune - Season 9	Elune	Season 9	season-9	modes.json	3	2026-07-02	extracted/WDB__targz/WDB/enUS/Elune - Season 9/pagetextcache.wdb
447	f9ee58d794ad37528706f1969e8d757be57f88a2b065bb13dbd57fcc540d6eab	questcache	questcache.wdb	Elune - Season 9	Elune	Season 9	season-9	modes.json	406	2026-07-02	extracted/WDB__targz/WDB/enUS/Elune - Season 9/questcache.wdb
448	2f5a14ebe758eb05f7ac598adb26039d584e1b963ac256533a34e9c5a474c5a2	(non-standard)	questcacheaddon.wdb	Elune - Season 9	Elune	Season 9	season-9	modes.json	0	2026-06-14	extracted/WDB__targz/WDB/enUS/Elune - Season 9/questcacheaddon.wdb
449	8cdf823bf2fde354bafd1f5d57fe40c7e513d1ba0ec862a8adc5e9ed437686aa	wowcache	wowcache.wdb	Elune - Season 9	Elune	Season 9	season-9	modes.json	0	2026-07-02	extracted/WDB__targz/WDB/enUS/Elune - Season 9/wowcache.wdb
450	d1a19b495285aeefc1049fab05025433450195a77a614d069fe4e92808b0e8f3	creaturecache	creaturecache.wdb	Freepick - Live QA	Freepick	Live QA	live-qa	modes.json	0	2026-07-02	extracted/WDB__targz/WDB/enUS/Freepick - Live QA/creaturecache.wdb
451	7bd5e59ff2cab2b01423b794a1723552fec84093c310731d2d175c55b1fb348e	gameobjectcache	gameobjectcache.wdb	Freepick - Live QA	Freepick	Live QA	live-qa	modes.json	0	2026-07-02	extracted/WDB__targz/WDB/enUS/Freepick - Live QA/gameobjectcache.wdb
452	5f91d5e8dc6251de406653e173821fe96f44eae0976b1eb4264a6e6db62aa04c	itemcache	itemcache.wdb	Freepick - Live QA	Freepick	Live QA	live-qa	modes.json	398	2026-07-02	extracted/WDB__targz/WDB/enUS/Freepick - Live QA/itemcache.wdb
453	7aa0863762ca9aceaf7694883d7ed7d448504dc404d850eb7b4313f11ddd9119	itemnamecache	itemnamecache.wdb	Freepick - Live QA	Freepick	Live QA	live-qa	modes.json	0	2026-07-02	extracted/WDB__targz/WDB/enUS/Freepick - Live QA/itemnamecache.wdb
454	9bdf199cb9eafbc520a49c2895b2e55b73c3c197a45a727836cac2075f2ee2d0	itemtextcache	itemtextcache.wdb	Freepick - Live QA	Freepick	Live QA	live-qa	modes.json	0	2026-07-02	extracted/WDB__targz/WDB/enUS/Freepick - Live QA/itemtextcache.wdb
455	e1e349bae4060e04841f875957b42f2e5dd6c3f3c4b60eaf781f973b2ccb541f	npccache	npccache.wdb	Freepick - Live QA	Freepick	Live QA	live-qa	modes.json	0	2026-07-02	extracted/WDB__targz/WDB/enUS/Freepick - Live QA/npccache.wdb
456	2b8ea98741bb3a79ccfca7eb4ca161773b966219c4428c26ca6bdc1e4838ab27	pagetextcache	pagetextcache.wdb	Freepick - Live QA	Freepick	Live QA	live-qa	modes.json	0	2026-07-02	extracted/WDB__targz/WDB/enUS/Freepick - Live QA/pagetextcache.wdb
457	528bc7701bd094bcab27c18a2d064f615deb9f7742f0f78eebadaf45b11a14cf	questcache	questcache.wdb	Freepick - Live QA	Freepick	Live QA	live-qa	modes.json	210	2026-07-02	extracted/WDB__targz/WDB/enUS/Freepick - Live QA/questcache.wdb
458	98c3146a7eda3887273dc190edfa3ddeede44d68920872f1c238042d75e950db	wowcache	wowcache.wdb	Freepick - Live QA	Freepick	Live QA	live-qa	modes.json	0	2026-07-02	extracted/WDB__targz/WDB/enUS/Freepick - Live QA/wowcache.wdb
459	4d62276e7260725269964fc2ab75436529f3a93921c25e76d34947c47ff21fe7	creaturecache	creaturecache.wdb	Rexxar - Conquest of Azeroth	Rexxar	Conquest of Azeroth	conquest-of-azeroth	modes.json	517	2026-07-12	extracted/WDB__targz/WDB/enUS/Rexxar - Conquest of Azeroth/creaturecache.wdb
460	dbe53cbe1f967c3fac1789ffabfc43e1ec5169bb971e8956cad4db2716e9f6e7	gameobjectcache	gameobjectcache.wdb	Rexxar - Conquest of Azeroth	Rexxar	Conquest of Azeroth	conquest-of-azeroth	modes.json	228	2026-07-12	extracted/WDB__targz/WDB/enUS/Rexxar - Conquest of Azeroth/gameobjectcache.wdb
461	a3f3adff76538c83bf0777f6b425bd8e23c69a881d19cb523ffc6cb790a2596a	itemcache	itemcache.wdb	Rexxar - Conquest of Azeroth	Rexxar	Conquest of Azeroth	conquest-of-azeroth	modes.json	7347	2026-07-12	extracted/WDB__targz/WDB/enUS/Rexxar - Conquest of Azeroth/itemcache.wdb
462	6ea248884c4eee5c5b745816069d831975b4581d479f6ad4a96a0b8a21937c55	itemnamecache	itemnamecache.wdb	Rexxar - Conquest of Azeroth	Rexxar	Conquest of Azeroth	conquest-of-azeroth	modes.json	33	2026-07-12	extracted/WDB__targz/WDB/enUS/Rexxar - Conquest of Azeroth/itemnamecache.wdb
463	fca05f5dda6c1c342aaa9fba23255373480dbe2db820cfb20fc683e5fe23d110	(non-standard)	itemstatcache.wdb	Rexxar - Conquest of Azeroth	Rexxar	Conquest of Azeroth	conquest-of-azeroth	modes.json	0	2026-07-03	extracted/WDB__targz/WDB/enUS/Rexxar - Conquest of Azeroth/itemstatcache.wdb
464	ab219736142e857f72a0cbd59f6af444a2538ea32ce6059f6b8bb0936e5b2878	npccache	npccache.wdb	Rexxar - Conquest of Azeroth	Rexxar	Conquest of Azeroth	conquest-of-azeroth	modes.json	1	2026-07-12	extracted/WDB__targz/WDB/enUS/Rexxar - Conquest of Azeroth/npccache.wdb
465	2b8ea98741bb3a79ccfca7eb4ca161773b966219c4428c26ca6bdc1e4838ab27	pagetextcache	pagetextcache.wdb	Rexxar - Conquest of Azeroth	Rexxar	Conquest of Azeroth	conquest-of-azeroth	modes.json	0	2026-07-12	extracted/WDB__targz/WDB/enUS/Rexxar - Conquest of Azeroth/pagetextcache.wdb
466	88a6e21487535b7e5e1c7a6e9731505eceb4ec3749c4ba7e2a59545fce873a11	questcache	questcache.wdb	Rexxar - Conquest of Azeroth	Rexxar	Conquest of Azeroth	conquest-of-azeroth	modes.json	58	2026-07-12	extracted/WDB__targz/WDB/enUS/Rexxar - Conquest of Azeroth/questcache.wdb
467	4930f34e77918dc04fa1b898a99c56c5ed5cd03b78581df7dae70410ee9732ef	creaturecache	creaturecache.wdb	Vol'jin - Conquest of Azeroth	Vol'jin	Conquest of Azeroth	conquest-of-azeroth	modes.json	4800	2026-09-02	extracted/WDB__targz/WDB/enUS/Vol'jin - Conquest of Azeroth/creaturecache.wdb
468	c1abbdd8a5211a6925483c6d5f5435b5b08e27db62b313d2e009ae33f0862e6c	gameobjectcache	gameobjectcache.wdb	Vol'jin - Conquest of Azeroth	Vol'jin	Conquest of Azeroth	conquest-of-azeroth	modes.json	4610	2026-09-02	extracted/WDB__targz/WDB/enUS/Vol'jin - Conquest of Azeroth/gameobjectcache.wdb
469	f4e9a4e7ef0fd6a94abf1a21e2bb2d96fe0d83480c58cb8da7c2572da16b170d	itemcache	itemcache.wdb	Vol'jin - Conquest of Azeroth	Vol'jin	Conquest of Azeroth	conquest-of-azeroth	modes.json	28416	2026-09-02	extracted/WDB__targz/WDB/enUS/Vol'jin - Conquest of Azeroth/itemcache.wdb
470	f46b05845f3eb7e8af92b505c84051dd016ccb4c8cbf2fd6836ee708c355ce06	itemnamecache	itemnamecache.wdb	Vol'jin - Conquest of Azeroth	Vol'jin	Conquest of Azeroth	conquest-of-azeroth	modes.json	245	2026-09-02	extracted/WDB__targz/WDB/enUS/Vol'jin - Conquest of Azeroth/itemnamecache.wdb
471	12f85c500dea3dff2fbb5597ea45dda167770b7033c8a0e899ae746bf14ffb60	(non-standard)	itemstatcache.wdb	Vol'jin - Conquest of Azeroth	Vol'jin	Conquest of Azeroth	conquest-of-azeroth	modes.json	0	2026-09-02	extracted/WDB__targz/WDB/enUS/Vol'jin - Conquest of Azeroth/itemstatcache.wdb
472	9bdf199cb9eafbc520a49c2895b2e55b73c3c197a45a727836cac2075f2ee2d0	itemtextcache	itemtextcache.wdb	Vol'jin - Conquest of Azeroth	Vol'jin	Conquest of Azeroth	conquest-of-azeroth	modes.json	0	2026-09-02	extracted/WDB__targz/WDB/enUS/Vol'jin - Conquest of Azeroth/itemtextcache.wdb
473	1be477f910e2559739562249adaa2ca0ec9c3ecc5b4831b05ced00d4b3d98c75	npccache	npccache.wdb	Vol'jin - Conquest of Azeroth	Vol'jin	Conquest of Azeroth	conquest-of-azeroth	modes.json	186	2026-09-02	extracted/WDB__targz/WDB/enUS/Vol'jin - Conquest of Azeroth/npccache.wdb
474	0e108025996be2dd8cff59f63beee4eeb608aed9643e284e6f6fee79869a5322	pagetextcache	pagetextcache.wdb	Vol'jin - Conquest of Azeroth	Vol'jin	Conquest of Azeroth	conquest-of-azeroth	modes.json	5	2026-09-02	extracted/WDB__targz/WDB/enUS/Vol'jin - Conquest of Azeroth/pagetextcache.wdb
475	641836c9632e1d8841d03bb351038169ad7e1707967f98dd6704805f3973aabd	questcache	questcache.wdb	Vol'jin - Conquest of Azeroth	Vol'jin	Conquest of Azeroth	conquest-of-azeroth	modes.json	604	2026-09-02	extracted/WDB__targz/WDB/enUS/Vol'jin - Conquest of Azeroth/questcache.wdb
476	c9805c7f2877eaa57bdf24a89e2c5cd66d9ee40c994f0872ad9a8f5a7aa2e6dc	(non-standard)	questcacheaddon.wdb	Vol'jin - Conquest of Azeroth	Vol'jin	Conquest of Azeroth	conquest-of-azeroth	modes.json	0	2026-08-13	extracted/WDB__targz/WDB/enUS/Vol'jin - Conquest of Azeroth/questcacheaddon.wdb
477	98c3146a7eda3887273dc190edfa3ddeede44d68920872f1c238042d75e950db	wowcache	wowcache.wdb	Vol'jin - Conquest of Azeroth	Vol'jin	Conquest of Azeroth	conquest-of-azeroth	modes.json	0	2026-09-02	extracted/WDB__targz/WDB/enUS/Vol'jin - Conquest of Azeroth/wowcache.wdb
478	a726c52ca658d226264ea1e9c6a6016e72420a250ce0b52fabe54cfacc8474fc	creaturecache	creaturecache.wdb	Vol'jin - Stress Test	Vol'jin	Stress Test	stress-test	modes.json	950	2026-07-02	extracted/WDB__targz/WDB/enUS/Vol'jin - Stress Test/creaturecache.wdb
479	1e817b966881a96a5ee89132e66f703179d09cef72a3387c85d7ea0e3c7dc65d	gameobjectcache	gameobjectcache.wdb	Vol'jin - Stress Test	Vol'jin	Stress Test	stress-test	modes.json	381	2026-07-02	extracted/WDB__targz/WDB/enUS/Vol'jin - Stress Test/gameobjectcache.wdb
480	c269d17e7bd67534c51d6e9ef19a6e576cbe297dbb5d6f7b507131046b641990	itemcache	itemcache.wdb	Vol'jin - Stress Test	Vol'jin	Stress Test	stress-test	modes.json	8482	2026-07-02	extracted/WDB__targz/WDB/enUS/Vol'jin - Stress Test/itemcache.wdb
481	444df30ad196ebcc9d5269cb440d1d08672481e33bf124dbe77485f721da3d97	itemnamecache	itemnamecache.wdb	Vol'jin - Stress Test	Vol'jin	Stress Test	stress-test	modes.json	15	2026-07-02	extracted/WDB__targz/WDB/enUS/Vol'jin - Stress Test/itemnamecache.wdb
482	c6b1be40cbd621d243316e52e2b6fa54dbfef3937b29a45e5e6155e3f69553b6	(non-standard)	itemstatcache.wdb	Vol'jin - Stress Test	Vol'jin	Stress Test	stress-test	modes.json	0	2026-07-02	extracted/WDB__targz/WDB/enUS/Vol'jin - Stress Test/itemstatcache.wdb
483	9bdf199cb9eafbc520a49c2895b2e55b73c3c197a45a727836cac2075f2ee2d0	itemtextcache	itemtextcache.wdb	Vol'jin - Stress Test	Vol'jin	Stress Test	stress-test	modes.json	0	2026-07-02	extracted/WDB__targz/WDB/enUS/Vol'jin - Stress Test/itemtextcache.wdb
484	f5366cfcf5880284d6647931ec0c926716cf4bab812272ee39d5a1376ef37b08	npccache	npccache.wdb	Vol'jin - Stress Test	Vol'jin	Stress Test	stress-test	modes.json	19	2026-07-02	extracted/WDB__targz/WDB/enUS/Vol'jin - Stress Test/npccache.wdb
485	0de75ff33332039cbc576de23a708f13c1b4a6f331e229c485f32c7ad35bd309	pagetextcache	pagetextcache.wdb	Vol'jin - Stress Test	Vol'jin	Stress Test	stress-test	modes.json	1	2026-07-02	extracted/WDB__targz/WDB/enUS/Vol'jin - Stress Test/pagetextcache.wdb
486	e56942479a78c484d00100e334404fcf2010c6a5e0e9f5ae29acf2b85ea50d4e	questcache	questcache.wdb	Vol'jin - Stress Test	Vol'jin	Stress Test	stress-test	modes.json	101	2026-07-02	extracted/WDB__targz/WDB/enUS/Vol'jin - Stress Test/questcache.wdb
487	98c3146a7eda3887273dc190edfa3ddeede44d68920872f1c238042d75e950db	wowcache	wowcache.wdb	Vol'jin - Stress Test	Vol'jin	Stress Test	stress-test	modes.json	0	2026-07-02	extracted/WDB__targz/WDB/enUS/Vol'jin - Stress Test/wowcache.wdb
488	294e7bc1444443b2f0b8c9b488617ba509466c8461f416e84bd9a041a85b16dd	creaturecache	creaturecache.wdb	Vol'jin	Vol'jin	unknown	unknown	unknown	0	2026-06-29	extracted/WDB__targz/WDB/enUS/Vol'jin/creaturecache.wdb
489	f3b1a03e5996a192055d8b8475dcd8c2d1e2c2a55409db61379dfb914a518e13	gameobjectcache	gameobjectcache.wdb	Vol'jin	Vol'jin	unknown	unknown	unknown	0	2026-06-29	extracted/WDB__targz/WDB/enUS/Vol'jin/gameobjectcache.wdb
490	8b59e6f1893f52f34b13ac6e16876a70b96b330414e5ae43bff587a43d6822d9	itemcache	itemcache.wdb	Vol'jin	Vol'jin	unknown	unknown	unknown	0	2026-06-29	extracted/WDB__targz/WDB/enUS/Vol'jin/itemcache.wdb
491	96b58d88989f1d4296a6373463df39bf5c2a939a3d286abdc09894e060c7bce4	itemnamecache	itemnamecache.wdb	Vol'jin	Vol'jin	unknown	unknown	unknown	0	2026-06-29	extracted/WDB__targz/WDB/enUS/Vol'jin/itemnamecache.wdb
492	3dff95da40e3255edb22824658e8f63f87523188d046ea59af264d212d734823	itemtextcache	itemtextcache.wdb	Vol'jin	Vol'jin	unknown	unknown	unknown	0	2026-06-29	extracted/WDB__targz/WDB/enUS/Vol'jin/itemtextcache.wdb
493	a044260030a03abb68f2512182d9f3a28b537fb0d4a808bb16f65c5462e74176	npccache	npccache.wdb	Vol'jin	Vol'jin	unknown	unknown	unknown	0	2026-06-29	extracted/WDB__targz/WDB/enUS/Vol'jin/npccache.wdb
494	0b382b423a70a6c0b46ea72aa2142d543a02a27844832b82c0ca0f2663310e73	pagetextcache	pagetextcache.wdb	Vol'jin	Vol'jin	unknown	unknown	unknown	0	2026-06-29	extracted/WDB__targz/WDB/enUS/Vol'jin/pagetextcache.wdb
495	85e0358fef11eea8ea06475d7298a51a6bea2c8402d04227cc7e10a4f2b0dbdc	questcache	questcache.wdb	Vol'jin	Vol'jin	unknown	unknown	unknown	0	2026-06-29	extracted/WDB__targz/WDB/enUS/Vol'jin/questcache.wdb
496	8220601df21acec02d556e26af93cd6f7383274b8fd49174c53d52d9188d5426	wowcache	wowcache.wdb	Vol'jin	Vol'jin	unknown	unknown	unknown	0	2026-06-29	extracted/WDB__targz/WDB/enUS/Vol'jin/wowcache.wdb
497	96dee5bd07849b6a476875d64b3eb5be71fa965ae50f56354ffb55ddaba80c78	creaturecache	creaturecache.wdb	enUS (realm root)		conquest-of-azeroth	conquest-of-azeroth	inferred:1.000/817	3589	2026-09-02	extracted/WDB__targz/WDB/enUS/creaturecache.wdb
498	3091adea31091818067f735f1140e8102020a52ef8c8b31a2f5d88d7a60d2e00	gameobjectcache	gameobjectcache.wdb	enUS (realm root)		conquest-of-azeroth	conquest-of-azeroth	inferred:1.000/817	2854	2026-09-02	extracted/WDB__targz/WDB/enUS/gameobjectcache.wdb
499	da705a7a5b1a7a91cbcd2ef08d37370a3ead1a3167370efd962a53345a11d9af	itemcache	itemcache.wdb	enUS (realm root)		conquest-of-azeroth	conquest-of-azeroth	inferred:1.000/817	22819	2026-09-02	extracted/WDB__targz/WDB/enUS/itemcache.wdb
500	028b32d0abaf9f5da00a86123ce83e9097c7a8598675e4b46577c7a5e7687605	itemnamecache	itemnamecache.wdb	enUS (realm root)		conquest-of-azeroth	conquest-of-azeroth	inferred:1.000/817	99	2026-09-02	extracted/WDB__targz/WDB/enUS/itemnamecache.wdb
501	e5da87d8c8ddca98b17d54dee0d0f1da8e14cdbbb4058c12c5a120b4ea0f68a1	(non-standard)	itemstatcache.wdb	enUS (realm root)		conquest-of-azeroth	conquest-of-azeroth	inferred:1.000/817	0	2026-08-28	extracted/WDB__targz/WDB/enUS/itemstatcache.wdb
502	62379ffbd419874245d8e2205335dbc34c4582a1b38efed3364517d233c64a60	npccache	npccache.wdb	enUS (realm root)		conquest-of-azeroth	conquest-of-azeroth	inferred:1.000/817	118	2026-09-02	extracted/WDB__targz/WDB/enUS/npccache.wdb
503	aa02b8c51745b74a92df25e379db99bddb0907dd2901c6d4b92bec3556131a95	pagetextcache	pagetextcache.wdb	enUS (realm root)		conquest-of-azeroth	conquest-of-azeroth	inferred:1.000/817	1	2026-09-02	extracted/WDB__targz/WDB/enUS/pagetextcache.wdb
504	1ba64f53823102e50b5cffa6cec0ae49adffe6e32a44a48f0798bbd0de0a7df0	questcache	questcache.wdb	enUS (realm root)		conquest-of-azeroth	conquest-of-azeroth	inferred:1.000/817	369	2026-09-02	extracted/WDB__targz/WDB/enUS/questcache.wdb
505	b7c7f30b6a5c0507fd853c2074559206c5a96a5e8b3f3f759c0d95ee0c7ebcfc	creaturecache	creaturecache.wdb	Rexxar - Conquest of Azeroth	Rexxar	Conquest of Azeroth	conquest-of-azeroth	modes.json	7844	2026-08-31	extracted/WDB__zip/Rexxar - Conquest of Azeroth/creaturecache.wdb
506	9211514fb5b9fc41569b51baca63cb92ee0496faed28a024eb7be46480d79cf9	gameobjectcache	gameobjectcache.wdb	Rexxar - Conquest of Azeroth	Rexxar	Conquest of Azeroth	conquest-of-azeroth	modes.json	6696	2026-08-31	extracted/WDB__zip/Rexxar - Conquest of Azeroth/gameobjectcache.wdb
507	2b50222e75f2aeef4497ae0f14a8526abbeff6d3d2cfb610a94efcbf8e9dacff	itemcache	itemcache.wdb	Rexxar - Conquest of Azeroth	Rexxar	Conquest of Azeroth	conquest-of-azeroth	modes.json	39725	2026-08-31	extracted/WDB__zip/Rexxar - Conquest of Azeroth/itemcache.wdb
508	259478b7068c7ab6afbbdd5d1c530c5047c735007b4a4ebf8a6b8df10eb6d19e	itemnamecache	itemnamecache.wdb	Rexxar - Conquest of Azeroth	Rexxar	Conquest of Azeroth	conquest-of-azeroth	modes.json	1558	2026-08-31	extracted/WDB__zip/Rexxar - Conquest of Azeroth/itemnamecache.wdb
509	93583deefa8f182459f50c8ca53ddaea7db1358c1fbf46ed303b2a939ec82603	(non-standard)	itemstatcache.wdb	Rexxar - Conquest of Azeroth	Rexxar	Conquest of Azeroth	conquest-of-azeroth	modes.json	0	2026-08-31	extracted/WDB__zip/Rexxar - Conquest of Azeroth/itemstatcache.wdb
510	9bac2ff93b6339cbf7e64ae79140c7f680085e1e67e84bc6298474b9a53968e0	npccache	npccache.wdb	Rexxar - Conquest of Azeroth	Rexxar	Conquest of Azeroth	conquest-of-azeroth	modes.json	334	2026-08-31	extracted/WDB__zip/Rexxar - Conquest of Azeroth/npccache.wdb
511	bf55c3f078bfac24be9b28a86a36a8bd3ef347056b991802db50aa5c26c3a244	pagetextcache	pagetextcache.wdb	Rexxar - Conquest of Azeroth	Rexxar	Conquest of Azeroth	conquest-of-azeroth	modes.json	8	2026-08-31	extracted/WDB__zip/Rexxar - Conquest of Azeroth/pagetextcache.wdb
512	9955b641ef96593573391689200370b5bfbd9345e8f8946d929a7f7291efa6da	questcache	questcache.wdb	Rexxar - Conquest of Azeroth	Rexxar	Conquest of Azeroth	conquest-of-azeroth	modes.json	985	2026-08-31	extracted/WDB__zip/Rexxar - Conquest of Azeroth/questcache.wdb
513	0c62a3f9ae7f43976cd9ad970ad7ae2bd93bb3e8a362a964fe5bd2543232b704	(non-standard)	questcacheaddon.wdb	Rexxar - Conquest of Azeroth	Rexxar	Conquest of Azeroth	conquest-of-azeroth	modes.json	0	2026-08-25	extracted/WDB__zip/Rexxar - Conquest of Azeroth/questcacheaddon.wdb
514	3fbe4842adef974cdbe9d65ec5faa88ebcdadbb74e11370cd4adbece3c626439	creaturecache	creaturecache.wdb	WDB__zip		conquest-of-azeroth	conquest-of-azeroth	inferred:1.000/1520	7662	2026-08-30	extracted/WDB__zip/creaturecache.wdb
515	d61e492aba94119654051e78d95860594ff3cb8736113cebf0ef6b036d72ef9e	gameobjectcache	gameobjectcache.wdb	WDB__zip		conquest-of-azeroth	conquest-of-azeroth	inferred:1.000/1520	6673	2026-08-30	extracted/WDB__zip/gameobjectcache.wdb
516	6d4993c4d89d3632c7bc9dc8ec13ebd38c6fe07c703f83195f67275dd651b406	itemcache	itemcache.wdb	WDB__zip		conquest-of-azeroth	conquest-of-azeroth	inferred:1.000/1520	39175	2026-08-30	extracted/WDB__zip/itemcache.wdb
517	73a93263cf3faf4d37077dd18e3778472b1fd59ac3ff5fe00a2a3490f7d77975	itemnamecache	itemnamecache.wdb	WDB__zip		conquest-of-azeroth	conquest-of-azeroth	inferred:1.000/1520	1525	2026-08-30	extracted/WDB__zip/itemnamecache.wdb
518	c7508014b4010f1d70257b346658d4519b7cffe9d1717907fcf4324a9c50877d	(non-standard)	itemstatcache.wdb	WDB__zip		conquest-of-azeroth	conquest-of-azeroth	inferred:1.000/1520	0	2026-08-28	extracted/WDB__zip/itemstatcache.wdb
519	61f4e343034bbb3d2d46918e725164652db373ca4f109de5411b0c7cf7ba882b	itemtextcache	itemtextcache.wdb	WDB__zip		conquest-of-azeroth	conquest-of-azeroth	inferred:1.000/1520	0	2026-08-30	extracted/WDB__zip/itemtextcache.wdb
520	e1e2d215a0d37723a5bb72d9726bad3a21498919a2b73ddb538122e894850663	npccache	npccache.wdb	WDB__zip		conquest-of-azeroth	conquest-of-azeroth	inferred:1.000/1520	320	2026-08-30	extracted/WDB__zip/npccache.wdb
521	dea4c51f7b8d45556ab17fb761fd26cf4f367e6c396e35128e38d29d71a72abc	pagetextcache	pagetextcache.wdb	WDB__zip		conquest-of-azeroth	conquest-of-azeroth	inferred:1.000/1520	6	2026-08-30	extracted/WDB__zip/pagetextcache.wdb
522	484810bb0fb1f7fe76c78c3713db2766182ebe4fc13597e1cd1f655e788cba69	questcache	questcache.wdb	WDB__zip		conquest-of-azeroth	conquest-of-azeroth	inferred:1.000/1520	978	2026-08-30	extracted/WDB__zip/questcache.wdb
523	e5f6218c9aefb3e22ba91ecfb4e37e1cb0e4835ba208dbed2573ea061908078c	wowcache	wowcache.wdb	WDB__zip		conquest-of-azeroth	conquest-of-azeroth	inferred:1.000/1520	0	2026-08-30	extracted/WDB__zip/wowcache.wdb
524	2111277b505debc07e3d27c7a0ffb1a9e0703dc5fdc0af0c0bddd8446bfa80b8	creaturecache	creaturecache.wdb	Area 52 - Free-Pick	Area 52	Free-Pick	free-pick	modes.json	292	2026-07-22	extracted/enUS(1)/enUS/Area 52 - Free-Pick/creaturecache.wdb
525	abe73be973b3a88334d7810f79dc4370142149963e12ef9e41d2113ba729348c	gameobjectcache	gameobjectcache.wdb	Area 52 - Free-Pick	Area 52	Free-Pick	free-pick	modes.json	71	2026-07-22	extracted/enUS(1)/enUS/Area 52 - Free-Pick/gameobjectcache.wdb
526	f1e7619da52811c7848cd6955c8bf8791a58e92843f21a2cd74353a67b2c94ca	itemcache	itemcache.wdb	Area 52 - Free-Pick	Area 52	Free-Pick	free-pick	modes.json	173	2026-07-22	extracted/enUS(1)/enUS/Area 52 - Free-Pick/itemcache.wdb
527	22b7d4d53b17d784e51f0a78e1fe4228cade612daf8ad35e90d9a9a5ed0e6820	itemnamecache	itemnamecache.wdb	Area 52 - Free-Pick	Area 52	Free-Pick	free-pick	modes.json	0	2026-07-22	extracted/enUS(1)/enUS/Area 52 - Free-Pick/itemnamecache.wdb
528	69d454a7d2adcc5c7d6d19b4ffcc9933132c3169a70e5a322151456d87a4215f	itemtextcache	itemtextcache.wdb	Area 52 - Free-Pick	Area 52	Free-Pick	free-pick	modes.json	0	2026-07-22	extracted/enUS(1)/enUS/Area 52 - Free-Pick/itemtextcache.wdb
529	5a3bccdd64ab4b245d2fecd1d54b5bde0a7fbb62f167f641dcd565b4d1ddf715	npccache	npccache.wdb	Area 52 - Free-Pick	Area 52	Free-Pick	free-pick	modes.json	2	2026-07-22	extracted/enUS(1)/enUS/Area 52 - Free-Pick/npccache.wdb
530	443918fe4e12e97c8ab1a86a292878f9e05fae6980936fd5eafb5cfb3fd51ed2	pagetextcache	pagetextcache.wdb	Area 52 - Free-Pick	Area 52	Free-Pick	free-pick	modes.json	0	2026-07-22	extracted/enUS(1)/enUS/Area 52 - Free-Pick/pagetextcache.wdb
531	3bab3b84ff55cf7a29f0560a5730150cdf4e54393078c8e764350995a3a7beb0	questcache	questcache.wdb	Area 52 - Free-Pick	Area 52	Free-Pick	free-pick	modes.json	59	2026-07-22	extracted/enUS(1)/enUS/Area 52 - Free-Pick/questcache.wdb
532	c2d1e133d60ddb6aaf4f13a1deee949a120400ba95db3795bd813be77cf1c7f6	wowcache	wowcache.wdb	Area 52 - Free-Pick	Area 52	Free-Pick	free-pick	modes.json	0	2026-07-22	extracted/enUS(1)/enUS/Area 52 - Free-Pick/wowcache.wdb
533	45e7c17b6ad903a2b014071e2bbc350c07b66c83f1505194c53b06756df38985	creaturecache	creaturecache.wdb	Bronzebeard - Warcraft Reborn	Bronzebeard	Warcraft Reborn	warcraft-reborn	modes.json	290	2026-08-15	extracted/enUS(1)/enUS/Bronzebeard - Warcraft Reborn/creaturecache.wdb
534	62aa4252021d9e1eccb5eb0e04b0f9bcdce27c4abcab711b4b356c6a1445e487	gameobjectcache	gameobjectcache.wdb	Bronzebeard - Warcraft Reborn	Bronzebeard	Warcraft Reborn	warcraft-reborn	modes.json	60	2026-08-15	extracted/enUS(1)/enUS/Bronzebeard - Warcraft Reborn/gameobjectcache.wdb
535	4047a5015fcc632fd42987fa74dfe624a192d57f2b2fad6aa8f3d4fac207be8e	itemcache	itemcache.wdb	Bronzebeard - Warcraft Reborn	Bronzebeard	Warcraft Reborn	warcraft-reborn	modes.json	243	2026-08-15	extracted/enUS(1)/enUS/Bronzebeard - Warcraft Reborn/itemcache.wdb
536	637c627009fb0bc1c65a1f81caac0979c861e538f3b8da1299140f37fda96ba0	itemnamecache	itemnamecache.wdb	Bronzebeard - Warcraft Reborn	Bronzebeard	Warcraft Reborn	warcraft-reborn	modes.json	4	2026-08-15	extracted/enUS(1)/enUS/Bronzebeard - Warcraft Reborn/itemnamecache.wdb
537	69d454a7d2adcc5c7d6d19b4ffcc9933132c3169a70e5a322151456d87a4215f	itemtextcache	itemtextcache.wdb	Bronzebeard - Warcraft Reborn	Bronzebeard	Warcraft Reborn	warcraft-reborn	modes.json	0	2026-08-15	extracted/enUS(1)/enUS/Bronzebeard - Warcraft Reborn/itemtextcache.wdb
538	e51130cf867ce2d9a4c00c4ce10986f12df8a104fe46e376143b53faf15c237d	npccache	npccache.wdb	Bronzebeard - Warcraft Reborn	Bronzebeard	Warcraft Reborn	warcraft-reborn	modes.json	2	2026-08-15	extracted/enUS(1)/enUS/Bronzebeard - Warcraft Reborn/npccache.wdb
539	443918fe4e12e97c8ab1a86a292878f9e05fae6980936fd5eafb5cfb3fd51ed2	pagetextcache	pagetextcache.wdb	Bronzebeard - Warcraft Reborn	Bronzebeard	Warcraft Reborn	warcraft-reborn	modes.json	0	2026-08-15	extracted/enUS(1)/enUS/Bronzebeard - Warcraft Reborn/pagetextcache.wdb
540	e9cdad486d3cffc209d287881b6183faeb1004758002fef2bd6668db396b59c8	questcache	questcache.wdb	Bronzebeard - Warcraft Reborn	Bronzebeard	Warcraft Reborn	warcraft-reborn	modes.json	58	2026-08-15	extracted/enUS(1)/enUS/Bronzebeard - Warcraft Reborn/questcache.wdb
541	c2d1e133d60ddb6aaf4f13a1deee949a120400ba95db3795bd813be77cf1c7f6	wowcache	wowcache.wdb	Bronzebeard - Warcraft Reborn	Bronzebeard	Warcraft Reborn	warcraft-reborn	modes.json	0	2026-08-15	extracted/enUS(1)/enUS/Bronzebeard - Warcraft Reborn/wowcache.wdb
542	b029b117411de435c059d7d34dcb0a4bfd2619cb3dd0f9d098ec7bbf2a0bea68	creaturecache	creaturecache.wdb	Darkmoon - Season 10 Wildcard	Darkmoon	Season 10 Wildcard	season-10-wildcard	modes.json	0	2026-07-22	extracted/enUS(1)/enUS/Darkmoon - Season 10 Wildcard/creaturecache.wdb
543	44f9427509efb617c5c0c2790e4e39f757fb0b8dc4bea8eafa9c20633a41a2c5	gameobjectcache	gameobjectcache.wdb	Darkmoon - Season 10 Wildcard	Darkmoon	Season 10 Wildcard	season-10-wildcard	modes.json	0	2026-07-22	extracted/enUS(1)/enUS/Darkmoon - Season 10 Wildcard/gameobjectcache.wdb
544	4cd280fe676096e41334354d982d129bac5abb617e5f28a7309229fe0daf1cd9	itemcache	itemcache.wdb	Darkmoon - Season 10 Wildcard	Darkmoon	Season 10 Wildcard	season-10-wildcard	modes.json	0	2026-07-22	extracted/enUS(1)/enUS/Darkmoon - Season 10 Wildcard/itemcache.wdb
545	22b7d4d53b17d784e51f0a78e1fe4228cade612daf8ad35e90d9a9a5ed0e6820	itemnamecache	itemnamecache.wdb	Darkmoon - Season 10 Wildcard	Darkmoon	Season 10 Wildcard	season-10-wildcard	modes.json	0	2026-07-22	extracted/enUS(1)/enUS/Darkmoon - Season 10 Wildcard/itemnamecache.wdb
546	69d454a7d2adcc5c7d6d19b4ffcc9933132c3169a70e5a322151456d87a4215f	itemtextcache	itemtextcache.wdb	Darkmoon - Season 10 Wildcard	Darkmoon	Season 10 Wildcard	season-10-wildcard	modes.json	0	2026-07-22	extracted/enUS(1)/enUS/Darkmoon - Season 10 Wildcard/itemtextcache.wdb
547	4f821d2cd03b9f5b9a3a9cbdfe3a361903971bf18e0f83ec55e05b96e4f7e5f3	npccache	npccache.wdb	Darkmoon - Season 10 Wildcard	Darkmoon	Season 10 Wildcard	season-10-wildcard	modes.json	0	2026-07-22	extracted/enUS(1)/enUS/Darkmoon - Season 10 Wildcard/npccache.wdb
548	443918fe4e12e97c8ab1a86a292878f9e05fae6980936fd5eafb5cfb3fd51ed2	pagetextcache	pagetextcache.wdb	Darkmoon - Season 10 Wildcard	Darkmoon	Season 10 Wildcard	season-10-wildcard	modes.json	0	2026-07-22	extracted/enUS(1)/enUS/Darkmoon - Season 10 Wildcard/pagetextcache.wdb
549	9dd5903eb012e3807d651dabe53ec026e286ce932de7f7d1b4b0696b980d9a59	questcache	questcache.wdb	Darkmoon - Season 10 Wildcard	Darkmoon	Season 10 Wildcard	season-10-wildcard	modes.json	0	2026-07-22	extracted/enUS(1)/enUS/Darkmoon - Season 10 Wildcard/questcache.wdb
550	c2d1e133d60ddb6aaf4f13a1deee949a120400ba95db3795bd813be77cf1c7f6	wowcache	wowcache.wdb	Darkmoon - Season 10 Wildcard	Darkmoon	Season 10 Wildcard	season-10-wildcard	modes.json	0	2026-07-22	extracted/enUS(1)/enUS/Darkmoon - Season 10 Wildcard/wowcache.wdb
551	d9def538799237f0d86a67b8078722eb3eac8cf250229e78119efac4bed9c2bf	creaturecache	creaturecache.wdb	Dawnrise - Season 10 Freepick	Dawnrise	Season 10 Freepick	season-10-freepick	modes.json	861	2026-08-20	extracted/enUS(1)/enUS/Dawnrise - Season 10 Freepick/creaturecache.wdb
552	b7465c058c1bf0bfa8d51fab28233144bf8a596ecab195f17f763b23668f3172	gameobjectcache	gameobjectcache.wdb	Dawnrise - Season 10 Freepick	Dawnrise	Season 10 Freepick	season-10-freepick	modes.json	361	2026-08-20	extracted/enUS(1)/enUS/Dawnrise - Season 10 Freepick/gameobjectcache.wdb
553	8007b49ae33423fcefe4d2803170182bab73a58377845d0764032fe048a95ff1	itemcache	itemcache.wdb	Dawnrise - Season 10 Freepick	Dawnrise	Season 10 Freepick	season-10-freepick	modes.json	2595	2026-08-20	extracted/enUS(1)/enUS/Dawnrise - Season 10 Freepick/itemcache.wdb
554	e6ec355ee9602d85fa80e9f547367c3a9b477ca9ce1f8b7d8de03378c9e550c4	itemnamecache	itemnamecache.wdb	Dawnrise - Season 10 Freepick	Dawnrise	Season 10 Freepick	season-10-freepick	modes.json	75	2026-08-20	extracted/enUS(1)/enUS/Dawnrise - Season 10 Freepick/itemnamecache.wdb
555	7a81f03c7ee0561101e5fefa5f552cc6cf628cc0a0f5bc7e28489faebfda2192	(non-standard)	itemstatcache.wdb	Dawnrise - Season 10 Freepick	Dawnrise	Season 10 Freepick	season-10-freepick	modes.json	0	2026-08-20	extracted/enUS(1)/enUS/Dawnrise - Season 10 Freepick/itemstatcache.wdb
556	69d454a7d2adcc5c7d6d19b4ffcc9933132c3169a70e5a322151456d87a4215f	itemtextcache	itemtextcache.wdb	Dawnrise - Season 10 Freepick	Dawnrise	Season 10 Freepick	season-10-freepick	modes.json	0	2026-08-20	extracted/enUS(1)/enUS/Dawnrise - Season 10 Freepick/itemtextcache.wdb
557	2470c4b9e0d9e77f6a68812be6f570f04d5191f3e638fb82739b7e71f3d14d30	npccache	npccache.wdb	Dawnrise - Season 10 Freepick	Dawnrise	Season 10 Freepick	season-10-freepick	modes.json	60	2026-08-20	extracted/enUS(1)/enUS/Dawnrise - Season 10 Freepick/npccache.wdb
558	443918fe4e12e97c8ab1a86a292878f9e05fae6980936fd5eafb5cfb3fd51ed2	pagetextcache	pagetextcache.wdb	Dawnrise - Season 10 Freepick	Dawnrise	Season 10 Freepick	season-10-freepick	modes.json	0	2026-08-20	extracted/enUS(1)/enUS/Dawnrise - Season 10 Freepick/pagetextcache.wdb
559	0d3e65301be7d2231581b1ac04f19c482d34beb247107e9c7131b379a3073d32	questcache	questcache.wdb	Dawnrise - Season 10 Freepick	Dawnrise	Season 10 Freepick	season-10-freepick	modes.json	107	2026-08-20	extracted/enUS(1)/enUS/Dawnrise - Season 10 Freepick/questcache.wdb
560	c2d1e133d60ddb6aaf4f13a1deee949a120400ba95db3795bd813be77cf1c7f6	wowcache	wowcache.wdb	Dawnrise - Season 10 Freepick	Dawnrise	Season 10 Freepick	season-10-freepick	modes.json	0	2026-08-20	extracted/enUS(1)/enUS/Dawnrise - Season 10 Freepick/wowcache.wdb
561	dc894db5c7e7d9b74d35c97035fe477edb4c3df9e00c6ceb248ef58519bdc525	creaturecache	creaturecache.wdb	Rexxar - Conquest of Azeroth	Rexxar	Conquest of Azeroth	conquest-of-azeroth	modes.json	9318	2026-09-04	extracted/enUS(1)/enUS/Rexxar - Conquest of Azeroth/creaturecache.wdb
562	af42bc61dfd534fe213f14221b280d1f253d716e14829e41984a8e2f8a59e175	gameobjectcache	gameobjectcache.wdb	Rexxar - Conquest of Azeroth	Rexxar	Conquest of Azeroth	conquest-of-azeroth	modes.json	4306	2026-09-04	extracted/enUS(1)/enUS/Rexxar - Conquest of Azeroth/gameobjectcache.wdb
563	ac0812c229d17f8a4be5ef9caaeea518faf93186fd3e7b031063b03210cf9c58	itemcache	itemcache.wdb	Rexxar - Conquest of Azeroth	Rexxar	Conquest of Azeroth	conquest-of-azeroth	modes.json	42616	2026-09-04	extracted/enUS(1)/enUS/Rexxar - Conquest of Azeroth/itemcache.wdb
564	c9556f63c5defe8ed6d3cedd3e5604f527ab847460c28e3021a17682052d7fae	itemnamecache	itemnamecache.wdb	Rexxar - Conquest of Azeroth	Rexxar	Conquest of Azeroth	conquest-of-azeroth	modes.json	1148	2026-09-04	extracted/enUS(1)/enUS/Rexxar - Conquest of Azeroth/itemnamecache.wdb
565	3098b589f725eee1fd180148b0c02d51e4483abf36523718fb8c6abc7efe5163	(non-standard)	itemstatcache.wdb	Rexxar - Conquest of Azeroth	Rexxar	Conquest of Azeroth	conquest-of-azeroth	modes.json	0	2026-09-04	extracted/enUS(1)/enUS/Rexxar - Conquest of Azeroth/itemstatcache.wdb
566	d7e30abdd95b48d80dfb57d41eb580d7a5bab3bf38e74156acd15739c5de366f	npccache	npccache.wdb	Rexxar - Conquest of Azeroth	Rexxar	Conquest of Azeroth	conquest-of-azeroth	modes.json	168	2026-09-04	extracted/enUS(1)/enUS/Rexxar - Conquest of Azeroth/npccache.wdb
567	7d3854babf718ae1d2197334ec8cdf2745e556029407bf28059f8350fd9805b3	pagetextcache	pagetextcache.wdb	Rexxar - Conquest of Azeroth	Rexxar	Conquest of Azeroth	conquest-of-azeroth	modes.json	22	2026-09-04	extracted/enUS(1)/enUS/Rexxar - Conquest of Azeroth/pagetextcache.wdb
568	73ea1921b394d7b334093b80b0f06e32277916ab5fae036c93d799e7624ff42c	questcache	questcache.wdb	Rexxar - Conquest of Azeroth	Rexxar	Conquest of Azeroth	conquest-of-azeroth	modes.json	528	2026-09-04	extracted/enUS(1)/enUS/Rexxar - Conquest of Azeroth/questcache.wdb
569	04be82840341116ef21079024e826f137140bf2977a2311dbca152de72d239f1	(non-standard)	questcacheaddon.wdb	Rexxar - Conquest of Azeroth	Rexxar	Conquest of Azeroth	conquest-of-azeroth	modes.json	0	2026-09-04	extracted/enUS(1)/enUS/Rexxar - Conquest of Azeroth/questcacheaddon.wdb
570	b029b117411de435c059d7d34dcb0a4bfd2619cb3dd0f9d098ec7bbf2a0bea68	creaturecache	creaturecache.wdb	Vol'jin - Conquest of Azeroth	Vol'jin	Conquest of Azeroth	conquest-of-azeroth	modes.json	0	2026-07-22	extracted/enUS(1)/enUS/Vol'jin - Conquest of Azeroth/creaturecache.wdb
571	44f9427509efb617c5c0c2790e4e39f757fb0b8dc4bea8eafa9c20633a41a2c5	gameobjectcache	gameobjectcache.wdb	Vol'jin - Conquest of Azeroth	Vol'jin	Conquest of Azeroth	conquest-of-azeroth	modes.json	0	2026-07-22	extracted/enUS(1)/enUS/Vol'jin - Conquest of Azeroth/gameobjectcache.wdb
572	4cd280fe676096e41334354d982d129bac5abb617e5f28a7309229fe0daf1cd9	itemcache	itemcache.wdb	Vol'jin - Conquest of Azeroth	Vol'jin	Conquest of Azeroth	conquest-of-azeroth	modes.json	0	2026-07-22	extracted/enUS(1)/enUS/Vol'jin - Conquest of Azeroth/itemcache.wdb
573	22b7d4d53b17d784e51f0a78e1fe4228cade612daf8ad35e90d9a9a5ed0e6820	itemnamecache	itemnamecache.wdb	Vol'jin - Conquest of Azeroth	Vol'jin	Conquest of Azeroth	conquest-of-azeroth	modes.json	0	2026-07-22	extracted/enUS(1)/enUS/Vol'jin - Conquest of Azeroth/itemnamecache.wdb
574	4f821d2cd03b9f5b9a3a9cbdfe3a361903971bf18e0f83ec55e05b96e4f7e5f3	npccache	npccache.wdb	Vol'jin - Conquest of Azeroth	Vol'jin	Conquest of Azeroth	conquest-of-azeroth	modes.json	0	2026-07-22	extracted/enUS(1)/enUS/Vol'jin - Conquest of Azeroth/npccache.wdb
575	443918fe4e12e97c8ab1a86a292878f9e05fae6980936fd5eafb5cfb3fd51ed2	pagetextcache	pagetextcache.wdb	Vol'jin - Conquest of Azeroth	Vol'jin	Conquest of Azeroth	conquest-of-azeroth	modes.json	0	2026-07-22	extracted/enUS(1)/enUS/Vol'jin - Conquest of Azeroth/pagetextcache.wdb
576	9dd5903eb012e3807d651dabe53ec026e286ce932de7f7d1b4b0696b980d9a59	questcache	questcache.wdb	Vol'jin - Conquest of Azeroth	Vol'jin	Conquest of Azeroth	conquest-of-azeroth	modes.json	0	2026-07-22	extracted/enUS(1)/enUS/Vol'jin - Conquest of Azeroth/questcache.wdb
577	f5f0955fc7ce502dd71849d587e4216384c5f77cf34f5b8e833d7d259c1ceb48	creaturecache	creaturecache.wdb	Area 52 - Free-Pick	Area 52	Free-Pick	free-pick	modes.json	630	2026-07-30	extracted/enUS/enUS/Area 52 - Free-Pick/creaturecache.wdb
578	c9ab50fead504321ada6a7efe40873a79d17cde6de4939d1cfa1f50a0cf5b4b1	gameobjectcache	gameobjectcache.wdb	Area 52 - Free-Pick	Area 52	Free-Pick	free-pick	modes.json	337	2026-07-30	extracted/enUS/enUS/Area 52 - Free-Pick/gameobjectcache.wdb
579	ac2f1efab0cb26870f0552eab73d58b8f13b9c0ae02f5c1f47d85714a902677c	itemcache	itemcache.wdb	Area 52 - Free-Pick	Area 52	Free-Pick	free-pick	modes.json	3743	2026-07-30	extracted/enUS/enUS/Area 52 - Free-Pick/itemcache.wdb
580	05c622cac1f4449aee621d7be17123cfaeab24dadf8c121f68470106cf72289c	itemnamecache	itemnamecache.wdb	Area 52 - Free-Pick	Area 52	Free-Pick	free-pick	modes.json	18	2026-07-30	extracted/enUS/enUS/Area 52 - Free-Pick/itemnamecache.wdb
581	fef1357a7601263a8763049888d8e0a50b48e5a9f9b971aa9406720fc3993267	(non-standard)	itemstatcache.wdb	Area 52 - Free-Pick	Area 52	Free-Pick	free-pick	modes.json	0	2026-07-30	extracted/enUS/enUS/Area 52 - Free-Pick/itemstatcache.wdb
582	976efce0e5d40769e1c956e832a906dec2f55dda063b301244a1ace5a39f8030	itemtextcache	itemtextcache.wdb	Area 52 - Free-Pick	Area 52	Free-Pick	free-pick	modes.json	0	2026-07-30	extracted/enUS/enUS/Area 52 - Free-Pick/itemtextcache.wdb
583	acb06d8b76258b83a2a8b2aed43b7d02fb373396af38d98a4e7c4fb2253ecf54	npccache	npccache.wdb	Area 52 - Free-Pick	Area 52	Free-Pick	free-pick	modes.json	7	2026-07-30	extracted/enUS/enUS/Area 52 - Free-Pick/npccache.wdb
584	bfa80d4f24399b1b2d9f11c710f474420bb08d39584939d4bce39d2feedb561a	pagetextcache	pagetextcache.wdb	Area 52 - Free-Pick	Area 52	Free-Pick	free-pick	modes.json	0	2026-07-30	extracted/enUS/enUS/Area 52 - Free-Pick/pagetextcache.wdb
585	5166884b131f279f80310aeedd913c46bd223588d2760c60de59dcda8663be10	questcache	questcache.wdb	Area 52 - Free-Pick	Area 52	Free-Pick	free-pick	modes.json	79	2026-07-30	extracted/enUS/enUS/Area 52 - Free-Pick/questcache.wdb
586	69bac9330927bf9b2149af31f06707c8768e2c0b7987740e6c57139adc775acb	wowcache	wowcache.wdb	Area 52 - Free-Pick	Area 52	Free-Pick	free-pick	modes.json	0	2026-07-30	extracted/enUS/enUS/Area 52 - Free-Pick/wowcache.wdb
587	f75bcd9ae76162e82aa82be065625b986e5a9a09702ccdc7de9d2cefa21d49eb	creaturecache	creaturecache.wdb	Bronzebeard - Warcraft Reborn	Bronzebeard	Warcraft Reborn	warcraft-reborn	modes.json	279	2026-07-04	extracted/enUS/enUS/Bronzebeard - Warcraft Reborn/creaturecache.wdb
588	b1f7633a488305b25ddd3e0caeef5ed8ec67fc662379c5a2a6996d3963a59e89	gameobjectcache	gameobjectcache.wdb	Bronzebeard - Warcraft Reborn	Bronzebeard	Warcraft Reborn	warcraft-reborn	modes.json	57	2026-07-04	extracted/enUS/enUS/Bronzebeard - Warcraft Reborn/gameobjectcache.wdb
589	c4fcd1772b3885a0d8677e60fcb345832b93b57421bd90fa391a1061551cd732	itemcache	itemcache.wdb	Bronzebeard - Warcraft Reborn	Bronzebeard	Warcraft Reborn	warcraft-reborn	modes.json	191	2026-07-04	extracted/enUS/enUS/Bronzebeard - Warcraft Reborn/itemcache.wdb
590	8c2c87efd865375719f53e37742594efa5d03e959b414ff7276d65b7d84964a6	itemnamecache	itemnamecache.wdb	Bronzebeard - Warcraft Reborn	Bronzebeard	Warcraft Reborn	warcraft-reborn	modes.json	0	2026-07-04	extracted/enUS/enUS/Bronzebeard - Warcraft Reborn/itemnamecache.wdb
591	a6d495dfbed6cd1c4139c064c241c27df40e64a435b3caaf370d888fe55bf5e3	itemtextcache	itemtextcache.wdb	Bronzebeard - Warcraft Reborn	Bronzebeard	Warcraft Reborn	warcraft-reborn	modes.json	0	2026-07-04	extracted/enUS/enUS/Bronzebeard - Warcraft Reborn/itemtextcache.wdb
592	bddb4e740a0de46757f5ef8848565b10c269201d81c2e317db9bf4c7f6c22b1b	npccache	npccache.wdb	Bronzebeard - Warcraft Reborn	Bronzebeard	Warcraft Reborn	warcraft-reborn	modes.json	4	2026-07-04	extracted/enUS/enUS/Bronzebeard - Warcraft Reborn/npccache.wdb
593	5b3e448b1daa5e8c28918318eac3d6fbf147fe30ae27edc61c78c1cbd4c7472f	pagetextcache	pagetextcache.wdb	Bronzebeard - Warcraft Reborn	Bronzebeard	Warcraft Reborn	warcraft-reborn	modes.json	0	2026-07-04	extracted/enUS/enUS/Bronzebeard - Warcraft Reborn/pagetextcache.wdb
594	5f3365d0dcc274f1e0ec6312e5373f5d7c00ac7711cac12a5ba50693d1088b46	questcache	questcache.wdb	Bronzebeard - Warcraft Reborn	Bronzebeard	Warcraft Reborn	warcraft-reborn	modes.json	62	2026-07-04	extracted/enUS/enUS/Bronzebeard - Warcraft Reborn/questcache.wdb
595	35b55bdea71d3ddcc0024485a59671712456464af594fde77e0146e7e41061f9	wowcache	wowcache.wdb	Bronzebeard - Warcraft Reborn	Bronzebeard	Warcraft Reborn	warcraft-reborn	modes.json	0	2026-07-04	extracted/enUS/enUS/Bronzebeard - Warcraft Reborn/wowcache.wdb
596	92054d60836b5ae3f2b9c02a84d0394b6c68e71af214a048a7c91b43afdfdce4	creaturecache	creaturecache.wdb	Darkmoon - Season 10 Wildcard	Darkmoon	Season 10 Wildcard	season-10-wildcard	modes.json	2752	2026-08-06	extracted/enUS/enUS/Darkmoon - Season 10 Wildcard/creaturecache.wdb
597	4a040d6d5297014d6e6672915d7dca16578b3486330dce5ffac2d3817a851c51	gameobjectcache	gameobjectcache.wdb	Darkmoon - Season 10 Wildcard	Darkmoon	Season 10 Wildcard	season-10-wildcard	modes.json	2391	2026-08-06	extracted/enUS/enUS/Darkmoon - Season 10 Wildcard/gameobjectcache.wdb
598	d8946a7609c204cdfa2ce5f33945fa38f077c86bda50dc9c6887ee9975e9feee	itemcache	itemcache.wdb	Darkmoon - Season 10 Wildcard	Darkmoon	Season 10 Wildcard	season-10-wildcard	modes.json	15287	2026-08-06	extracted/enUS/enUS/Darkmoon - Season 10 Wildcard/itemcache.wdb
599	6dd6a0e264992882d6139195eb3d7dcf22c60974cf89af984f4af8315e522a46	itemnamecache	itemnamecache.wdb	Darkmoon - Season 10 Wildcard	Darkmoon	Season 10 Wildcard	season-10-wildcard	modes.json	89	2026-08-06	extracted/enUS/enUS/Darkmoon - Season 10 Wildcard/itemnamecache.wdb
600	40fc0605be38e8cd96dceb071fdd41679b5d8c6698f908e43b63f632434e2802	(non-standard)	itemstatcache.wdb	Darkmoon - Season 10 Wildcard	Darkmoon	Season 10 Wildcard	season-10-wildcard	modes.json	0	2026-08-05	extracted/enUS/enUS/Darkmoon - Season 10 Wildcard/itemstatcache.wdb
601	976efce0e5d40769e1c956e832a906dec2f55dda063b301244a1ace5a39f8030	itemtextcache	itemtextcache.wdb	Darkmoon - Season 10 Wildcard	Darkmoon	Season 10 Wildcard	season-10-wildcard	modes.json	0	2026-08-06	extracted/enUS/enUS/Darkmoon - Season 10 Wildcard/itemtextcache.wdb
602	c8e1a9c51354a3767852ad0e9e6be8a935ed6e04f03abd026b9234ce93079994	npccache	npccache.wdb	Darkmoon - Season 10 Wildcard	Darkmoon	Season 10 Wildcard	season-10-wildcard	modes.json	78	2026-08-06	extracted/enUS/enUS/Darkmoon - Season 10 Wildcard/npccache.wdb
603	bb0fe5f85f6257c8e313fbec5f796e995f086639b7f5223d302196bda4a14412	pagetextcache	pagetextcache.wdb	Darkmoon - Season 10 Wildcard	Darkmoon	Season 10 Wildcard	season-10-wildcard	modes.json	6	2026-08-06	extracted/enUS/enUS/Darkmoon - Season 10 Wildcard/pagetextcache.wdb
604	20a183247ee6c6a5255c4774e81d8377321642f37a1e73c6cdd819b076b2c9e9	questcache	questcache.wdb	Darkmoon - Season 10 Wildcard	Darkmoon	Season 10 Wildcard	season-10-wildcard	modes.json	220	2026-08-06	extracted/enUS/enUS/Darkmoon - Season 10 Wildcard/questcache.wdb
605	69bac9330927bf9b2149af31f06707c8768e2c0b7987740e6c57139adc775acb	wowcache	wowcache.wdb	Darkmoon - Season 10 Wildcard	Darkmoon	Season 10 Wildcard	season-10-wildcard	modes.json	0	2026-08-06	extracted/enUS/enUS/Darkmoon - Season 10 Wildcard/wowcache.wdb
606	43d74931b4154897fc6b53f7568cedaca59314687d64f77c4ce0c40dff498350	creaturecache	creaturecache.wdb	Dawnrise - Season 10 Freepick	Dawnrise	Season 10 Freepick	season-10-freepick	modes.json	276	2026-07-31	extracted/enUS/enUS/Dawnrise - Season 10 Freepick/creaturecache.wdb
607	dddc62eaa731ef1a9de372d92c7a02f08e7fb4d0a9f1900d2d6a56b65a4176c5	gameobjectcache	gameobjectcache.wdb	Dawnrise - Season 10 Freepick	Dawnrise	Season 10 Freepick	season-10-freepick	modes.json	43	2026-07-31	extracted/enUS/enUS/Dawnrise - Season 10 Freepick/gameobjectcache.wdb
608	a286bb8a6aaa618086e0c7f9a6e76533968560605c843c776fefcbeda9fe296e	itemcache	itemcache.wdb	Dawnrise - Season 10 Freepick	Dawnrise	Season 10 Freepick	season-10-freepick	modes.json	188	2026-07-31	extracted/enUS/enUS/Dawnrise - Season 10 Freepick/itemcache.wdb
609	e8e075dfad5df9acb0402ad0bd7dc616ca2d588a09e58a456267a795b83900ba	itemnamecache	itemnamecache.wdb	Dawnrise - Season 10 Freepick	Dawnrise	Season 10 Freepick	season-10-freepick	modes.json	0	2026-07-31	extracted/enUS/enUS/Dawnrise - Season 10 Freepick/itemnamecache.wdb
610	976efce0e5d40769e1c956e832a906dec2f55dda063b301244a1ace5a39f8030	itemtextcache	itemtextcache.wdb	Dawnrise - Season 10 Freepick	Dawnrise	Season 10 Freepick	season-10-freepick	modes.json	0	2026-07-31	extracted/enUS/enUS/Dawnrise - Season 10 Freepick/itemtextcache.wdb
611	6e72077c9e26d4354eac2f8c33993cf03481244598dd01b504d9a96f4f8d245f	npccache	npccache.wdb	Dawnrise - Season 10 Freepick	Dawnrise	Season 10 Freepick	season-10-freepick	modes.json	0	2026-07-31	extracted/enUS/enUS/Dawnrise - Season 10 Freepick/npccache.wdb
612	bfa80d4f24399b1b2d9f11c710f474420bb08d39584939d4bce39d2feedb561a	pagetextcache	pagetextcache.wdb	Dawnrise - Season 10 Freepick	Dawnrise	Season 10 Freepick	season-10-freepick	modes.json	0	2026-07-31	extracted/enUS/enUS/Dawnrise - Season 10 Freepick/pagetextcache.wdb
613	686373b0cc12e0306419771db83b1cb02ce73c4409c69bc9349d4c9b4eae2e4a	questcache	questcache.wdb	Dawnrise - Season 10 Freepick	Dawnrise	Season 10 Freepick	season-10-freepick	modes.json	60	2026-07-31	extracted/enUS/enUS/Dawnrise - Season 10 Freepick/questcache.wdb
614	69bac9330927bf9b2149af31f06707c8768e2c0b7987740e6c57139adc775acb	wowcache	wowcache.wdb	Dawnrise - Season 10 Freepick	Dawnrise	Season 10 Freepick	season-10-freepick	modes.json	0	2026-07-31	extracted/enUS/enUS/Dawnrise - Season 10 Freepick/wowcache.wdb
615	75b1b4d31b6f5cb60359275d7ea5fdaf3e154b164f8194a3ed5d4ed63afd755c	creaturecache	creaturecache.wdb	Rexxar - Conquest of Azeroth	Rexxar	Conquest of Azeroth	conquest-of-azeroth	modes.json	289	2026-08-09	extracted/enUS/enUS/Rexxar - Conquest of Azeroth/creaturecache.wdb
616	eef98cde574707fa514a418a32f2a24d83413141a3a625c8a3ca4a6e66bf5a2c	gameobjectcache	gameobjectcache.wdb	Rexxar - Conquest of Azeroth	Rexxar	Conquest of Azeroth	conquest-of-azeroth	modes.json	30	2026-08-09	extracted/enUS/enUS/Rexxar - Conquest of Azeroth/gameobjectcache.wdb
617	9ff0c024dbb04a4af3139d17a7c67414cd29719dc34fa71abf1b159c10709a0b	itemcache	itemcache.wdb	Rexxar - Conquest of Azeroth	Rexxar	Conquest of Azeroth	conquest-of-azeroth	modes.json	366	2026-08-09	extracted/enUS/enUS/Rexxar - Conquest of Azeroth/itemcache.wdb
618	22b7d4d53b17d784e51f0a78e1fe4228cade612daf8ad35e90d9a9a5ed0e6820	itemnamecache	itemnamecache.wdb	Rexxar - Conquest of Azeroth	Rexxar	Conquest of Azeroth	conquest-of-azeroth	modes.json	0	2026-08-09	extracted/enUS/enUS/Rexxar - Conquest of Azeroth/itemnamecache.wdb
619	092bf0711a7f9655161e6abf4f7c948e0dc1ff503b490446fa6f78956e0ea04b	(non-standard)	itemstatcache.wdb	Rexxar - Conquest of Azeroth	Rexxar	Conquest of Azeroth	conquest-of-azeroth	modes.json	0	2026-08-09	extracted/enUS/enUS/Rexxar - Conquest of Azeroth/itemstatcache.wdb
620	69d454a7d2adcc5c7d6d19b4ffcc9933132c3169a70e5a322151456d87a4215f	itemtextcache	itemtextcache.wdb	Rexxar - Conquest of Azeroth	Rexxar	Conquest of Azeroth	conquest-of-azeroth	modes.json	0	2026-08-09	extracted/enUS/enUS/Rexxar - Conquest of Azeroth/itemtextcache.wdb
621	58bcba8466c372a74aaa9be29f3853fe00f0a724a922e0aa9fa83089e91e41c8	npccache	npccache.wdb	Rexxar - Conquest of Azeroth	Rexxar	Conquest of Azeroth	conquest-of-azeroth	modes.json	3	2026-08-09	extracted/enUS/enUS/Rexxar - Conquest of Azeroth/npccache.wdb
622	443918fe4e12e97c8ab1a86a292878f9e05fae6980936fd5eafb5cfb3fd51ed2	pagetextcache	pagetextcache.wdb	Rexxar - Conquest of Azeroth	Rexxar	Conquest of Azeroth	conquest-of-azeroth	modes.json	0	2026-08-09	extracted/enUS/enUS/Rexxar - Conquest of Azeroth/pagetextcache.wdb
623	e8a5c443df4385d6f27bc27c75593f4fe845cfe88131e3cef1506fed056af453	questcache	questcache.wdb	Rexxar - Conquest of Azeroth	Rexxar	Conquest of Azeroth	conquest-of-azeroth	modes.json	66	2026-08-09	extracted/enUS/enUS/Rexxar - Conquest of Azeroth/questcache.wdb
624	8e748e14c8e41cc00862c6714fa8cad3da0ec8cd8400078df116466c2922507a	(non-standard)	questcacheaddon.wdb	Rexxar - Conquest of Azeroth	Rexxar	Conquest of Azeroth	conquest-of-azeroth	modes.json	0	2026-08-07	extracted/enUS/enUS/Rexxar - Conquest of Azeroth/questcacheaddon.wdb
625	c2d1e133d60ddb6aaf4f13a1deee949a120400ba95db3795bd813be77cf1c7f6	wowcache	wowcache.wdb	Rexxar - Conquest of Azeroth	Rexxar	Conquest of Azeroth	conquest-of-azeroth	modes.json	0	2026-08-09	extracted/enUS/enUS/Rexxar - Conquest of Azeroth/wowcache.wdb
626	ec13b14175971fba78fa91f2c376fe7862892cfda8a0b892ac63cc949167647f	creaturecache	creaturecache.wdb	Rexxar CoA Alpha - Development	Rexxar	CoA Alpha - Development	coa-alpha	modes.json	0	2026-07-01	extracted/enUS/enUS/Rexxar CoA Alpha - Development/creaturecache.wdb
627	4d8817bde57811ffe6dd64bb6b73eb7b02fd7030456cc776e9f40e6336fec8cc	gameobjectcache	gameobjectcache.wdb	Rexxar CoA Alpha - Development	Rexxar	CoA Alpha - Development	coa-alpha	modes.json	0	2026-07-01	extracted/enUS/enUS/Rexxar CoA Alpha - Development/gameobjectcache.wdb
628	9494d968b1f324daa09dc17d8ea1405037321ee8627b78ea715dba6a71e44d27	itemcache	itemcache.wdb	Rexxar CoA Alpha - Development	Rexxar	CoA Alpha - Development	coa-alpha	modes.json	0	2026-07-01	extracted/enUS/enUS/Rexxar CoA Alpha - Development/itemcache.wdb
629	b95c19b792c776608f85edff51ebf6d9a1d7493f46617a6d28c0295c5f0be37e	itemnamecache	itemnamecache.wdb	Rexxar CoA Alpha - Development	Rexxar	CoA Alpha - Development	coa-alpha	modes.json	0	2026-07-01	extracted/enUS/enUS/Rexxar CoA Alpha - Development/itemnamecache.wdb
630	624bec0686aefb692bff54f008d878a1c9907d8b34d4153cf1075f0aa5a93ed0	itemtextcache	itemtextcache.wdb	Rexxar CoA Alpha - Development	Rexxar	CoA Alpha - Development	coa-alpha	modes.json	0	2026-07-01	extracted/enUS/enUS/Rexxar CoA Alpha - Development/itemtextcache.wdb
631	c43a9c8d6a80f0216322eac1e0408103dd325eaf391ba4a7773e03797ca12a28	npccache	npccache.wdb	Rexxar CoA Alpha - Development	Rexxar	CoA Alpha - Development	coa-alpha	modes.json	0	2026-07-01	extracted/enUS/enUS/Rexxar CoA Alpha - Development/npccache.wdb
632	54ad8dde81b5be811583961cdf7c03a66060870c8818a6437b2fe0be9eaad430	pagetextcache	pagetextcache.wdb	Rexxar CoA Alpha - Development	Rexxar	CoA Alpha - Development	coa-alpha	modes.json	0	2026-07-01	extracted/enUS/enUS/Rexxar CoA Alpha - Development/pagetextcache.wdb
633	c0c3ccb1894639c7e60d1b8181b358cf29ad00d53902a9d54a24ccb968d34b80	questcache	questcache.wdb	Rexxar CoA Alpha - Development	Rexxar	CoA Alpha - Development	coa-alpha	modes.json	0	2026-07-01	extracted/enUS/enUS/Rexxar CoA Alpha - Development/questcache.wdb
634	b27c3f7b77ab28015215088ff1b3244cdccca218c51e1e9fa3feb1b06a5b817f	wowcache	wowcache.wdb	Rexxar CoA Alpha - Development	Rexxar	CoA Alpha - Development	coa-alpha	modes.json	0	2026-07-01	extracted/enUS/enUS/Rexxar CoA Alpha - Development/wowcache.wdb
635	b25848b5abfb89b841b23f105ecc35d93be977c23cdb4e54188f0255c044f205	creaturecache	creaturecache.wdb	Vol'jin - Conquest of Azeroth	Vol'jin	Conquest of Azeroth	conquest-of-azeroth	modes.json	6800	2026-08-31	extracted/enUS/enUS/Vol'jin - Conquest of Azeroth/creaturecache.wdb
636	91838c182aabe308833489e7c073ad0580145563f1209a96ca4d9cef04e15417	gameobjectcache	gameobjectcache.wdb	Vol'jin - Conquest of Azeroth	Vol'jin	Conquest of Azeroth	conquest-of-azeroth	modes.json	5665	2026-08-31	extracted/enUS/enUS/Vol'jin - Conquest of Azeroth/gameobjectcache.wdb
637	cfac52db9c5a84eeedb2cbca5e9c9d97716ba7d2a6b406340861119e37411baf	itemcache	itemcache.wdb	Vol'jin - Conquest of Azeroth	Vol'jin	Conquest of Azeroth	conquest-of-azeroth	modes.json	39749	2026-08-31	extracted/enUS/enUS/Vol'jin - Conquest of Azeroth/itemcache.wdb
638	6605bf3ea3a8acbaef8407c4466cb28b23d8350c4c4a9b28192c4e13da150cc6	itemnamecache	itemnamecache.wdb	Vol'jin - Conquest of Azeroth	Vol'jin	Conquest of Azeroth	conquest-of-azeroth	modes.json	810	2026-08-31	extracted/enUS/enUS/Vol'jin - Conquest of Azeroth/itemnamecache.wdb
639	01e45e080a0ba1cefa673828220cf530c14549039dd9973afcd0b8ee6cd80a36	(non-standard)	itemstatcache.wdb	Vol'jin - Conquest of Azeroth	Vol'jin	Conquest of Azeroth	conquest-of-azeroth	modes.json	0	2026-08-31	extracted/enUS/enUS/Vol'jin - Conquest of Azeroth/itemstatcache.wdb
640	69d454a7d2adcc5c7d6d19b4ffcc9933132c3169a70e5a322151456d87a4215f	itemtextcache	itemtextcache.wdb	Vol'jin - Conquest of Azeroth	Vol'jin	Conquest of Azeroth	conquest-of-azeroth	modes.json	0	2026-08-31	extracted/enUS/enUS/Vol'jin - Conquest of Azeroth/itemtextcache.wdb
641	fc2e19979ccfa6114e787d4eead617b463151f64e0fbb8a559d14ab97c7eacc9	npccache	npccache.wdb	Vol'jin - Conquest of Azeroth	Vol'jin	Conquest of Azeroth	conquest-of-azeroth	modes.json	247	2026-08-31	extracted/enUS/enUS/Vol'jin - Conquest of Azeroth/npccache.wdb
642	1f9a953ab7c7680822749a8cdeb242dc74d6e4581fd53cb652ea58443dfe2599	pagetextcache	pagetextcache.wdb	Vol'jin - Conquest of Azeroth	Vol'jin	Conquest of Azeroth	conquest-of-azeroth	modes.json	19	2026-08-31	extracted/enUS/enUS/Vol'jin - Conquest of Azeroth/pagetextcache.wdb
643	a3739eb8d83266f2674d5951380c1363e29eb2e7d0cc2509ae5f9ab85fcbdd15	questcache	questcache.wdb	Vol'jin - Conquest of Azeroth	Vol'jin	Conquest of Azeroth	conquest-of-azeroth	modes.json	840	2026-08-31	extracted/enUS/enUS/Vol'jin - Conquest of Azeroth/questcache.wdb
644	6d58baa288a23b3ec66ee46ee07fd12438057c075746ef0e550b46d460c4afea	(non-standard)	questcacheaddon.wdb	Vol'jin - Conquest of Azeroth	Vol'jin	Conquest of Azeroth	conquest-of-azeroth	modes.json	0	2026-08-31	extracted/enUS/enUS/Vol'jin - Conquest of Azeroth/questcacheaddon.wdb
645	c2d1e133d60ddb6aaf4f13a1deee949a120400ba95db3795bd813be77cf1c7f6	wowcache	wowcache.wdb	Vol'jin - Conquest of Azeroth	Vol'jin	Conquest of Azeroth	conquest-of-azeroth	modes.json	0	2026-08-31	extracted/enUS/enUS/Vol'jin - Conquest of Azeroth/wowcache.wdb
646	077688abb0dd77da547fe3369ba99b0ddbf80a619e48715067f106f5c64c2004	creaturecache	creaturecache.wdb	Vol'jin - Stress Test	Vol'jin	Stress Test	stress-test	modes.json	430	2026-07-03	extracted/enUS/enUS/Vol'jin - Stress Test/creaturecache.wdb
647	9e2958b7be7fe374be8e1d8cfade704a1db9267b784ebd98c8d9890f04e727a9	gameobjectcache	gameobjectcache.wdb	Vol'jin - Stress Test	Vol'jin	Stress Test	stress-test	modes.json	65	2026-07-03	extracted/enUS/enUS/Vol'jin - Stress Test/gameobjectcache.wdb
648	b70738271e7fd2dabb7709a8229b2d06f236cb538705367063e17e1625a31e46	itemcache	itemcache.wdb	Vol'jin - Stress Test	Vol'jin	Stress Test	stress-test	modes.json	2047	2026-07-03	extracted/enUS/enUS/Vol'jin - Stress Test/itemcache.wdb
649	b95c19b792c776608f85edff51ebf6d9a1d7493f46617a6d28c0295c5f0be37e	itemnamecache	itemnamecache.wdb	Vol'jin - Stress Test	Vol'jin	Stress Test	stress-test	modes.json	0	2026-07-03	extracted/enUS/enUS/Vol'jin - Stress Test/itemnamecache.wdb
650	624bec0686aefb692bff54f008d878a1c9907d8b34d4153cf1075f0aa5a93ed0	itemtextcache	itemtextcache.wdb	Vol'jin - Stress Test	Vol'jin	Stress Test	stress-test	modes.json	0	2026-07-03	extracted/enUS/enUS/Vol'jin - Stress Test/itemtextcache.wdb
651	181a12feca86f30eb4806c25d5b4b9f21b50179d31d126c3985946f27ec729dd	npccache	npccache.wdb	Vol'jin - Stress Test	Vol'jin	Stress Test	stress-test	modes.json	3	2026-07-03	extracted/enUS/enUS/Vol'jin - Stress Test/npccache.wdb
652	54ad8dde81b5be811583961cdf7c03a66060870c8818a6437b2fe0be9eaad430	pagetextcache	pagetextcache.wdb	Vol'jin - Stress Test	Vol'jin	Stress Test	stress-test	modes.json	0	2026-07-03	extracted/enUS/enUS/Vol'jin - Stress Test/pagetextcache.wdb
653	1b7250aa62aa16fbb6cd38994630c9e7d22d6bec3bc82c8ec1a86d62e728ece9	questcache	questcache.wdb	Vol'jin - Stress Test	Vol'jin	Stress Test	stress-test	modes.json	64	2026-07-03	extracted/enUS/enUS/Vol'jin - Stress Test/questcache.wdb
654	b27c3f7b77ab28015215088ff1b3244cdccca218c51e1e9fa3feb1b06a5b817f	wowcache	wowcache.wdb	Vol'jin - Stress Test	Vol'jin	Stress Test	stress-test	modes.json	0	2026-07-03	extracted/enUS/enUS/Vol'jin - Stress Test/wowcache.wdb
655	8b1ad5ab47c2b2b1c88e96bad556c7db9ed6bb900e03b8c2a65ac3ff80fc3349	creaturecache	creaturecache.wdb	enUS (realm root)		conquest-of-azeroth	conquest-of-azeroth	inferred:1.000/817	7373	2026-08-27	extracted/enUS/enUS/creaturecache.wdb
656	aaacd88e779604da2b72cd68d336198ba89d2c76290c8ace9c7ff12761345fe6	gameobjectcache	gameobjectcache.wdb	enUS (realm root)		conquest-of-azeroth	conquest-of-azeroth	inferred:1.000/817	6031	2026-08-27	extracted/enUS/enUS/gameobjectcache.wdb
657	81b892f99162af7c2622ad9448c5ad5aaa2077f71b7b7ff7ef4f3456d06e7450	itemcache	itemcache.wdb	enUS (realm root)		conquest-of-azeroth	conquest-of-azeroth	inferred:1.000/817	40585	2026-08-27	extracted/enUS/enUS/itemcache.wdb
658	01061ab2002cbc5f446607698f9a16e4812a62649709d18d45525680b3886895	itemnamecache	itemnamecache.wdb	enUS (realm root)		conquest-of-azeroth	conquest-of-azeroth	inferred:1.000/817	817	2026-08-27	extracted/enUS/enUS/itemnamecache.wdb
659	d7167aa9ad096b8f28bde621fde6eff8b94bdd745c9e741bf547b314bdaa847d	(non-standard)	itemstatcache.wdb	enUS (realm root)		conquest-of-azeroth	conquest-of-azeroth	inferred:1.000/817	0	2026-08-01	extracted/enUS/enUS/itemstatcache.wdb
660	8af9b6148e28886a1187f4090fabf936cb991527385dc143498a0e8aafc34b64	npccache	npccache.wdb	enUS (realm root)		conquest-of-azeroth	conquest-of-azeroth	inferred:1.000/817	244	2026-08-27	extracted/enUS/enUS/npccache.wdb
661	f212ac272bb38abdecba5d4a57d5990614eb8f3970d0ca03b800887c42135629	pagetextcache	pagetextcache.wdb	enUS (realm root)		conquest-of-azeroth	conquest-of-azeroth	inferred:1.000/817	19	2026-08-27	extracted/enUS/enUS/pagetextcache.wdb
662	fdac701ba1799e6ccb121b9d6c3e2b86b10eda3cccc50f0787120c0824fec183	questcache	questcache.wdb	enUS (realm root)		conquest-of-azeroth	conquest-of-azeroth	inferred:1.000/817	846	2026-08-27	extracted/enUS/enUS/questcache.wdb
663	e73d3dd16985f7291374cfef1e753fa8af444e91e791d38a30aaa25dbcdba6f2	creaturecache	creaturecache.wdb	Area 52 - Free-Pick	Area 52	Free-Pick	free-pick	modes.json	27	2026-09-09	extracted/zkb6p7w/Cache/WDB/enUS/Area 52 - Free-Pick/creaturecache.wdb
664	7ac9b5d78285e431cde60e912a276323f88bec85219becb3b3e769c87dbbf86b	gameobjectcache	gameobjectcache.wdb	Area 52 - Free-Pick	Area 52	Free-Pick	free-pick	modes.json	45	2026-09-09	extracted/zkb6p7w/Cache/WDB/enUS/Area 52 - Free-Pick/gameobjectcache.wdb
665	9d44ae428a251372a23c6146a659ba02b1cdd4bc83cb98192d08269d92ec3e25	itemcache	itemcache.wdb	Area 52 - Free-Pick	Area 52	Free-Pick	free-pick	modes.json	30	2026-09-09	extracted/zkb6p7w/Cache/WDB/enUS/Area 52 - Free-Pick/itemcache.wdb
666	7966a79edfdac155f553da53b987afe15a8d001bd32670bbdf5ba3a8aa8f81ca	itemnamecache	itemnamecache.wdb	Area 52 - Free-Pick	Area 52	Free-Pick	free-pick	modes.json	0	2026-09-09	extracted/zkb6p7w/Cache/WDB/enUS/Area 52 - Free-Pick/itemnamecache.wdb
667	7a07985b8a26b0968e139995934e675342068fbefa4cc8625666a1b4a004b2d6	itemtextcache	itemtextcache.wdb	Area 52 - Free-Pick	Area 52	Free-Pick	free-pick	modes.json	0	2026-09-09	extracted/zkb6p7w/Cache/WDB/enUS/Area 52 - Free-Pick/itemtextcache.wdb
668	e64550fd0c90b8c6f8e9961d047ae934f28371beffe964196bc6992248a9b324	npccache	npccache.wdb	Area 52 - Free-Pick	Area 52	Free-Pick	free-pick	modes.json	0	2026-09-09	extracted/zkb6p7w/Cache/WDB/enUS/Area 52 - Free-Pick/npccache.wdb
669	17cf81aa01323f25f195858f7396872ce21759d58c16e2bb604d6fefbef19c5c	pagetextcache	pagetextcache.wdb	Area 52 - Free-Pick	Area 52	Free-Pick	free-pick	modes.json	0	2026-09-09	extracted/zkb6p7w/Cache/WDB/enUS/Area 52 - Free-Pick/pagetextcache.wdb
670	dcb23464c587a03970db76944fac3ed7a5221132c3fbd996f3b08add88c93bfb	questcache	questcache.wdb	Area 52 - Free-Pick	Area 52	Free-Pick	free-pick	modes.json	3	2026-09-09	extracted/zkb6p7w/Cache/WDB/enUS/Area 52 - Free-Pick/questcache.wdb
671	ecefc6e410b8a2b0e1416e6947cb195c4bef83b807cc065728b19a3e226be029	wowcache	wowcache.wdb	Area 52 - Free-Pick	Area 52	Free-Pick	free-pick	modes.json	0	2026-09-09	extracted/zkb6p7w/Cache/WDB/enUS/Area 52 - Free-Pick/wowcache.wdb
672	562d376584e038b2370ca85ba051ce14c92e850a9085342a62c06d980f07162f	creaturecache	creaturecache.wdb	Bronzebeard - Warcraft Reborn	Bronzebeard	Warcraft Reborn	warcraft-reborn	modes.json	1	2026-09-04	extracted/zkb6p7w/Cache/WDB/enUS/Bronzebeard - Warcraft Reborn/creaturecache.wdb
673	3ce9ff9b2fd5dce3499c09aff0a96017a0d1c4d55c194524ccb61a41a0c920fe	gameobjectcache	gameobjectcache.wdb	Bronzebeard - Warcraft Reborn	Bronzebeard	Warcraft Reborn	warcraft-reborn	modes.json	0	2026-09-04	extracted/zkb6p7w/Cache/WDB/enUS/Bronzebeard - Warcraft Reborn/gameobjectcache.wdb
674	37ba765a88946c294edb6a6a9e1a5e1d254eee771baf1cf94994fefc04233cd0	itemcache	itemcache.wdb	Bronzebeard - Warcraft Reborn	Bronzebeard	Warcraft Reborn	warcraft-reborn	modes.json	2	2026-09-04	extracted/zkb6p7w/Cache/WDB/enUS/Bronzebeard - Warcraft Reborn/itemcache.wdb
675	bbce0eced31ea84fc64167083402e03ae89476b4f3259391dfa137a5ba96aef9	itemnamecache	itemnamecache.wdb	Bronzebeard - Warcraft Reborn	Bronzebeard	Warcraft Reborn	warcraft-reborn	modes.json	0	2026-09-04	extracted/zkb6p7w/Cache/WDB/enUS/Bronzebeard - Warcraft Reborn/itemnamecache.wdb
676	b8a610ce6505f07d78657874e0bd0734ac92e824df3038d9063d177ae773cef3	itemtextcache	itemtextcache.wdb	Bronzebeard - Warcraft Reborn	Bronzebeard	Warcraft Reborn	warcraft-reborn	modes.json	0	2026-09-04	extracted/zkb6p7w/Cache/WDB/enUS/Bronzebeard - Warcraft Reborn/itemtextcache.wdb
677	da68cdfcc755fa9edabe5f5b2f541fada8e7819a7e3ba6ae32d4910957b67eb7	npccache	npccache.wdb	Bronzebeard - Warcraft Reborn	Bronzebeard	Warcraft Reborn	warcraft-reborn	modes.json	0	2026-09-04	extracted/zkb6p7w/Cache/WDB/enUS/Bronzebeard - Warcraft Reborn/npccache.wdb
678	af6620ee3c0f2052f652cd84bae60ebc10321568da0caedf8bf2dc8aad336df9	pagetextcache	pagetextcache.wdb	Bronzebeard - Warcraft Reborn	Bronzebeard	Warcraft Reborn	warcraft-reborn	modes.json	0	2026-09-04	extracted/zkb6p7w/Cache/WDB/enUS/Bronzebeard - Warcraft Reborn/pagetextcache.wdb
679	23eacf892501a8dcdbab155c58699f5fdaa8016c467ea5378b6419b9e3f1bee8	questcache	questcache.wdb	Bronzebeard - Warcraft Reborn	Bronzebeard	Warcraft Reborn	warcraft-reborn	modes.json	0	2026-09-04	extracted/zkb6p7w/Cache/WDB/enUS/Bronzebeard - Warcraft Reborn/questcache.wdb
680	0300fa94cc7e8356558b3b6475bc06175aab8d26dcb088490a62ca492c2a621a	wowcache	wowcache.wdb	Bronzebeard - Warcraft Reborn	Bronzebeard	Warcraft Reborn	warcraft-reborn	modes.json	0	2026-09-04	extracted/zkb6p7w/Cache/WDB/enUS/Bronzebeard - Warcraft Reborn/wowcache.wdb
681	2e0e44d0df0a81c81c3601456fd3375ef1bfcf5a190adb72a4f4f821c3183ecb	creaturecache	creaturecache.wdb	Conquest of Azeroth		Conquest of Azeroth	conquest-of-azeroth	modes.json	24	2026-09-09	extracted/zkb6p7w/Cache/WDB/enUS/Conquest of Azeroth/creaturecache.wdb
682	3fc4219b6f714436cc57bd55d0c212ffed0d8cd470442b89a10ab1f03f353fb5	gameobjectcache	gameobjectcache.wdb	Conquest of Azeroth		Conquest of Azeroth	conquest-of-azeroth	modes.json	2	2026-09-09	extracted/zkb6p7w/Cache/WDB/enUS/Conquest of Azeroth/gameobjectcache.wdb
683	c6b8504ba1e4a4cfe32516eb5d922a47196e552eb0a5d53c3bae2583ec6bccda	itemcache	itemcache.wdb	Conquest of Azeroth		Conquest of Azeroth	conquest-of-azeroth	modes.json	68	2026-09-09	extracted/zkb6p7w/Cache/WDB/enUS/Conquest of Azeroth/itemcache.wdb
684	8a7a161de5b88da643a31755c6eaf00c45821ed52d0a44f92b3b89fb404e251a	itemnamecache	itemnamecache.wdb	Conquest of Azeroth		Conquest of Azeroth	conquest-of-azeroth	modes.json	0	2026-09-09	extracted/zkb6p7w/Cache/WDB/enUS/Conquest of Azeroth/itemnamecache.wdb
685	f35fa9b790a062b4f78f43ed456e3bcfa7bd28bb2863d0f66fce777bafbc5b83	itemtextcache	itemtextcache.wdb	Conquest of Azeroth		Conquest of Azeroth	conquest-of-azeroth	modes.json	0	2026-09-09	extracted/zkb6p7w/Cache/WDB/enUS/Conquest of Azeroth/itemtextcache.wdb
686	2dab647bbb944ea3a5f5281dae7eeb61ea6515d5e10f3e0ca1da1d9d3f60194e	npccache	npccache.wdb	Conquest of Azeroth		Conquest of Azeroth	conquest-of-azeroth	modes.json	1	2026-09-09	extracted/zkb6p7w/Cache/WDB/enUS/Conquest of Azeroth/npccache.wdb
687	64883da7da207fee7333736e665b2c04d993471f70e18c47464fabe4576843e2	pagetextcache	pagetextcache.wdb	Conquest of Azeroth		Conquest of Azeroth	conquest-of-azeroth	modes.json	0	2026-09-09	extracted/zkb6p7w/Cache/WDB/enUS/Conquest of Azeroth/pagetextcache.wdb
688	117f72c66c99d15d747a198bb34f2e12f19e6f2e154a65aca2d782dc42e7103d	questcache	questcache.wdb	Conquest of Azeroth		Conquest of Azeroth	conquest-of-azeroth	modes.json	1	2026-09-09	extracted/zkb6p7w/Cache/WDB/enUS/Conquest of Azeroth/questcache.wdb
689	5105a782bd2ea8f696d2a8977dd2d3ffbe553fc0ec93ab44a28ea231bc842c2b	wowcache	wowcache.wdb	Conquest of Azeroth		Conquest of Azeroth	conquest-of-azeroth	modes.json	0	2026-09-09	extracted/zkb6p7w/Cache/WDB/enUS/Conquest of Azeroth/wowcache.wdb
690	ea5a41281628e830b0cf5ac53307bde4146828d6326dfaff49932765868480f2	creaturecache	creaturecache.wdb	Rexxar - Conquest of Azeroth	Rexxar	Conquest of Azeroth	conquest-of-azeroth	modes.json	24	2026-09-09	extracted/zkb6p7w/Cache/WDB/enUS/Rexxar - Conquest of Azeroth/creaturecache.wdb
691	2237d122b43df31ad03b9b5ef459329ac317eae7654beba48facea58a63e5fdb	gameobjectcache	gameobjectcache.wdb	Rexxar - Conquest of Azeroth	Rexxar	Conquest of Azeroth	conquest-of-azeroth	modes.json	2	2026-09-09	extracted/zkb6p7w/Cache/WDB/enUS/Rexxar - Conquest of Azeroth/gameobjectcache.wdb
692	397e79a568d44150b328af98360817cf8930693b01954239f6634694a2fadfca	itemcache	itemcache.wdb	Rexxar - Conquest of Azeroth	Rexxar	Conquest of Azeroth	conquest-of-azeroth	modes.json	61	2026-09-09	extracted/zkb6p7w/Cache/WDB/enUS/Rexxar - Conquest of Azeroth/itemcache.wdb
693	8a7a161de5b88da643a31755c6eaf00c45821ed52d0a44f92b3b89fb404e251a	itemnamecache	itemnamecache.wdb	Rexxar - Conquest of Azeroth	Rexxar	Conquest of Azeroth	conquest-of-azeroth	modes.json	0	2026-09-09	extracted/zkb6p7w/Cache/WDB/enUS/Rexxar - Conquest of Azeroth/itemnamecache.wdb
694	f35fa9b790a062b4f78f43ed456e3bcfa7bd28bb2863d0f66fce777bafbc5b83	itemtextcache	itemtextcache.wdb	Rexxar - Conquest of Azeroth	Rexxar	Conquest of Azeroth	conquest-of-azeroth	modes.json	0	2026-09-09	extracted/zkb6p7w/Cache/WDB/enUS/Rexxar - Conquest of Azeroth/itemtextcache.wdb
695	05118dd45b61b5cacf0e6d94d73d3d7f9097222a762db605bcf3cc6579828b60	npccache	npccache.wdb	Rexxar - Conquest of Azeroth	Rexxar	Conquest of Azeroth	conquest-of-azeroth	modes.json	0	2026-09-09	extracted/zkb6p7w/Cache/WDB/enUS/Rexxar - Conquest of Azeroth/npccache.wdb
696	64883da7da207fee7333736e665b2c04d993471f70e18c47464fabe4576843e2	pagetextcache	pagetextcache.wdb	Rexxar - Conquest of Azeroth	Rexxar	Conquest of Azeroth	conquest-of-azeroth	modes.json	0	2026-09-09	extracted/zkb6p7w/Cache/WDB/enUS/Rexxar - Conquest of Azeroth/pagetextcache.wdb
697	294a48b779282435f167c1108d9c55b3b8b951ae17af120abaf801883aa810fd	questcache	questcache.wdb	Rexxar - Conquest of Azeroth	Rexxar	Conquest of Azeroth	conquest-of-azeroth	modes.json	0	2026-09-09	extracted/zkb6p7w/Cache/WDB/enUS/Rexxar - Conquest of Azeroth/questcache.wdb
698	5105a782bd2ea8f696d2a8977dd2d3ffbe553fc0ec93ab44a28ea231bc842c2b	wowcache	wowcache.wdb	Rexxar - Conquest of Azeroth	Rexxar	Conquest of Azeroth	conquest-of-azeroth	modes.json	0	2026-09-09	extracted/zkb6p7w/Cache/WDB/enUS/Rexxar - Conquest of Azeroth/wowcache.wdb
699	03d39d2789d84c8b7fca731ff342e2a3336dbfc8d0c783be96cd63f7e0f38652	creaturecache	creaturecache.wdb	Vol'jin - Conquest of Azeroth	Vol'jin	Conquest of Azeroth	conquest-of-azeroth	modes.json	885	2026-09-08	extracted/zkb6p7w/Cache/WDB/enUS/Vol'jin - Conquest of Azeroth/creaturecache.wdb
700	4996fb8ac24ece0d154131c11a3fbce7fa61edb3b72610a14fd22108def3e118	gameobjectcache	gameobjectcache.wdb	Vol'jin - Conquest of Azeroth	Vol'jin	Conquest of Azeroth	conquest-of-azeroth	modes.json	574	2026-09-08	extracted/zkb6p7w/Cache/WDB/enUS/Vol'jin - Conquest of Azeroth/gameobjectcache.wdb
701	a70b59487e3277acf7feeed64fffc5028bf23004c09df0539e0e152337be7e4a	itemcache	itemcache.wdb	Vol'jin - Conquest of Azeroth	Vol'jin	Conquest of Azeroth	conquest-of-azeroth	modes.json	5120	2026-09-08	extracted/zkb6p7w/Cache/WDB/enUS/Vol'jin - Conquest of Azeroth/itemcache.wdb
702	cab2bb1c58ddbd0e649c90a5df4cc43c9c560a167fcc1aa6280f4ecf3a4862bd	itemnamecache	itemnamecache.wdb	Vol'jin - Conquest of Azeroth	Vol'jin	Conquest of Azeroth	conquest-of-azeroth	modes.json	10	2026-09-08	extracted/zkb6p7w/Cache/WDB/enUS/Vol'jin - Conquest of Azeroth/itemnamecache.wdb
703	5ccd1f216a6da5b7b467bcf668c43956d42a32661e0670e1408e98afb1219108	(non-standard)	itemstatcache.wdb	Vol'jin - Conquest of Azeroth	Vol'jin	Conquest of Azeroth	conquest-of-azeroth	modes.json	0	2026-09-04	extracted/zkb6p7w/Cache/WDB/enUS/Vol'jin - Conquest of Azeroth/itemstatcache.wdb
704	737b75ab0e145cbed272fe988a823128d96e73fbd5b1c88c3b5b688faeeda4f5	npccache	npccache.wdb	Vol'jin - Conquest of Azeroth	Vol'jin	Conquest of Azeroth	conquest-of-azeroth	modes.json	24	2026-09-08	extracted/zkb6p7w/Cache/WDB/enUS/Vol'jin - Conquest of Azeroth/npccache.wdb
705	871c97aeaea4a55f672fcaef77b18d0cfd3ab45005d3244f42f03f52b5488c71	questcache	questcache.wdb	Vol'jin - Conquest of Azeroth	Vol'jin	Conquest of Azeroth	conquest-of-azeroth	modes.json	183	2026-09-08	extracted/zkb6p7w/Cache/WDB/enUS/Vol'jin - Conquest of Azeroth/questcache.wdb
706	2e0e44d0df0a81c81c3601456fd3375ef1bfcf5a190adb72a4f4f821c3183ecb	creaturecache	creaturecache.wdb	enUS (realm root)		conquest-of-azeroth	conquest-of-azeroth	inferred:1.000/817	24	2026-09-09	extracted/zkb6p7w/Cache/WDB/enUS/creaturecache.wdb
707	3fc4219b6f714436cc57bd55d0c212ffed0d8cd470442b89a10ab1f03f353fb5	gameobjectcache	gameobjectcache.wdb	enUS (realm root)		conquest-of-azeroth	conquest-of-azeroth	inferred:1.000/817	2	2026-09-09	extracted/zkb6p7w/Cache/WDB/enUS/gameobjectcache.wdb
708	bf088ff6ba413301c0775c47549eee56c953fc6ba95e8b1068ba69312dabf47e	itemcache	itemcache.wdb	enUS (realm root)		conquest-of-azeroth	conquest-of-azeroth	inferred:1.000/817	65	2026-09-09	extracted/zkb6p7w/Cache/WDB/enUS/itemcache.wdb
709	8a7a161de5b88da643a31755c6eaf00c45821ed52d0a44f92b3b89fb404e251a	itemnamecache	itemnamecache.wdb	enUS (realm root)		conquest-of-azeroth	conquest-of-azeroth	inferred:1.000/817	0	2026-09-09	extracted/zkb6p7w/Cache/WDB/enUS/itemnamecache.wdb
710	f35fa9b790a062b4f78f43ed456e3bcfa7bd28bb2863d0f66fce777bafbc5b83	itemtextcache	itemtextcache.wdb	enUS (realm root)		conquest-of-azeroth	conquest-of-azeroth	inferred:1.000/817	0	2026-09-09	extracted/zkb6p7w/Cache/WDB/enUS/itemtextcache.wdb
711	05118dd45b61b5cacf0e6d94d73d3d7f9097222a762db605bcf3cc6579828b60	npccache	npccache.wdb	enUS (realm root)		conquest-of-azeroth	conquest-of-azeroth	inferred:1.000/817	0	2026-09-09	extracted/zkb6p7w/Cache/WDB/enUS/npccache.wdb
712	64883da7da207fee7333736e665b2c04d993471f70e18c47464fabe4576843e2	pagetextcache	pagetextcache.wdb	enUS (realm root)		conquest-of-azeroth	conquest-of-azeroth	inferred:1.000/817	0	2026-09-09	extracted/zkb6p7w/Cache/WDB/enUS/pagetextcache.wdb
713	294a48b779282435f167c1108d9c55b3b8b951ae17af120abaf801883aa810fd	questcache	questcache.wdb	enUS (realm root)		conquest-of-azeroth	conquest-of-azeroth	inferred:1.000/817	0	2026-09-09	extracted/zkb6p7w/Cache/WDB/enUS/questcache.wdb
714	5105a782bd2ea8f696d2a8977dd2d3ffbe553fc0ec93ab44a28ea231bc842c2b	wowcache	wowcache.wdb	enUS (realm root)		conquest-of-azeroth	conquest-of-azeroth	inferred:1.000/817	0	2026-09-09	extracted/zkb6p7w/Cache/WDB/enUS/wowcache.wdb
715	23d7d0ffb47fd24edc4e77aadc4d32cf8c74b57a9ab40fd86e5ca7efa6518faa	creaturecache	creaturecache.wdb	Area 52 - Free-Pick	Area 52	Free-Pick	free-pick	modes.json	0	2026-09-04	extracted/WDB__7z/WDB/enUS/Area 52 - Free-Pick/creaturecache.wdb
716	3ce9ff9b2fd5dce3499c09aff0a96017a0d1c4d55c194524ccb61a41a0c920fe	gameobjectcache	gameobjectcache.wdb	Area 52 - Free-Pick	Area 52	Free-Pick	free-pick	modes.json	0	2026-09-04	extracted/WDB__7z/WDB/enUS/Area 52 - Free-Pick/gameobjectcache.wdb
717	76a25181ddacda4e4e4350a73411d0a3cdabc990cbcc611c9be20aca5fbf4072	itemcache	itemcache.wdb	Area 52 - Free-Pick	Area 52	Free-Pick	free-pick	modes.json	0	2026-09-04	extracted/WDB__7z/WDB/enUS/Area 52 - Free-Pick/itemcache.wdb
718	bbce0eced31ea84fc64167083402e03ae89476b4f3259391dfa137a5ba96aef9	itemnamecache	itemnamecache.wdb	Area 52 - Free-Pick	Area 52	Free-Pick	free-pick	modes.json	0	2026-09-04	extracted/WDB__7z/WDB/enUS/Area 52 - Free-Pick/itemnamecache.wdb
719	da68cdfcc755fa9edabe5f5b2f541fada8e7819a7e3ba6ae32d4910957b67eb7	npccache	npccache.wdb	Area 52 - Free-Pick	Area 52	Free-Pick	free-pick	modes.json	0	2026-09-04	extracted/WDB__7z/WDB/enUS/Area 52 - Free-Pick/npccache.wdb
720	23eacf892501a8dcdbab155c58699f5fdaa8016c467ea5378b6419b9e3f1bee8	questcache	questcache.wdb	Area 52 - Free-Pick	Area 52	Free-Pick	free-pick	modes.json	0	2026-09-04	extracted/WDB__7z/WDB/enUS/Area 52 - Free-Pick/questcache.wdb
721	23d7d0ffb47fd24edc4e77aadc4d32cf8c74b57a9ab40fd86e5ca7efa6518faa	creaturecache	creaturecache.wdb	CoA PTR	CoA PTR	unknown	unknown	unknown	0	2026-09-04	extracted/WDB__7z/WDB/enUS/CoA PTR/creaturecache.wdb
722	3ce9ff9b2fd5dce3499c09aff0a96017a0d1c4d55c194524ccb61a41a0c920fe	gameobjectcache	gameobjectcache.wdb	CoA PTR	CoA PTR	unknown	unknown	unknown	0	2026-09-04	extracted/WDB__7z/WDB/enUS/CoA PTR/gameobjectcache.wdb
723	76a25181ddacda4e4e4350a73411d0a3cdabc990cbcc611c9be20aca5fbf4072	itemcache	itemcache.wdb	CoA PTR	CoA PTR	unknown	unknown	unknown	0	2026-09-04	extracted/WDB__7z/WDB/enUS/CoA PTR/itemcache.wdb
724	bbce0eced31ea84fc64167083402e03ae89476b4f3259391dfa137a5ba96aef9	itemnamecache	itemnamecache.wdb	CoA PTR	CoA PTR	unknown	unknown	unknown	0	2026-09-04	extracted/WDB__7z/WDB/enUS/CoA PTR/itemnamecache.wdb
725	b8a610ce6505f07d78657874e0bd0734ac92e824df3038d9063d177ae773cef3	itemtextcache	itemtextcache.wdb	CoA PTR	CoA PTR	unknown	unknown	unknown	0	2026-09-04	extracted/WDB__7z/WDB/enUS/CoA PTR/itemtextcache.wdb
726	da68cdfcc755fa9edabe5f5b2f541fada8e7819a7e3ba6ae32d4910957b67eb7	npccache	npccache.wdb	CoA PTR	CoA PTR	unknown	unknown	unknown	0	2026-09-04	extracted/WDB__7z/WDB/enUS/CoA PTR/npccache.wdb
727	af6620ee3c0f2052f652cd84bae60ebc10321568da0caedf8bf2dc8aad336df9	pagetextcache	pagetextcache.wdb	CoA PTR	CoA PTR	unknown	unknown	unknown	0	2026-09-04	extracted/WDB__7z/WDB/enUS/CoA PTR/pagetextcache.wdb
728	23eacf892501a8dcdbab155c58699f5fdaa8016c467ea5378b6419b9e3f1bee8	questcache	questcache.wdb	CoA PTR	CoA PTR	unknown	unknown	unknown	0	2026-09-04	extracted/WDB__7z/WDB/enUS/CoA PTR/questcache.wdb
729	0300fa94cc7e8356558b3b6475bc06175aab8d26dcb088490a62ca492c2a621a	wowcache	wowcache.wdb	CoA PTR	CoA PTR	unknown	unknown	unknown	0	2026-09-04	extracted/WDB__7z/WDB/enUS/CoA PTR/wowcache.wdb
730	23d7d0ffb47fd24edc4e77aadc4d32cf8c74b57a9ab40fd86e5ca7efa6518faa	creaturecache	creaturecache.wdb	Dawnrise - Season 10 Freepick	Dawnrise	Season 10 Freepick	season-10-freepick	modes.json	0	2026-09-04	extracted/WDB__7z/WDB/enUS/Dawnrise - Season 10 Freepick/creaturecache.wdb
731	3ce9ff9b2fd5dce3499c09aff0a96017a0d1c4d55c194524ccb61a41a0c920fe	gameobjectcache	gameobjectcache.wdb	Dawnrise - Season 10 Freepick	Dawnrise	Season 10 Freepick	season-10-freepick	modes.json	0	2026-09-04	extracted/WDB__7z/WDB/enUS/Dawnrise - Season 10 Freepick/gameobjectcache.wdb
732	76a25181ddacda4e4e4350a73411d0a3cdabc990cbcc611c9be20aca5fbf4072	itemcache	itemcache.wdb	Dawnrise - Season 10 Freepick	Dawnrise	Season 10 Freepick	season-10-freepick	modes.json	0	2026-09-04	extracted/WDB__7z/WDB/enUS/Dawnrise - Season 10 Freepick/itemcache.wdb
733	bbce0eced31ea84fc64167083402e03ae89476b4f3259391dfa137a5ba96aef9	itemnamecache	itemnamecache.wdb	Dawnrise - Season 10 Freepick	Dawnrise	Season 10 Freepick	season-10-freepick	modes.json	0	2026-09-04	extracted/WDB__7z/WDB/enUS/Dawnrise - Season 10 Freepick/itemnamecache.wdb
734	da68cdfcc755fa9edabe5f5b2f541fada8e7819a7e3ba6ae32d4910957b67eb7	npccache	npccache.wdb	Dawnrise - Season 10 Freepick	Dawnrise	Season 10 Freepick	season-10-freepick	modes.json	0	2026-09-04	extracted/WDB__7z/WDB/enUS/Dawnrise - Season 10 Freepick/npccache.wdb
735	23eacf892501a8dcdbab155c58699f5fdaa8016c467ea5378b6419b9e3f1bee8	questcache	questcache.wdb	Dawnrise - Season 10 Freepick	Dawnrise	Season 10 Freepick	season-10-freepick	modes.json	0	2026-09-04	extracted/WDB__7z/WDB/enUS/Dawnrise - Season 10 Freepick/questcache.wdb
736	23d7d0ffb47fd24edc4e77aadc4d32cf8c74b57a9ab40fd86e5ca7efa6518faa	creaturecache	creaturecache.wdb	Elune - Season 9	Elune	Season 9	season-9	modes.json	0	2026-09-04	extracted/WDB__7z/WDB/enUS/Elune - Season 9/creaturecache.wdb
737	3ce9ff9b2fd5dce3499c09aff0a96017a0d1c4d55c194524ccb61a41a0c920fe	gameobjectcache	gameobjectcache.wdb	Elune - Season 9	Elune	Season 9	season-9	modes.json	0	2026-09-04	extracted/WDB__7z/WDB/enUS/Elune - Season 9/gameobjectcache.wdb
738	76a25181ddacda4e4e4350a73411d0a3cdabc990cbcc611c9be20aca5fbf4072	itemcache	itemcache.wdb	Elune - Season 9	Elune	Season 9	season-9	modes.json	0	2026-09-04	extracted/WDB__7z/WDB/enUS/Elune - Season 9/itemcache.wdb
739	bbce0eced31ea84fc64167083402e03ae89476b4f3259391dfa137a5ba96aef9	itemnamecache	itemnamecache.wdb	Elune - Season 9	Elune	Season 9	season-9	modes.json	0	2026-09-04	extracted/WDB__7z/WDB/enUS/Elune - Season 9/itemnamecache.wdb
740	b8a610ce6505f07d78657874e0bd0734ac92e824df3038d9063d177ae773cef3	itemtextcache	itemtextcache.wdb	Elune - Season 9	Elune	Season 9	season-9	modes.json	0	2026-09-04	extracted/WDB__7z/WDB/enUS/Elune - Season 9/itemtextcache.wdb
741	da68cdfcc755fa9edabe5f5b2f541fada8e7819a7e3ba6ae32d4910957b67eb7	npccache	npccache.wdb	Elune - Season 9	Elune	Season 9	season-9	modes.json	0	2026-09-04	extracted/WDB__7z/WDB/enUS/Elune - Season 9/npccache.wdb
742	af6620ee3c0f2052f652cd84bae60ebc10321568da0caedf8bf2dc8aad336df9	pagetextcache	pagetextcache.wdb	Elune - Season 9	Elune	Season 9	season-9	modes.json	0	2026-09-04	extracted/WDB__7z/WDB/enUS/Elune - Season 9/pagetextcache.wdb
743	23eacf892501a8dcdbab155c58699f5fdaa8016c467ea5378b6419b9e3f1bee8	questcache	questcache.wdb	Elune - Season 9	Elune	Season 9	season-9	modes.json	0	2026-09-04	extracted/WDB__7z/WDB/enUS/Elune - Season 9/questcache.wdb
744	0300fa94cc7e8356558b3b6475bc06175aab8d26dcb088490a62ca492c2a621a	wowcache	wowcache.wdb	Elune - Season 9	Elune	Season 9	season-9	modes.json	0	2026-09-04	extracted/WDB__7z/WDB/enUS/Elune - Season 9/wowcache.wdb
745	3d413fa33eed0ee8794485f095fef7b467d748115b708731129b7e5c1b4f4593	creaturecache	creaturecache.wdb	Vol'jin - Conquest of Azeroth	Vol'jin	Conquest of Azeroth	conquest-of-azeroth	modes.json	1598	2026-09-04	extracted/WDB__7z/WDB/enUS/Vol'jin - Conquest of Azeroth/creaturecache.wdb
746	d642a1a04a9adeae2ec2ec6630eaf65115d1feebebf78fc21f5885ea09d92053	gameobjectcache	gameobjectcache.wdb	Vol'jin - Conquest of Azeroth	Vol'jin	Conquest of Azeroth	conquest-of-azeroth	modes.json	812	2026-09-04	extracted/WDB__7z/WDB/enUS/Vol'jin - Conquest of Azeroth/gameobjectcache.wdb
747	d1d7ef57022171f890a064aaacb89074f9b5d5c561349afad0f05c323c64b55a	itemcache	itemcache.wdb	Vol'jin - Conquest of Azeroth	Vol'jin	Conquest of Azeroth	conquest-of-azeroth	modes.json	13704	2026-09-04	extracted/WDB__7z/WDB/enUS/Vol'jin - Conquest of Azeroth/itemcache.wdb
748	0634ed26e3c33ecdc3ef2240e8edec553eeca3834c8dd6fabe990cc83b4522c1	itemnamecache	itemnamecache.wdb	Vol'jin - Conquest of Azeroth	Vol'jin	Conquest of Azeroth	conquest-of-azeroth	modes.json	82	2026-09-04	extracted/WDB__7z/WDB/enUS/Vol'jin - Conquest of Azeroth/itemnamecache.wdb
749	21fe8087dd96fc5a30888cbb11823aaa60109c8409e47916e1b70b81251c7e76	(non-standard)	itemstatcache.wdb	Vol'jin - Conquest of Azeroth	Vol'jin	Conquest of Azeroth	conquest-of-azeroth	modes.json	0	2026-09-04	extracted/WDB__7z/WDB/enUS/Vol'jin - Conquest of Azeroth/itemstatcache.wdb
750	9c5dfb52ae3e7dd878ed204f0873123323d550a873ffd1f15b75f1e6dea6cc04	npccache	npccache.wdb	Vol'jin - Conquest of Azeroth	Vol'jin	Conquest of Azeroth	conquest-of-azeroth	modes.json	16	2026-09-04	extracted/WDB__7z/WDB/enUS/Vol'jin - Conquest of Azeroth/npccache.wdb
751	8a63dd506360ccdfaf75bb2dbaf02b98a9d02f7324b041a87da5675cc32bbb49	pagetextcache	pagetextcache.wdb	Vol'jin - Conquest of Azeroth	Vol'jin	Conquest of Azeroth	conquest-of-azeroth	modes.json	3	2026-09-04	extracted/WDB__7z/WDB/enUS/Vol'jin - Conquest of Azeroth/pagetextcache.wdb
752	3f4ae5888e6da9453294c828e614a6f753cf6986907d2dda8031a67bbde5722c	questcache	questcache.wdb	Vol'jin - Conquest of Azeroth	Vol'jin	Conquest of Azeroth	conquest-of-azeroth	modes.json	73	2026-09-04	extracted/WDB__7z/WDB/enUS/Vol'jin - Conquest of Azeroth/questcache.wdb
753	2176590726836351df988f91bd6b918e26610b37996b97cb1cbe5530e7bfb816	(non-standard)	questcacheaddon.wdb	Vol'jin - Conquest of Azeroth	Vol'jin	Conquest of Azeroth	conquest-of-azeroth	modes.json	0	2026-09-04	extracted/WDB__7z/WDB/enUS/Vol'jin - Conquest of Azeroth/questcacheaddon.wdb
754	abee3d33675f4d3a24ba9f32155b0678af238e1084b54eedab4bd27d235f3ed8	creaturecache	creaturecache.wdb	enUS (realm root)		conquest-of-azeroth	conquest-of-azeroth	inferred:1.000/12777	2319	2026-09-04	extracted/WDB__7z/WDB/enUS/creaturecache.wdb
755	bd27abac5e0868e3e2f142d5b51b847571db93239119762e461f174b3c16b160	gameobjectcache	gameobjectcache.wdb	enUS (realm root)		conquest-of-azeroth	conquest-of-azeroth	inferred:1.000/12777	1392	2026-09-04	extracted/WDB__7z/WDB/enUS/gameobjectcache.wdb
756	9ac3bebc0bb0cd5299d13b0bb4a25275280ef0196ff173134cf0283d71037feb	itemcache	itemcache.wdb	enUS (realm root)		conquest-of-azeroth	conquest-of-azeroth	inferred:1.000/12777	12862	2026-09-04	extracted/WDB__7z/WDB/enUS/itemcache.wdb
757	902cfdd06e65cf1aa7af20f951671afc38d24fb9c8a2b7ed543d235cc70bae88	itemnamecache	itemnamecache.wdb	enUS (realm root)		conquest-of-azeroth	conquest-of-azeroth	inferred:1.000/12777	82	2026-09-04	extracted/WDB__7z/WDB/enUS/itemnamecache.wdb
758	ad2984c59840de42f8788147284f0d349bc192cd0bd7dcc59f8e7918dd10c76b	(non-standard)	itemstatcache.wdb	enUS (realm root)		conquest-of-azeroth	conquest-of-azeroth	inferred:1.000/12777	0	2026-09-04	extracted/WDB__7z/WDB/enUS/itemstatcache.wdb
759	10edc5982217145d2796aa6776e8e8aa78508a0d99596fa412b9e4626bbce9ee	npccache	npccache.wdb	enUS (realm root)		conquest-of-azeroth	conquest-of-azeroth	inferred:1.000/12777	18	2026-09-04	extracted/WDB__7z/WDB/enUS/npccache.wdb
760	98c7ae214bf2700559cce7ce0b6219184e7664b385e0b7d7f48071c1b52473f0	pagetextcache	pagetextcache.wdb	enUS (realm root)		conquest-of-azeroth	conquest-of-azeroth	inferred:1.000/12777	3	2026-09-04	extracted/WDB__7z/WDB/enUS/pagetextcache.wdb
761	667c26c41f330fa6eb5205d2d17803db8041c07790e4aaa28c8a208cb5d289b1	questcache	questcache.wdb	enUS (realm root)		conquest-of-azeroth	conquest-of-azeroth	inferred:1.000/12777	73	2026-09-04	extracted/WDB__7z/WDB/enUS/questcache.wdb
762	b82fedecb162cb3637921b20823c42de47b2037f9752d58f6f3797334e7ff233	creaturecache	creaturecache.wdb	Rexxar - CoA Alpha - Development	Rexxar	CoA Alpha - Development	coa-alpha	modes.json	1359	2026-09-09	extracted/ascension-npc-creature-quest-20260909T172720Z/raw/resources/ascension_ptr/Cache/WDB/enUS/Rexxar - CoA Alpha - Development/creaturecache.wdb
763	6b6af977e857a2122f9ad01758b045a5f115932f4ade4badbb643f34ad5b53c3	gameobjectcache	gameobjectcache.wdb	Rexxar - CoA Alpha - Development	Rexxar	CoA Alpha - Development	coa-alpha	modes.json	1400	2026-09-09	extracted/ascension-npc-creature-quest-20260909T172720Z/raw/resources/ascension_ptr/Cache/WDB/enUS/Rexxar - CoA Alpha - Development/gameobjectcache.wdb
764	6cdbc15aef0637e79b299d24cf287cb3d3c9b30db8b755259c1cb12abe4807a6	npccache	npccache.wdb	Rexxar - CoA Alpha - Development	Rexxar	CoA Alpha - Development	coa-alpha	modes.json	54	2026-09-09	extracted/ascension-npc-creature-quest-20260909T172720Z/raw/resources/ascension_ptr/Cache/WDB/enUS/Rexxar - CoA Alpha - Development/npccache.wdb
765	c755d0aa101c473e3906770a32238314805183458d81cacd0c8cd4823f0ac563	pagetextcache	pagetextcache.wdb	Rexxar - CoA Alpha - Development	Rexxar	CoA Alpha - Development	coa-alpha	modes.json	1	2026-09-09	extracted/ascension-npc-creature-quest-20260909T172720Z/raw/resources/ascension_ptr/Cache/WDB/enUS/Rexxar - CoA Alpha - Development/pagetextcache.wdb
766	7cb37ef787dbdddbc4ea05f6d8f7aaa15c4ddb3bf02ec288e3b8bdc8e0d0eac3	questcache	questcache.wdb	Rexxar - CoA Alpha - Development	Rexxar	CoA Alpha - Development	coa-alpha	modes.json	119	2026-09-09	extracted/ascension-npc-creature-quest-20260909T172720Z/raw/resources/ascension_ptr/Cache/WDB/enUS/Rexxar - CoA Alpha - Development/questcache.wdb
767	c854a4fcd41fb3f32fd4341394d55192ca5eb1cf992d566f75f71eb6e7955c02	(non-standard)	questcacheaddon.wdb	Rexxar - CoA Alpha - Development	Rexxar	CoA Alpha - Development	coa-alpha	modes.json	0	2026-09-09	extracted/ascension-npc-creature-quest-20260909T172720Z/raw/resources/ascension_ptr/Cache/WDB/enUS/Rexxar - CoA Alpha - Development/questcacheaddon.wdb
768	7f45ca3c2dc9bd89c1d2486961d0959ebe81123a88f939a2f9628396eb020301	creaturecache	creaturecache.wdb	Area 52 - Free-Pick	Area 52	Free-Pick	free-pick	modes.json	320	2026-09-04	extracted/WDB(1)__7z/WDB/enUS/Area 52 - Free-Pick/creaturecache.wdb
769	566bc004bcb2be2910fd28ded3590b95763fc6d847bc496131f9bc66980e69d9	gameobjectcache	gameobjectcache.wdb	Area 52 - Free-Pick	Area 52	Free-Pick	free-pick	modes.json	71	2026-09-04	extracted/WDB(1)__7z/WDB/enUS/Area 52 - Free-Pick/gameobjectcache.wdb
770	0f842b019e33ce20636d2432c274222772d53ee566c688dcc20d5ab30fab8e9e	itemcache	itemcache.wdb	Area 52 - Free-Pick	Area 52	Free-Pick	free-pick	modes.json	460	2026-09-04	extracted/WDB(1)__7z/WDB/enUS/Area 52 - Free-Pick/itemcache.wdb
771	e8e075dfad5df9acb0402ad0bd7dc616ca2d588a09e58a456267a795b83900ba	itemnamecache	itemnamecache.wdb	Area 52 - Free-Pick	Area 52	Free-Pick	free-pick	modes.json	0	2026-09-04	extracted/WDB(1)__7z/WDB/enUS/Area 52 - Free-Pick/itemnamecache.wdb
772	1e93cbd53d7251ef65515f6df12f0338264926d26ca43b91da3272528f51d13d	npccache	npccache.wdb	Area 52 - Free-Pick	Area 52	Free-Pick	free-pick	modes.json	3	2026-09-04	extracted/WDB(1)__7z/WDB/enUS/Area 52 - Free-Pick/npccache.wdb
773	73f830aa00f571263e076bc2e84b4619d2b2f91adbcea9babd3c1963c4db3e92	questcache	questcache.wdb	Area 52 - Free-Pick	Area 52	Free-Pick	free-pick	modes.json	63	2026-09-04	extracted/WDB(1)__7z/WDB/enUS/Area 52 - Free-Pick/questcache.wdb
774	b029b117411de435c059d7d34dcb0a4bfd2619cb3dd0f9d098ec7bbf2a0bea68	creaturecache	creaturecache.wdb	Bronzebeard - Warcraft Reborn	Bronzebeard	Warcraft Reborn	warcraft-reborn	modes.json	0	2026-07-22	extracted/WDB(1)__7z/WDB/enUS/Bronzebeard - Warcraft Reborn/creaturecache.wdb
775	44f9427509efb617c5c0c2790e4e39f757fb0b8dc4bea8eafa9c20633a41a2c5	gameobjectcache	gameobjectcache.wdb	Bronzebeard - Warcraft Reborn	Bronzebeard	Warcraft Reborn	warcraft-reborn	modes.json	0	2026-07-22	extracted/WDB(1)__7z/WDB/enUS/Bronzebeard - Warcraft Reborn/gameobjectcache.wdb
776	4cd280fe676096e41334354d982d129bac5abb617e5f28a7309229fe0daf1cd9	itemcache	itemcache.wdb	Bronzebeard - Warcraft Reborn	Bronzebeard	Warcraft Reborn	warcraft-reborn	modes.json	0	2026-07-22	extracted/WDB(1)__7z/WDB/enUS/Bronzebeard - Warcraft Reborn/itemcache.wdb
777	22b7d4d53b17d784e51f0a78e1fe4228cade612daf8ad35e90d9a9a5ed0e6820	itemnamecache	itemnamecache.wdb	Bronzebeard - Warcraft Reborn	Bronzebeard	Warcraft Reborn	warcraft-reborn	modes.json	0	2026-07-22	extracted/WDB(1)__7z/WDB/enUS/Bronzebeard - Warcraft Reborn/itemnamecache.wdb
778	4f821d2cd03b9f5b9a3a9cbdfe3a361903971bf18e0f83ec55e05b96e4f7e5f3	npccache	npccache.wdb	Bronzebeard - Warcraft Reborn	Bronzebeard	Warcraft Reborn	warcraft-reborn	modes.json	0	2026-07-22	extracted/WDB(1)__7z/WDB/enUS/Bronzebeard - Warcraft Reborn/npccache.wdb
779	9dd5903eb012e3807d651dabe53ec026e286ce932de7f7d1b4b0696b980d9a59	questcache	questcache.wdb	Bronzebeard - Warcraft Reborn	Bronzebeard	Warcraft Reborn	warcraft-reborn	modes.json	0	2026-07-22	extracted/WDB(1)__7z/WDB/enUS/Bronzebeard - Warcraft Reborn/questcache.wdb
780	a6264edf21fbb18a30f247ee981cf4b434fe4e184c5db730975e59018f277282	creaturecache	creaturecache.wdb	Darkmoon - Season 10 Wildcard	Darkmoon	Season 10 Wildcard	season-10-wildcard	modes.json	333	2026-09-04	extracted/WDB(1)__7z/WDB/enUS/Darkmoon - Season 10 Wildcard/creaturecache.wdb
781	c80a93d8326bf5c47921039b5d1618d534057a776af73509e250dc926144f184	gameobjectcache	gameobjectcache.wdb	Darkmoon - Season 10 Wildcard	Darkmoon	Season 10 Wildcard	season-10-wildcard	modes.json	30	2026-09-04	extracted/WDB(1)__7z/WDB/enUS/Darkmoon - Season 10 Wildcard/gameobjectcache.wdb
782	2c92c257b43af878d5b62441f2c4a34b84f2e3a26bf7c537a47d78ea253d3128	itemcache	itemcache.wdb	Darkmoon - Season 10 Wildcard	Darkmoon	Season 10 Wildcard	season-10-wildcard	modes.json	1225	2026-09-04	extracted/WDB(1)__7z/WDB/enUS/Darkmoon - Season 10 Wildcard/itemcache.wdb
783	c8562473d5c45b85bef1ba6c1902e962703db33c84d01eb7b9bae687cedf470b	itemnamecache	itemnamecache.wdb	Darkmoon - Season 10 Wildcard	Darkmoon	Season 10 Wildcard	season-10-wildcard	modes.json	14	2026-09-04	extracted/WDB(1)__7z/WDB/enUS/Darkmoon - Season 10 Wildcard/itemnamecache.wdb
784	71ff45cc53df4d0576c60249f9118ead3bad18b88834311dcd9152f96312659a	npccache	npccache.wdb	Darkmoon - Season 10 Wildcard	Darkmoon	Season 10 Wildcard	season-10-wildcard	modes.json	2	2026-09-04	extracted/WDB(1)__7z/WDB/enUS/Darkmoon - Season 10 Wildcard/npccache.wdb
785	bfa80d4f24399b1b2d9f11c710f474420bb08d39584939d4bce39d2feedb561a	pagetextcache	pagetextcache.wdb	Darkmoon - Season 10 Wildcard	Darkmoon	Season 10 Wildcard	season-10-wildcard	modes.json	0	2026-09-04	extracted/WDB(1)__7z/WDB/enUS/Darkmoon - Season 10 Wildcard/pagetextcache.wdb
786	f0cfda1f9f3e662d5cbe171398d8f7a600c8c9507e9c2db9b27c9cad00219276	questcache	questcache.wdb	Darkmoon - Season 10 Wildcard	Darkmoon	Season 10 Wildcard	season-10-wildcard	modes.json	59	2026-09-04	extracted/WDB(1)__7z/WDB/enUS/Darkmoon - Season 10 Wildcard/questcache.wdb
787	eb9c6aa6cb541b2806f4199f08eba0c3cffc05031c5673388b812e4e97d0ac6d	creaturecache	creaturecache.wdb	Dawnrise - Season 10 Freepick	Dawnrise	Season 10 Freepick	season-10-freepick	modes.json	0	2026-09-04	extracted/WDB(1)__7z/WDB/enUS/Dawnrise - Season 10 Freepick/creaturecache.wdb
788	35ffa0c2721decda54a76c0a59f00171c0f818ea30f52e7829f32ddf04fc04ff	gameobjectcache	gameobjectcache.wdb	Dawnrise - Season 10 Freepick	Dawnrise	Season 10 Freepick	season-10-freepick	modes.json	0	2026-09-04	extracted/WDB(1)__7z/WDB/enUS/Dawnrise - Season 10 Freepick/gameobjectcache.wdb
789	05caf94b1a961df5f1642e02592e9af76cb2e9e87e338378f37020c09e7d13f0	itemcache	itemcache.wdb	Dawnrise - Season 10 Freepick	Dawnrise	Season 10 Freepick	season-10-freepick	modes.json	0	2026-09-04	extracted/WDB(1)__7z/WDB/enUS/Dawnrise - Season 10 Freepick/itemcache.wdb
790	e5dd3c663e70b199dd6150cee4e22f9c692c3ba6427f0f85c9170e5419147df0	(non-standard)	itemstatcache.wdb	Dawnrise - Season 10 Freepick	Dawnrise	Season 10 Freepick	season-10-freepick	modes.json	0	2026-09-04	extracted/WDB(1)__7z/WDB/enUS/Dawnrise - Season 10 Freepick/itemstatcache.wdb
791	0a9f6eaee0ad8232e97898161bbf825e6e046ebce7f618eb2c55689ce29b53ce	questcache	questcache.wdb	Dawnrise - Season 10 Freepick	Dawnrise	Season 10 Freepick	season-10-freepick	modes.json	0	2026-09-04	extracted/WDB(1)__7z/WDB/enUS/Dawnrise - Season 10 Freepick/questcache.wdb
792	45ac6ae4c491bd9960b5ec5951e92e21ca87280f76dcc106a6d170b1c00bd074	creaturecache	creaturecache.wdb	Rexxar - Conquest of Azeroth	Rexxar	Conquest of Azeroth	conquest-of-azeroth	modes.json	293	2026-07-22	extracted/WDB(1)__7z/WDB/enUS/Rexxar - Conquest of Azeroth/creaturecache.wdb
793	ea52b9a4080e180105771417835709d8c7092e595a3287c2302055ea69005d9b	gameobjectcache	gameobjectcache.wdb	Rexxar - Conquest of Azeroth	Rexxar	Conquest of Azeroth	conquest-of-azeroth	modes.json	45	2026-07-22	extracted/WDB(1)__7z/WDB/enUS/Rexxar - Conquest of Azeroth/gameobjectcache.wdb
794	a1956c1037a672a1bac786efecd8f87c25f288bfd3b37aea72a985fca18ab9a1	itemcache	itemcache.wdb	Rexxar - Conquest of Azeroth	Rexxar	Conquest of Azeroth	conquest-of-azeroth	modes.json	297	2026-07-22	extracted/WDB(1)__7z/WDB/enUS/Rexxar - Conquest of Azeroth/itemcache.wdb
795	4f821d2cd03b9f5b9a3a9cbdfe3a361903971bf18e0f83ec55e05b96e4f7e5f3	npccache	npccache.wdb	Rexxar - Conquest of Azeroth	Rexxar	Conquest of Azeroth	conquest-of-azeroth	modes.json	0	2026-07-22	extracted/WDB(1)__7z/WDB/enUS/Rexxar - Conquest of Azeroth/npccache.wdb
796	7c0bd5e17c4441cee67f4644be64691aa860a0c356af45e4bd6fbd3203bae85f	questcache	questcache.wdb	Rexxar - Conquest of Azeroth	Rexxar	Conquest of Azeroth	conquest-of-azeroth	modes.json	63	2026-07-22	extracted/WDB(1)__7z/WDB/enUS/Rexxar - Conquest of Azeroth/questcache.wdb
797	eb9c6aa6cb541b2806f4199f08eba0c3cffc05031c5673388b812e4e97d0ac6d	creaturecache	creaturecache.wdb	Rexxar CoA Alpha - Development	Rexxar	CoA Alpha - Development	coa-alpha	modes.json	0	2026-07-22	extracted/WDB(1)__7z/WDB/enUS/Rexxar CoA Alpha - Development/creaturecache.wdb
798	35ffa0c2721decda54a76c0a59f00171c0f818ea30f52e7829f32ddf04fc04ff	gameobjectcache	gameobjectcache.wdb	Rexxar CoA Alpha - Development	Rexxar	CoA Alpha - Development	coa-alpha	modes.json	0	2026-07-22	extracted/WDB(1)__7z/WDB/enUS/Rexxar CoA Alpha - Development/gameobjectcache.wdb
799	05caf94b1a961df5f1642e02592e9af76cb2e9e87e338378f37020c09e7d13f0	itemcache	itemcache.wdb	Rexxar CoA Alpha - Development	Rexxar	CoA Alpha - Development	coa-alpha	modes.json	0	2026-07-22	extracted/WDB(1)__7z/WDB/enUS/Rexxar CoA Alpha - Development/itemcache.wdb
800	e8e075dfad5df9acb0402ad0bd7dc616ca2d588a09e58a456267a795b83900ba	itemnamecache	itemnamecache.wdb	Rexxar CoA Alpha - Development	Rexxar	CoA Alpha - Development	coa-alpha	modes.json	0	2026-07-22	extracted/WDB(1)__7z/WDB/enUS/Rexxar CoA Alpha - Development/itemnamecache.wdb
801	976efce0e5d40769e1c956e832a906dec2f55dda063b301244a1ace5a39f8030	itemtextcache	itemtextcache.wdb	Rexxar CoA Alpha - Development	Rexxar	CoA Alpha - Development	coa-alpha	modes.json	0	2026-07-22	extracted/WDB(1)__7z/WDB/enUS/Rexxar CoA Alpha - Development/itemtextcache.wdb
802	6e72077c9e26d4354eac2f8c33993cf03481244598dd01b504d9a96f4f8d245f	npccache	npccache.wdb	Rexxar CoA Alpha - Development	Rexxar	CoA Alpha - Development	coa-alpha	modes.json	0	2026-07-22	extracted/WDB(1)__7z/WDB/enUS/Rexxar CoA Alpha - Development/npccache.wdb
803	bfa80d4f24399b1b2d9f11c710f474420bb08d39584939d4bce39d2feedb561a	pagetextcache	pagetextcache.wdb	Rexxar CoA Alpha - Development	Rexxar	CoA Alpha - Development	coa-alpha	modes.json	0	2026-07-22	extracted/WDB(1)__7z/WDB/enUS/Rexxar CoA Alpha - Development/pagetextcache.wdb
804	0a9f6eaee0ad8232e97898161bbf825e6e046ebce7f618eb2c55689ce29b53ce	questcache	questcache.wdb	Rexxar CoA Alpha - Development	Rexxar	CoA Alpha - Development	coa-alpha	modes.json	0	2026-07-22	extracted/WDB(1)__7z/WDB/enUS/Rexxar CoA Alpha - Development/questcache.wdb
805	69bac9330927bf9b2149af31f06707c8768e2c0b7987740e6c57139adc775acb	wowcache	wowcache.wdb	Rexxar CoA Alpha - Development	Rexxar	CoA Alpha - Development	coa-alpha	modes.json	0	2026-07-22	extracted/WDB(1)__7z/WDB/enUS/Rexxar CoA Alpha - Development/wowcache.wdb
806	337ac301bc504fe1a37ea2c58f44f29eeed3a071314fa0d11ccc9b95f8faf880	creaturecache	creaturecache.wdb	Vol'jin - Conquest of Azeroth	Vol'jin	Conquest of Azeroth	conquest-of-azeroth	modes.json	7698	2026-09-04	extracted/WDB(1)__7z/WDB/enUS/Vol'jin - Conquest of Azeroth/creaturecache.wdb
807	0e505b9a791520b912f710320cfea924d95ad87310c4e61d27deef4eb100af0a	gameobjectcache	gameobjectcache.wdb	Vol'jin - Conquest of Azeroth	Vol'jin	Conquest of Azeroth	conquest-of-azeroth	modes.json	3598	2026-09-04	extracted/WDB(1)__7z/WDB/enUS/Vol'jin - Conquest of Azeroth/gameobjectcache.wdb
808	52b9ccac66f0842a0e70614b7ac2fbb9747e59bb890a10ac6913d3ea5d777222	itemcache	itemcache.wdb	Vol'jin - Conquest of Azeroth	Vol'jin	Conquest of Azeroth	conquest-of-azeroth	modes.json	36519	2026-09-04	extracted/WDB(1)__7z/WDB/enUS/Vol'jin - Conquest of Azeroth/itemcache.wdb
809	5df5daa5e78b18dd59385debec0492e0088a27255a800227bb4dee6a256fbaf0	itemnamecache	itemnamecache.wdb	Vol'jin - Conquest of Azeroth	Vol'jin	Conquest of Azeroth	conquest-of-azeroth	modes.json	242	2026-09-04	extracted/WDB(1)__7z/WDB/enUS/Vol'jin - Conquest of Azeroth/itemnamecache.wdb
810	1f7f2cd41370a5de972fec8864f7c1ee31dd9565a681e163403c451e5c15db1b	(non-standard)	itemstatcache.wdb	Vol'jin - Conquest of Azeroth	Vol'jin	Conquest of Azeroth	conquest-of-azeroth	modes.json	0	2026-09-04	extracted/WDB(1)__7z/WDB/enUS/Vol'jin - Conquest of Azeroth/itemstatcache.wdb
811	c13df04e7eedcd84840c81db7c9a7465b6b4c884b764d5cd935e5b70d5dad70a	npccache	npccache.wdb	Vol'jin - Conquest of Azeroth	Vol'jin	Conquest of Azeroth	conquest-of-azeroth	modes.json	139	2026-09-04	extracted/WDB(1)__7z/WDB/enUS/Vol'jin - Conquest of Azeroth/npccache.wdb
812	2884eede756d6f586cd15a7c43e38c4e790ab0d71771c432d9ffd7ade831384a	pagetextcache	pagetextcache.wdb	Vol'jin - Conquest of Azeroth	Vol'jin	Conquest of Azeroth	conquest-of-azeroth	modes.json	14	2026-09-04	extracted/WDB(1)__7z/WDB/enUS/Vol'jin - Conquest of Azeroth/pagetextcache.wdb
813	173d92e0e753ac7c8be796156cd25ad98c8f2da841e95639b73619c02a33ca07	questcache	questcache.wdb	Vol'jin - Conquest of Azeroth	Vol'jin	Conquest of Azeroth	conquest-of-azeroth	modes.json	311	2026-09-04	extracted/WDB(1)__7z/WDB/enUS/Vol'jin - Conquest of Azeroth/questcache.wdb
814	f3dbf9d99976a80efdd1767532edb31b64cf06c5e59d754630b897960ba3e1c8	(non-standard)	questcacheaddon.wdb	Vol'jin - Conquest of Azeroth	Vol'jin	Conquest of Azeroth	conquest-of-azeroth	modes.json	0	2026-09-02	extracted/WDB(1)__7z/WDB/enUS/Vol'jin - Conquest of Azeroth/questcacheaddon.wdb
815	eb9c6aa6cb541b2806f4199f08eba0c3cffc05031c5673388b812e4e97d0ac6d	creaturecache	creaturecache.wdb	Warcraft Reborn Live QA 2	Warcraft Reborn Live QA 2	unknown	unknown	unknown	0	2026-07-22	extracted/WDB(1)__7z/WDB/enUS/Warcraft Reborn Live QA 2/creaturecache.wdb
816	35ffa0c2721decda54a76c0a59f00171c0f818ea30f52e7829f32ddf04fc04ff	gameobjectcache	gameobjectcache.wdb	Warcraft Reborn Live QA 2	Warcraft Reborn Live QA 2	unknown	unknown	unknown	0	2026-07-22	extracted/WDB(1)__7z/WDB/enUS/Warcraft Reborn Live QA 2/gameobjectcache.wdb
817	05caf94b1a961df5f1642e02592e9af76cb2e9e87e338378f37020c09e7d13f0	itemcache	itemcache.wdb	Warcraft Reborn Live QA 2	Warcraft Reborn Live QA 2	unknown	unknown	unknown	0	2026-07-22	extracted/WDB(1)__7z/WDB/enUS/Warcraft Reborn Live QA 2/itemcache.wdb
818	e8e075dfad5df9acb0402ad0bd7dc616ca2d588a09e58a456267a795b83900ba	itemnamecache	itemnamecache.wdb	Warcraft Reborn Live QA 2	Warcraft Reborn Live QA 2	unknown	unknown	unknown	0	2026-07-22	extracted/WDB(1)__7z/WDB/enUS/Warcraft Reborn Live QA 2/itemnamecache.wdb
819	976efce0e5d40769e1c956e832a906dec2f55dda063b301244a1ace5a39f8030	itemtextcache	itemtextcache.wdb	Warcraft Reborn Live QA 2	Warcraft Reborn Live QA 2	unknown	unknown	unknown	0	2026-07-22	extracted/WDB(1)__7z/WDB/enUS/Warcraft Reborn Live QA 2/itemtextcache.wdb
820	6e72077c9e26d4354eac2f8c33993cf03481244598dd01b504d9a96f4f8d245f	npccache	npccache.wdb	Warcraft Reborn Live QA 2	Warcraft Reborn Live QA 2	unknown	unknown	unknown	0	2026-07-22	extracted/WDB(1)__7z/WDB/enUS/Warcraft Reborn Live QA 2/npccache.wdb
821	bfa80d4f24399b1b2d9f11c710f474420bb08d39584939d4bce39d2feedb561a	pagetextcache	pagetextcache.wdb	Warcraft Reborn Live QA 2	Warcraft Reborn Live QA 2	unknown	unknown	unknown	0	2026-07-22	extracted/WDB(1)__7z/WDB/enUS/Warcraft Reborn Live QA 2/pagetextcache.wdb
822	0a9f6eaee0ad8232e97898161bbf825e6e046ebce7f618eb2c55689ce29b53ce	questcache	questcache.wdb	Warcraft Reborn Live QA 2	Warcraft Reborn Live QA 2	unknown	unknown	unknown	0	2026-07-22	extracted/WDB(1)__7z/WDB/enUS/Warcraft Reborn Live QA 2/questcache.wdb
823	69bac9330927bf9b2149af31f06707c8768e2c0b7987740e6c57139adc775acb	wowcache	wowcache.wdb	Warcraft Reborn Live QA 2	Warcraft Reborn Live QA 2	unknown	unknown	unknown	0	2026-07-22	extracted/WDB(1)__7z/WDB/enUS/Warcraft Reborn Live QA 2/wowcache.wdb
824	f406df109588c2a4f09b6d2f3fd8e24bb42d5884114c0b4b85535c0e45fa47f2	creaturecache	creaturecache.wdb	enUS (realm root)		conquest-of-azeroth	conquest-of-azeroth	inferred:1.000/35229	6859	2026-09-04	extracted/WDB(1)__7z/WDB/enUS/creaturecache.wdb
825	fbb14a290eb60626010f4687b38db6666d082daaaefb490e37be2e48d1913c74	gameobjectcache	gameobjectcache.wdb	enUS (realm root)		conquest-of-azeroth	conquest-of-azeroth	inferred:1.000/35229	2852	2026-09-04	extracted/WDB(1)__7z/WDB/enUS/gameobjectcache.wdb
826	cd74ddbe331b21a6c5c7e1c14eac53bcc38f6b39245906ca8cf31ec66d62485f	itemcache	itemcache.wdb	enUS (realm root)		conquest-of-azeroth	conquest-of-azeroth	inferred:1.000/35229	35246	2026-09-04	extracted/WDB(1)__7z/WDB/enUS/itemcache.wdb
827	b03b22ac1f3b34a17697f3313be811b08ad225d7f356bd891670e049081ed5cd	itemnamecache	itemnamecache.wdb	enUS (realm root)		conquest-of-azeroth	conquest-of-azeroth	inferred:1.000/35229	179	2026-09-04	extracted/WDB(1)__7z/WDB/enUS/itemnamecache.wdb
828	e7c5208de867663eb6d40e978b9c3712ce1bd95095ee7c0c5e550a9fdcd7f677	(non-standard)	itemstatcache.wdb	enUS (realm root)		conquest-of-azeroth	conquest-of-azeroth	inferred:1.000/35229	0	2026-08-01	extracted/WDB(1)__7z/WDB/enUS/itemstatcache.wdb
829	69d454a7d2adcc5c7d6d19b4ffcc9933132c3169a70e5a322151456d87a4215f	itemtextcache	itemtextcache.wdb	enUS (realm root)		conquest-of-azeroth	conquest-of-azeroth	inferred:1.000/35229	0	2026-09-04	extracted/WDB(1)__7z/WDB/enUS/itemtextcache.wdb
830	b9fe52edee4c46ec216497084d1db14519431b9b94b1ed1b646e6ba9e20588bc	npccache	npccache.wdb	enUS (realm root)		conquest-of-azeroth	conquest-of-azeroth	inferred:1.000/35229	141	2026-09-04	extracted/WDB(1)__7z/WDB/enUS/npccache.wdb
831	b8e3c9f093ab734e06ea0845451f5fb90c670ed355a8fd253ba4d97199f46eae	pagetextcache	pagetextcache.wdb	enUS (realm root)		conquest-of-azeroth	conquest-of-azeroth	inferred:1.000/35229	18	2026-09-04	extracted/WDB(1)__7z/WDB/enUS/pagetextcache.wdb
832	6e9f64cefa25554c624742c69314b18d32cbd2dacaf83cc6e76b5fa53db7626f	questcache	questcache.wdb	enUS (realm root)		conquest-of-azeroth	conquest-of-azeroth	inferred:1.000/35229	309	2026-09-04	extracted/WDB(1)__7z/WDB/enUS/questcache.wdb
833	c2d1e133d60ddb6aaf4f13a1deee949a120400ba95db3795bd813be77cf1c7f6	wowcache	wowcache.wdb	enUS (realm root)		conquest-of-azeroth	conquest-of-azeroth	inferred:1.000/35229	0	2026-09-04	extracted/WDB(1)__7z/WDB/enUS/wowcache.wdb
834	d7e7bc35d99faa2bfe166437148f84cca6b7e38f481d89e2fc064c836a10ef00	creaturecache	creaturecache.wdb	Vol'jin - Conquest of Azeroth	Vol'jin	Conquest of Azeroth	conquest-of-azeroth	modes.json	1592	2026-09-01	extracted/WDB(2)/WDB/enUS/Vol'jin - Conquest of Azeroth/creaturecache.wdb
835	49dc62f4cb706c2240025d7a86c47f92320a19af2324f7c434c9f0a6f59198a5	gameobjectcache	gameobjectcache.wdb	Vol'jin - Conquest of Azeroth	Vol'jin	Conquest of Azeroth	conquest-of-azeroth	modes.json	1966	2026-09-01	extracted/WDB(2)/WDB/enUS/Vol'jin - Conquest of Azeroth/gameobjectcache.wdb
836	201aefd814bfdbb4b2a26a27d7d8b50bed3daa1400bd9b1886b94375988b4de8	itemcache	itemcache.wdb	Vol'jin - Conquest of Azeroth	Vol'jin	Conquest of Azeroth	conquest-of-azeroth	modes.json	17280	2026-09-01	extracted/WDB(2)/WDB/enUS/Vol'jin - Conquest of Azeroth/itemcache.wdb
837	238396df592e0b88a6770eaffb07f9a0963e1229497b560786e0a54b29066fe9	itemnamecache	itemnamecache.wdb	Vol'jin - Conquest of Azeroth	Vol'jin	Conquest of Azeroth	conquest-of-azeroth	modes.json	557	2026-09-01	extracted/WDB(2)/WDB/enUS/Vol'jin - Conquest of Azeroth/itemnamecache.wdb
838	2aaced949d12ff588f8243d90026bffd5f0c497c7ea9133da776eb4c2e1ae0e2	(non-standard)	itemstatcache.wdb	Vol'jin - Conquest of Azeroth	Vol'jin	Conquest of Azeroth	conquest-of-azeroth	modes.json	0	2026-09-01	extracted/WDB(2)/WDB/enUS/Vol'jin - Conquest of Azeroth/itemstatcache.wdb
839	1673458b30206c502e52cad51c40eb81a4a76c3f5d3b7ddcdbab75919e591992	itemtextcache	itemtextcache.wdb	Vol'jin - Conquest of Azeroth	Vol'jin	Conquest of Azeroth	conquest-of-azeroth	modes.json	0	2026-09-01	extracted/WDB(2)/WDB/enUS/Vol'jin - Conquest of Azeroth/itemtextcache.wdb
840	af8c8de89c33f3d69093ca70084cc2b5023a527a8271591270cc494d60cc6aeb	npccache	npccache.wdb	Vol'jin - Conquest of Azeroth	Vol'jin	Conquest of Azeroth	conquest-of-azeroth	modes.json	19	2026-09-01	extracted/WDB(2)/WDB/enUS/Vol'jin - Conquest of Azeroth/npccache.wdb
841	82db6fdd8591a6e5981cdd543e3f248872d412fee08c26e9650b71e85aac4484	pagetextcache	pagetextcache.wdb	Vol'jin - Conquest of Azeroth	Vol'jin	Conquest of Azeroth	conquest-of-azeroth	modes.json	0	2026-09-01	extracted/WDB(2)/WDB/enUS/Vol'jin - Conquest of Azeroth/pagetextcache.wdb
842	b442c42970e393a04995de2b926676ab731e92f4df00235cd7212901edac262a	questcache	questcache.wdb	Vol'jin - Conquest of Azeroth	Vol'jin	Conquest of Azeroth	conquest-of-azeroth	modes.json	124	2026-09-01	extracted/WDB(2)/WDB/enUS/Vol'jin - Conquest of Azeroth/questcache.wdb
843	ea0dc9556db3732301c9191847974c89b5de9ca9ced10b659e7d05c63ab4b0cf	(non-standard)	questcacheaddon.wdb	Vol'jin - Conquest of Azeroth	Vol'jin	Conquest of Azeroth	conquest-of-azeroth	modes.json	0	2026-08-27	extracted/WDB(2)/WDB/enUS/Vol'jin - Conquest of Azeroth/questcacheaddon.wdb
844	f9fae52ec59188f1c1ddaf03b9c23deece6c08e023c2e0a9e884349fe74ce10f	wowcache	wowcache.wdb	Vol'jin - Conquest of Azeroth	Vol'jin	Conquest of Azeroth	conquest-of-azeroth	modes.json	0	2026-09-01	extracted/WDB(2)/WDB/enUS/Vol'jin - Conquest of Azeroth/wowcache.wdb
845	8c53ca58f7195ae970286b2dd1092bae3467bac3ca4781e7426a1ec0629b9773	creaturecache	creaturecache.wdb	Bronzebeard - Warcraft Reborn	Bronzebeard	Warcraft Reborn	warcraft-reborn	modes.json	389	2026-08-11	extracted/WDB(3)/WDB/enUS/Bronzebeard - Warcraft Reborn/creaturecache.wdb
846	933976d3b5217203be32d8060ad240dd2cc51d789b187979ed1a88a05f9e361d	gameobjectcache	gameobjectcache.wdb	Bronzebeard - Warcraft Reborn	Bronzebeard	Warcraft Reborn	warcraft-reborn	modes.json	136	2026-08-11	extracted/WDB(3)/WDB/enUS/Bronzebeard - Warcraft Reborn/gameobjectcache.wdb
847	c4282d397baded0224142d9f06b95e0e0236106e39a6587750dc2f00a897d1b7	itemcache	itemcache.wdb	Bronzebeard - Warcraft Reborn	Bronzebeard	Warcraft Reborn	warcraft-reborn	modes.json	1388	2026-08-11	extracted/WDB(3)/WDB/enUS/Bronzebeard - Warcraft Reborn/itemcache.wdb
848	03ea57cf98a596e4c905c703e090846cf7f79087d845f8057986b5a4349d8e10	itemnamecache	itemnamecache.wdb	Bronzebeard - Warcraft Reborn	Bronzebeard	Warcraft Reborn	warcraft-reborn	modes.json	97	2026-08-11	extracted/WDB(3)/WDB/enUS/Bronzebeard - Warcraft Reborn/itemnamecache.wdb
849	6e63c17845b9b02f19e69a61e69054d7649757c1748cb38e86e563822ee65570	npccache	npccache.wdb	Bronzebeard - Warcraft Reborn	Bronzebeard	Warcraft Reborn	warcraft-reborn	modes.json	1	2026-08-11	extracted/WDB(3)/WDB/enUS/Bronzebeard - Warcraft Reborn/npccache.wdb
850	7f4abce7a0516f24486bb392646802ec155f0a617ebcf7cb3f96e15f94feb4e3	questcache	questcache.wdb	Bronzebeard - Warcraft Reborn	Bronzebeard	Warcraft Reborn	warcraft-reborn	modes.json	77	2026-08-11	extracted/WDB(3)/WDB/enUS/Bronzebeard - Warcraft Reborn/questcache.wdb
851	3c1f3fd6014e9dfa3364ef4157a6ba4a4701be80f2478e8efe5099e17b557878	creaturecache	creaturecache.wdb	Rexxar - Conquest of Azeroth	Rexxar	Conquest of Azeroth	conquest-of-azeroth	modes.json	475	2026-08-28	extracted/WDB(3)/WDB/enUS/Rexxar - Conquest of Azeroth/creaturecache.wdb
852	ea80fde05defaa53911606f68dda2a8e7f267c3a9426997177ef7ca2fec190d4	gameobjectcache	gameobjectcache.wdb	Rexxar - Conquest of Azeroth	Rexxar	Conquest of Azeroth	conquest-of-azeroth	modes.json	150	2026-08-28	extracted/WDB(3)/WDB/enUS/Rexxar - Conquest of Azeroth/gameobjectcache.wdb
853	72a7b81234df0a25b7743619e376b0c893028827fb5657ac77dda056a2ea37a5	itemcache	itemcache.wdb	Rexxar - Conquest of Azeroth	Rexxar	Conquest of Azeroth	conquest-of-azeroth	modes.json	2449	2026-08-28	extracted/WDB(3)/WDB/enUS/Rexxar - Conquest of Azeroth/itemcache.wdb
854	a401e402ab528a65a5d58004a5c10ddae0242ec786a164f04c0c72e8a762e2cd	itemnamecache	itemnamecache.wdb	Rexxar - Conquest of Azeroth	Rexxar	Conquest of Azeroth	conquest-of-azeroth	modes.json	9	2026-08-28	extracted/WDB(3)/WDB/enUS/Rexxar - Conquest of Azeroth/itemnamecache.wdb
855	7a75952b68c720e67d7a38c8d6f3e844b9459840760afcec96741a8b11db5e92	(non-standard)	itemstatcache.wdb	Rexxar - Conquest of Azeroth	Rexxar	Conquest of Azeroth	conquest-of-azeroth	modes.json	0	2026-08-28	extracted/WDB(3)/WDB/enUS/Rexxar - Conquest of Azeroth/itemstatcache.wdb
856	ad25d0b32e820975e33942dc8f3024c15d5be2a9a628e8f77de5e7594eaaafd8	npccache	npccache.wdb	Rexxar - Conquest of Azeroth	Rexxar	Conquest of Azeroth	conquest-of-azeroth	modes.json	17	2026-08-28	extracted/WDB(3)/WDB/enUS/Rexxar - Conquest of Azeroth/npccache.wdb
857	bfa80d4f24399b1b2d9f11c710f474420bb08d39584939d4bce39d2feedb561a	pagetextcache	pagetextcache.wdb	Rexxar - Conquest of Azeroth	Rexxar	Conquest of Azeroth	conquest-of-azeroth	modes.json	0	2026-08-28	extracted/WDB(3)/WDB/enUS/Rexxar - Conquest of Azeroth/pagetextcache.wdb
858	26a5b7437afeb9fdbbbb6380ea80511d27c0b0f3dba1b88baebc9afbad2a1040	questcache	questcache.wdb	Rexxar - Conquest of Azeroth	Rexxar	Conquest of Azeroth	conquest-of-azeroth	modes.json	102	2026-08-28	extracted/WDB(3)/WDB/enUS/Rexxar - Conquest of Azeroth/questcache.wdb
859	da87e449871cd7ee9e8ebc7dfb4dc19cd3e3fafc03a6cdb76df44456d9aadf86	(non-standard)	questcacheaddon.wdb	Rexxar - Conquest of Azeroth	Rexxar	Conquest of Azeroth	conquest-of-azeroth	modes.json	0	2026-08-26	extracted/WDB(3)/WDB/enUS/Rexxar - Conquest of Azeroth/questcacheaddon.wdb
860	3a72ce9be55eabe1f9bad7737ae1ddd5d75dd0564e017b8f819f67ac051e6e90	creaturecache	creaturecache.wdb	Vol'jin - Conquest of Azeroth	Vol'jin	Conquest of Azeroth	conquest-of-azeroth	modes.json	9247	2026-09-02	extracted/WDB(3)/WDB/enUS/Vol'jin - Conquest of Azeroth/creaturecache.wdb
861	8397299d2b64b86460babbb3dd29d3c07fb0955eef276b88d5ab33235e65fcd1	gameobjectcache	gameobjectcache.wdb	Vol'jin - Conquest of Azeroth	Vol'jin	Conquest of Azeroth	conquest-of-azeroth	modes.json	6491	2026-09-02	extracted/WDB(3)/WDB/enUS/Vol'jin - Conquest of Azeroth/gameobjectcache.wdb
862	b6eb273c0cd39f843dc39270908547ef606b92ece43d5bc58f10f43bb87fc7a5	itemcache	itemcache.wdb	Vol'jin - Conquest of Azeroth	Vol'jin	Conquest of Azeroth	conquest-of-azeroth	modes.json	36398	2026-09-02	extracted/WDB(3)/WDB/enUS/Vol'jin - Conquest of Azeroth/itemcache.wdb
863	3e0a4c7abc568f0b29b6b86b51cd9b49445786104ccc84410d8a872b99536b8d	itemnamecache	itemnamecache.wdb	Vol'jin - Conquest of Azeroth	Vol'jin	Conquest of Azeroth	conquest-of-azeroth	modes.json	571	2026-09-02	extracted/WDB(3)/WDB/enUS/Vol'jin - Conquest of Azeroth/itemnamecache.wdb
864	c37ec2a6bf3a3821c348abcdd33e69c84efe49a0d49bd497357b90e3e7b48b59	(non-standard)	itemstatcache.wdb	Vol'jin - Conquest of Azeroth	Vol'jin	Conquest of Azeroth	conquest-of-azeroth	modes.json	0	2026-09-01	extracted/WDB(3)/WDB/enUS/Vol'jin - Conquest of Azeroth/itemstatcache.wdb
865	976efce0e5d40769e1c956e832a906dec2f55dda063b301244a1ace5a39f8030	itemtextcache	itemtextcache.wdb	Vol'jin - Conquest of Azeroth	Vol'jin	Conquest of Azeroth	conquest-of-azeroth	modes.json	0	2026-09-02	extracted/WDB(3)/WDB/enUS/Vol'jin - Conquest of Azeroth/itemtextcache.wdb
866	fbf1f2df9702b4dd3f1bec824f46ab8963eb3147d98789ab0bebc7a435c9dbe5	npccache	npccache.wdb	Vol'jin - Conquest of Azeroth	Vol'jin	Conquest of Azeroth	conquest-of-azeroth	modes.json	344	2026-09-02	extracted/WDB(3)/WDB/enUS/Vol'jin - Conquest of Azeroth/npccache.wdb
867	dee4ef7228e4857a92a58c4c30a506ac8891497c8ab3236abbff2007ac16aca9	pagetextcache	pagetextcache.wdb	Vol'jin - Conquest of Azeroth	Vol'jin	Conquest of Azeroth	conquest-of-azeroth	modes.json	39	2026-09-02	extracted/WDB(3)/WDB/enUS/Vol'jin - Conquest of Azeroth/pagetextcache.wdb
868	40e92b1b60121841606551ecf26016e8d53ba92554e1b5cf0b4fbed9011bba5f	questcache	questcache.wdb	Vol'jin - Conquest of Azeroth	Vol'jin	Conquest of Azeroth	conquest-of-azeroth	modes.json	946	2026-09-02	extracted/WDB(3)/WDB/enUS/Vol'jin - Conquest of Azeroth/questcache.wdb
869	63c4f5a4b73ec940d3fc6c16ac535451a5bee8c59fed5326d0398cc0b073aa21	(non-standard)	questcacheaddon.wdb	Vol'jin - Conquest of Azeroth	Vol'jin	Conquest of Azeroth	conquest-of-azeroth	modes.json	0	2026-09-02	extracted/WDB(3)/WDB/enUS/Vol'jin - Conquest of Azeroth/questcacheaddon.wdb
870	69bac9330927bf9b2149af31f06707c8768e2c0b7987740e6c57139adc775acb	wowcache	wowcache.wdb	Vol'jin - Conquest of Azeroth	Vol'jin	Conquest of Azeroth	conquest-of-azeroth	modes.json	0	2026-09-02	extracted/WDB(3)/WDB/enUS/Vol'jin - Conquest of Azeroth/wowcache.wdb
871	0c496e9954fffe532a43da03e0e294cc58d2cdb2ed5471a2361f3cb25c633236	creaturecache	creaturecache.wdb	Area 52 - Free-Pick	Area 52	Free-Pick	free-pick	modes.json	0	2026-08-23	extracted/WDB(4)/WDB/enUS/Area 52 - Free-Pick/creaturecache.wdb
872	962a7018cef1ea7549014ecf48c20c19d9168471a1a2a5bcad09aeec56d2d266	gameobjectcache	gameobjectcache.wdb	Area 52 - Free-Pick	Area 52	Free-Pick	free-pick	modes.json	0	2026-08-23	extracted/WDB(4)/WDB/enUS/Area 52 - Free-Pick/gameobjectcache.wdb
873	2131b797e1be3f2e137f4781a6efbd9dc3cb79190d2aaf5172c3304830d9c0ed	itemcache	itemcache.wdb	Area 52 - Free-Pick	Area 52	Free-Pick	free-pick	modes.json	0	2026-08-23	extracted/WDB(4)/WDB/enUS/Area 52 - Free-Pick/itemcache.wdb
874	6a999ea5785056b0723c5f44b23358f6839a799885ad05891cebf8abdd371745	npccache	npccache.wdb	Area 52 - Free-Pick	Area 52	Free-Pick	free-pick	modes.json	0	2026-08-23	extracted/WDB(4)/WDB/enUS/Area 52 - Free-Pick/npccache.wdb
875	4e9562247e3211fe5656a9466c40afa5be411dbffa10e82e02fa2d63916cd502	pagetextcache	pagetextcache.wdb	Area 52 - Free-Pick	Area 52	Free-Pick	free-pick	modes.json	0	2026-08-23	extracted/WDB(4)/WDB/enUS/Area 52 - Free-Pick/pagetextcache.wdb
876	63d7e57b7a38e86d5f2fd66c4be371102894130415224b5989ca0993921f2e82	questcache	questcache.wdb	Area 52 - Free-Pick	Area 52	Free-Pick	free-pick	modes.json	0	2026-08-23	extracted/WDB(4)/WDB/enUS/Area 52 - Free-Pick/questcache.wdb
877	910929d190e91db7623f985022f0e7d5bfb922ea259fe7fbb377efcf23119881	creaturecache	creaturecache.wdb	Darkmoon - Season 10 Wildcard	Darkmoon	Season 10 Wildcard	season-10-wildcard	modes.json	280	2026-07-31	extracted/WDB(4)/WDB/enUS/Darkmoon - Season 10 Wildcard/creaturecache.wdb
878	3da4f7a4c21d8934b9a3232da8e6228a072a9faa3cb86ea76f7420543b69f9ff	gameobjectcache	gameobjectcache.wdb	Darkmoon - Season 10 Wildcard	Darkmoon	Season 10 Wildcard	season-10-wildcard	modes.json	26	2026-07-31	extracted/WDB(4)/WDB/enUS/Darkmoon - Season 10 Wildcard/gameobjectcache.wdb
879	53499a38f8156e51ad443e01147e650234f69c23bf8ca744e3fd785229401458	itemcache	itemcache.wdb	Darkmoon - Season 10 Wildcard	Darkmoon	Season 10 Wildcard	season-10-wildcard	modes.json	513	2026-07-31	extracted/WDB(4)/WDB/enUS/Darkmoon - Season 10 Wildcard/itemcache.wdb
880	e8e075dfad5df9acb0402ad0bd7dc616ca2d588a09e58a456267a795b83900ba	itemnamecache	itemnamecache.wdb	Darkmoon - Season 10 Wildcard	Darkmoon	Season 10 Wildcard	season-10-wildcard	modes.json	0	2026-07-31	extracted/WDB(4)/WDB/enUS/Darkmoon - Season 10 Wildcard/itemnamecache.wdb
881	dd28654383127ca203e3c8b46eb266976e6776f7747ab88769025c015ba3a8c4	(non-standard)	itemstatcache.wdb	Darkmoon - Season 10 Wildcard	Darkmoon	Season 10 Wildcard	season-10-wildcard	modes.json	0	2026-07-29	extracted/WDB(4)/WDB/enUS/Darkmoon - Season 10 Wildcard/itemstatcache.wdb
882	6e72077c9e26d4354eac2f8c33993cf03481244598dd01b504d9a96f4f8d245f	npccache	npccache.wdb	Darkmoon - Season 10 Wildcard	Darkmoon	Season 10 Wildcard	season-10-wildcard	modes.json	0	2026-07-31	extracted/WDB(4)/WDB/enUS/Darkmoon - Season 10 Wildcard/npccache.wdb
883	6e25c516c6b2b60c0c5fa95347435126ebb70ac3e755c7bf4d155f75c09f006d	questcache	questcache.wdb	Darkmoon - Season 10 Wildcard	Darkmoon	Season 10 Wildcard	season-10-wildcard	modes.json	59	2026-07-31	extracted/WDB(4)/WDB/enUS/Darkmoon - Season 10 Wildcard/questcache.wdb
884	1281c0b7fa6cbc25f9e974c3dea9d81c74b8759043821840bd218439f8eef050	creaturecache	creaturecache.wdb	Dawnrise - Season 10 Freepick	Dawnrise	Season 10 Freepick	season-10-freepick	modes.json	8325	2026-08-30	extracted/WDB(4)/WDB/enUS/Dawnrise - Season 10 Freepick/creaturecache.wdb
885	9d5da2a71a6d12730233a35775f5165135c3c7a6396969fe9713d1d2233d9143	gameobjectcache	gameobjectcache.wdb	Dawnrise - Season 10 Freepick	Dawnrise	Season 10 Freepick	season-10-freepick	modes.json	6259	2026-08-30	extracted/WDB(4)/WDB/enUS/Dawnrise - Season 10 Freepick/gameobjectcache.wdb
886	033babfdb930506568960c02a4737fa15ea7fd2b34770bfc3fc67c5ed0d70e1c	itemcache	itemcache.wdb	Dawnrise - Season 10 Freepick	Dawnrise	Season 10 Freepick	season-10-freepick	modes.json	30675	2026-08-30	extracted/WDB(4)/WDB/enUS/Dawnrise - Season 10 Freepick/itemcache.wdb
887	5600cf430dba799d476c84aa42e326bdbbbc2e97c589934286c40d41da33a0f3	itemnamecache	itemnamecache.wdb	Dawnrise - Season 10 Freepick	Dawnrise	Season 10 Freepick	season-10-freepick	modes.json	595	2026-08-30	extracted/WDB(4)/WDB/enUS/Dawnrise - Season 10 Freepick/itemnamecache.wdb
888	fa30aa223d1b850486acfdf38ed069aa415e89d1e484e1d6b6a6d1f8e87f88a4	(non-standard)	itemstatcache.wdb	Dawnrise - Season 10 Freepick	Dawnrise	Season 10 Freepick	season-10-freepick	modes.json	0	2026-08-30	extracted/WDB(4)/WDB/enUS/Dawnrise - Season 10 Freepick/itemstatcache.wdb
889	bb50dc9c9f9c43e6389e2300e07c6cff254bb40321cc075a3eba421b731cc698	npccache	npccache.wdb	Dawnrise - Season 10 Freepick	Dawnrise	Season 10 Freepick	season-10-freepick	modes.json	357	2026-08-30	extracted/WDB(4)/WDB/enUS/Dawnrise - Season 10 Freepick/npccache.wdb
890	daf57ebda0c2579106d7a4f5c93a9cca529e30ff937a0e57812423bbb17c2ab8	pagetextcache	pagetextcache.wdb	Dawnrise - Season 10 Freepick	Dawnrise	Season 10 Freepick	season-10-freepick	modes.json	10	2026-08-30	extracted/WDB(4)/WDB/enUS/Dawnrise - Season 10 Freepick/pagetextcache.wdb
891	6841339956e0ccbaabe2dd41b8447582b158fbec977b139fb84bfb0d14f5998d	questcache	questcache.wdb	Dawnrise - Season 10 Freepick	Dawnrise	Season 10 Freepick	season-10-freepick	modes.json	892	2026-08-30	extracted/WDB(4)/WDB/enUS/Dawnrise - Season 10 Freepick/questcache.wdb
892	40baf0117e7212d4b9996c51925fdf79568c57f0ef6946dd64a276fdab9e7ce7	(non-standard)	questcacheaddon.wdb	Dawnrise - Season 10 Freepick	Dawnrise	Season 10 Freepick	season-10-freepick	modes.json	0	2026-08-13	extracted/WDB(4)/WDB/enUS/Dawnrise - Season 10 Freepick/questcacheaddon.wdb
893	60647244a08e3938e3cfd9105a7c81a34fb7e4e12a5b90ce2f1d184c123d84ec	creaturecache	creaturecache.wdb	Rexxar - Conquest of Azeroth	Rexxar	Conquest of Azeroth	conquest-of-azeroth	modes.json	9300	2026-09-04	extracted/WDB(4)/WDB/enUS/Rexxar - Conquest of Azeroth/creaturecache.wdb
894	f9a3b41ce10570d07315939e5c4c07898b64416145cc4d2f833b7545ab2951c1	gameobjectcache	gameobjectcache.wdb	Rexxar - Conquest of Azeroth	Rexxar	Conquest of Azeroth	conquest-of-azeroth	modes.json	6381	2026-09-04	extracted/WDB(4)/WDB/enUS/Rexxar - Conquest of Azeroth/gameobjectcache.wdb
895	b92eb16440429e06b4a35e7a67280c20f6dc7adbec7fd07cbad6110b811a79b7	itemcache	itemcache.wdb	Rexxar - Conquest of Azeroth	Rexxar	Conquest of Azeroth	conquest-of-azeroth	modes.json	39202	2026-09-04	extracted/WDB(4)/WDB/enUS/Rexxar - Conquest of Azeroth/itemcache.wdb
896	e77d8e95b956cb1805ae9bc0aed7c60249bc6131b353522a25213c4cd1ec2cbe	itemnamecache	itemnamecache.wdb	Rexxar - Conquest of Azeroth	Rexxar	Conquest of Azeroth	conquest-of-azeroth	modes.json	584	2026-09-04	extracted/WDB(4)/WDB/enUS/Rexxar - Conquest of Azeroth/itemnamecache.wdb
897	56764729092edc732deeb0e562b0a015cd2a3e31ed8a3197415c1f0fbd4c0a17	(non-standard)	itemstatcache.wdb	Rexxar - Conquest of Azeroth	Rexxar	Conquest of Azeroth	conquest-of-azeroth	modes.json	0	2026-09-04	extracted/WDB(4)/WDB/enUS/Rexxar - Conquest of Azeroth/itemstatcache.wdb
898	907245e9675a80b8a43e30141339a3c3e80f1a57f56a99b7facc23f17d968bba	npccache	npccache.wdb	Rexxar - Conquest of Azeroth	Rexxar	Conquest of Azeroth	conquest-of-azeroth	modes.json	417	2026-09-04	extracted/WDB(4)/WDB/enUS/Rexxar - Conquest of Azeroth/npccache.wdb
899	79065a61ca97c2400681d38ddf0c8bd6939d52fa50abb9674f8cdb758057e3ab	pagetextcache	pagetextcache.wdb	Rexxar - Conquest of Azeroth	Rexxar	Conquest of Azeroth	conquest-of-azeroth	modes.json	29	2026-09-04	extracted/WDB(4)/WDB/enUS/Rexxar - Conquest of Azeroth/pagetextcache.wdb
900	c94ab73780c166362d64cdabce59c4aabd8643249b3f74201610555e8104df0a	questcache	questcache.wdb	Rexxar - Conquest of Azeroth	Rexxar	Conquest of Azeroth	conquest-of-azeroth	modes.json	1118	2026-09-04	extracted/WDB(4)/WDB/enUS/Rexxar - Conquest of Azeroth/questcache.wdb
901	ee9d026b4e4d7b2b715fadb2ef8f8ebff8b7345816b665e1e918fcfb09e3b825	(non-standard)	questcacheaddon.wdb	Rexxar - Conquest of Azeroth	Rexxar	Conquest of Azeroth	conquest-of-azeroth	modes.json	0	2026-08-29	extracted/WDB(4)/WDB/enUS/Rexxar - Conquest of Azeroth/questcacheaddon.wdb
902	a9b042750c8975c64c675a59bd6443b1916c2a19eefc39da05837da73ba678e0	creaturecache	creaturecache.wdb	Rexxar - Conquest of Azeroth	Rexxar	Conquest of Azeroth	conquest-of-azeroth	modes.json	6356	2026-09-04	extracted/WDB(5)/WDB/enUS/Rexxar - Conquest of Azeroth/creaturecache.wdb
903	34eec66b63050fd2021b3aa49e8edea5efe72ce87f8d80c5eb8fd2905ee4dc83	gameobjectcache	gameobjectcache.wdb	Rexxar - Conquest of Azeroth	Rexxar	Conquest of Azeroth	conquest-of-azeroth	modes.json	2530	2026-09-04	extracted/WDB(5)/WDB/enUS/Rexxar - Conquest of Azeroth/gameobjectcache.wdb
904	b26ea0273a61620434f7adcd51787f6fcc6ddfc4f4575a9c0bc3b9590e736e08	itemcache	itemcache.wdb	Rexxar - Conquest of Azeroth	Rexxar	Conquest of Azeroth	conquest-of-azeroth	modes.json	26043	2026-09-04	extracted/WDB(5)/WDB/enUS/Rexxar - Conquest of Azeroth/itemcache.wdb
905	5d44f95198ae14261c6eca2841aa961374364c7c5819d25b9acbf7fc3860e7b9	itemnamecache	itemnamecache.wdb	Rexxar - Conquest of Azeroth	Rexxar	Conquest of Azeroth	conquest-of-azeroth	modes.json	262	2026-09-04	extracted/WDB(5)/WDB/enUS/Rexxar - Conquest of Azeroth/itemnamecache.wdb
906	7d45bc05d4a0ca3016173ee70b02d6526a791c1d6d8cd09eb6e9b95fc46a70eb	(non-standard)	itemstatcache.wdb	Rexxar - Conquest of Azeroth	Rexxar	Conquest of Azeroth	conquest-of-azeroth	modes.json	0	2026-09-04	extracted/WDB(5)/WDB/enUS/Rexxar - Conquest of Azeroth/itemstatcache.wdb
907	00aa9e78a5213cac3c191dcca648cbe73f31917d74e4937d65ade9195de1049d	npccache	npccache.wdb	Rexxar - Conquest of Azeroth	Rexxar	Conquest of Azeroth	conquest-of-azeroth	modes.json	76	2026-09-04	extracted/WDB(5)/WDB/enUS/Rexxar - Conquest of Azeroth/npccache.wdb
908	7893db5ba4f2d259b8456901c11f167b0474fc9de58593c940ea65aa5dcb3010	pagetextcache	pagetextcache.wdb	Rexxar - Conquest of Azeroth	Rexxar	Conquest of Azeroth	conquest-of-azeroth	modes.json	2	2026-09-04	extracted/WDB(5)/WDB/enUS/Rexxar - Conquest of Azeroth/pagetextcache.wdb
909	cd3c49495007365f323666553a7e58bd9cee48e79902a89f1a418d7a2b21bded	questcache	questcache.wdb	Rexxar - Conquest of Azeroth	Rexxar	Conquest of Azeroth	conquest-of-azeroth	modes.json	251	2026-09-04	extracted/WDB(5)/WDB/enUS/Rexxar - Conquest of Azeroth/questcache.wdb
910	f3dbf9d99976a80efdd1767532edb31b64cf06c5e59d754630b897960ba3e1c8	(non-standard)	questcacheaddon.wdb	Rexxar - Conquest of Azeroth	Rexxar	Conquest of Azeroth	conquest-of-azeroth	modes.json	0	2026-09-03	extracted/WDB(5)/WDB/enUS/Rexxar - Conquest of Azeroth/questcacheaddon.wdb
911	6dc60c6f52b2e02a1aa3efc104967f71950b461c09fb0660f850d9cdad3cb819	creaturecache	creaturecache.wdb	Vol'jin - Conquest of Azeroth	Vol'jin	Conquest of Azeroth	conquest-of-azeroth	modes.json	936	2026-09-04	extracted/WDB(5)/WDB/enUS/Vol'jin - Conquest of Azeroth/creaturecache.wdb
912	6e3af2be1c551a31f199ecc0d861044c1a7e6b9413483411b0ac78240f1e1235	gameobjectcache	gameobjectcache.wdb	Vol'jin - Conquest of Azeroth	Vol'jin	Conquest of Azeroth	conquest-of-azeroth	modes.json	566	2026-09-04	extracted/WDB(5)/WDB/enUS/Vol'jin - Conquest of Azeroth/gameobjectcache.wdb
913	200cdd247537516684490b4245b02a16813095f7ad947ed11cc9f23b780cd3eb	itemcache	itemcache.wdb	Vol'jin - Conquest of Azeroth	Vol'jin	Conquest of Azeroth	conquest-of-azeroth	modes.json	7814	2026-09-04	extracted/WDB(5)/WDB/enUS/Vol'jin - Conquest of Azeroth/itemcache.wdb
914	82a44156fbaff1e4aac6410929e1e01ada9bcea848706439e16ce5bc69ba1e66	itemnamecache	itemnamecache.wdb	Vol'jin - Conquest of Azeroth	Vol'jin	Conquest of Azeroth	conquest-of-azeroth	modes.json	64	2026-09-04	extracted/WDB(5)/WDB/enUS/Vol'jin - Conquest of Azeroth/itemnamecache.wdb
915	b0d03f99d733df2d75c6a206efdfcd506b8dd4b30e7ce1f8a7c5bf177591200c	(non-standard)	itemstatcache.wdb	Vol'jin - Conquest of Azeroth	Vol'jin	Conquest of Azeroth	conquest-of-azeroth	modes.json	0	2026-09-04	extracted/WDB(5)/WDB/enUS/Vol'jin - Conquest of Azeroth/itemstatcache.wdb
916	53df8dc793894b1ec34a11f0e10e2b76a56fcc22438d664dcae1444acfcf3f93	npccache	npccache.wdb	Vol'jin - Conquest of Azeroth	Vol'jin	Conquest of Azeroth	conquest-of-azeroth	modes.json	20	2026-09-04	extracted/WDB(5)/WDB/enUS/Vol'jin - Conquest of Azeroth/npccache.wdb
917	d952c105727fe9736c16b1a3a2dcdcbbafa5da50fe5c58747a0e3402f6cc5891	pagetextcache	pagetextcache.wdb	Vol'jin - Conquest of Azeroth	Vol'jin	Conquest of Azeroth	conquest-of-azeroth	modes.json	4	2026-09-04	extracted/WDB(5)/WDB/enUS/Vol'jin - Conquest of Azeroth/pagetextcache.wdb
918	f44197fd883ea5f94165a50634db0c503bcf0d86a5607a0805b4295d3580cbeb	questcache	questcache.wdb	Vol'jin - Conquest of Azeroth	Vol'jin	Conquest of Azeroth	conquest-of-azeroth	modes.json	133	2026-09-04	extracted/WDB(5)/WDB/enUS/Vol'jin - Conquest of Azeroth/questcache.wdb
919	4306f699f87fea43ed80d85082f32cac7a01327ac3ae0adc0354557993ec8d48	creaturecache	creaturecache.wdb	enUS (realm root)		conquest-of-azeroth	conquest-of-azeroth	inferred:1.000/11155	1101	2026-08-27	extracted/WDB(5)/WDB/enUS/creaturecache.wdb
920	5411d4b2eae97fae5cf6baf96c82f35b275e9bf2db6ec404b18fdc31f3c813c0	gameobjectcache	gameobjectcache.wdb	enUS (realm root)		conquest-of-azeroth	conquest-of-azeroth	inferred:1.000/11155	615	2026-08-27	extracted/WDB(5)/WDB/enUS/gameobjectcache.wdb
921	5a2fa05c03839f201ea62d771a776c8d001eae153b10de5d739263ce10be6334	itemcache	itemcache.wdb	enUS (realm root)		conquest-of-azeroth	conquest-of-azeroth	inferred:1.000/11155	11155	2026-08-27	extracted/WDB(5)/WDB/enUS/itemcache.wdb
922	334e49c95730e592670218e3df7a9fe48b1ac9ed0d888f887785b5b4b9e5c4f3	itemnamecache	itemnamecache.wdb	enUS (realm root)		conquest-of-azeroth	conquest-of-azeroth	inferred:1.000/11155	56	2026-08-27	extracted/WDB(5)/WDB/enUS/itemnamecache.wdb
923	1673458b30206c502e52cad51c40eb81a4a76c3f5d3b7ddcdbab75919e591992	itemtextcache	itemtextcache.wdb	enUS (realm root)		conquest-of-azeroth	conquest-of-azeroth	inferred:1.000/11155	0	2026-08-27	extracted/WDB(5)/WDB/enUS/itemtextcache.wdb
924	beee40a86f94c22cf8109b75d9c264b31b9f5639f7103662419ed458d3c9a9dc	npccache	npccache.wdb	enUS (realm root)		conquest-of-azeroth	conquest-of-azeroth	inferred:1.000/11155	32	2026-08-27	extracted/WDB(5)/WDB/enUS/npccache.wdb
925	82db6fdd8591a6e5981cdd543e3f248872d412fee08c26e9650b71e85aac4484	pagetextcache	pagetextcache.wdb	enUS (realm root)		conquest-of-azeroth	conquest-of-azeroth	inferred:1.000/11155	0	2026-08-27	extracted/WDB(5)/WDB/enUS/pagetextcache.wdb
926	1e166264c136053f78aed92c728d8ec3ea3f5e70fa887c577750e18a4ec0dd3d	questcache	questcache.wdb	enUS (realm root)		conquest-of-azeroth	conquest-of-azeroth	inferred:1.000/11155	170	2026-08-27	extracted/WDB(5)/WDB/enUS/questcache.wdb
927	f9fae52ec59188f1c1ddaf03b9c23deece6c08e023c2e0a9e884349fe74ce10f	wowcache	wowcache.wdb	enUS (realm root)		conquest-of-azeroth	conquest-of-azeroth	inferred:1.000/11155	0	2026-08-27	extracted/WDB(5)/WDB/enUS/wowcache.wdb
928	2f370ecf74a12cfd3457b22c95f44fad653b4641b61db42f0a651dddf9090618	creaturecache	creaturecache.wdb	Rexxar - Conquest of Azeroth	Rexxar	Conquest of Azeroth	conquest-of-azeroth	modes.json	8876	2026-09-02	extracted/WDB(6)/WDB/enUS/Rexxar - Conquest of Azeroth/creaturecache.wdb
929	5169d43f9244bea86b19be591dbd990a1f3284c70e92d06d4638701fd61dc828	gameobjectcache	gameobjectcache.wdb	Rexxar - Conquest of Azeroth	Rexxar	Conquest of Azeroth	conquest-of-azeroth	modes.json	4996	2026-09-02	extracted/WDB(6)/WDB/enUS/Rexxar - Conquest of Azeroth/gameobjectcache.wdb
930	787c5bc3e201797f841b9575b4ea819f9237adc379f53b7140591e218e26a140	itemcache	itemcache.wdb	Rexxar - Conquest of Azeroth	Rexxar	Conquest of Azeroth	conquest-of-azeroth	modes.json	32217	2026-09-02	extracted/WDB(6)/WDB/enUS/Rexxar - Conquest of Azeroth/itemcache.wdb
931	3c5b533b98d37f2da4fa10a8239f9754ed5121d1434544766edf45f1df823708	itemnamecache	itemnamecache.wdb	Rexxar - Conquest of Azeroth	Rexxar	Conquest of Azeroth	conquest-of-azeroth	modes.json	695	2026-09-02	extracted/WDB(6)/WDB/enUS/Rexxar - Conquest of Azeroth/itemnamecache.wdb
932	b689f920761e6893184516c29c24734dcabe6fa0a15e26fcc337c9533f5709de	(non-standard)	itemstatcache.wdb	Rexxar - Conquest of Azeroth	Rexxar	Conquest of Azeroth	conquest-of-azeroth	modes.json	0	2026-09-02	extracted/WDB(6)/WDB/enUS/Rexxar - Conquest of Azeroth/itemstatcache.wdb
933	5736b84dd1e7bcf229cb1e83a8e124b47acba288dd2dbdfb31410530ed116e84	npccache	npccache.wdb	Rexxar - Conquest of Azeroth	Rexxar	Conquest of Azeroth	conquest-of-azeroth	modes.json	224	2026-09-02	extracted/WDB(6)/WDB/enUS/Rexxar - Conquest of Azeroth/npccache.wdb
934	2a13ab757d503d0d5b07af60f5f686417d4197f8262383ee367cbd630ffd0aeb	pagetextcache	pagetextcache.wdb	Rexxar - Conquest of Azeroth	Rexxar	Conquest of Azeroth	conquest-of-azeroth	modes.json	15	2026-09-02	extracted/WDB(6)/WDB/enUS/Rexxar - Conquest of Azeroth/pagetextcache.wdb
935	5df38099da55173a5af9681c3e268b9c664acf9a9db838a6a0944762df42e0b5	questcache	questcache.wdb	Rexxar - Conquest of Azeroth	Rexxar	Conquest of Azeroth	conquest-of-azeroth	modes.json	729	2026-09-02	extracted/WDB(6)/WDB/enUS/Rexxar - Conquest of Azeroth/questcache.wdb
936	e0c16dacc822cfbce54a04c016318d561c70b715f54d46abe1ebbd446c8b2071	(non-standard)	questcacheaddon.wdb	Rexxar - Conquest of Azeroth	Rexxar	Conquest of Azeroth	conquest-of-azeroth	modes.json	0	2026-09-02	extracted/WDB(6)/WDB/enUS/Rexxar - Conquest of Azeroth/questcacheaddon.wdb
937	e5302ea8b83b94dfe691372b0397cd38e22e47c3daef1389f5af43c7ec16290b	creaturecache	creaturecache.wdb	Area 52 - Free-Pick	Area 52	Free-Pick	free-pick	modes.json	3956	2026-09-04	extracted/WDB-1/WDB/enUS/Area 52 - Free-Pick/creaturecache.wdb
938	68bddb1254fc1a07879aa35aa7f12640b320f5df81b924520adbd91a9012288d	gameobjectcache	gameobjectcache.wdb	Area 52 - Free-Pick	Area 52	Free-Pick	free-pick	modes.json	3504	2026-09-04	extracted/WDB-1/WDB/enUS/Area 52 - Free-Pick/gameobjectcache.wdb
939	db3bd7747bac8dd5ea28e1e58c4d4051a1a1a08741895d08bb6ad5ed1256f082	itemcache	itemcache.wdb	Area 52 - Free-Pick	Area 52	Free-Pick	free-pick	modes.json	24556	2026-09-04	extracted/WDB-1/WDB/enUS/Area 52 - Free-Pick/itemcache.wdb
940	9220d79574eececf01af17141f45df336b7a252c1bccc8382784731642d74fb4	itemnamecache	itemnamecache.wdb	Area 52 - Free-Pick	Area 52	Free-Pick	free-pick	modes.json	163	2026-09-04	extracted/WDB-1/WDB/enUS/Area 52 - Free-Pick/itemnamecache.wdb
941	479f8d676692c1da7bc5df5623b586649ef12ede034e81302337b16947030273	(non-standard)	itemstatcache.wdb	Area 52 - Free-Pick	Area 52	Free-Pick	free-pick	modes.json	0	2026-08-09	extracted/WDB-1/WDB/enUS/Area 52 - Free-Pick/itemstatcache.wdb
942	fc79db66461f064a748fed24d07d8682b6e9117341a0af67b7c4f356186ae20e	itemtextcache	itemtextcache.wdb	Area 52 - Free-Pick	Area 52	Free-Pick	free-pick	modes.json	0	2026-09-04	extracted/WDB-1/WDB/enUS/Area 52 - Free-Pick/itemtextcache.wdb
943	6ffc074cfab442bf51451b0f89460501a082b388bcfe3084496508a3392298e9	npccache	npccache.wdb	Area 52 - Free-Pick	Area 52	Free-Pick	free-pick	modes.json	135	2026-09-04	extracted/WDB-1/WDB/enUS/Area 52 - Free-Pick/npccache.wdb
944	6d7309252471b5857e43a06fdb1da0d1bced523c6a93f487ea788a73f0848520	pagetextcache	pagetextcache.wdb	Area 52 - Free-Pick	Area 52	Free-Pick	free-pick	modes.json	0	2026-09-04	extracted/WDB-1/WDB/enUS/Area 52 - Free-Pick/pagetextcache.wdb
945	5935b674c91779cee92f6bfff56acc258c1550a745354a44905e48ef532020de	questcache	questcache.wdb	Area 52 - Free-Pick	Area 52	Free-Pick	free-pick	modes.json	414	2026-09-04	extracted/WDB-1/WDB/enUS/Area 52 - Free-Pick/questcache.wdb
946	fd797827715c3879bbe0a40e989ae41fc53c29c1d9bd17f2b03de4849f25fcea	(non-standard)	questcacheaddon.wdb	Area 52 - Free-Pick	Area 52	Free-Pick	free-pick	modes.json	0	2026-06-18	extracted/WDB-1/WDB/enUS/Area 52 - Free-Pick/questcacheaddon.wdb
947	9dfa9b2bf293bfa5ed9638e76b441d38c546515078f5c8c73ed492f808134ed7	wowcache	wowcache.wdb	Area 52 - Free-Pick	Area 52	Free-Pick	free-pick	modes.json	0	2026-09-04	extracted/WDB-1/WDB/enUS/Area 52 - Free-Pick/wowcache.wdb
948	7b6e2ccd766cc442a7d537282ad40448c1591123efe235839a7c25b028a97738	creaturecache	creaturecache.wdb	Bronzebeard - Warcraft Reborn	Bronzebeard	Warcraft Reborn	warcraft-reborn	modes.json	1262	2026-09-04	extracted/WDB-1/WDB/enUS/Bronzebeard - Warcraft Reborn/creaturecache.wdb
949	d70c3e564e734f564460a6f00930a7e825b4083c83d7e68ce31297898914093e	gameobjectcache	gameobjectcache.wdb	Bronzebeard - Warcraft Reborn	Bronzebeard	Warcraft Reborn	warcraft-reborn	modes.json	932	2026-09-04	extracted/WDB-1/WDB/enUS/Bronzebeard - Warcraft Reborn/gameobjectcache.wdb
950	cf6da22d875f25058baecf43abcb538c58421495317e05f070ee0c497a2e1e55	itemcache	itemcache.wdb	Bronzebeard - Warcraft Reborn	Bronzebeard	Warcraft Reborn	warcraft-reborn	modes.json	8261	2026-09-04	extracted/WDB-1/WDB/enUS/Bronzebeard - Warcraft Reborn/itemcache.wdb
951	5510441f6cd607f089212cc25f1e94b5242bf35a00ad97357feeb671f8f81cdb	itemnamecache	itemnamecache.wdb	Bronzebeard - Warcraft Reborn	Bronzebeard	Warcraft Reborn	warcraft-reborn	modes.json	98	2026-09-04	extracted/WDB-1/WDB/enUS/Bronzebeard - Warcraft Reborn/itemnamecache.wdb
952	f7ba5e5322f4bccf272e197d294d336c0530c109668cdfa9c8b712fbf46702fd	(non-standard)	itemstatcache.wdb	Bronzebeard - Warcraft Reborn	Bronzebeard	Warcraft Reborn	warcraft-reborn	modes.json	0	2026-07-02	extracted/WDB-1/WDB/enUS/Bronzebeard - Warcraft Reborn/itemstatcache.wdb
953	fc79db66461f064a748fed24d07d8682b6e9117341a0af67b7c4f356186ae20e	itemtextcache	itemtextcache.wdb	Bronzebeard - Warcraft Reborn	Bronzebeard	Warcraft Reborn	warcraft-reborn	modes.json	0	2026-09-04	extracted/WDB-1/WDB/enUS/Bronzebeard - Warcraft Reborn/itemtextcache.wdb
954	087f93cfc7b8b9dfceee80cfa8dc9f189126bc8f97b404c0f1716c44f26e884b	npccache	npccache.wdb	Bronzebeard - Warcraft Reborn	Bronzebeard	Warcraft Reborn	warcraft-reborn	modes.json	40	2026-09-04	extracted/WDB-1/WDB/enUS/Bronzebeard - Warcraft Reborn/npccache.wdb
955	6d7309252471b5857e43a06fdb1da0d1bced523c6a93f487ea788a73f0848520	pagetextcache	pagetextcache.wdb	Bronzebeard - Warcraft Reborn	Bronzebeard	Warcraft Reborn	warcraft-reborn	modes.json	0	2026-09-04	extracted/WDB-1/WDB/enUS/Bronzebeard - Warcraft Reborn/pagetextcache.wdb
956	0b173bee42c18c1dcabbef5d3bbe30f777743fa1ec527bce6d8daebbc8af2150	questcache	questcache.wdb	Bronzebeard - Warcraft Reborn	Bronzebeard	Warcraft Reborn	warcraft-reborn	modes.json	214	2026-09-04	extracted/WDB-1/WDB/enUS/Bronzebeard - Warcraft Reborn/questcache.wdb
957	9dfa9b2bf293bfa5ed9638e76b441d38c546515078f5c8c73ed492f808134ed7	wowcache	wowcache.wdb	Bronzebeard - Warcraft Reborn	Bronzebeard	Warcraft Reborn	warcraft-reborn	modes.json	0	2026-09-04	extracted/WDB-1/WDB/enUS/Bronzebeard - Warcraft Reborn/wowcache.wdb
958	51b1b119ecfee0700cd7350690d6f10cd57e53da786c1859dc415c3b19ae7206	creaturecache	creaturecache.wdb	Darkmoon - Season 10 Wildcard	Darkmoon	Season 10 Wildcard	season-10-wildcard	modes.json	2774	2026-09-04	extracted/WDB-1/WDB/enUS/Darkmoon - Season 10 Wildcard/creaturecache.wdb
959	346f291f22c998b11d24ef8e1d44db3fb36ca5d94337ad77b0268c424dde1886	gameobjectcache	gameobjectcache.wdb	Darkmoon - Season 10 Wildcard	Darkmoon	Season 10 Wildcard	season-10-wildcard	modes.json	1298	2026-09-04	extracted/WDB-1/WDB/enUS/Darkmoon - Season 10 Wildcard/gameobjectcache.wdb
960	ce47a4393adfbc3c19adafbea6e80f31703276cd2b57a5bb52a447a38a9f0470	itemcache	itemcache.wdb	Darkmoon - Season 10 Wildcard	Darkmoon	Season 10 Wildcard	season-10-wildcard	modes.json	18217	2026-09-04	extracted/WDB-1/WDB/enUS/Darkmoon - Season 10 Wildcard/itemcache.wdb
961	be76a7076906b7a5e4a60f2edf5e84c21e21ccbea0bef18466fa55bdc4d9fac0	itemnamecache	itemnamecache.wdb	Darkmoon - Season 10 Wildcard	Darkmoon	Season 10 Wildcard	season-10-wildcard	modes.json	181	2026-09-04	extracted/WDB-1/WDB/enUS/Darkmoon - Season 10 Wildcard/itemnamecache.wdb
962	5b7a16dfd3b4a971753c7b32a5f276b5b84d7b3e1d00523caaa839a19ec42dbb	(non-standard)	itemstatcache.wdb	Darkmoon - Season 10 Wildcard	Darkmoon	Season 10 Wildcard	season-10-wildcard	modes.json	0	2026-08-11	extracted/WDB-1/WDB/enUS/Darkmoon - Season 10 Wildcard/itemstatcache.wdb
963	ec115d6629deb48f9b5a0f27a4db159834dbcdfe25e1304ddb098b3f2b410711	npccache	npccache.wdb	Darkmoon - Season 10 Wildcard	Darkmoon	Season 10 Wildcard	season-10-wildcard	modes.json	81	2026-09-04	extracted/WDB-1/WDB/enUS/Darkmoon - Season 10 Wildcard/npccache.wdb
964	52db500aa6a3175676006c85f95b8bb8ba41aeecaa3fbd6371de65725efb8426	pagetextcache	pagetextcache.wdb	Darkmoon - Season 10 Wildcard	Darkmoon	Season 10 Wildcard	season-10-wildcard	modes.json	2	2026-09-04	extracted/WDB-1/WDB/enUS/Darkmoon - Season 10 Wildcard/pagetextcache.wdb
965	5daf64c1bbfc76c07109586f6d0cad37ba72ce87cefefd4d8781e44646cdfa1c	questcache	questcache.wdb	Darkmoon - Season 10 Wildcard	Darkmoon	Season 10 Wildcard	season-10-wildcard	modes.json	231	2026-09-04	extracted/WDB-1/WDB/enUS/Darkmoon - Season 10 Wildcard/questcache.wdb
966	9ebb18d46194a84ccb4e81c151123ed46e04026bc92a38123ac4e34fd53a7ca8	(non-standard)	questcacheaddon.wdb	Darkmoon - Season 10 Wildcard	Darkmoon	Season 10 Wildcard	season-10-wildcard	modes.json	0	2026-07-31	extracted/WDB-1/WDB/enUS/Darkmoon - Season 10 Wildcard/questcacheaddon.wdb
967	9febb6eb21f72c0fe4bd7dcb7fd040a4b742037a655b68d14d33ab51fd2ed676	creaturecache	creaturecache.wdb	Dawnrise - Season 10 Freepick	Dawnrise	Season 10 Freepick	season-10-freepick	modes.json	642	2026-09-04	extracted/WDB-1/WDB/enUS/Dawnrise - Season 10 Freepick/creaturecache.wdb
968	ddc1044e8b3ba781f2eddbe24274c4fd64e09c2d3af4c12471896327a3dada46	gameobjectcache	gameobjectcache.wdb	Dawnrise - Season 10 Freepick	Dawnrise	Season 10 Freepick	season-10-freepick	modes.json	307	2026-09-04	extracted/WDB-1/WDB/enUS/Dawnrise - Season 10 Freepick/gameobjectcache.wdb
969	a0b3093d0a9f3a58ac962607d9bef97153b37ae78641ee1f8c3f0194f698b8ed	itemcache	itemcache.wdb	Dawnrise - Season 10 Freepick	Dawnrise	Season 10 Freepick	season-10-freepick	modes.json	3079	2026-09-04	extracted/WDB-1/WDB/enUS/Dawnrise - Season 10 Freepick/itemcache.wdb
970	dce7682cbe4a984415777420aa11991d38d924b262bb991dd60123c445531515	itemnamecache	itemnamecache.wdb	Dawnrise - Season 10 Freepick	Dawnrise	Season 10 Freepick	season-10-freepick	modes.json	14	2026-09-04	extracted/WDB-1/WDB/enUS/Dawnrise - Season 10 Freepick/itemnamecache.wdb
971	5ec8cafe7c1e43dde9029107c59f2a6e4a37df6257b21550e33d6d4c2a550f4a	(non-standard)	itemstatcache.wdb	Dawnrise - Season 10 Freepick	Dawnrise	Season 10 Freepick	season-10-freepick	modes.json	0	2026-07-23	extracted/WDB-1/WDB/enUS/Dawnrise - Season 10 Freepick/itemstatcache.wdb
972	98fc68ff65921dac6e9a9bbe6e0778c18d840daaacf84c603ec400cb10f24008	npccache	npccache.wdb	Dawnrise - Season 10 Freepick	Dawnrise	Season 10 Freepick	season-10-freepick	modes.json	1	2026-09-04	extracted/WDB-1/WDB/enUS/Dawnrise - Season 10 Freepick/npccache.wdb
973	dbfddf490e35ee3ef7fd824b3de799592b362d43e1e59b76a4a5c3fa99e4a9c6	questcache	questcache.wdb	Dawnrise - Season 10 Freepick	Dawnrise	Season 10 Freepick	season-10-freepick	modes.json	119	2026-09-04	extracted/WDB-1/WDB/enUS/Dawnrise - Season 10 Freepick/questcache.wdb
974	0dcb83b1a25628b4f666f759e93216b67f7e0c6ce9d0706cd717ea628d911af0	creaturecache	creaturecache.wdb	Elune - Season 9	Elune	Season 9	season-9	modes.json	444	2026-06-18	extracted/WDB-1/WDB/enUS/Elune - Season 9/creaturecache.wdb
975	bae6ac1092a2575a14ab5f0b5160ee6b8038166d14a91a012fe7751043dfd078	gameobjectcache	gameobjectcache.wdb	Elune - Season 9	Elune	Season 9	season-9	modes.json	276	2026-06-18	extracted/WDB-1/WDB/enUS/Elune - Season 9/gameobjectcache.wdb
976	40920bb0ae2247d7020520a75567b09b70160378d5cfa791086729daf7bd59b8	itemcache	itemcache.wdb	Elune - Season 9	Elune	Season 9	season-9	modes.json	1968	2026-06-18	extracted/WDB-1/WDB/enUS/Elune - Season 9/itemcache.wdb
977	837a683386489a3025ee7122f680fc3fa4631515f123fff049e4d83bb9032f05	itemnamecache	itemnamecache.wdb	Elune - Season 9	Elune	Season 9	season-9	modes.json	18	2026-06-18	extracted/WDB-1/WDB/enUS/Elune - Season 9/itemnamecache.wdb
978	fc79db66461f064a748fed24d07d8682b6e9117341a0af67b7c4f356186ae20e	itemtextcache	itemtextcache.wdb	Elune - Season 9	Elune	Season 9	season-9	modes.json	0	2026-06-18	extracted/WDB-1/WDB/enUS/Elune - Season 9/itemtextcache.wdb
979	ecf6d7b227ab45a7e4840b48e57fa4940601f8e111d0ef7e09425d6893698110	npccache	npccache.wdb	Elune - Season 9	Elune	Season 9	season-9	modes.json	1	2026-06-18	extracted/WDB-1/WDB/enUS/Elune - Season 9/npccache.wdb
980	6d7309252471b5857e43a06fdb1da0d1bced523c6a93f487ea788a73f0848520	pagetextcache	pagetextcache.wdb	Elune - Season 9	Elune	Season 9	season-9	modes.json	0	2026-06-18	extracted/WDB-1/WDB/enUS/Elune - Season 9/pagetextcache.wdb
981	920b6f3fc062fb29505535b7430ebf23c0b9a03b7fbc5e3a56995821ea14ad87	questcache	questcache.wdb	Elune - Season 9	Elune	Season 9	season-9	modes.json	126	2026-06-18	extracted/WDB-1/WDB/enUS/Elune - Season 9/questcache.wdb
982	9dfa9b2bf293bfa5ed9638e76b441d38c546515078f5c8c73ed492f808134ed7	wowcache	wowcache.wdb	Elune - Season 9	Elune	Season 9	season-9	modes.json	0	2026-06-18	extracted/WDB-1/WDB/enUS/Elune - Season 9/wowcache.wdb
983	eff935ae2b1fa2d70be25b3e5a7e132a61ab91abc990a3fcbd8882bf753e8128	creaturecache	creaturecache.wdb	Rexxar - Conquest of Azeroth	Rexxar	Conquest of Azeroth	conquest-of-azeroth	modes.json	776	2026-09-04	extracted/WDB-1/WDB/enUS/Rexxar - Conquest of Azeroth/creaturecache.wdb
984	dbdc74183247afd624607cf0cc6f021000d903cfa9e681d5d169538278f16ec0	gameobjectcache	gameobjectcache.wdb	Rexxar - Conquest of Azeroth	Rexxar	Conquest of Azeroth	conquest-of-azeroth	modes.json	279	2026-09-04	extracted/WDB-1/WDB/enUS/Rexxar - Conquest of Azeroth/gameobjectcache.wdb
985	bbf062ca9b4076b7aef160eeaec062909d48fde3b894b8c2beb8f268cd4f6523	itemcache	itemcache.wdb	Rexxar - Conquest of Azeroth	Rexxar	Conquest of Azeroth	conquest-of-azeroth	modes.json	3967	2026-09-04	extracted/WDB-1/WDB/enUS/Rexxar - Conquest of Azeroth/itemcache.wdb
986	e50d5cd3b657b01127e433b8ab7cd722302a00592ea7d0a15a46d9582f8c65b6	itemnamecache	itemnamecache.wdb	Rexxar - Conquest of Azeroth	Rexxar	Conquest of Azeroth	conquest-of-azeroth	modes.json	19	2026-09-04	extracted/WDB-1/WDB/enUS/Rexxar - Conquest of Azeroth/itemnamecache.wdb
987	1d8a796ee5a6bda6688e5b5562c3ff325370cfd3a1e8cee71c25756653bdb641	npccache	npccache.wdb	Rexxar - Conquest of Azeroth	Rexxar	Conquest of Azeroth	conquest-of-azeroth	modes.json	25	2026-09-04	extracted/WDB-1/WDB/enUS/Rexxar - Conquest of Azeroth/npccache.wdb
988	78c2049b217062679f06a1f164e4eda54b66c2b5a2a823b3bcc7426aff6ef617	questcache	questcache.wdb	Rexxar - Conquest of Azeroth	Rexxar	Conquest of Azeroth	conquest-of-azeroth	modes.json	186	2026-09-04	extracted/WDB-1/WDB/enUS/Rexxar - Conquest of Azeroth/questcache.wdb
989	2fb01c963399d80e7164ad1106e536eda22707a539bfb6e0f0bc77b6b7a2b0fc	creaturecache	creaturecache.wdb	Vol'jin - Conquest of Azeroth	Vol'jin	Conquest of Azeroth	conquest-of-azeroth	modes.json	11447	2026-09-04	extracted/WDB-1/WDB/enUS/Vol'jin - Conquest of Azeroth/creaturecache.wdb
990	0f78a72b5183282a55259a3c894c53d9642ce64a1fed1fbdd4f6f233d0dda889	gameobjectcache	gameobjectcache.wdb	Vol'jin - Conquest of Azeroth	Vol'jin	Conquest of Azeroth	conquest-of-azeroth	modes.json	8218	2026-09-04	extracted/WDB-1/WDB/enUS/Vol'jin - Conquest of Azeroth/gameobjectcache.wdb
991	129df3102b9dcf83bfaf5a8643b7fb9dfee233ab9a40fa4c1ebb1dce5dea8b92	itemcache	itemcache.wdb	Vol'jin - Conquest of Azeroth	Vol'jin	Conquest of Azeroth	conquest-of-azeroth	modes.json	45762	2026-09-04	extracted/WDB-1/WDB/enUS/Vol'jin - Conquest of Azeroth/itemcache.wdb
992	c42b3df57ee136d336bad93093a2bf8655ed5ae2f9d6620b302d29d9a2e1cae4	itemnamecache	itemnamecache.wdb	Vol'jin - Conquest of Azeroth	Vol'jin	Conquest of Azeroth	conquest-of-azeroth	modes.json	1268	2026-09-04	extracted/WDB-1/WDB/enUS/Vol'jin - Conquest of Azeroth/itemnamecache.wdb
993	438adb9772bcd0657a3ba3ec5df102eb6afea5b229c3ff1b8f004dc3084c0b6a	(non-standard)	itemstatcache.wdb	Vol'jin - Conquest of Azeroth	Vol'jin	Conquest of Azeroth	conquest-of-azeroth	modes.json	0	2026-09-04	extracted/WDB-1/WDB/enUS/Vol'jin - Conquest of Azeroth/itemstatcache.wdb
994	f4c2bc39ea5546c96fbb427cc895a8dbb9c99b1e3225ec8992a51f28228ac0f7	npccache	npccache.wdb	Vol'jin - Conquest of Azeroth	Vol'jin	Conquest of Azeroth	conquest-of-azeroth	modes.json	378	2026-09-04	extracted/WDB-1/WDB/enUS/Vol'jin - Conquest of Azeroth/npccache.wdb
995	d16c17cd73dc727e9659748eae568b2e4f39ad28c7a8460174d9a9ff606b9e3a	pagetextcache	pagetextcache.wdb	Vol'jin - Conquest of Azeroth	Vol'jin	Conquest of Azeroth	conquest-of-azeroth	modes.json	47	2026-09-04	extracted/WDB-1/WDB/enUS/Vol'jin - Conquest of Azeroth/pagetextcache.wdb
996	98d9cea9884487625af64b9b053bf077501bde6f0be8150463868f2e70431e1b	questcache	questcache.wdb	Vol'jin - Conquest of Azeroth	Vol'jin	Conquest of Azeroth	conquest-of-azeroth	modes.json	920	2026-09-04	extracted/WDB-1/WDB/enUS/Vol'jin - Conquest of Azeroth/questcache.wdb
997	d8c195ad642d06d8433b44e955bf7b4913da9998e6debc0ba20a5d7dec2186ee	(non-standard)	questcacheaddon.wdb	Vol'jin - Conquest of Azeroth	Vol'jin	Conquest of Azeroth	conquest-of-azeroth	modes.json	0	2026-08-22	extracted/WDB-1/WDB/enUS/Vol'jin - Conquest of Azeroth/questcacheaddon.wdb
998	af85fda688ac930cb42dd9e86d8e6f6d32f436cc9ed31ab4f3788051f7454e41	creaturecache	creaturecache.wdb	Vol'jin - Stress Test	Vol'jin	Stress Test	stress-test	modes.json	1080	2026-07-05	extracted/WDB-1/WDB/enUS/Vol'jin - Stress Test/creaturecache.wdb
999	a9b9d044999ec5d05c43a5291c43f88605ee3b5403de8e3f560a9d4e9528a4c7	gameobjectcache	gameobjectcache.wdb	Vol'jin - Stress Test	Vol'jin	Stress Test	stress-test	modes.json	721	2026-07-05	extracted/WDB-1/WDB/enUS/Vol'jin - Stress Test/gameobjectcache.wdb
1000	38fe131eea4dea60d1528d8b9726d85b5ed7d93cec4a836a4aa479be1baa0807	itemcache	itemcache.wdb	Vol'jin - Stress Test	Vol'jin	Stress Test	stress-test	modes.json	4138	2026-07-05	extracted/WDB-1/WDB/enUS/Vol'jin - Stress Test/itemcache.wdb
1001	dff85ff8dcc54f2072c0f7d0c933207cf0bc21c0351511b1534a27bb80d5934b	itemnamecache	itemnamecache.wdb	Vol'jin - Stress Test	Vol'jin	Stress Test	stress-test	modes.json	63	2026-07-05	extracted/WDB-1/WDB/enUS/Vol'jin - Stress Test/itemnamecache.wdb
1002	8e22e554ee46789e29a5548d29de1d3c188519898722bb13673d353932535b7d	(non-standard)	itemstatcache.wdb	Vol'jin - Stress Test	Vol'jin	Stress Test	stress-test	modes.json	0	2026-07-02	extracted/WDB-1/WDB/enUS/Vol'jin - Stress Test/itemstatcache.wdb
1003	fc79db66461f064a748fed24d07d8682b6e9117341a0af67b7c4f356186ae20e	itemtextcache	itemtextcache.wdb	Vol'jin - Stress Test	Vol'jin	Stress Test	stress-test	modes.json	0	2026-07-05	extracted/WDB-1/WDB/enUS/Vol'jin - Stress Test/itemtextcache.wdb
1004	9663f515bc47de2716a9f522bc56631f048ebe4d3f89786c442819ee49dc956f	npccache	npccache.wdb	Vol'jin - Stress Test	Vol'jin	Stress Test	stress-test	modes.json	4	2026-07-05	extracted/WDB-1/WDB/enUS/Vol'jin - Stress Test/npccache.wdb
1005	6d7309252471b5857e43a06fdb1da0d1bced523c6a93f487ea788a73f0848520	pagetextcache	pagetextcache.wdb	Vol'jin - Stress Test	Vol'jin	Stress Test	stress-test	modes.json	0	2026-07-05	extracted/WDB-1/WDB/enUS/Vol'jin - Stress Test/pagetextcache.wdb
1006	39839a432999645dc0c43218a8fad621bda9d2aa4f98cb8a5596ec84176ad741	questcache	questcache.wdb	Vol'jin - Stress Test	Vol'jin	Stress Test	stress-test	modes.json	123	2026-07-05	extracted/WDB-1/WDB/enUS/Vol'jin - Stress Test/questcache.wdb
1007	9dfa9b2bf293bfa5ed9638e76b441d38c546515078f5c8c73ed492f808134ed7	wowcache	wowcache.wdb	Vol'jin - Stress Test	Vol'jin	Stress Test	stress-test	modes.json	0	2026-07-05	extracted/WDB-1/WDB/enUS/Vol'jin - Stress Test/wowcache.wdb
1008	c621d5b2c88cbb6202449190fbad8d39dd82b0cc600d2b811eb1dbfc9656387f	creaturecache	creaturecache.wdb	enUS (realm root)		conquest-of-azeroth	conquest-of-azeroth	inferred:1.000/920	11455	2026-09-04	extracted/WDB-1/WDB/enUS/creaturecache.wdb
1009	12a6e35ef4d445b4cdb476e6c070c294293c852c140be6eb8d3d7e22a987afee	gameobjectcache	gameobjectcache.wdb	enUS (realm root)		conquest-of-azeroth	conquest-of-azeroth	inferred:1.000/920	8218	2026-09-04	extracted/WDB-1/WDB/enUS/gameobjectcache.wdb
1010	a2a51337aecb88852280d4fc860119004b900ba7c2af79a74be1b628f5b18f9a	itemcache	itemcache.wdb	enUS (realm root)		conquest-of-azeroth	conquest-of-azeroth	inferred:1.000/920	45778	2026-09-04	extracted/WDB-1/WDB/enUS/itemcache.wdb
1011	33ecdd866c6ace6f4ff6afb0c86b5705fc5b25259cfba741760b873a8701d06d	itemnamecache	itemnamecache.wdb	enUS (realm root)		conquest-of-azeroth	conquest-of-azeroth	inferred:1.000/920	1268	2026-09-04	extracted/WDB-1/WDB/enUS/itemnamecache.wdb
1012	727c2455cd5aba9ff45f84ea0f477dce89aa3177e121605811396b3cab33b7f0	(non-standard)	itemstatcache.wdb	enUS (realm root)		conquest-of-azeroth	conquest-of-azeroth	inferred:1.000/920	0	2026-07-22	extracted/WDB-1/WDB/enUS/itemstatcache.wdb
1013	e190b5213af1ddabca7485511dedf1d0d74f818c264427e85acd6f2e8fd9f12e	npccache	npccache.wdb	enUS (realm root)		conquest-of-azeroth	conquest-of-azeroth	inferred:1.000/920	378	2026-09-04	extracted/WDB-1/WDB/enUS/npccache.wdb
1014	b726bd0a0a70a886dd906c3d5971ff35f9618cbbbfa8a45e0c36a1fc9eab0472	pagetextcache	pagetextcache.wdb	enUS (realm root)		conquest-of-azeroth	conquest-of-azeroth	inferred:1.000/920	47	2026-09-04	extracted/WDB-1/WDB/enUS/pagetextcache.wdb
1015	19b1ee68b7ccb223ac11770b3660fe6f123a014bd8eac8466666d614c8321553	questcache	questcache.wdb	enUS (realm root)		conquest-of-azeroth	conquest-of-azeroth	inferred:1.000/920	920	2026-09-04	extracted/WDB-1/WDB/enUS/questcache.wdb
1016	d1a19b495285aeefc1049fab05025433450195a77a614d069fe4e92808b0e8f3	creaturecache	creaturecache.wdb	Archimonde - League 4	Archimonde	League 4	league-4	modes.json	0	2026-07-02	extracted/WDB__f8cd0267/WDB/enUS/Archimonde - League 4/creaturecache.wdb
1017	7bd5e59ff2cab2b01423b794a1723552fec84093c310731d2d175c55b1fb348e	gameobjectcache	gameobjectcache.wdb	Archimonde - League 4	Archimonde	League 4	league-4	modes.json	0	2026-07-02	extracted/WDB__f8cd0267/WDB/enUS/Archimonde - League 4/gameobjectcache.wdb
1018	a26a0d54399dfc8b8f2cfedc737fe1305de9bbf3bd20959e6fc7ade01c286726	itemcache	itemcache.wdb	Archimonde - League 4	Archimonde	League 4	league-4	modes.json	0	2026-07-02	extracted/WDB__f8cd0267/WDB/enUS/Archimonde - League 4/itemcache.wdb
1019	7aa0863762ca9aceaf7694883d7ed7d448504dc404d850eb7b4313f11ddd9119	itemnamecache	itemnamecache.wdb	Archimonde - League 4	Archimonde	League 4	league-4	modes.json	0	2026-07-02	extracted/WDB__f8cd0267/WDB/enUS/Archimonde - League 4/itemnamecache.wdb
1020	9bdf199cb9eafbc520a49c2895b2e55b73c3c197a45a727836cac2075f2ee2d0	itemtextcache	itemtextcache.wdb	Archimonde - League 4	Archimonde	League 4	league-4	modes.json	0	2026-07-02	extracted/WDB__f8cd0267/WDB/enUS/Archimonde - League 4/itemtextcache.wdb
1021	e1e349bae4060e04841f875957b42f2e5dd6c3f3c4b60eaf781f973b2ccb541f	npccache	npccache.wdb	Archimonde - League 4	Archimonde	League 4	league-4	modes.json	0	2026-07-02	extracted/WDB__f8cd0267/WDB/enUS/Archimonde - League 4/npccache.wdb
1022	2b8ea98741bb3a79ccfca7eb4ca161773b966219c4428c26ca6bdc1e4838ab27	pagetextcache	pagetextcache.wdb	Archimonde - League 4	Archimonde	League 4	league-4	modes.json	0	2026-07-02	extracted/WDB__f8cd0267/WDB/enUS/Archimonde - League 4/pagetextcache.wdb
1023	7c4c7c059e531c41bba468dbfd2f29893f6ea6209da10091eb50ca533468c320	questcache	questcache.wdb	Archimonde - League 4	Archimonde	League 4	league-4	modes.json	0	2026-07-02	extracted/WDB__f8cd0267/WDB/enUS/Archimonde - League 4/questcache.wdb
1024	98c3146a7eda3887273dc190edfa3ddeede44d68920872f1c238042d75e950db	wowcache	wowcache.wdb	Archimonde - League 4	Archimonde	League 4	league-4	modes.json	0	2026-07-02	extracted/WDB__f8cd0267/WDB/enUS/Archimonde - League 4/wowcache.wdb
1025	313c02fd599f5e1bd6265365da17c329942dfc9b36c9bd2d3055062a72fef8ca	creaturecache	creaturecache.wdb	Area 52 - Free-Pick	Area 52	Free-Pick	free-pick	modes.json	1071	2026-08-10	extracted/WDB__f8cd0267/WDB/enUS/Area 52 - Free-Pick/creaturecache.wdb
1026	e7894fabd98662ad9aae2fbdd6650d001e08f0819b36e2939176b40bfa29a90b	gameobjectcache	gameobjectcache.wdb	Area 52 - Free-Pick	Area 52	Free-Pick	free-pick	modes.json	1021	2026-08-10	extracted/WDB__f8cd0267/WDB/enUS/Area 52 - Free-Pick/gameobjectcache.wdb
1027	1d8fb502b60a157c82dbf679449446b60ae76228b730f510f7976c8581cd49b1	itemcache	itemcache.wdb	Area 52 - Free-Pick	Area 52	Free-Pick	free-pick	modes.json	5166	2026-08-10	extracted/WDB__f8cd0267/WDB/enUS/Area 52 - Free-Pick/itemcache.wdb
1028	65396b0c4afbb11d17764a871298d29301bd0977d3b6824ca22b35b057ec6119	itemnamecache	itemnamecache.wdb	Area 52 - Free-Pick	Area 52	Free-Pick	free-pick	modes.json	84	2026-08-10	extracted/WDB__f8cd0267/WDB/enUS/Area 52 - Free-Pick/itemnamecache.wdb
1029	32b8656544631fc06b1b28db39d0bf8c293781c1a7c96feda614005164e2b4d6	(non-standard)	itemstatcache.wdb	Area 52 - Free-Pick	Area 52	Free-Pick	free-pick	modes.json	0	2026-08-04	extracted/WDB__f8cd0267/WDB/enUS/Area 52 - Free-Pick/itemstatcache.wdb
1030	b172991f06afe5ac785e9bfd285601a2dccfd6c72fb531deaa89c519aceda467	npccache	npccache.wdb	Area 52 - Free-Pick	Area 52	Free-Pick	free-pick	modes.json	13	2026-08-10	extracted/WDB__f8cd0267/WDB/enUS/Area 52 - Free-Pick/npccache.wdb
1031	2f486afc086e6b69199d6fa37fdc5cdc6d907f6a39a41ab5de24ea8055ebfb5c	questcache	questcache.wdb	Area 52 - Free-Pick	Area 52	Free-Pick	free-pick	modes.json	111	2026-08-10	extracted/WDB__f8cd0267/WDB/enUS/Area 52 - Free-Pick/questcache.wdb
1032	7524066c309332ce2a0d0c497d774447cadc85a8a87ff495f72c9671a864c36e	(non-standard)	questcacheaddon.wdb	Area 52 - Free-Pick	Area 52	Free-Pick	free-pick	modes.json	0	2026-08-04	extracted/WDB__f8cd0267/WDB/enUS/Area 52 - Free-Pick/questcacheaddon.wdb
1033	aa60e241536f36dcba86c81ac3feba8c3a9e0cf1740f2698a3d075b79fa0f776	creaturecache	creaturecache.wdb	Bronzebeard - Warcraft Reborn	Bronzebeard	Warcraft Reborn	warcraft-reborn	modes.json	293	2026-08-04	extracted/WDB__f8cd0267/WDB/enUS/Bronzebeard - Warcraft Reborn/creaturecache.wdb
1034	b8410f386e378fed04fbb344bedff6821d062ebb537a31f914e6f88ef918be81	gameobjectcache	gameobjectcache.wdb	Bronzebeard - Warcraft Reborn	Bronzebeard	Warcraft Reborn	warcraft-reborn	modes.json	48	2026-08-04	extracted/WDB__f8cd0267/WDB/enUS/Bronzebeard - Warcraft Reborn/gameobjectcache.wdb
1035	22b0eba7afc520b00add7c5ff68900b49adec613c32e8e66ac3d2be542e35683	itemcache	itemcache.wdb	Bronzebeard - Warcraft Reborn	Bronzebeard	Warcraft Reborn	warcraft-reborn	modes.json	110	2026-08-04	extracted/WDB__f8cd0267/WDB/enUS/Bronzebeard - Warcraft Reborn/itemcache.wdb
1036	7aa0863762ca9aceaf7694883d7ed7d448504dc404d850eb7b4313f11ddd9119	itemnamecache	itemnamecache.wdb	Bronzebeard - Warcraft Reborn	Bronzebeard	Warcraft Reborn	warcraft-reborn	modes.json	0	2026-08-04	extracted/WDB__f8cd0267/WDB/enUS/Bronzebeard - Warcraft Reborn/itemnamecache.wdb
1037	9bdf199cb9eafbc520a49c2895b2e55b73c3c197a45a727836cac2075f2ee2d0	itemtextcache	itemtextcache.wdb	Bronzebeard - Warcraft Reborn	Bronzebeard	Warcraft Reborn	warcraft-reborn	modes.json	0	2026-08-04	extracted/WDB__f8cd0267/WDB/enUS/Bronzebeard - Warcraft Reborn/itemtextcache.wdb
1038	e1e349bae4060e04841f875957b42f2e5dd6c3f3c4b60eaf781f973b2ccb541f	npccache	npccache.wdb	Bronzebeard - Warcraft Reborn	Bronzebeard	Warcraft Reborn	warcraft-reborn	modes.json	0	2026-08-04	extracted/WDB__f8cd0267/WDB/enUS/Bronzebeard - Warcraft Reborn/npccache.wdb
1039	2b8ea98741bb3a79ccfca7eb4ca161773b966219c4428c26ca6bdc1e4838ab27	pagetextcache	pagetextcache.wdb	Bronzebeard - Warcraft Reborn	Bronzebeard	Warcraft Reborn	warcraft-reborn	modes.json	0	2026-08-04	extracted/WDB__f8cd0267/WDB/enUS/Bronzebeard - Warcraft Reborn/pagetextcache.wdb
1040	e2add3b9d01b21766020a8fd6376e5373e7f8848de5a426bfa2c988a492b4a87	questcache	questcache.wdb	Bronzebeard - Warcraft Reborn	Bronzebeard	Warcraft Reborn	warcraft-reborn	modes.json	64	2026-08-04	extracted/WDB__f8cd0267/WDB/enUS/Bronzebeard - Warcraft Reborn/questcache.wdb
1041	98c3146a7eda3887273dc190edfa3ddeede44d68920872f1c238042d75e950db	wowcache	wowcache.wdb	Bronzebeard - Warcraft Reborn	Bronzebeard	Warcraft Reborn	warcraft-reborn	modes.json	0	2026-08-04	extracted/WDB__f8cd0267/WDB/enUS/Bronzebeard - Warcraft Reborn/wowcache.wdb
1042	7f7d6c06e02192fb220486f6533e67791bd717f45c46f1630573dcea2f18d865	creaturecache	creaturecache.wdb	Darkmoon - Season 10 Wildcard	Darkmoon	Season 10 Wildcard	season-10-wildcard	modes.json	313	2026-07-27	extracted/WDB__f8cd0267/WDB/enUS/Darkmoon - Season 10 Wildcard/creaturecache.wdb
1043	342c941b25ea449ff8d93f45289fc880812c5f6c394543f133a4cacda43ca230	gameobjectcache	gameobjectcache.wdb	Darkmoon - Season 10 Wildcard	Darkmoon	Season 10 Wildcard	season-10-wildcard	modes.json	71	2026-07-27	extracted/WDB__f8cd0267/WDB/enUS/Darkmoon - Season 10 Wildcard/gameobjectcache.wdb
1044	4ea1439bff4a310dafab8c8b541c01e100512e55dd1d09ecc10d6e60e4616489	itemcache	itemcache.wdb	Darkmoon - Season 10 Wildcard	Darkmoon	Season 10 Wildcard	season-10-wildcard	modes.json	368	2026-07-27	extracted/WDB__f8cd0267/WDB/enUS/Darkmoon - Season 10 Wildcard/itemcache.wdb
1045	fef364d82d4cb4b1786f9fe4a27b1277fe47e110299dfdbee2adda12a3f896ad	npccache	npccache.wdb	Darkmoon - Season 10 Wildcard	Darkmoon	Season 10 Wildcard	season-10-wildcard	modes.json	2	2026-07-27	extracted/WDB__f8cd0267/WDB/enUS/Darkmoon - Season 10 Wildcard/npccache.wdb
1046	94a774c26cf8e395494a069366064ef71ec24e36f289e57def8439d58bb2b063	questcache	questcache.wdb	Darkmoon - Season 10 Wildcard	Darkmoon	Season 10 Wildcard	season-10-wildcard	modes.json	61	2026-07-27	extracted/WDB__f8cd0267/WDB/enUS/Darkmoon - Season 10 Wildcard/questcache.wdb
1047	acff0da35ed3d1e1a6898d836f53b17d16af128dec7d781145efb241d72a3dba	creaturecache	creaturecache.wdb	Dawnrise - Season 10 Freepick	Dawnrise	Season 10 Freepick	season-10-freepick	modes.json	784	2026-08-01	extracted/WDB__f8cd0267/WDB/enUS/Dawnrise - Season 10 Freepick/creaturecache.wdb
1048	68766235f6dc16f4c633d124c1edeb19b9fb2810800dc21f1c4c40641188140a	gameobjectcache	gameobjectcache.wdb	Dawnrise - Season 10 Freepick	Dawnrise	Season 10 Freepick	season-10-freepick	modes.json	852	2026-08-01	extracted/WDB__f8cd0267/WDB/enUS/Dawnrise - Season 10 Freepick/gameobjectcache.wdb
1049	82a1495b95fc95567cdbd2edd70414caa8f2bd60c9387924d89968dc0e18e1ae	itemcache	itemcache.wdb	Dawnrise - Season 10 Freepick	Dawnrise	Season 10 Freepick	season-10-freepick	modes.json	2748	2026-08-01	extracted/WDB__f8cd0267/WDB/enUS/Dawnrise - Season 10 Freepick/itemcache.wdb
1050	c8562473d5c45b85bef1ba6c1902e962703db33c84d01eb7b9bae687cedf470b	itemnamecache	itemnamecache.wdb	Dawnrise - Season 10 Freepick	Dawnrise	Season 10 Freepick	season-10-freepick	modes.json	14	2026-08-01	extracted/WDB__f8cd0267/WDB/enUS/Dawnrise - Season 10 Freepick/itemnamecache.wdb
1051	5609a0b2e7bd133c0f1bb29cabd2452cd58616550ef1a04817e30876704a3a62	(non-standard)	itemstatcache.wdb	Dawnrise - Season 10 Freepick	Dawnrise	Season 10 Freepick	season-10-freepick	modes.json	0	2026-08-01	extracted/WDB__f8cd0267/WDB/enUS/Dawnrise - Season 10 Freepick/itemstatcache.wdb
1052	fb6612b13e27dba0bf2450e560b7fd83fca35e8dd487fb3a734cc869309498e1	npccache	npccache.wdb	Dawnrise - Season 10 Freepick	Dawnrise	Season 10 Freepick	season-10-freepick	modes.json	23	2026-08-01	extracted/WDB__f8cd0267/WDB/enUS/Dawnrise - Season 10 Freepick/npccache.wdb
1053	999f0c3c8d17578c9a4b6cf02fb5becf21bb05221297068f78aa37b172584797	questcache	questcache.wdb	Dawnrise - Season 10 Freepick	Dawnrise	Season 10 Freepick	season-10-freepick	modes.json	120	2026-08-01	extracted/WDB__f8cd0267/WDB/enUS/Dawnrise - Season 10 Freepick/questcache.wdb
1054	5306857f4f277278dec1122d98df6ea83aed8c519063c0132a093abecb1dd3fc	creaturecache	creaturecache.wdb	Rexxar - Conquest of Azeroth	Rexxar	Conquest of Azeroth	conquest-of-azeroth	modes.json	1087	2026-08-10	extracted/WDB__f8cd0267/WDB/enUS/Rexxar - Conquest of Azeroth/creaturecache.wdb
1055	59c2fd6ee43468dbac498ff94ad66b8cbce92075fe28aec4454cf68453d0dfd9	gameobjectcache	gameobjectcache.wdb	Rexxar - Conquest of Azeroth	Rexxar	Conquest of Azeroth	conquest-of-azeroth	modes.json	460	2026-08-10	extracted/WDB__f8cd0267/WDB/enUS/Rexxar - Conquest of Azeroth/gameobjectcache.wdb
1056	6e07679ca300400ce3f314a992ae88e1a07df8b19b495f41bd6bff71183a8225	itemcache	itemcache.wdb	Rexxar - Conquest of Azeroth	Rexxar	Conquest of Azeroth	conquest-of-azeroth	modes.json	5307	2026-08-10	extracted/WDB__f8cd0267/WDB/enUS/Rexxar - Conquest of Azeroth/itemcache.wdb
1057	7aa0863762ca9aceaf7694883d7ed7d448504dc404d850eb7b4313f11ddd9119	itemnamecache	itemnamecache.wdb	Rexxar - Conquest of Azeroth	Rexxar	Conquest of Azeroth	conquest-of-azeroth	modes.json	0	2026-08-10	extracted/WDB__f8cd0267/WDB/enUS/Rexxar - Conquest of Azeroth/itemnamecache.wdb
1058	948c88dc0295b7b11c58c573b0366aa3e280ff55ee948632049abe95de9855e9	(non-standard)	itemstatcache.wdb	Rexxar - Conquest of Azeroth	Rexxar	Conquest of Azeroth	conquest-of-azeroth	modes.json	0	2026-07-19	extracted/WDB__f8cd0267/WDB/enUS/Rexxar - Conquest of Azeroth/itemstatcache.wdb
1059	bd96e5f630d73c5f4c5c50e1f75f46832a18a38b225abef008f6a6bc885a55ce	npccache	npccache.wdb	Rexxar - Conquest of Azeroth	Rexxar	Conquest of Azeroth	conquest-of-azeroth	modes.json	41	2026-08-10	extracted/WDB__f8cd0267/WDB/enUS/Rexxar - Conquest of Azeroth/npccache.wdb
1060	bbfe86eb1ee0b64aa8960869cecd387fedb67087cc7f853706d9dbb56b01fd96	questcache	questcache.wdb	Rexxar - Conquest of Azeroth	Rexxar	Conquest of Azeroth	conquest-of-azeroth	modes.json	134	2026-08-10	extracted/WDB__f8cd0267/WDB/enUS/Rexxar - Conquest of Azeroth/questcache.wdb
1061	f43902015e9435f0b1a5cc006f9c3029590132a571b820d00ac18023a78af7eb	creaturecache	creaturecache.wdb	Vol'jin - Conquest of Azeroth	Vol'jin	Conquest of Azeroth	conquest-of-azeroth	modes.json	7021	2026-09-03	extracted/WDB__f8cd0267/WDB/enUS/Vol'jin - Conquest of Azeroth/creaturecache.wdb
1062	656d2f187cac447f49365a23389e8a0378de726ad2f5a3343abbef4783413e41	gameobjectcache	gameobjectcache.wdb	Vol'jin - Conquest of Azeroth	Vol'jin	Conquest of Azeroth	conquest-of-azeroth	modes.json	6475	2026-09-03	extracted/WDB__f8cd0267/WDB/enUS/Vol'jin - Conquest of Azeroth/gameobjectcache.wdb
1063	2397003777256d0779c873db9bd54f6184804993f46bf5caad881d6fa9ec94d2	itemcache	itemcache.wdb	Vol'jin - Conquest of Azeroth	Vol'jin	Conquest of Azeroth	conquest-of-azeroth	modes.json	27624	2026-09-03	extracted/WDB__f8cd0267/WDB/enUS/Vol'jin - Conquest of Azeroth/itemcache.wdb
1064	b0cab37f509c48210a49cf2bcd8879143c825139b21e6c8d5369e7f30cb9fc81	itemnamecache	itemnamecache.wdb	Vol'jin - Conquest of Azeroth	Vol'jin	Conquest of Azeroth	conquest-of-azeroth	modes.json	230	2026-09-03	extracted/WDB__f8cd0267/WDB/enUS/Vol'jin - Conquest of Azeroth/itemnamecache.wdb
1065	33c5ce520b3d3cf2975bdd50b915e412f4cd33d1d340d0740f8bec707d0505ea	(non-standard)	itemstatcache.wdb	Vol'jin - Conquest of Azeroth	Vol'jin	Conquest of Azeroth	conquest-of-azeroth	modes.json	0	2026-09-03	extracted/WDB__f8cd0267/WDB/enUS/Vol'jin - Conquest of Azeroth/itemstatcache.wdb
1066	a9df7be15a51a714f4b66652ebb4f6402b4ab2f053f987643cd5ac0eb654d65b	npccache	npccache.wdb	Vol'jin - Conquest of Azeroth	Vol'jin	Conquest of Azeroth	conquest-of-azeroth	modes.json	316	2026-09-03	extracted/WDB__f8cd0267/WDB/enUS/Vol'jin - Conquest of Azeroth/npccache.wdb
1067	78d8eec9d2f11d7a0ecb98371e9c8f4aeb59b866dcbe61ca45ebdea14c62a0b5	pagetextcache	pagetextcache.wdb	Vol'jin - Conquest of Azeroth	Vol'jin	Conquest of Azeroth	conquest-of-azeroth	modes.json	37	2026-09-03	extracted/WDB__f8cd0267/WDB/enUS/Vol'jin - Conquest of Azeroth/pagetextcache.wdb
1068	766f0635c729937198856d09aa25f79e622c0074849dcfca60bbcc60127f07ca	questcache	questcache.wdb	Vol'jin - Conquest of Azeroth	Vol'jin	Conquest of Azeroth	conquest-of-azeroth	modes.json	820	2026-09-03	extracted/WDB__f8cd0267/WDB/enUS/Vol'jin - Conquest of Azeroth/questcache.wdb
1069	3fa56c22fb6932527696573c2a113eb4e4d6d7cae252b6ced966c41ea9998e30	(non-standard)	questcacheaddon.wdb	Vol'jin - Conquest of Azeroth	Vol'jin	Conquest of Azeroth	conquest-of-azeroth	modes.json	0	2026-08-10	extracted/WDB__f8cd0267/WDB/enUS/Vol'jin - Conquest of Azeroth/questcacheaddon.wdb
1070	33d6dd018b78516165fe817075e16d4114cf410762d3583c6a7a3d3fc13bb813	creaturecache	creaturecache.wdb	Vol'jin - Stress Test	Vol'jin	Stress Test	stress-test	modes.json	827	2026-07-03	extracted/WDB__f8cd0267/WDB/enUS/Vol'jin - Stress Test/creaturecache.wdb
1071	517bfa9dfaca95ecaad84c767ae76fdee3937b1ac6757632b53a2e53d86e8df5	gameobjectcache	gameobjectcache.wdb	Vol'jin - Stress Test	Vol'jin	Stress Test	stress-test	modes.json	535	2026-07-03	extracted/WDB__f8cd0267/WDB/enUS/Vol'jin - Stress Test/gameobjectcache.wdb
1072	2fdfb5fda8f761ad28f065868e05c8f16954086685d3e4d9ab18b1429c99638a	itemcache	itemcache.wdb	Vol'jin - Stress Test	Vol'jin	Stress Test	stress-test	modes.json	2731	2026-07-03	extracted/WDB__f8cd0267/WDB/enUS/Vol'jin - Stress Test/itemcache.wdb
1073	de4afdda202d11377b2da894b1d1b7014867253199e74e68f80c9b6572ac26dc	itemnamecache	itemnamecache.wdb	Vol'jin - Stress Test	Vol'jin	Stress Test	stress-test	modes.json	9	2026-07-03	extracted/WDB__f8cd0267/WDB/enUS/Vol'jin - Stress Test/itemnamecache.wdb
1074	c9b727ddfc3b360ae2ade35958be0db8585b127a34efefbe4cba83d42c32cc7a	(non-standard)	itemstatcache.wdb	Vol'jin - Stress Test	Vol'jin	Stress Test	stress-test	modes.json	0	2026-07-02	extracted/WDB__f8cd0267/WDB/enUS/Vol'jin - Stress Test/itemstatcache.wdb
1075	f27364c835ecb57fab1f50c776b5bbf5b876699fc0da768fa121de0d957c96af	npccache	npccache.wdb	Vol'jin - Stress Test	Vol'jin	Stress Test	stress-test	modes.json	19	2026-07-03	extracted/WDB__f8cd0267/WDB/enUS/Vol'jin - Stress Test/npccache.wdb
1076	a721ae8802ac8d581909c8743a1afa4fd8cc9ba4bcef437586dadde1cb9a96d2	pagetextcache	pagetextcache.wdb	Vol'jin - Stress Test	Vol'jin	Stress Test	stress-test	modes.json	1	2026-07-03	extracted/WDB__f8cd0267/WDB/enUS/Vol'jin - Stress Test/pagetextcache.wdb
1077	8277d42c0661715157b6a13297a6de2f4cdab73ed77cbb4f35a91a4cf4707da9	questcache	questcache.wdb	Vol'jin - Stress Test	Vol'jin	Stress Test	stress-test	modes.json	82	2026-07-03	extracted/WDB__f8cd0267/WDB/enUS/Vol'jin - Stress Test/questcache.wdb
1078	5feb5865de0f5726a400ef112b3c745ef252c71df49a5d4fb4bdb8a2b6b921ee	creaturecache	creaturecache.wdb	enUS (realm root)		conquest-of-azeroth	conquest-of-azeroth	inferred:1.000/920	8025	2026-08-29	extracted/WDB__f8cd0267/WDB/enUS/creaturecache.wdb
1079	3185fe43e87d67b1d4a598a4fd53edec05c5e22acd97a2d4c9c553cfb5df9a37	gameobjectcache	gameobjectcache.wdb	enUS (realm root)		conquest-of-azeroth	conquest-of-azeroth	inferred:1.000/920	7557	2026-08-29	extracted/WDB__f8cd0267/WDB/enUS/gameobjectcache.wdb
1080	db8728345f654747eb4f11a0ea9d6fdbed8eea7130582d9b2bb16f0620c610c1	itemcache	itemcache.wdb	enUS (realm root)		conquest-of-azeroth	conquest-of-azeroth	inferred:1.000/920	31366	2026-08-29	extracted/WDB__f8cd0267/WDB/enUS/itemcache.wdb
1081	f88eed60621726bd01a471e73167636b18f6331d9260cef5177f297caf5786fe	itemnamecache	itemnamecache.wdb	enUS (realm root)		conquest-of-azeroth	conquest-of-azeroth	inferred:1.000/920	285	2026-08-29	extracted/WDB__f8cd0267/WDB/enUS/itemnamecache.wdb
1082	8337a2bc2bdf5592aa6bfebc2dfd61096ca6c71a088d1b09e55d684bffb0e60f	(non-standard)	itemstatcache.wdb	enUS (realm root)		conquest-of-azeroth	conquest-of-azeroth	inferred:1.000/920	0	2026-08-18	extracted/WDB__f8cd0267/WDB/enUS/itemstatcache.wdb
1083	361f900926d0a6ace598ae72fabb7e164634757c695e9a5b8d8317dc847a244f	itemtextcache	itemtextcache.wdb	enUS (realm root)		conquest-of-azeroth	conquest-of-azeroth	inferred:1.000/920	0	2026-08-29	extracted/WDB__f8cd0267/WDB/enUS/itemtextcache.wdb
1084	50462fe4dcefc97aa629e57cf07ce436357cb07e4d0e2830b1b59ff5a545a5ed	npccache	npccache.wdb	enUS (realm root)		conquest-of-azeroth	conquest-of-azeroth	inferred:1.000/920	470	2026-08-29	extracted/WDB__f8cd0267/WDB/enUS/npccache.wdb
1085	46f274c3ffd02ca715daf6c815599169f4f7d5ecb974f8e60729e9f91db0173c	pagetextcache	pagetextcache.wdb	enUS (realm root)		conquest-of-azeroth	conquest-of-azeroth	inferred:1.000/920	50	2026-08-29	extracted/WDB__f8cd0267/WDB/enUS/pagetextcache.wdb
1086	8dea3abeaea6ea91b6bc9b931079e6ef4484e44852d9e6c90e3422d3e905b233	questcache	questcache.wdb	enUS (realm root)		conquest-of-azeroth	conquest-of-azeroth	inferred:1.000/920	1161	2026-08-29	extracted/WDB__f8cd0267/WDB/enUS/questcache.wdb
1087	98c3146a7eda3887273dc190edfa3ddeede44d68920872f1c238042d75e950db	wowcache	wowcache.wdb	enUS (realm root)		conquest-of-azeroth	conquest-of-azeroth	inferred:1.000/920	0	2026-08-29	extracted/WDB__f8cd0267/WDB/enUS/wowcache.wdb
1088	88fc4d9a9d8746ebc205a355b193244f27ccfd7f60fa1a29f880547dae53ed6c	creaturecache	creaturecache.wdb	Area 52 - Free-Pick	Area 52	Free-Pick	free-pick	modes.json	350	2026-09-04	extracted/WDB__98f2c30e/WDB/enUS/Area 52 - Free-Pick/creaturecache.wdb
1089	68325d012569c168306dce7010b602cb779ed7588febc8a3b8cfc596fca3c81e	gameobjectcache	gameobjectcache.wdb	Area 52 - Free-Pick	Area 52	Free-Pick	free-pick	modes.json	13	2026-09-04	extracted/WDB__98f2c30e/WDB/enUS/Area 52 - Free-Pick/gameobjectcache.wdb
1090	bda8edcf2bf2d5d165d34e39877b5c4b35f1402be9229a3ed6cad3f559668e5b	itemcache	itemcache.wdb	Area 52 - Free-Pick	Area 52	Free-Pick	free-pick	modes.json	122	2026-09-04	extracted/WDB__98f2c30e/WDB/enUS/Area 52 - Free-Pick/itemcache.wdb
1091	64052b26849b302c990d9e17bc9a61850cfde1fa0de5845a691da2accb639e31	itemnamecache	itemnamecache.wdb	Area 52 - Free-Pick	Area 52	Free-Pick	free-pick	modes.json	8	2026-09-04	extracted/WDB__98f2c30e/WDB/enUS/Area 52 - Free-Pick/itemnamecache.wdb
1092	d895e32a5c44adb93a1dd627c5f97023cb6fe1acd870e1676c2d39db57447e3d	questcache	questcache.wdb	Area 52 - Free-Pick	Area 52	Free-Pick	free-pick	modes.json	72	2026-09-04	extracted/WDB__98f2c30e/WDB/enUS/Area 52 - Free-Pick/questcache.wdb
1093	d29a2d5fb1f9817ced47964374f7ba7b1b4b5556ceba12f6cb174a02fe4aee58	creaturecache	creaturecache.wdb	Bronzebeard - Warcraft Reborn	Bronzebeard	Warcraft Reborn	warcraft-reborn	modes.json	525	2026-09-04	extracted/WDB__98f2c30e/WDB/enUS/Bronzebeard - Warcraft Reborn/creaturecache.wdb
1094	8026857ec48f6ed78e8f3b656c60d07e4912d9c445fe124ba50052d8f8517bb8	gameobjectcache	gameobjectcache.wdb	Bronzebeard - Warcraft Reborn	Bronzebeard	Warcraft Reborn	warcraft-reborn	modes.json	182	2026-09-04	extracted/WDB__98f2c30e/WDB/enUS/Bronzebeard - Warcraft Reborn/gameobjectcache.wdb
1095	62e295334b90cb103cffd2acfe8f396bfb9f8a81597774bc7705a4933bce0c5e	itemcache	itemcache.wdb	Bronzebeard - Warcraft Reborn	Bronzebeard	Warcraft Reborn	warcraft-reborn	modes.json	762	2026-09-04	extracted/WDB__98f2c30e/WDB/enUS/Bronzebeard - Warcraft Reborn/itemcache.wdb
1096	3faf7c0b03e45f86fbab4fd94ab8674ac0450407f0ba2d09ae615086b851da92	itemnamecache	itemnamecache.wdb	Bronzebeard - Warcraft Reborn	Bronzebeard	Warcraft Reborn	warcraft-reborn	modes.json	59	2026-09-04	extracted/WDB__98f2c30e/WDB/enUS/Bronzebeard - Warcraft Reborn/itemnamecache.wdb
1097	bacfdc0ad2674e0d5ad66618054e9d66b33ad64dae6e00b348faa15046ddd7c3	(non-standard)	itemstatcache.wdb	Bronzebeard - Warcraft Reborn	Bronzebeard	Warcraft Reborn	warcraft-reborn	modes.json	0	2026-08-28	extracted/WDB__98f2c30e/WDB/enUS/Bronzebeard - Warcraft Reborn/itemstatcache.wdb
1098	1673458b30206c502e52cad51c40eb81a4a76c3f5d3b7ddcdbab75919e591992	itemtextcache	itemtextcache.wdb	Bronzebeard - Warcraft Reborn	Bronzebeard	Warcraft Reborn	warcraft-reborn	modes.json	0	2026-09-04	extracted/WDB__98f2c30e/WDB/enUS/Bronzebeard - Warcraft Reborn/itemtextcache.wdb
1099	cd7565bbf3dc527318802379cc4894b6b1d7862febeb675e3029cecbb88ba45f	npccache	npccache.wdb	Bronzebeard - Warcraft Reborn	Bronzebeard	Warcraft Reborn	warcraft-reborn	modes.json	1	2026-09-04	extracted/WDB__98f2c30e/WDB/enUS/Bronzebeard - Warcraft Reborn/npccache.wdb
1100	82db6fdd8591a6e5981cdd543e3f248872d412fee08c26e9650b71e85aac4484	pagetextcache	pagetextcache.wdb	Bronzebeard - Warcraft Reborn	Bronzebeard	Warcraft Reborn	warcraft-reborn	modes.json	0	2026-09-04	extracted/WDB__98f2c30e/WDB/enUS/Bronzebeard - Warcraft Reborn/pagetextcache.wdb
1101	4ec445c51435bdf3ee0d6dd9a53834369379bca6731e6e52a1fa0ff6bbfd2eff	questcache	questcache.wdb	Bronzebeard - Warcraft Reborn	Bronzebeard	Warcraft Reborn	warcraft-reborn	modes.json	83	2026-09-04	extracted/WDB__98f2c30e/WDB/enUS/Bronzebeard - Warcraft Reborn/questcache.wdb
1102	f9fae52ec59188f1c1ddaf03b9c23deece6c08e023c2e0a9e884349fe74ce10f	wowcache	wowcache.wdb	Bronzebeard - Warcraft Reborn	Bronzebeard	Warcraft Reborn	warcraft-reborn	modes.json	0	2026-09-04	extracted/WDB__98f2c30e/WDB/enUS/Bronzebeard - Warcraft Reborn/wowcache.wdb
1103	a0d61fcc169c4ab1d8a7ff8400e009bda82f162024411ca1cede74312710a5e7	creaturecache	creaturecache.wdb	Rexxar - Conquest of Azeroth	Rexxar	Conquest of Azeroth	conquest-of-azeroth	modes.json	6833	2026-09-04	extracted/WDB__98f2c30e/WDB/enUS/Rexxar - Conquest of Azeroth/creaturecache.wdb
1104	f32981258a686a4aec7cf357e84274828a3c8a2bc7b076b2d3334e2e9e7f5082	gameobjectcache	gameobjectcache.wdb	Rexxar - Conquest of Azeroth	Rexxar	Conquest of Azeroth	conquest-of-azeroth	modes.json	3543	2026-09-04	extracted/WDB__98f2c30e/WDB/enUS/Rexxar - Conquest of Azeroth/gameobjectcache.wdb
1105	abd5c535640d5c6d53d66c0e43458f290e7c13f8ab60349c06536f10629959a0	itemcache	itemcache.wdb	Rexxar - Conquest of Azeroth	Rexxar	Conquest of Azeroth	conquest-of-azeroth	modes.json	27912	2026-09-04	extracted/WDB__98f2c30e/WDB/enUS/Rexxar - Conquest of Azeroth/itemcache.wdb
1106	9be404d7cf9cbac488078ab6bb7ca8c9622699e135617ed66b8c0daa15830f5d	itemnamecache	itemnamecache.wdb	Rexxar - Conquest of Azeroth	Rexxar	Conquest of Azeroth	conquest-of-azeroth	modes.json	286	2026-09-04	extracted/WDB__98f2c30e/WDB/enUS/Rexxar - Conquest of Azeroth/itemnamecache.wdb
1107	ce851cba2ef22361666afb70fc9b61385e320932ef9a835c3d81542671bc9b3e	(non-standard)	itemstatcache.wdb	Rexxar - Conquest of Azeroth	Rexxar	Conquest of Azeroth	conquest-of-azeroth	modes.json	0	2026-09-04	extracted/WDB__98f2c30e/WDB/enUS/Rexxar - Conquest of Azeroth/itemstatcache.wdb
1108	b1e62bd421b75390ff55715c870dd84cacc11019b8c7882b86f691e647ed01a5	npccache	npccache.wdb	Rexxar - Conquest of Azeroth	Rexxar	Conquest of Azeroth	conquest-of-azeroth	modes.json	37	2026-09-04	extracted/WDB__98f2c30e/WDB/enUS/Rexxar - Conquest of Azeroth/npccache.wdb
1109	4e9562247e3211fe5656a9466c40afa5be411dbffa10e82e02fa2d63916cd502	pagetextcache	pagetextcache.wdb	Rexxar - Conquest of Azeroth	Rexxar	Conquest of Azeroth	conquest-of-azeroth	modes.json	0	2026-09-04	extracted/WDB__98f2c30e/WDB/enUS/Rexxar - Conquest of Azeroth/pagetextcache.wdb
1110	84344e321789c9892c5dde47d30592a518db7c6fbd440eac194b5ad5e6e7e37d	questcache	questcache.wdb	Rexxar - Conquest of Azeroth	Rexxar	Conquest of Azeroth	conquest-of-azeroth	modes.json	142	2026-09-04	extracted/WDB__98f2c30e/WDB/enUS/Rexxar - Conquest of Azeroth/questcache.wdb
1111	f5460a7267adb6a1a4c15fcaf2688a290acf37368caffab518232c118d0b5b37	(non-standard)	questcacheaddon.wdb	Rexxar - Conquest of Azeroth	Rexxar	Conquest of Azeroth	conquest-of-azeroth	modes.json	0	2026-09-04	extracted/WDB__98f2c30e/WDB/enUS/Rexxar - Conquest of Azeroth/questcacheaddon.wdb
1112	cae1b7a3a1b0ddcf96446ba0c87560f4c9c2a09ebc25033ea9bdecbeccaf2f31	creaturecache	creaturecache.wdb	enUS (realm root)		conquest-of-azeroth	conquest-of-azeroth	inferred:1.000/7405	7414	2026-09-04	extracted/WDB__98f2c30e/WDB/enUS/creaturecache.wdb
1113	bc882f2d7cc09fde4855397f3804085cc4bfc219d628d0383f9826f20881de92	gameobjectcache	gameobjectcache.wdb	enUS (realm root)		conquest-of-azeroth	conquest-of-azeroth	inferred:1.000/7405	4094	2026-09-04	extracted/WDB__98f2c30e/WDB/enUS/gameobjectcache.wdb
1114	66b6c4159f140e06aee35d85869c341ca34afa7d8f316bad2c14759a78d58946	itemcache	itemcache.wdb	enUS (realm root)		conquest-of-azeroth	conquest-of-azeroth	inferred:1.000/7405	29231	2026-09-04	extracted/WDB__98f2c30e/WDB/enUS/itemcache.wdb
1115	375daa527ea8d9efcaffcd45f01a3154f31c9773fda2e1987767b63f7b3932c5	itemnamecache	itemnamecache.wdb	enUS (realm root)		conquest-of-azeroth	conquest-of-azeroth	inferred:1.000/7405	286	2026-09-04	extracted/WDB__98f2c30e/WDB/enUS/itemnamecache.wdb
1116	2d574cd00414e7597ac7a41ee5683562cbd90f01f167304bb0262fb2fe853bea	npccache	npccache.wdb	enUS (realm root)		conquest-of-azeroth	conquest-of-azeroth	inferred:1.000/7405	38	2026-09-04	extracted/WDB__98f2c30e/WDB/enUS/npccache.wdb
1117	f079be4b62670da1f71707ab3e34501c7542860a7605a5a35a70d65f5893953a	questcache	questcache.wdb	enUS (realm root)		conquest-of-azeroth	conquest-of-azeroth	inferred:1.000/7405	162	2026-09-04	extracted/WDB__98f2c30e/WDB/enUS/questcache.wdb
1118	fc96d7fa44e99b19f06017205bcc6b10d5a93069d442720d772311e91e3dc9ed	creaturecache	creaturecache.wdb	Area 52 - Free-Pick	Area 52	Free-Pick	free-pick	modes.json	535	2026-07-04	extracted/WDB__3d229887/WDB/enUS/Area 52 - Free-Pick/creaturecache.wdb
1119	1a2ff130bf1c8f9bf5cb977da760d9cb4e709591cf2639124cf3056e34d8703e	gameobjectcache	gameobjectcache.wdb	Area 52 - Free-Pick	Area 52	Free-Pick	free-pick	modes.json	252	2026-07-04	extracted/WDB__3d229887/WDB/enUS/Area 52 - Free-Pick/gameobjectcache.wdb
1120	21cb0d6b68916c166d77e1530a57a9d7c258696eac90b7b0954f69d8b167129d	itemcache	itemcache.wdb	Area 52 - Free-Pick	Area 52	Free-Pick	free-pick	modes.json	4759	2026-07-04	extracted/WDB__3d229887/WDB/enUS/Area 52 - Free-Pick/itemcache.wdb
1121	ff76aba832e04ae55200d2aae076e5641d3dab2c8298c8d1bbcc156849befe88	itemnamecache	itemnamecache.wdb	Area 52 - Free-Pick	Area 52	Free-Pick	free-pick	modes.json	71	2026-07-04	extracted/WDB__3d229887/WDB/enUS/Area 52 - Free-Pick/itemnamecache.wdb
1122	d0521d1c46e671f69aa6ee708912bf9bbcb8e98416a2d7304638b6f06446a76d	(non-standard)	itemstatcache.wdb	Area 52 - Free-Pick	Area 52	Free-Pick	free-pick	modes.json	0	2026-07-04	extracted/WDB__3d229887/WDB/enUS/Area 52 - Free-Pick/itemstatcache.wdb
1123	486ca1438adfa3c6b76e7bd2fb4388d1bad2d5bdf06b131b7a5aacd9940fbe3b	itemtextcache	itemtextcache.wdb	Area 52 - Free-Pick	Area 52	Free-Pick	free-pick	modes.json	0	2026-07-04	extracted/WDB__3d229887/WDB/enUS/Area 52 - Free-Pick/itemtextcache.wdb
1124	5b94e6a934a5c4419683888cd26cd34da355a9e69f39f19b8f98f6c8a547cb9d	npccache	npccache.wdb	Area 52 - Free-Pick	Area 52	Free-Pick	free-pick	modes.json	3	2026-07-04	extracted/WDB__3d229887/WDB/enUS/Area 52 - Free-Pick/npccache.wdb
1125	abd2b46ab927fed496a53e949f94fc49f08183853e8e848c3d16159a34683bdb	pagetextcache	pagetextcache.wdb	Area 52 - Free-Pick	Area 52	Free-Pick	free-pick	modes.json	0	2026-07-04	extracted/WDB__3d229887/WDB/enUS/Area 52 - Free-Pick/pagetextcache.wdb
1126	ab195944b817918045918ea3a50475110979907d83f068c1193d4f09c2dfbf54	questcache	questcache.wdb	Area 52 - Free-Pick	Area 52	Free-Pick	free-pick	modes.json	80	2026-07-04	extracted/WDB__3d229887/WDB/enUS/Area 52 - Free-Pick/questcache.wdb
1127	41e9aad3b3fd256d156264a8c71664c770c167d7169eeda69dd2f1f889f447ba	wowcache	wowcache.wdb	Area 52 - Free-Pick	Area 52	Free-Pick	free-pick	modes.json	0	2026-07-04	extracted/WDB__3d229887/WDB/enUS/Area 52 - Free-Pick/wowcache.wdb
1128	0c3363ef69ec7c9414b83b2b23928c5c7481ac513fd51d9836b8e4a085cc8ffd	creaturecache	creaturecache.wdb	Vol'jin - Conquest of Azeroth	Vol'jin	Conquest of Azeroth	conquest-of-azeroth	modes.json	328	2026-07-04	extracted/WDB__3d229887/WDB/enUS/Vol'jin - Conquest of Azeroth/creaturecache.wdb
1129	ae638e682e419762fc8f8eed3082a7674cd0db06883a138932123992e278a04e	gameobjectcache	gameobjectcache.wdb	Vol'jin - Conquest of Azeroth	Vol'jin	Conquest of Azeroth	conquest-of-azeroth	modes.json	82	2026-07-04	extracted/WDB__3d229887/WDB/enUS/Vol'jin - Conquest of Azeroth/gameobjectcache.wdb
1130	c506325ea9fbb98b5dab4bbf52d5f4e64f41af601df50a6f919255b8d569ca36	itemcache	itemcache.wdb	Vol'jin - Conquest of Azeroth	Vol'jin	Conquest of Azeroth	conquest-of-azeroth	modes.json	788	2026-07-04	extracted/WDB__3d229887/WDB/enUS/Vol'jin - Conquest of Azeroth/itemcache.wdb
1131	7aa0863762ca9aceaf7694883d7ed7d448504dc404d850eb7b4313f11ddd9119	itemnamecache	itemnamecache.wdb	Vol'jin - Conquest of Azeroth	Vol'jin	Conquest of Azeroth	conquest-of-azeroth	modes.json	0	2026-07-04	extracted/WDB__3d229887/WDB/enUS/Vol'jin - Conquest of Azeroth/itemnamecache.wdb
1132	d0521d1c46e671f69aa6ee708912bf9bbcb8e98416a2d7304638b6f06446a76d	(non-standard)	itemstatcache.wdb	Vol'jin - Conquest of Azeroth	Vol'jin	Conquest of Azeroth	conquest-of-azeroth	modes.json	0	2026-07-04	extracted/WDB__3d229887/WDB/enUS/Vol'jin - Conquest of Azeroth/itemstatcache.wdb
1133	af8fee88bf2a1386065c4c04c8f384d40398573cf0dba08b37c29771211709f3	npccache	npccache.wdb	Vol'jin - Conquest of Azeroth	Vol'jin	Conquest of Azeroth	conquest-of-azeroth	modes.json	4	2026-07-04	extracted/WDB__3d229887/WDB/enUS/Vol'jin - Conquest of Azeroth/npccache.wdb
1134	2b8ea98741bb3a79ccfca7eb4ca161773b966219c4428c26ca6bdc1e4838ab27	pagetextcache	pagetextcache.wdb	Vol'jin - Conquest of Azeroth	Vol'jin	Conquest of Azeroth	conquest-of-azeroth	modes.json	0	2026-07-04	extracted/WDB__3d229887/WDB/enUS/Vol'jin - Conquest of Azeroth/pagetextcache.wdb
1135	c53ee4a7ea2b4f1451b9eca5cad2e4d1a51f3e839e0fd26485de904b60feade9	questcache	questcache.wdb	Vol'jin - Conquest of Azeroth	Vol'jin	Conquest of Azeroth	conquest-of-azeroth	modes.json	60	2026-07-04	extracted/WDB__3d229887/WDB/enUS/Vol'jin - Conquest of Azeroth/questcache.wdb
1136	db511001c653134e8a22e550f93fa04ba81624034695850135590d8e7e10fc2a	creaturecache	creaturecache.wdb	Vol'jin - CoA Beta	Vol'jin	CoA Beta	coa-beta	modes.json	686	2026-05-16	extracted/WDB__4e78cba0/WDB/enUS/Vol'jin - CoA Beta/creaturecache.wdb
1137	d1fc21b1ffe01c6ed3a8cd334ad034eb9013499e662b9011660e2e98b43c52e8	gameobjectcache	gameobjectcache.wdb	Vol'jin - CoA Beta	Vol'jin	CoA Beta	coa-beta	modes.json	399	2026-05-16	extracted/WDB__4e78cba0/WDB/enUS/Vol'jin - CoA Beta/gameobjectcache.wdb
1138	78bd213625d2356a140ab533706c899d5e78508ec741d45db76bfbd9357568ea	itemcache	itemcache.wdb	Vol'jin - CoA Beta	Vol'jin	CoA Beta	coa-beta	modes.json	2548	2026-05-16	extracted/WDB__4e78cba0/WDB/enUS/Vol'jin - CoA Beta/itemcache.wdb
1139	15577544c529a061c8ae776a69d9ffcfa775df91ed6901435644b0ceb6999054	itemnamecache	itemnamecache.wdb	Vol'jin - CoA Beta	Vol'jin	CoA Beta	coa-beta	modes.json	0	2026-05-16	extracted/WDB__4e78cba0/WDB/enUS/Vol'jin - CoA Beta/itemnamecache.wdb
1140	fa3337614992618b7c405a855d9e1526465b2545c254f5c9c61175bc0010094b	(non-standard)	itemstatcache.wdb	Vol'jin - CoA Beta	Vol'jin	CoA Beta	coa-beta	modes.json	0	2026-05-16	extracted/WDB__4e78cba0/WDB/enUS/Vol'jin - CoA Beta/itemstatcache.wdb
1141	84e6cfd98bd02d873008655909b83a43ceb18be93e931dd7d780212507a90906	itemtextcache	itemtextcache.wdb	Vol'jin - CoA Beta	Vol'jin	CoA Beta	coa-beta	modes.json	0	2026-05-16	extracted/WDB__4e78cba0/WDB/enUS/Vol'jin - CoA Beta/itemtextcache.wdb
1142	86117007952bb9c6ad6c9bab887a0ce91d52881205825450c2e2d5d87601badd	npccache	npccache.wdb	Vol'jin - CoA Beta	Vol'jin	CoA Beta	coa-beta	modes.json	15	2026-05-16	extracted/WDB__4e78cba0/WDB/enUS/Vol'jin - CoA Beta/npccache.wdb
1143	7c586042d85abbbaa170025856a19755563c11167184e22fc59a20cf0983c152	pagetextcache	pagetextcache.wdb	Vol'jin - CoA Beta	Vol'jin	CoA Beta	coa-beta	modes.json	0	2026-05-16	extracted/WDB__4e78cba0/WDB/enUS/Vol'jin - CoA Beta/pagetextcache.wdb
1144	ea581a9da5d21b42192f98194534d79b63444caedceae577731b8b5097c9c5e5	questcache	questcache.wdb	Vol'jin - CoA Beta	Vol'jin	CoA Beta	coa-beta	modes.json	89	2026-05-16	extracted/WDB__4e78cba0/WDB/enUS/Vol'jin - CoA Beta/questcache.wdb
1145	708fb149718a90db4abc74264c91502a1a281d235b124306952dab04d06c24a6	wowcache	wowcache.wdb	Vol'jin - CoA Beta	Vol'jin	CoA Beta	coa-beta	modes.json	0	2026-05-16	extracted/WDB__4e78cba0/WDB/enUS/Vol'jin - CoA Beta/wowcache.wdb
1146	ea68b4687a03202739d23a79028febb12b4e7306c445a9d193e0f7019d8c34d2	creaturecache	creaturecache.wdb	(root)		unknown	unknown	unknown	2968	2026-09-08	discord resources/creaturecache.wdb
1147	2324309c45e35db1f672b884f62780e9c53d3bed84dbbe498d02632283227017	gameobjectcache	gameobjectcache.wdb	(root)		unknown	unknown	unknown	2037	2026-09-08	discord resources/gameobjectcache.wdb
1148	47b335594c511608a88641e713eff68b647502381ec10b143809a1f5e046e6de	itemnamecache	itemnamecache.wdb	(root)		unknown	unknown	unknown	19	2026-09-08	discord resources/itemnamecache.wdb
1149	678b086007422e2d91ddf1c3587c7ad283f4171b4b5ac4518857039a97a1e286	(non-standard)	itemstatcache.wdb	(root)		unknown	unknown	unknown	0	2026-09-08	discord resources/itemstatcache.wdb
1150	976efce0e5d40769e1c956e832a906dec2f55dda063b301244a1ace5a39f8030	itemtextcache	itemtextcache.wdb	(root)		unknown	unknown	unknown	0	2026-09-08	discord resources/itemtextcache.wdb
1151	2fcc8f303c48d4589f78a87f7cfc52e2fd764f5d2879605b2aca0dde6bd77647	npccache	npccache.wdb	(root)		unknown	unknown	unknown	176	2026-09-08	discord resources/npccache.wdb
1152	8416fa4a8b2b01effaad3e225585f4fe57a22212fa49ef1a209e93159646a314	questcache	questcache.wdb	(root)		unknown	unknown	unknown	445	2026-09-08	discord resources/questcache.wdb
1153	ed1fb427bd1d2e6e7f3a42bcf2930ad0be9101bb2a29d6f713643120bad54c9d	creaturecache	creaturecache.wdb	enUS (realm root) [ascension-harvest-export]		unknown	unknown	unknown	0	2026-09-07	_inbox/archive/ascension-harvest-export/client-cache/full-enus-snapshot-2026-09-01/enUS/creaturecache.wdb
1154	2870547f70bb72d9e2f82b0fa58c4e36725499557cc2f396dfebde68c12ff59e	gameobjectcache	gameobjectcache.wdb	enUS (realm root) [ascension-harvest-export]		unknown	unknown	unknown	0	2026-09-07	_inbox/archive/ascension-harvest-export/client-cache/full-enus-snapshot-2026-09-01/enUS/gameobjectcache.wdb
1155	c1dac73c9c7b2b45fd20706823183e2f3fc21fad97e10c70231837651f25958f	itemcache	itemcache.wdb	enUS (realm root) [ascension-harvest-export]		unknown	unknown	unknown	0	2026-09-07	_inbox/archive/ascension-harvest-export/client-cache/full-enus-snapshot-2026-09-01/enUS/itemcache.wdb
1156	7966a79edfdac155f553da53b987afe15a8d001bd32670bbdf5ba3a8aa8f81ca	itemnamecache	itemnamecache.wdb	enUS (realm root) [ascension-harvest-export]		unknown	unknown	unknown	0	2026-09-07	_inbox/archive/ascension-harvest-export/client-cache/full-enus-snapshot-2026-09-01/enUS/itemnamecache.wdb
1157	7a07985b8a26b0968e139995934e675342068fbefa4cc8625666a1b4a004b2d6	itemtextcache	itemtextcache.wdb	enUS (realm root) [ascension-harvest-export]		unknown	unknown	unknown	0	2026-09-07	_inbox/archive/ascension-harvest-export/client-cache/full-enus-snapshot-2026-09-01/enUS/itemtextcache.wdb
1158	e64550fd0c90b8c6f8e9961d047ae934f28371beffe964196bc6992248a9b324	npccache	npccache.wdb	enUS (realm root) [ascension-harvest-export]		unknown	unknown	unknown	0	2026-09-07	_inbox/archive/ascension-harvest-export/client-cache/full-enus-snapshot-2026-09-01/enUS/npccache.wdb
1159	17cf81aa01323f25f195858f7396872ce21759d58c16e2bb604d6fefbef19c5c	pagetextcache	pagetextcache.wdb	enUS (realm root) [ascension-harvest-export]		unknown	unknown	unknown	0	2026-09-07	_inbox/archive/ascension-harvest-export/client-cache/full-enus-snapshot-2026-09-01/enUS/pagetextcache.wdb
1160	f522477814278a6e5ebb6036bcb5d6bef2c56315c71213bcb561105f1eb13373	questcache	questcache.wdb	enUS (realm root) [ascension-harvest-export]		unknown	unknown	unknown	0	2026-09-07	_inbox/archive/ascension-harvest-export/client-cache/full-enus-snapshot-2026-09-01/enUS/questcache.wdb
1161	ecefc6e410b8a2b0e1416e6947cb195c4bef83b807cc065728b19a3e226be029	wowcache	wowcache.wdb	enUS (realm root) [ascension-harvest-export]		unknown	unknown	unknown	0	2026-09-07	_inbox/archive/ascension-harvest-export/client-cache/full-enus-snapshot-2026-09-01/enUS/wowcache.wdb
1162	ed1fb427bd1d2e6e7f3a42bcf2930ad0be9101bb2a29d6f713643120bad54c9d	creaturecache	creaturecache.wdb	enUS (realm root) [Cache]		unknown	unknown	unknown	0	2026-09-04	extracted/Cache/Cache/WDB/enUS/creaturecache.wdb
1163	2870547f70bb72d9e2f82b0fa58c4e36725499557cc2f396dfebde68c12ff59e	gameobjectcache	gameobjectcache.wdb	enUS (realm root) [Cache]		unknown	unknown	unknown	0	2026-09-04	extracted/Cache/Cache/WDB/enUS/gameobjectcache.wdb
1164	c1dac73c9c7b2b45fd20706823183e2f3fc21fad97e10c70231837651f25958f	itemcache	itemcache.wdb	enUS (realm root) [Cache]		unknown	unknown	unknown	0	2026-09-04	extracted/Cache/Cache/WDB/enUS/itemcache.wdb
1165	7966a79edfdac155f553da53b987afe15a8d001bd32670bbdf5ba3a8aa8f81ca	itemnamecache	itemnamecache.wdb	enUS (realm root) [Cache]		unknown	unknown	unknown	0	2026-09-04	extracted/Cache/Cache/WDB/enUS/itemnamecache.wdb
1166	7a07985b8a26b0968e139995934e675342068fbefa4cc8625666a1b4a004b2d6	itemtextcache	itemtextcache.wdb	enUS (realm root) [Cache]		unknown	unknown	unknown	0	2026-09-04	extracted/Cache/Cache/WDB/enUS/itemtextcache.wdb
1167	e64550fd0c90b8c6f8e9961d047ae934f28371beffe964196bc6992248a9b324	npccache	npccache.wdb	enUS (realm root) [Cache]		unknown	unknown	unknown	0	2026-09-04	extracted/Cache/Cache/WDB/enUS/npccache.wdb
1168	17cf81aa01323f25f195858f7396872ce21759d58c16e2bb604d6fefbef19c5c	pagetextcache	pagetextcache.wdb	enUS (realm root) [Cache]		unknown	unknown	unknown	0	2026-09-04	extracted/Cache/Cache/WDB/enUS/pagetextcache.wdb
1169	f522477814278a6e5ebb6036bcb5d6bef2c56315c71213bcb561105f1eb13373	questcache	questcache.wdb	enUS (realm root) [Cache]		unknown	unknown	unknown	0	2026-09-04	extracted/Cache/Cache/WDB/enUS/questcache.wdb
1170	ecefc6e410b8a2b0e1416e6947cb195c4bef83b807cc065728b19a3e226be029	wowcache	wowcache.wdb	enUS (realm root) [Cache]		unknown	unknown	unknown	0	2026-09-04	extracted/Cache/Cache/WDB/enUS/wowcache.wdb
1171	f406df109588c2a4f09b6d2f3fd8e24bb42d5884114c0b4b85535c0e45fa47f2	creaturecache	creaturecache.wdb	enUS (realm root) [WDB(1)__7z]		conquest-of-azeroth	conquest-of-azeroth	inferred:1.000/6859	6859	2026-09-04	extracted/WDB(1)__7z/WDB/enUS/creaturecache.wdb
1172	fbb14a290eb60626010f4687b38db6666d082daaaefb490e37be2e48d1913c74	gameobjectcache	gameobjectcache.wdb	enUS (realm root) [WDB(1)__7z]		conquest-of-azeroth	conquest-of-azeroth	inferred:1.000/6859	2852	2026-09-04	extracted/WDB(1)__7z/WDB/enUS/gameobjectcache.wdb
1173	cd74ddbe331b21a6c5c7e1c14eac53bcc38f6b39245906ca8cf31ec66d62485f	itemcache	itemcache.wdb	enUS (realm root) [WDB(1)__7z]		conquest-of-azeroth	conquest-of-azeroth	inferred:1.000/6859	35246	2026-09-04	extracted/WDB(1)__7z/WDB/enUS/itemcache.wdb
1174	b03b22ac1f3b34a17697f3313be811b08ad225d7f356bd891670e049081ed5cd	itemnamecache	itemnamecache.wdb	enUS (realm root) [WDB(1)__7z]		conquest-of-azeroth	conquest-of-azeroth	inferred:1.000/6859	179	2026-09-04	extracted/WDB(1)__7z/WDB/enUS/itemnamecache.wdb
1175	e7c5208de867663eb6d40e978b9c3712ce1bd95095ee7c0c5e550a9fdcd7f677	(non-standard)	itemstatcache.wdb	enUS (realm root) [WDB(1)__7z]		conquest-of-azeroth	conquest-of-azeroth	inferred:1.000/6859	0	2026-08-01	extracted/WDB(1)__7z/WDB/enUS/itemstatcache.wdb
1176	69d454a7d2adcc5c7d6d19b4ffcc9933132c3169a70e5a322151456d87a4215f	itemtextcache	itemtextcache.wdb	enUS (realm root) [WDB(1)__7z]		conquest-of-azeroth	conquest-of-azeroth	inferred:1.000/6859	0	2026-09-04	extracted/WDB(1)__7z/WDB/enUS/itemtextcache.wdb
1177	b9fe52edee4c46ec216497084d1db14519431b9b94b1ed1b646e6ba9e20588bc	npccache	npccache.wdb	enUS (realm root) [WDB(1)__7z]		conquest-of-azeroth	conquest-of-azeroth	inferred:1.000/6859	141	2026-09-04	extracted/WDB(1)__7z/WDB/enUS/npccache.wdb
1178	b8e3c9f093ab734e06ea0845451f5fb90c670ed355a8fd253ba4d97199f46eae	pagetextcache	pagetextcache.wdb	enUS (realm root) [WDB(1)__7z]		conquest-of-azeroth	conquest-of-azeroth	inferred:1.000/6859	18	2026-09-04	extracted/WDB(1)__7z/WDB/enUS/pagetextcache.wdb
1179	6e9f64cefa25554c624742c69314b18d32cbd2dacaf83cc6e76b5fa53db7626f	questcache	questcache.wdb	enUS (realm root) [WDB(1)__7z]		conquest-of-azeroth	conquest-of-azeroth	inferred:1.000/6859	309	2026-09-04	extracted/WDB(1)__7z/WDB/enUS/questcache.wdb
1180	c2d1e133d60ddb6aaf4f13a1deee949a120400ba95db3795bd813be77cf1c7f6	wowcache	wowcache.wdb	enUS (realm root) [WDB(1)__7z]		conquest-of-azeroth	conquest-of-azeroth	inferred:1.000/6859	0	2026-09-04	extracted/WDB(1)__7z/WDB/enUS/wowcache.wdb
1181	854d21886643c45b531508a64b1a7fa47713b3906940826c372a231c72cae184	creaturecache	creaturecache.wdb	enUS (realm root) [WDB(1)__rar]		conquest-of-azeroth	conquest-of-azeroth	inferred:1.000/759	5931	2026-08-17	extracted/WDB(1)__rar/WDB/enUS/creaturecache.wdb
1182	c3d0367a6f0b763639693792a3b1e37a1bde553a46e2d4a04af5cb62c4f1f4a4	gameobjectcache	gameobjectcache.wdb	enUS (realm root) [WDB(1)__rar]		conquest-of-azeroth	conquest-of-azeroth	inferred:1.000/759	4899	2026-08-17	extracted/WDB(1)__rar/WDB/enUS/gameobjectcache.wdb
1183	923cbf4b0d561179edfd8101110c7031785fca6ee97eede97974fb607ea06aa0	itemcache	itemcache.wdb	enUS (realm root) [WDB(1)__rar]		conquest-of-azeroth	conquest-of-azeroth	inferred:1.000/759	31723	2026-08-17	extracted/WDB(1)__rar/WDB/enUS/itemcache.wdb
1184	046dbd3c020c664002f68f6e08d1c8ab0d2e642131ab13a7515eba4e13252420	itemnamecache	itemnamecache.wdb	enUS (realm root) [WDB(1)__rar]		conquest-of-azeroth	conquest-of-azeroth	inferred:1.000/759	114	2026-08-17	extracted/WDB(1)__rar/WDB/enUS/itemnamecache.wdb
1185	7a07985b8a26b0968e139995934e675342068fbefa4cc8625666a1b4a004b2d6	itemtextcache	itemtextcache.wdb	enUS (realm root) [WDB(1)__rar]		conquest-of-azeroth	conquest-of-azeroth	inferred:1.000/759	0	2026-08-17	extracted/WDB(1)__rar/WDB/enUS/itemtextcache.wdb
1186	f63ab7dcd7a9599309cee3000cb4ba875f21ba8362e033870363eb5051f1c4b5	npccache	npccache.wdb	enUS (realm root) [WDB(1)__rar]		conquest-of-azeroth	conquest-of-azeroth	inferred:1.000/759	361	2026-08-17	extracted/WDB(1)__rar/WDB/enUS/npccache.wdb
1187	d0cd4eb050c964e8bc6e4716af76208a4e0b7b004745af874523325c46f38ac5	pagetextcache	pagetextcache.wdb	enUS (realm root) [WDB(1)__rar]		conquest-of-azeroth	conquest-of-azeroth	inferred:1.000/759	16	2026-08-17	extracted/WDB(1)__rar/WDB/enUS/pagetextcache.wdb
1188	2397eed981a7287aeb06fd2570fe435617860d6b5267336f9b89f716a6bafb4a	questcache	questcache.wdb	enUS (realm root) [WDB(1)__rar]		conquest-of-azeroth	conquest-of-azeroth	inferred:1.000/759	759	2026-08-17	extracted/WDB(1)__rar/WDB/enUS/questcache.wdb
1189	ecefc6e410b8a2b0e1416e6947cb195c4bef83b807cc065728b19a3e226be029	wowcache	wowcache.wdb	enUS (realm root) [WDB(1)__rar]		conquest-of-azeroth	conquest-of-azeroth	inferred:1.000/759	0	2026-08-17	extracted/WDB(1)__rar/WDB/enUS/wowcache.wdb
1190	ed1fb427bd1d2e6e7f3a42bcf2930ad0be9101bb2a29d6f713643120bad54c9d	creaturecache	creaturecache.wdb	enUS (realm root) [WDB(1)__zip]		unknown	unknown	unknown	0	2026-09-04	extracted/WDB(1)__zip/WDB/enUS/creaturecache.wdb
1191	2870547f70bb72d9e2f82b0fa58c4e36725499557cc2f396dfebde68c12ff59e	gameobjectcache	gameobjectcache.wdb	enUS (realm root) [WDB(1)__zip]		unknown	unknown	unknown	0	2026-09-04	extracted/WDB(1)__zip/WDB/enUS/gameobjectcache.wdb
1192	c1dac73c9c7b2b45fd20706823183e2f3fc21fad97e10c70231837651f25958f	itemcache	itemcache.wdb	enUS (realm root) [WDB(1)__zip]		unknown	unknown	unknown	0	2026-09-04	extracted/WDB(1)__zip/WDB/enUS/itemcache.wdb
1193	7966a79edfdac155f553da53b987afe15a8d001bd32670bbdf5ba3a8aa8f81ca	itemnamecache	itemnamecache.wdb	enUS (realm root) [WDB(1)__zip]		unknown	unknown	unknown	0	2026-09-04	extracted/WDB(1)__zip/WDB/enUS/itemnamecache.wdb
1194	91024aebafba6b1bcd1c9764663f8884de3aa14353cdae2909ef1ca64e5a3932	(non-standard)	itemstatcache.wdb	enUS (realm root) [WDB(1)__zip]		unknown	unknown	unknown	0	2026-09-04	extracted/WDB(1)__zip/WDB/enUS/itemstatcache.wdb
1195	7a07985b8a26b0968e139995934e675342068fbefa4cc8625666a1b4a004b2d6	itemtextcache	itemtextcache.wdb	enUS (realm root) [WDB(1)__zip]		unknown	unknown	unknown	0	2026-09-04	extracted/WDB(1)__zip/WDB/enUS/itemtextcache.wdb
1196	e64550fd0c90b8c6f8e9961d047ae934f28371beffe964196bc6992248a9b324	npccache	npccache.wdb	enUS (realm root) [WDB(1)__zip]		unknown	unknown	unknown	0	2026-09-04	extracted/WDB(1)__zip/WDB/enUS/npccache.wdb
1197	17cf81aa01323f25f195858f7396872ce21759d58c16e2bb604d6fefbef19c5c	pagetextcache	pagetextcache.wdb	enUS (realm root) [WDB(1)__zip]		unknown	unknown	unknown	0	2026-09-04	extracted/WDB(1)__zip/WDB/enUS/pagetextcache.wdb
1198	f522477814278a6e5ebb6036bcb5d6bef2c56315c71213bcb561105f1eb13373	questcache	questcache.wdb	enUS (realm root) [WDB(1)__zip]		unknown	unknown	unknown	0	2026-09-04	extracted/WDB(1)__zip/WDB/enUS/questcache.wdb
1199	ecefc6e410b8a2b0e1416e6947cb195c4bef83b807cc065728b19a3e226be029	wowcache	wowcache.wdb	enUS (realm root) [WDB(1)__zip]		unknown	unknown	unknown	0	2026-09-04	extracted/WDB(1)__zip/WDB/enUS/wowcache.wdb
1200	ed1fb427bd1d2e6e7f3a42bcf2930ad0be9101bb2a29d6f713643120bad54c9d	creaturecache	creaturecache.wdb	enUS (realm root) [WDB(3)]		unknown	unknown	unknown	0	2026-09-01	extracted/WDB(3)/WDB/enUS/creaturecache.wdb
1201	2870547f70bb72d9e2f82b0fa58c4e36725499557cc2f396dfebde68c12ff59e	gameobjectcache	gameobjectcache.wdb	enUS (realm root) [WDB(3)]		unknown	unknown	unknown	0	2026-09-01	extracted/WDB(3)/WDB/enUS/gameobjectcache.wdb
1202	c1dac73c9c7b2b45fd20706823183e2f3fc21fad97e10c70231837651f25958f	itemcache	itemcache.wdb	enUS (realm root) [WDB(3)]		unknown	unknown	unknown	0	2026-09-01	extracted/WDB(3)/WDB/enUS/itemcache.wdb
1203	7966a79edfdac155f553da53b987afe15a8d001bd32670bbdf5ba3a8aa8f81ca	itemnamecache	itemnamecache.wdb	enUS (realm root) [WDB(3)]		unknown	unknown	unknown	0	2026-09-01	extracted/WDB(3)/WDB/enUS/itemnamecache.wdb
1204	7a07985b8a26b0968e139995934e675342068fbefa4cc8625666a1b4a004b2d6	itemtextcache	itemtextcache.wdb	enUS (realm root) [WDB(3)]		unknown	unknown	unknown	0	2026-09-01	extracted/WDB(3)/WDB/enUS/itemtextcache.wdb
1205	e64550fd0c90b8c6f8e9961d047ae934f28371beffe964196bc6992248a9b324	npccache	npccache.wdb	enUS (realm root) [WDB(3)]		unknown	unknown	unknown	0	2026-09-01	extracted/WDB(3)/WDB/enUS/npccache.wdb
1206	17cf81aa01323f25f195858f7396872ce21759d58c16e2bb604d6fefbef19c5c	pagetextcache	pagetextcache.wdb	enUS (realm root) [WDB(3)]		unknown	unknown	unknown	0	2026-09-01	extracted/WDB(3)/WDB/enUS/pagetextcache.wdb
1207	f522477814278a6e5ebb6036bcb5d6bef2c56315c71213bcb561105f1eb13373	questcache	questcache.wdb	enUS (realm root) [WDB(3)]		unknown	unknown	unknown	0	2026-09-01	extracted/WDB(3)/WDB/enUS/questcache.wdb
1208	ecefc6e410b8a2b0e1416e6947cb195c4bef83b807cc065728b19a3e226be029	wowcache	wowcache.wdb	enUS (realm root) [WDB(3)]		unknown	unknown	unknown	0	2026-09-01	extracted/WDB(3)/WDB/enUS/wowcache.wdb
1209	ed1fb427bd1d2e6e7f3a42bcf2930ad0be9101bb2a29d6f713643120bad54c9d	creaturecache	creaturecache.wdb	enUS (realm root) [WDB(4)]		unknown	unknown	unknown	0	2026-09-03	extracted/WDB(4)/WDB/enUS/creaturecache.wdb
1210	2870547f70bb72d9e2f82b0fa58c4e36725499557cc2f396dfebde68c12ff59e	gameobjectcache	gameobjectcache.wdb	enUS (realm root) [WDB(4)]		unknown	unknown	unknown	0	2026-09-03	extracted/WDB(4)/WDB/enUS/gameobjectcache.wdb
1211	c1dac73c9c7b2b45fd20706823183e2f3fc21fad97e10c70231837651f25958f	itemcache	itemcache.wdb	enUS (realm root) [WDB(4)]		unknown	unknown	unknown	0	2026-09-03	extracted/WDB(4)/WDB/enUS/itemcache.wdb
1212	7966a79edfdac155f553da53b987afe15a8d001bd32670bbdf5ba3a8aa8f81ca	itemnamecache	itemnamecache.wdb	enUS (realm root) [WDB(4)]		unknown	unknown	unknown	0	2026-09-03	extracted/WDB(4)/WDB/enUS/itemnamecache.wdb
1213	7a07985b8a26b0968e139995934e675342068fbefa4cc8625666a1b4a004b2d6	itemtextcache	itemtextcache.wdb	enUS (realm root) [WDB(4)]		unknown	unknown	unknown	0	2026-09-03	extracted/WDB(4)/WDB/enUS/itemtextcache.wdb
1214	e64550fd0c90b8c6f8e9961d047ae934f28371beffe964196bc6992248a9b324	npccache	npccache.wdb	enUS (realm root) [WDB(4)]		unknown	unknown	unknown	0	2026-09-03	extracted/WDB(4)/WDB/enUS/npccache.wdb
1215	17cf81aa01323f25f195858f7396872ce21759d58c16e2bb604d6fefbef19c5c	pagetextcache	pagetextcache.wdb	enUS (realm root) [WDB(4)]		unknown	unknown	unknown	0	2026-09-03	extracted/WDB(4)/WDB/enUS/pagetextcache.wdb
1216	f522477814278a6e5ebb6036bcb5d6bef2c56315c71213bcb561105f1eb13373	questcache	questcache.wdb	enUS (realm root) [WDB(4)]		unknown	unknown	unknown	0	2026-09-03	extracted/WDB(4)/WDB/enUS/questcache.wdb
1217	ecefc6e410b8a2b0e1416e6947cb195c4bef83b807cc065728b19a3e226be029	wowcache	wowcache.wdb	enUS (realm root) [WDB(4)]		unknown	unknown	unknown	0	2026-09-03	extracted/WDB(4)/WDB/enUS/wowcache.wdb
1218	4306f699f87fea43ed80d85082f32cac7a01327ac3ae0adc0354557993ec8d48	creaturecache	creaturecache.wdb	enUS (realm root) [WDB(5)]		conquest-of-azeroth	conquest-of-azeroth	inferred:1.000/11155	1101	2026-08-27	extracted/WDB(5)/WDB/enUS/creaturecache.wdb
1219	5411d4b2eae97fae5cf6baf96c82f35b275e9bf2db6ec404b18fdc31f3c813c0	gameobjectcache	gameobjectcache.wdb	enUS (realm root) [WDB(5)]		conquest-of-azeroth	conquest-of-azeroth	inferred:1.000/11155	615	2026-08-27	extracted/WDB(5)/WDB/enUS/gameobjectcache.wdb
1220	5a2fa05c03839f201ea62d771a776c8d001eae153b10de5d739263ce10be6334	itemcache	itemcache.wdb	enUS (realm root) [WDB(5)]		conquest-of-azeroth	conquest-of-azeroth	inferred:1.000/11155	11155	2026-08-27	extracted/WDB(5)/WDB/enUS/itemcache.wdb
1221	334e49c95730e592670218e3df7a9fe48b1ac9ed0d888f887785b5b4b9e5c4f3	itemnamecache	itemnamecache.wdb	enUS (realm root) [WDB(5)]		conquest-of-azeroth	conquest-of-azeroth	inferred:1.000/11155	56	2026-08-27	extracted/WDB(5)/WDB/enUS/itemnamecache.wdb
1222	1673458b30206c502e52cad51c40eb81a4a76c3f5d3b7ddcdbab75919e591992	itemtextcache	itemtextcache.wdb	enUS (realm root) [WDB(5)]		conquest-of-azeroth	conquest-of-azeroth	inferred:1.000/11155	0	2026-08-27	extracted/WDB(5)/WDB/enUS/itemtextcache.wdb
1223	beee40a86f94c22cf8109b75d9c264b31b9f5639f7103662419ed458d3c9a9dc	npccache	npccache.wdb	enUS (realm root) [WDB(5)]		conquest-of-azeroth	conquest-of-azeroth	inferred:1.000/11155	32	2026-08-27	extracted/WDB(5)/WDB/enUS/npccache.wdb
1224	82db6fdd8591a6e5981cdd543e3f248872d412fee08c26e9650b71e85aac4484	pagetextcache	pagetextcache.wdb	enUS (realm root) [WDB(5)]		conquest-of-azeroth	conquest-of-azeroth	inferred:1.000/11155	0	2026-08-27	extracted/WDB(5)/WDB/enUS/pagetextcache.wdb
1225	1e166264c136053f78aed92c728d8ec3ea3f5e70fa887c577750e18a4ec0dd3d	questcache	questcache.wdb	enUS (realm root) [WDB(5)]		conquest-of-azeroth	conquest-of-azeroth	inferred:1.000/11155	170	2026-08-27	extracted/WDB(5)/WDB/enUS/questcache.wdb
1226	f9fae52ec59188f1c1ddaf03b9c23deece6c08e023c2e0a9e884349fe74ce10f	wowcache	wowcache.wdb	enUS (realm root) [WDB(5)]		conquest-of-azeroth	conquest-of-azeroth	inferred:1.000/11155	0	2026-08-27	extracted/WDB(5)/WDB/enUS/wowcache.wdb
1227	ed1fb427bd1d2e6e7f3a42bcf2930ad0be9101bb2a29d6f713643120bad54c9d	creaturecache	creaturecache.wdb	enUS (realm root) [WDB(6)]		unknown	unknown	unknown	0	2026-09-02	extracted/WDB(6)/WDB/enUS/creaturecache.wdb
1228	2870547f70bb72d9e2f82b0fa58c4e36725499557cc2f396dfebde68c12ff59e	gameobjectcache	gameobjectcache.wdb	enUS (realm root) [WDB(6)]		unknown	unknown	unknown	0	2026-09-02	extracted/WDB(6)/WDB/enUS/gameobjectcache.wdb
1229	c1dac73c9c7b2b45fd20706823183e2f3fc21fad97e10c70231837651f25958f	itemcache	itemcache.wdb	enUS (realm root) [WDB(6)]		unknown	unknown	unknown	0	2026-09-02	extracted/WDB(6)/WDB/enUS/itemcache.wdb
1230	7966a79edfdac155f553da53b987afe15a8d001bd32670bbdf5ba3a8aa8f81ca	itemnamecache	itemnamecache.wdb	enUS (realm root) [WDB(6)]		unknown	unknown	unknown	0	2026-09-02	extracted/WDB(6)/WDB/enUS/itemnamecache.wdb
1231	7a07985b8a26b0968e139995934e675342068fbefa4cc8625666a1b4a004b2d6	itemtextcache	itemtextcache.wdb	enUS (realm root) [WDB(6)]		unknown	unknown	unknown	0	2026-09-02	extracted/WDB(6)/WDB/enUS/itemtextcache.wdb
1232	e64550fd0c90b8c6f8e9961d047ae934f28371beffe964196bc6992248a9b324	npccache	npccache.wdb	enUS (realm root) [WDB(6)]		unknown	unknown	unknown	0	2026-09-02	extracted/WDB(6)/WDB/enUS/npccache.wdb
1233	17cf81aa01323f25f195858f7396872ce21759d58c16e2bb604d6fefbef19c5c	pagetextcache	pagetextcache.wdb	enUS (realm root) [WDB(6)]		unknown	unknown	unknown	0	2026-09-02	extracted/WDB(6)/WDB/enUS/pagetextcache.wdb
1234	f522477814278a6e5ebb6036bcb5d6bef2c56315c71213bcb561105f1eb13373	questcache	questcache.wdb	enUS (realm root) [WDB(6)]		unknown	unknown	unknown	0	2026-09-02	extracted/WDB(6)/WDB/enUS/questcache.wdb
1235	ecefc6e410b8a2b0e1416e6947cb195c4bef83b807cc065728b19a3e226be029	wowcache	wowcache.wdb	enUS (realm root) [WDB(6)]		unknown	unknown	unknown	0	2026-09-02	extracted/WDB(6)/WDB/enUS/wowcache.wdb
1236	c621d5b2c88cbb6202449190fbad8d39dd82b0cc600d2b811eb1dbfc9656387f	creaturecache	creaturecache.wdb	enUS (realm root) [WDB-1]		conquest-of-azeroth	conquest-of-azeroth	inferred:1.000/920	11455	2026-09-04	extracted/WDB-1/WDB/enUS/creaturecache.wdb
1237	12a6e35ef4d445b4cdb476e6c070c294293c852c140be6eb8d3d7e22a987afee	gameobjectcache	gameobjectcache.wdb	enUS (realm root) [WDB-1]		conquest-of-azeroth	conquest-of-azeroth	inferred:1.000/920	8218	2026-09-04	extracted/WDB-1/WDB/enUS/gameobjectcache.wdb
1238	a2a51337aecb88852280d4fc860119004b900ba7c2af79a74be1b628f5b18f9a	itemcache	itemcache.wdb	enUS (realm root) [WDB-1]		conquest-of-azeroth	conquest-of-azeroth	inferred:1.000/920	45778	2026-09-04	extracted/WDB-1/WDB/enUS/itemcache.wdb
1239	33ecdd866c6ace6f4ff6afb0c86b5705fc5b25259cfba741760b873a8701d06d	itemnamecache	itemnamecache.wdb	enUS (realm root) [WDB-1]		conquest-of-azeroth	conquest-of-azeroth	inferred:1.000/920	1268	2026-09-04	extracted/WDB-1/WDB/enUS/itemnamecache.wdb
1240	727c2455cd5aba9ff45f84ea0f477dce89aa3177e121605811396b3cab33b7f0	(non-standard)	itemstatcache.wdb	enUS (realm root) [WDB-1]		conquest-of-azeroth	conquest-of-azeroth	inferred:1.000/920	0	2026-07-22	extracted/WDB-1/WDB/enUS/itemstatcache.wdb
1241	7a07985b8a26b0968e139995934e675342068fbefa4cc8625666a1b4a004b2d6	itemtextcache	itemtextcache.wdb	enUS (realm root) [WDB-1]		conquest-of-azeroth	conquest-of-azeroth	inferred:1.000/920	0	2026-09-04	extracted/WDB-1/WDB/enUS/itemtextcache.wdb
1242	e190b5213af1ddabca7485511dedf1d0d74f818c264427e85acd6f2e8fd9f12e	npccache	npccache.wdb	enUS (realm root) [WDB-1]		conquest-of-azeroth	conquest-of-azeroth	inferred:1.000/920	378	2026-09-04	extracted/WDB-1/WDB/enUS/npccache.wdb
1243	b726bd0a0a70a886dd906c3d5971ff35f9618cbbbfa8a45e0c36a1fc9eab0472	pagetextcache	pagetextcache.wdb	enUS (realm root) [WDB-1]		conquest-of-azeroth	conquest-of-azeroth	inferred:1.000/920	47	2026-09-04	extracted/WDB-1/WDB/enUS/pagetextcache.wdb
1244	19b1ee68b7ccb223ac11770b3660fe6f123a014bd8eac8466666d614c8321553	questcache	questcache.wdb	enUS (realm root) [WDB-1]		conquest-of-azeroth	conquest-of-azeroth	inferred:1.000/920	920	2026-09-04	extracted/WDB-1/WDB/enUS/questcache.wdb
1245	ecefc6e410b8a2b0e1416e6947cb195c4bef83b807cc065728b19a3e226be029	wowcache	wowcache.wdb	enUS (realm root) [WDB-1]		conquest-of-azeroth	conquest-of-azeroth	inferred:1.000/920	0	2026-09-04	extracted/WDB-1/WDB/enUS/wowcache.wdb
1246	ed1fb427bd1d2e6e7f3a42bcf2930ad0be9101bb2a29d6f713643120bad54c9d	creaturecache	creaturecache.wdb	enUS (realm root) [WDB_2-20260908T214838Z-1-001]		unknown	unknown	unknown	0	2026-08-24	extracted/WDB_2-20260908T214838Z-1-001/WDB 2/enUS/creaturecache.wdb
1247	2870547f70bb72d9e2f82b0fa58c4e36725499557cc2f396dfebde68c12ff59e	gameobjectcache	gameobjectcache.wdb	enUS (realm root) [WDB_2-20260908T214838Z-1-001]		unknown	unknown	unknown	0	2026-08-24	extracted/WDB_2-20260908T214838Z-1-001/WDB 2/enUS/gameobjectcache.wdb
1248	c1dac73c9c7b2b45fd20706823183e2f3fc21fad97e10c70231837651f25958f	itemcache	itemcache.wdb	enUS (realm root) [WDB_2-20260908T214838Z-1-001]		unknown	unknown	unknown	0	2026-08-24	extracted/WDB_2-20260908T214838Z-1-001/WDB 2/enUS/itemcache.wdb
1249	7966a79edfdac155f553da53b987afe15a8d001bd32670bbdf5ba3a8aa8f81ca	itemnamecache	itemnamecache.wdb	enUS (realm root) [WDB_2-20260908T214838Z-1-001]		unknown	unknown	unknown	0	2026-08-24	extracted/WDB_2-20260908T214838Z-1-001/WDB 2/enUS/itemnamecache.wdb
1250	7a07985b8a26b0968e139995934e675342068fbefa4cc8625666a1b4a004b2d6	itemtextcache	itemtextcache.wdb	enUS (realm root) [WDB_2-20260908T214838Z-1-001]		unknown	unknown	unknown	0	2026-08-24	extracted/WDB_2-20260908T214838Z-1-001/WDB 2/enUS/itemtextcache.wdb
1251	e64550fd0c90b8c6f8e9961d047ae934f28371beffe964196bc6992248a9b324	npccache	npccache.wdb	enUS (realm root) [WDB_2-20260908T214838Z-1-001]		unknown	unknown	unknown	0	2026-08-24	extracted/WDB_2-20260908T214838Z-1-001/WDB 2/enUS/npccache.wdb
1252	17cf81aa01323f25f195858f7396872ce21759d58c16e2bb604d6fefbef19c5c	pagetextcache	pagetextcache.wdb	enUS (realm root) [WDB_2-20260908T214838Z-1-001]		unknown	unknown	unknown	0	2026-08-24	extracted/WDB_2-20260908T214838Z-1-001/WDB 2/enUS/pagetextcache.wdb
1253	f522477814278a6e5ebb6036bcb5d6bef2c56315c71213bcb561105f1eb13373	questcache	questcache.wdb	enUS (realm root) [WDB_2-20260908T214838Z-1-001]		unknown	unknown	unknown	0	2026-08-24	extracted/WDB_2-20260908T214838Z-1-001/WDB 2/enUS/questcache.wdb
1254	ecefc6e410b8a2b0e1416e6947cb195c4bef83b807cc065728b19a3e226be029	wowcache	wowcache.wdb	enUS (realm root) [WDB_2-20260908T214838Z-1-001]		unknown	unknown	unknown	0	2026-08-24	extracted/WDB_2-20260908T214838Z-1-001/WDB 2/enUS/wowcache.wdb
1255	ed1fb427bd1d2e6e7f3a42bcf2930ad0be9101bb2a29d6f713643120bad54c9d	creaturecache	creaturecache.wdb	enUS (realm root) [WDB__4e78cba0]		unknown	unknown	unknown	0	2026-05-06	extracted/WDB__4e78cba0/WDB/enUS/creaturecache.wdb
1256	2870547f70bb72d9e2f82b0fa58c4e36725499557cc2f396dfebde68c12ff59e	gameobjectcache	gameobjectcache.wdb	enUS (realm root) [WDB__4e78cba0]		unknown	unknown	unknown	0	2026-05-06	extracted/WDB__4e78cba0/WDB/enUS/gameobjectcache.wdb
1257	c1dac73c9c7b2b45fd20706823183e2f3fc21fad97e10c70231837651f25958f	itemcache	itemcache.wdb	enUS (realm root) [WDB__4e78cba0]		unknown	unknown	unknown	0	2026-05-06	extracted/WDB__4e78cba0/WDB/enUS/itemcache.wdb
1258	7966a79edfdac155f553da53b987afe15a8d001bd32670bbdf5ba3a8aa8f81ca	itemnamecache	itemnamecache.wdb	enUS (realm root) [WDB__4e78cba0]		unknown	unknown	unknown	0	2026-05-06	extracted/WDB__4e78cba0/WDB/enUS/itemnamecache.wdb
1259	7a07985b8a26b0968e139995934e675342068fbefa4cc8625666a1b4a004b2d6	itemtextcache	itemtextcache.wdb	enUS (realm root) [WDB__4e78cba0]		unknown	unknown	unknown	0	2026-05-06	extracted/WDB__4e78cba0/WDB/enUS/itemtextcache.wdb
1260	e64550fd0c90b8c6f8e9961d047ae934f28371beffe964196bc6992248a9b324	npccache	npccache.wdb	enUS (realm root) [WDB__4e78cba0]		unknown	unknown	unknown	0	2026-05-06	extracted/WDB__4e78cba0/WDB/enUS/npccache.wdb
1261	17cf81aa01323f25f195858f7396872ce21759d58c16e2bb604d6fefbef19c5c	pagetextcache	pagetextcache.wdb	enUS (realm root) [WDB__4e78cba0]		unknown	unknown	unknown	0	2026-05-06	extracted/WDB__4e78cba0/WDB/enUS/pagetextcache.wdb
1262	f522477814278a6e5ebb6036bcb5d6bef2c56315c71213bcb561105f1eb13373	questcache	questcache.wdb	enUS (realm root) [WDB__4e78cba0]		unknown	unknown	unknown	0	2026-05-06	extracted/WDB__4e78cba0/WDB/enUS/questcache.wdb
1263	ecefc6e410b8a2b0e1416e6947cb195c4bef83b807cc065728b19a3e226be029	wowcache	wowcache.wdb	enUS (realm root) [WDB__4e78cba0]		unknown	unknown	unknown	0	2026-05-06	extracted/WDB__4e78cba0/WDB/enUS/wowcache.wdb
1264	abee3d33675f4d3a24ba9f32155b0678af238e1084b54eedab4bd27d235f3ed8	creaturecache	creaturecache.wdb	enUS (realm root) [WDB__7z]		conquest-of-azeroth	conquest-of-azeroth	inferred:1.000/12862	2319	2026-09-04	extracted/WDB__7z/WDB/enUS/creaturecache.wdb
1265	bd27abac5e0868e3e2f142d5b51b847571db93239119762e461f174b3c16b160	gameobjectcache	gameobjectcache.wdb	enUS (realm root) [WDB__7z]		conquest-of-azeroth	conquest-of-azeroth	inferred:1.000/12862	1392	2026-09-04	extracted/WDB__7z/WDB/enUS/gameobjectcache.wdb
1266	9ac3bebc0bb0cd5299d13b0bb4a25275280ef0196ff173134cf0283d71037feb	itemcache	itemcache.wdb	enUS (realm root) [WDB__7z]		conquest-of-azeroth	conquest-of-azeroth	inferred:1.000/12862	12862	2026-09-04	extracted/WDB__7z/WDB/enUS/itemcache.wdb
1267	902cfdd06e65cf1aa7af20f951671afc38d24fb9c8a2b7ed543d235cc70bae88	itemnamecache	itemnamecache.wdb	enUS (realm root) [WDB__7z]		conquest-of-azeroth	conquest-of-azeroth	inferred:1.000/12862	82	2026-09-04	extracted/WDB__7z/WDB/enUS/itemnamecache.wdb
1268	ad2984c59840de42f8788147284f0d349bc192cd0bd7dcc59f8e7918dd10c76b	(non-standard)	itemstatcache.wdb	enUS (realm root) [WDB__7z]		conquest-of-azeroth	conquest-of-azeroth	inferred:1.000/12862	0	2026-09-04	extracted/WDB__7z/WDB/enUS/itemstatcache.wdb
1269	7a07985b8a26b0968e139995934e675342068fbefa4cc8625666a1b4a004b2d6	itemtextcache	itemtextcache.wdb	enUS (realm root) [WDB__7z]		conquest-of-azeroth	conquest-of-azeroth	inferred:1.000/12862	0	2026-09-04	extracted/WDB__7z/WDB/enUS/itemtextcache.wdb
1270	10edc5982217145d2796aa6776e8e8aa78508a0d99596fa412b9e4626bbce9ee	npccache	npccache.wdb	enUS (realm root) [WDB__7z]		conquest-of-azeroth	conquest-of-azeroth	inferred:1.000/12862	18	2026-09-04	extracted/WDB__7z/WDB/enUS/npccache.wdb
1271	98c7ae214bf2700559cce7ce0b6219184e7664b385e0b7d7f48071c1b52473f0	pagetextcache	pagetextcache.wdb	enUS (realm root) [WDB__7z]		conquest-of-azeroth	conquest-of-azeroth	inferred:1.000/12862	3	2026-09-04	extracted/WDB__7z/WDB/enUS/pagetextcache.wdb
1272	667c26c41f330fa6eb5205d2d17803db8041c07790e4aaa28c8a208cb5d289b1	questcache	questcache.wdb	enUS (realm root) [WDB__7z]		conquest-of-azeroth	conquest-of-azeroth	inferred:1.000/12862	73	2026-09-04	extracted/WDB__7z/WDB/enUS/questcache.wdb
1273	ecefc6e410b8a2b0e1416e6947cb195c4bef83b807cc065728b19a3e226be029	wowcache	wowcache.wdb	enUS (realm root) [WDB__7z]		conquest-of-azeroth	conquest-of-azeroth	inferred:1.000/12862	0	2026-09-04	extracted/WDB__7z/WDB/enUS/wowcache.wdb
1274	cae1b7a3a1b0ddcf96446ba0c87560f4c9c2a09ebc25033ea9bdecbeccaf2f31	creaturecache	creaturecache.wdb	enUS (realm root) [WDB__98f2c30e]		conquest-of-azeroth	conquest-of-azeroth	inferred:1.000/7414	7414	2026-09-04	extracted/WDB__98f2c30e/WDB/enUS/creaturecache.wdb
1275	bc882f2d7cc09fde4855397f3804085cc4bfc219d628d0383f9826f20881de92	gameobjectcache	gameobjectcache.wdb	enUS (realm root) [WDB__98f2c30e]		conquest-of-azeroth	conquest-of-azeroth	inferred:1.000/7414	4094	2026-09-04	extracted/WDB__98f2c30e/WDB/enUS/gameobjectcache.wdb
1276	66b6c4159f140e06aee35d85869c341ca34afa7d8f316bad2c14759a78d58946	itemcache	itemcache.wdb	enUS (realm root) [WDB__98f2c30e]		conquest-of-azeroth	conquest-of-azeroth	inferred:1.000/7414	29231	2026-09-04	extracted/WDB__98f2c30e/WDB/enUS/itemcache.wdb
1277	375daa527ea8d9efcaffcd45f01a3154f31c9773fda2e1987767b63f7b3932c5	itemnamecache	itemnamecache.wdb	enUS (realm root) [WDB__98f2c30e]		conquest-of-azeroth	conquest-of-azeroth	inferred:1.000/7414	286	2026-09-04	extracted/WDB__98f2c30e/WDB/enUS/itemnamecache.wdb
1278	7a07985b8a26b0968e139995934e675342068fbefa4cc8625666a1b4a004b2d6	itemtextcache	itemtextcache.wdb	enUS (realm root) [WDB__98f2c30e]		conquest-of-azeroth	conquest-of-azeroth	inferred:1.000/7414	0	2026-09-04	extracted/WDB__98f2c30e/WDB/enUS/itemtextcache.wdb
1279	2d574cd00414e7597ac7a41ee5683562cbd90f01f167304bb0262fb2fe853bea	npccache	npccache.wdb	enUS (realm root) [WDB__98f2c30e]		conquest-of-azeroth	conquest-of-azeroth	inferred:1.000/7414	38	2026-09-04	extracted/WDB__98f2c30e/WDB/enUS/npccache.wdb
1280	17cf81aa01323f25f195858f7396872ce21759d58c16e2bb604d6fefbef19c5c	pagetextcache	pagetextcache.wdb	enUS (realm root) [WDB__98f2c30e]		conquest-of-azeroth	conquest-of-azeroth	inferred:1.000/7414	0	2026-09-04	extracted/WDB__98f2c30e/WDB/enUS/pagetextcache.wdb
1281	f079be4b62670da1f71707ab3e34501c7542860a7605a5a35a70d65f5893953a	questcache	questcache.wdb	enUS (realm root) [WDB__98f2c30e]		conquest-of-azeroth	conquest-of-azeroth	inferred:1.000/7414	162	2026-09-04	extracted/WDB__98f2c30e/WDB/enUS/questcache.wdb
1282	ecefc6e410b8a2b0e1416e6947cb195c4bef83b807cc065728b19a3e226be029	wowcache	wowcache.wdb	enUS (realm root) [WDB__98f2c30e]		conquest-of-azeroth	conquest-of-azeroth	inferred:1.000/7414	0	2026-09-04	extracted/WDB__98f2c30e/WDB/enUS/wowcache.wdb
1283	5feb5865de0f5726a400ef112b3c745ef252c71df49a5d4fb4bdb8a2b6b921ee	creaturecache	creaturecache.wdb	enUS (realm root) [WDB__f8cd0267]		conquest-of-azeroth	conquest-of-azeroth	inferred:1.000/31366	8025	2026-08-29	extracted/WDB__f8cd0267/WDB/enUS/creaturecache.wdb
1284	3185fe43e87d67b1d4a598a4fd53edec05c5e22acd97a2d4c9c553cfb5df9a37	gameobjectcache	gameobjectcache.wdb	enUS (realm root) [WDB__f8cd0267]		conquest-of-azeroth	conquest-of-azeroth	inferred:1.000/31366	7557	2026-08-29	extracted/WDB__f8cd0267/WDB/enUS/gameobjectcache.wdb
1285	db8728345f654747eb4f11a0ea9d6fdbed8eea7130582d9b2bb16f0620c610c1	itemcache	itemcache.wdb	enUS (realm root) [WDB__f8cd0267]		conquest-of-azeroth	conquest-of-azeroth	inferred:1.000/31366	31366	2026-08-29	extracted/WDB__f8cd0267/WDB/enUS/itemcache.wdb
1286	f88eed60621726bd01a471e73167636b18f6331d9260cef5177f297caf5786fe	itemnamecache	itemnamecache.wdb	enUS (realm root) [WDB__f8cd0267]		conquest-of-azeroth	conquest-of-azeroth	inferred:1.000/31366	285	2026-08-29	extracted/WDB__f8cd0267/WDB/enUS/itemnamecache.wdb
1287	8337a2bc2bdf5592aa6bfebc2dfd61096ca6c71a088d1b09e55d684bffb0e60f	(non-standard)	itemstatcache.wdb	enUS (realm root) [WDB__f8cd0267]		conquest-of-azeroth	conquest-of-azeroth	inferred:1.000/31366	0	2026-08-18	extracted/WDB__f8cd0267/WDB/enUS/itemstatcache.wdb
1288	361f900926d0a6ace598ae72fabb7e164634757c695e9a5b8d8317dc847a244f	itemtextcache	itemtextcache.wdb	enUS (realm root) [WDB__f8cd0267]		conquest-of-azeroth	conquest-of-azeroth	inferred:1.000/31366	0	2026-08-29	extracted/WDB__f8cd0267/WDB/enUS/itemtextcache.wdb
1289	50462fe4dcefc97aa629e57cf07ce436357cb07e4d0e2830b1b59ff5a545a5ed	npccache	npccache.wdb	enUS (realm root) [WDB__f8cd0267]		conquest-of-azeroth	conquest-of-azeroth	inferred:1.000/31366	470	2026-08-29	extracted/WDB__f8cd0267/WDB/enUS/npccache.wdb
1290	46f274c3ffd02ca715daf6c815599169f4f7d5ecb974f8e60729e9f91db0173c	pagetextcache	pagetextcache.wdb	enUS (realm root) [WDB__f8cd0267]		conquest-of-azeroth	conquest-of-azeroth	inferred:1.000/31366	50	2026-08-29	extracted/WDB__f8cd0267/WDB/enUS/pagetextcache.wdb
1291	8dea3abeaea6ea91b6bc9b931079e6ef4484e44852d9e6c90e3422d3e905b233	questcache	questcache.wdb	enUS (realm root) [WDB__f8cd0267]		conquest-of-azeroth	conquest-of-azeroth	inferred:1.000/31366	1161	2026-08-29	extracted/WDB__f8cd0267/WDB/enUS/questcache.wdb
1292	98c3146a7eda3887273dc190edfa3ddeede44d68920872f1c238042d75e950db	wowcache	wowcache.wdb	enUS (realm root) [WDB__f8cd0267]		conquest-of-azeroth	conquest-of-azeroth	inferred:1.000/31366	0	2026-08-29	extracted/WDB__f8cd0267/WDB/enUS/wowcache.wdb
1293	f246ec4ac0cef75b8f7c6e23a4bef4d180c9dad1294884b35df4e01c913711eb	creaturecache	creaturecache.wdb	enUS (realm root) [WDB__rar]		conquest-of-azeroth	conquest-of-azeroth	inferred:1.000/18399	3508	2026-09-04	extracted/WDB__rar/WDB/enUS/creaturecache.wdb
1294	b6dee2b753d94ed7722abb22553ac9e56fd960ea55c3e077b393a5b71e45f626	gameobjectcache	gameobjectcache.wdb	enUS (realm root) [WDB__rar]		conquest-of-azeroth	conquest-of-azeroth	inferred:1.000/18399	3285	2026-09-04	extracted/WDB__rar/WDB/enUS/gameobjectcache.wdb
1295	6bb2e0360342cf5496b384343f8e39b42e980c9d4d95b57ec202a5c810b80fdc	itemcache	itemcache.wdb	enUS (realm root) [WDB__rar]		conquest-of-azeroth	conquest-of-azeroth	inferred:1.000/18399	18399	2026-09-04	extracted/WDB__rar/WDB/enUS/itemcache.wdb
1296	3e7a7c90b85dcaf640533a1c67def2e324f32e058f4d198c70893e70bc9a9eb1	itemnamecache	itemnamecache.wdb	enUS (realm root) [WDB__rar]		conquest-of-azeroth	conquest-of-azeroth	inferred:1.000/18399	25	2026-09-04	extracted/WDB__rar/WDB/enUS/itemnamecache.wdb
1297	7a07985b8a26b0968e139995934e675342068fbefa4cc8625666a1b4a004b2d6	itemtextcache	itemtextcache.wdb	enUS (realm root) [WDB__rar]		conquest-of-azeroth	conquest-of-azeroth	inferred:1.000/18399	0	2026-09-04	extracted/WDB__rar/WDB/enUS/itemtextcache.wdb
1298	c9897d3921f632809ad243292cf2e02b90f37140e5f97b91dae3a30285e4c0ff	npccache	npccache.wdb	enUS (realm root) [WDB__rar]		conquest-of-azeroth	conquest-of-azeroth	inferred:1.000/18399	198	2026-09-04	extracted/WDB__rar/WDB/enUS/npccache.wdb
1299	c32ab51bc54de9cbe331c79dfd6fd4e88bff734b2fd4e8f303db8229166203df	pagetextcache	pagetextcache.wdb	enUS (realm root) [WDB__rar]		conquest-of-azeroth	conquest-of-azeroth	inferred:1.000/18399	17	2026-09-04	extracted/WDB__rar/WDB/enUS/pagetextcache.wdb
1300	25f9dcd39bbbd681b3d4a3f2c58f849a19a71ea42683039c492e48bb6b297d90	questcache	questcache.wdb	enUS (realm root) [WDB__rar]		conquest-of-azeroth	conquest-of-azeroth	inferred:1.000/18399	512	2026-09-04	extracted/WDB__rar/WDB/enUS/questcache.wdb
1301	ecefc6e410b8a2b0e1416e6947cb195c4bef83b807cc065728b19a3e226be029	wowcache	wowcache.wdb	enUS (realm root) [WDB__rar]		conquest-of-azeroth	conquest-of-azeroth	inferred:1.000/18399	0	2026-09-04	extracted/WDB__rar/WDB/enUS/wowcache.wdb
1302	96dee5bd07849b6a476875d64b3eb5be71fa965ae50f56354ffb55ddaba80c78	creaturecache	creaturecache.wdb	enUS (realm root) [WDB__targz]		conquest-of-azeroth	conquest-of-azeroth	inferred:1.000/22819	3589	2026-09-02	extracted/WDB__targz/WDB/enUS/creaturecache.wdb
1303	3091adea31091818067f735f1140e8102020a52ef8c8b31a2f5d88d7a60d2e00	gameobjectcache	gameobjectcache.wdb	enUS (realm root) [WDB__targz]		conquest-of-azeroth	conquest-of-azeroth	inferred:1.000/22819	2854	2026-09-02	extracted/WDB__targz/WDB/enUS/gameobjectcache.wdb
1304	da705a7a5b1a7a91cbcd2ef08d37370a3ead1a3167370efd962a53345a11d9af	itemcache	itemcache.wdb	enUS (realm root) [WDB__targz]		conquest-of-azeroth	conquest-of-azeroth	inferred:1.000/22819	22819	2026-09-02	extracted/WDB__targz/WDB/enUS/itemcache.wdb
1305	028b32d0abaf9f5da00a86123ce83e9097c7a8598675e4b46577c7a5e7687605	itemnamecache	itemnamecache.wdb	enUS (realm root) [WDB__targz]		conquest-of-azeroth	conquest-of-azeroth	inferred:1.000/22819	99	2026-09-02	extracted/WDB__targz/WDB/enUS/itemnamecache.wdb
1306	e5da87d8c8ddca98b17d54dee0d0f1da8e14cdbbb4058c12c5a120b4ea0f68a1	(non-standard)	itemstatcache.wdb	enUS (realm root) [WDB__targz]		conquest-of-azeroth	conquest-of-azeroth	inferred:1.000/22819	0	2026-08-28	extracted/WDB__targz/WDB/enUS/itemstatcache.wdb
1307	7a07985b8a26b0968e139995934e675342068fbefa4cc8625666a1b4a004b2d6	itemtextcache	itemtextcache.wdb	enUS (realm root) [WDB__targz]		conquest-of-azeroth	conquest-of-azeroth	inferred:1.000/22819	0	2026-09-02	extracted/WDB__targz/WDB/enUS/itemtextcache.wdb
1308	62379ffbd419874245d8e2205335dbc34c4582a1b38efed3364517d233c64a60	npccache	npccache.wdb	enUS (realm root) [WDB__targz]		conquest-of-azeroth	conquest-of-azeroth	inferred:1.000/22819	118	2026-09-02	extracted/WDB__targz/WDB/enUS/npccache.wdb
1309	aa02b8c51745b74a92df25e379db99bddb0907dd2901c6d4b92bec3556131a95	pagetextcache	pagetextcache.wdb	enUS (realm root) [WDB__targz]		conquest-of-azeroth	conquest-of-azeroth	inferred:1.000/22819	1	2026-09-02	extracted/WDB__targz/WDB/enUS/pagetextcache.wdb
1310	1ba64f53823102e50b5cffa6cec0ae49adffe6e32a44a48f0798bbd0de0a7df0	questcache	questcache.wdb	enUS (realm root) [WDB__targz]		conquest-of-azeroth	conquest-of-azeroth	inferred:1.000/22819	369	2026-09-02	extracted/WDB__targz/WDB/enUS/questcache.wdb
1311	ecefc6e410b8a2b0e1416e6947cb195c4bef83b807cc065728b19a3e226be029	wowcache	wowcache.wdb	enUS (realm root) [WDB__targz]		conquest-of-azeroth	conquest-of-azeroth	inferred:1.000/22819	0	2026-09-02	extracted/WDB__targz/WDB/enUS/wowcache.wdb
1312	ed1fb427bd1d2e6e7f3a42bcf2930ad0be9101bb2a29d6f713643120bad54c9d	creaturecache	creaturecache.wdb	enUS (realm root) [enUS(1)]		unknown	unknown	unknown	0	2026-09-03	extracted/enUS(1)/enUS/creaturecache.wdb
1313	2870547f70bb72d9e2f82b0fa58c4e36725499557cc2f396dfebde68c12ff59e	gameobjectcache	gameobjectcache.wdb	enUS (realm root) [enUS(1)]		unknown	unknown	unknown	0	2026-09-03	extracted/enUS(1)/enUS/gameobjectcache.wdb
1314	c1dac73c9c7b2b45fd20706823183e2f3fc21fad97e10c70231837651f25958f	itemcache	itemcache.wdb	enUS (realm root) [enUS(1)]		unknown	unknown	unknown	0	2026-09-03	extracted/enUS(1)/enUS/itemcache.wdb
1315	7966a79edfdac155f553da53b987afe15a8d001bd32670bbdf5ba3a8aa8f81ca	itemnamecache	itemnamecache.wdb	enUS (realm root) [enUS(1)]		unknown	unknown	unknown	0	2026-09-03	extracted/enUS(1)/enUS/itemnamecache.wdb
1316	7a07985b8a26b0968e139995934e675342068fbefa4cc8625666a1b4a004b2d6	itemtextcache	itemtextcache.wdb	enUS (realm root) [enUS(1)]		unknown	unknown	unknown	0	2026-09-03	extracted/enUS(1)/enUS/itemtextcache.wdb
1317	e64550fd0c90b8c6f8e9961d047ae934f28371beffe964196bc6992248a9b324	npccache	npccache.wdb	enUS (realm root) [enUS(1)]		unknown	unknown	unknown	0	2026-09-03	extracted/enUS(1)/enUS/npccache.wdb
1318	17cf81aa01323f25f195858f7396872ce21759d58c16e2bb604d6fefbef19c5c	pagetextcache	pagetextcache.wdb	enUS (realm root) [enUS(1)]		unknown	unknown	unknown	0	2026-09-03	extracted/enUS(1)/enUS/pagetextcache.wdb
1319	f522477814278a6e5ebb6036bcb5d6bef2c56315c71213bcb561105f1eb13373	questcache	questcache.wdb	enUS (realm root) [enUS(1)]		unknown	unknown	unknown	0	2026-09-03	extracted/enUS(1)/enUS/questcache.wdb
1320	ecefc6e410b8a2b0e1416e6947cb195c4bef83b807cc065728b19a3e226be029	wowcache	wowcache.wdb	enUS (realm root) [enUS(1)]		unknown	unknown	unknown	0	2026-09-03	extracted/enUS(1)/enUS/wowcache.wdb
1321	8b1ad5ab47c2b2b1c88e96bad556c7db9ed6bb900e03b8c2a65ac3ff80fc3349	creaturecache	creaturecache.wdb	enUS (realm root) [enUS]		conquest-of-azeroth	conquest-of-azeroth	inferred:1.000/817	7373	2026-08-27	extracted/enUS/enUS/creaturecache.wdb
1322	aaacd88e779604da2b72cd68d336198ba89d2c76290c8ace9c7ff12761345fe6	gameobjectcache	gameobjectcache.wdb	enUS (realm root) [enUS]		conquest-of-azeroth	conquest-of-azeroth	inferred:1.000/817	6031	2026-08-27	extracted/enUS/enUS/gameobjectcache.wdb
1323	81b892f99162af7c2622ad9448c5ad5aaa2077f71b7b7ff7ef4f3456d06e7450	itemcache	itemcache.wdb	enUS (realm root) [enUS]		conquest-of-azeroth	conquest-of-azeroth	inferred:1.000/817	40585	2026-08-27	extracted/enUS/enUS/itemcache.wdb
1324	01061ab2002cbc5f446607698f9a16e4812a62649709d18d45525680b3886895	itemnamecache	itemnamecache.wdb	enUS (realm root) [enUS]		conquest-of-azeroth	conquest-of-azeroth	inferred:1.000/817	817	2026-08-27	extracted/enUS/enUS/itemnamecache.wdb
1325	d7167aa9ad096b8f28bde621fde6eff8b94bdd745c9e741bf547b314bdaa847d	(non-standard)	itemstatcache.wdb	enUS (realm root) [enUS]		conquest-of-azeroth	conquest-of-azeroth	inferred:1.000/817	0	2026-08-01	extracted/enUS/enUS/itemstatcache.wdb
1326	7a07985b8a26b0968e139995934e675342068fbefa4cc8625666a1b4a004b2d6	itemtextcache	itemtextcache.wdb	enUS (realm root) [enUS]		conquest-of-azeroth	conquest-of-azeroth	inferred:1.000/817	0	2026-08-27	extracted/enUS/enUS/itemtextcache.wdb
1327	8af9b6148e28886a1187f4090fabf936cb991527385dc143498a0e8aafc34b64	npccache	npccache.wdb	enUS (realm root) [enUS]		conquest-of-azeroth	conquest-of-azeroth	inferred:1.000/817	244	2026-08-27	extracted/enUS/enUS/npccache.wdb
1328	f212ac272bb38abdecba5d4a57d5990614eb8f3970d0ca03b800887c42135629	pagetextcache	pagetextcache.wdb	enUS (realm root) [enUS]		conquest-of-azeroth	conquest-of-azeroth	inferred:1.000/817	19	2026-08-27	extracted/enUS/enUS/pagetextcache.wdb
1329	fdac701ba1799e6ccb121b9d6c3e2b86b10eda3cccc50f0787120c0824fec183	questcache	questcache.wdb	enUS (realm root) [enUS]		conquest-of-azeroth	conquest-of-azeroth	inferred:1.000/817	846	2026-08-27	extracted/enUS/enUS/questcache.wdb
1330	ecefc6e410b8a2b0e1416e6947cb195c4bef83b807cc065728b19a3e226be029	wowcache	wowcache.wdb	enUS (realm root) [enUS]		conquest-of-azeroth	conquest-of-azeroth	inferred:1.000/817	0	2026-08-27	extracted/enUS/enUS/wowcache.wdb
1331	2e0e44d0df0a81c81c3601456fd3375ef1bfcf5a190adb72a4f4f821c3183ecb	creaturecache	creaturecache.wdb	enUS (realm root) [zkb6p7w]		unknown	unknown	unknown	24	2026-09-09	extracted/zkb6p7w/Cache/WDB/enUS/creaturecache.wdb
1332	3fc4219b6f714436cc57bd55d0c212ffed0d8cd470442b89a10ab1f03f353fb5	gameobjectcache	gameobjectcache.wdb	enUS (realm root) [zkb6p7w]		unknown	unknown	unknown	2	2026-09-09	extracted/zkb6p7w/Cache/WDB/enUS/gameobjectcache.wdb
1333	bf088ff6ba413301c0775c47549eee56c953fc6ba95e8b1068ba69312dabf47e	itemcache	itemcache.wdb	enUS (realm root) [zkb6p7w]		unknown	unknown	unknown	65	2026-09-09	extracted/zkb6p7w/Cache/WDB/enUS/itemcache.wdb
1334	8a7a161de5b88da643a31755c6eaf00c45821ed52d0a44f92b3b89fb404e251a	itemnamecache	itemnamecache.wdb	enUS (realm root) [zkb6p7w]		unknown	unknown	unknown	0	2026-09-09	extracted/zkb6p7w/Cache/WDB/enUS/itemnamecache.wdb
1335	f35fa9b790a062b4f78f43ed456e3bcfa7bd28bb2863d0f66fce777bafbc5b83	itemtextcache	itemtextcache.wdb	enUS (realm root) [zkb6p7w]		unknown	unknown	unknown	0	2026-09-09	extracted/zkb6p7w/Cache/WDB/enUS/itemtextcache.wdb
1336	05118dd45b61b5cacf0e6d94d73d3d7f9097222a762db605bcf3cc6579828b60	npccache	npccache.wdb	enUS (realm root) [zkb6p7w]		unknown	unknown	unknown	0	2026-09-09	extracted/zkb6p7w/Cache/WDB/enUS/npccache.wdb
1337	64883da7da207fee7333736e665b2c04d993471f70e18c47464fabe4576843e2	pagetextcache	pagetextcache.wdb	enUS (realm root) [zkb6p7w]		unknown	unknown	unknown	0	2026-09-09	extracted/zkb6p7w/Cache/WDB/enUS/pagetextcache.wdb
1338	294a48b779282435f167c1108d9c55b3b8b951ae17af120abaf801883aa810fd	questcache	questcache.wdb	enUS (realm root) [zkb6p7w]		unknown	unknown	unknown	0	2026-09-09	extracted/zkb6p7w/Cache/WDB/enUS/questcache.wdb
1339	5105a782bd2ea8f696d2a8977dd2d3ffbe553fc0ec93ab44a28ea231bc842c2b	wowcache	wowcache.wdb	enUS (realm root) [zkb6p7w]		unknown	unknown	unknown	0	2026-09-09	extracted/zkb6p7w/Cache/WDB/enUS/wowcache.wdb
1340	ed1fb427bd1d2e6e7f3a42bcf2930ad0be9101bb2a29d6f713643120bad54c9d	creaturecache	creaturecache.wdb	enUS (realm root) [ascension-harvest-export__52552faa]		unknown	unknown	unknown	0	2026-09-07	extracted/ascension-harvest-export__52552faa/ascension-harvest-export/client-cache/full-enus-snapshot-2026-09-01/enUS/creaturecache.wdb
1341	2870547f70bb72d9e2f82b0fa58c4e36725499557cc2f396dfebde68c12ff59e	gameobjectcache	gameobjectcache.wdb	enUS (realm root) [ascension-harvest-export__52552faa]		unknown	unknown	unknown	0	2026-09-07	extracted/ascension-harvest-export__52552faa/ascension-harvest-export/client-cache/full-enus-snapshot-2026-09-01/enUS/gameobjectcache.wdb
1342	c1dac73c9c7b2b45fd20706823183e2f3fc21fad97e10c70231837651f25958f	itemcache	itemcache.wdb	enUS (realm root) [ascension-harvest-export__52552faa]		unknown	unknown	unknown	0	2026-09-07	extracted/ascension-harvest-export__52552faa/ascension-harvest-export/client-cache/full-enus-snapshot-2026-09-01/enUS/itemcache.wdb
1343	7966a79edfdac155f553da53b987afe15a8d001bd32670bbdf5ba3a8aa8f81ca	itemnamecache	itemnamecache.wdb	enUS (realm root) [ascension-harvest-export__52552faa]		unknown	unknown	unknown	0	2026-09-07	extracted/ascension-harvest-export__52552faa/ascension-harvest-export/client-cache/full-enus-snapshot-2026-09-01/enUS/itemnamecache.wdb
1344	7a07985b8a26b0968e139995934e675342068fbefa4cc8625666a1b4a004b2d6	itemtextcache	itemtextcache.wdb	enUS (realm root) [ascension-harvest-export__52552faa]		unknown	unknown	unknown	0	2026-09-07	extracted/ascension-harvest-export__52552faa/ascension-harvest-export/client-cache/full-enus-snapshot-2026-09-01/enUS/itemtextcache.wdb
1345	e64550fd0c90b8c6f8e9961d047ae934f28371beffe964196bc6992248a9b324	npccache	npccache.wdb	enUS (realm root) [ascension-harvest-export__52552faa]		unknown	unknown	unknown	0	2026-09-07	extracted/ascension-harvest-export__52552faa/ascension-harvest-export/client-cache/full-enus-snapshot-2026-09-01/enUS/npccache.wdb
1346	17cf81aa01323f25f195858f7396872ce21759d58c16e2bb604d6fefbef19c5c	pagetextcache	pagetextcache.wdb	enUS (realm root) [ascension-harvest-export__52552faa]		unknown	unknown	unknown	0	2026-09-07	extracted/ascension-harvest-export__52552faa/ascension-harvest-export/client-cache/full-enus-snapshot-2026-09-01/enUS/pagetextcache.wdb
1347	f522477814278a6e5ebb6036bcb5d6bef2c56315c71213bcb561105f1eb13373	questcache	questcache.wdb	enUS (realm root) [ascension-harvest-export__52552faa]		unknown	unknown	unknown	0	2026-09-07	extracted/ascension-harvest-export__52552faa/ascension-harvest-export/client-cache/full-enus-snapshot-2026-09-01/enUS/questcache.wdb
1348	ecefc6e410b8a2b0e1416e6947cb195c4bef83b807cc065728b19a3e226be029	wowcache	wowcache.wdb	enUS (realm root) [ascension-harvest-export__52552faa]		unknown	unknown	unknown	0	2026-09-07	extracted/ascension-harvest-export__52552faa/ascension-harvest-export/client-cache/full-enus-snapshot-2026-09-01/enUS/wowcache.wdb
1349	ed1fb427bd1d2e6e7f3a42bcf2930ad0be9101bb2a29d6f713643120bad54c9d	creaturecache	creaturecache.wdb	enUS (realm root) [enUS(1)__c9a7bbe8]		unknown	unknown	unknown	0	2026-09-03	extracted/enUS(1)__c9a7bbe8/enUS/creaturecache.wdb
1350	2870547f70bb72d9e2f82b0fa58c4e36725499557cc2f396dfebde68c12ff59e	gameobjectcache	gameobjectcache.wdb	enUS (realm root) [enUS(1)__c9a7bbe8]		unknown	unknown	unknown	0	2026-09-03	extracted/enUS(1)__c9a7bbe8/enUS/gameobjectcache.wdb
1351	c1dac73c9c7b2b45fd20706823183e2f3fc21fad97e10c70231837651f25958f	itemcache	itemcache.wdb	enUS (realm root) [enUS(1)__c9a7bbe8]		unknown	unknown	unknown	0	2026-09-03	extracted/enUS(1)__c9a7bbe8/enUS/itemcache.wdb
1352	7966a79edfdac155f553da53b987afe15a8d001bd32670bbdf5ba3a8aa8f81ca	itemnamecache	itemnamecache.wdb	enUS (realm root) [enUS(1)__c9a7bbe8]		unknown	unknown	unknown	0	2026-09-03	extracted/enUS(1)__c9a7bbe8/enUS/itemnamecache.wdb
1353	7a07985b8a26b0968e139995934e675342068fbefa4cc8625666a1b4a004b2d6	itemtextcache	itemtextcache.wdb	enUS (realm root) [enUS(1)__c9a7bbe8]		unknown	unknown	unknown	0	2026-09-03	extracted/enUS(1)__c9a7bbe8/enUS/itemtextcache.wdb
1354	e64550fd0c90b8c6f8e9961d047ae934f28371beffe964196bc6992248a9b324	npccache	npccache.wdb	enUS (realm root) [enUS(1)__c9a7bbe8]		unknown	unknown	unknown	0	2026-09-03	extracted/enUS(1)__c9a7bbe8/enUS/npccache.wdb
1355	17cf81aa01323f25f195858f7396872ce21759d58c16e2bb604d6fefbef19c5c	pagetextcache	pagetextcache.wdb	enUS (realm root) [enUS(1)__c9a7bbe8]		unknown	unknown	unknown	0	2026-09-03	extracted/enUS(1)__c9a7bbe8/enUS/pagetextcache.wdb
1356	f522477814278a6e5ebb6036bcb5d6bef2c56315c71213bcb561105f1eb13373	questcache	questcache.wdb	enUS (realm root) [enUS(1)__c9a7bbe8]		unknown	unknown	unknown	0	2026-09-03	extracted/enUS(1)__c9a7bbe8/enUS/questcache.wdb
1357	ecefc6e410b8a2b0e1416e6947cb195c4bef83b807cc065728b19a3e226be029	wowcache	wowcache.wdb	enUS (realm root) [enUS(1)__c9a7bbe8]		unknown	unknown	unknown	0	2026-09-03	extracted/enUS(1)__c9a7bbe8/enUS/wowcache.wdb
1358	8b1ad5ab47c2b2b1c88e96bad556c7db9ed6bb900e03b8c2a65ac3ff80fc3349	creaturecache	creaturecache.wdb	enUS (realm root) [enUS__bc260a89]		conquest-of-azeroth	conquest-of-azeroth	inferred:1.000/817	7373	2026-08-27	extracted/enUS__bc260a89/enUS/creaturecache.wdb
1359	aaacd88e779604da2b72cd68d336198ba89d2c76290c8ace9c7ff12761345fe6	gameobjectcache	gameobjectcache.wdb	enUS (realm root) [enUS__bc260a89]		conquest-of-azeroth	conquest-of-azeroth	inferred:1.000/817	6031	2026-08-27	extracted/enUS__bc260a89/enUS/gameobjectcache.wdb
1360	81b892f99162af7c2622ad9448c5ad5aaa2077f71b7b7ff7ef4f3456d06e7450	itemcache	itemcache.wdb	enUS (realm root) [enUS__bc260a89]		conquest-of-azeroth	conquest-of-azeroth	inferred:1.000/817	40585	2026-08-27	extracted/enUS__bc260a89/enUS/itemcache.wdb
1361	01061ab2002cbc5f446607698f9a16e4812a62649709d18d45525680b3886895	itemnamecache	itemnamecache.wdb	enUS (realm root) [enUS__bc260a89]		conquest-of-azeroth	conquest-of-azeroth	inferred:1.000/817	817	2026-08-27	extracted/enUS__bc260a89/enUS/itemnamecache.wdb
1362	d7167aa9ad096b8f28bde621fde6eff8b94bdd745c9e741bf547b314bdaa847d	(non-standard)	itemstatcache.wdb	enUS (realm root) [enUS__bc260a89]		conquest-of-azeroth	conquest-of-azeroth	inferred:1.000/817	0	2026-08-01	extracted/enUS__bc260a89/enUS/itemstatcache.wdb
1363	7a07985b8a26b0968e139995934e675342068fbefa4cc8625666a1b4a004b2d6	itemtextcache	itemtextcache.wdb	enUS (realm root) [enUS__bc260a89]		conquest-of-azeroth	conquest-of-azeroth	inferred:1.000/817	0	2026-08-27	extracted/enUS__bc260a89/enUS/itemtextcache.wdb
1364	8af9b6148e28886a1187f4090fabf936cb991527385dc143498a0e8aafc34b64	npccache	npccache.wdb	enUS (realm root) [enUS__bc260a89]		conquest-of-azeroth	conquest-of-azeroth	inferred:1.000/817	244	2026-08-27	extracted/enUS__bc260a89/enUS/npccache.wdb
1365	f212ac272bb38abdecba5d4a57d5990614eb8f3970d0ca03b800887c42135629	pagetextcache	pagetextcache.wdb	enUS (realm root) [enUS__bc260a89]		conquest-of-azeroth	conquest-of-azeroth	inferred:1.000/817	19	2026-08-27	extracted/enUS__bc260a89/enUS/pagetextcache.wdb
1366	fdac701ba1799e6ccb121b9d6c3e2b86b10eda3cccc50f0787120c0824fec183	questcache	questcache.wdb	enUS (realm root) [enUS__bc260a89]		conquest-of-azeroth	conquest-of-azeroth	inferred:1.000/817	846	2026-08-27	extracted/enUS__bc260a89/enUS/questcache.wdb
1367	ecefc6e410b8a2b0e1416e6947cb195c4bef83b807cc065728b19a3e226be029	wowcache	wowcache.wdb	enUS (realm root) [enUS__bc260a89]		conquest-of-azeroth	conquest-of-azeroth	inferred:1.000/817	0	2026-08-27	extracted/enUS__bc260a89/enUS/wowcache.wdb
1368	ea68b4687a03202739d23a79028febb12b4e7306c445a9d193e0f7019d8c34d2	creaturecache	creaturecache.wdb	2026-09	2026-09	unknown	unknown	unknown	2968	2026-09-08	_inbox/archive/2026-09/creaturecache.wdb
1369	2324309c45e35db1f672b884f62780e9c53d3bed84dbbe498d02632283227017	gameobjectcache	gameobjectcache.wdb	2026-09	2026-09	unknown	unknown	unknown	2037	2026-09-08	_inbox/archive/2026-09/gameobjectcache.wdb
1370	47b335594c511608a88641e713eff68b647502381ec10b143809a1f5e046e6de	itemnamecache	itemnamecache.wdb	2026-09	2026-09	unknown	unknown	unknown	19	2026-09-08	_inbox/archive/2026-09/itemnamecache.wdb
1371	678b086007422e2d91ddf1c3587c7ad283f4171b4b5ac4518857039a97a1e286	(non-standard)	itemstatcache.wdb	2026-09	2026-09	unknown	unknown	unknown	0	2026-09-08	_inbox/archive/2026-09/itemstatcache.wdb
1372	976efce0e5d40769e1c956e832a906dec2f55dda063b301244a1ace5a39f8030	itemtextcache	itemtextcache.wdb	2026-09	2026-09	unknown	unknown	unknown	0	2026-09-08	_inbox/archive/2026-09/itemtextcache.wdb
1373	2fcc8f303c48d4589f78a87f7cfc52e2fd764f5d2879605b2aca0dde6bd77647	npccache	npccache.wdb	2026-09	2026-09	unknown	unknown	unknown	176	2026-09-08	_inbox/archive/2026-09/npccache.wdb
1374	8416fa4a8b2b01effaad3e225585f4fe57a22212fa49ef1a209e93159646a314	questcache	questcache.wdb	2026-09	2026-09	unknown	unknown	unknown	445	2026-09-08	_inbox/archive/2026-09/questcache.wdb
1375	545c39e8e849312fd877538fcec5d2ec702f0c06ce7be354f06dcd9effeafebc	creaturecache	creaturecache.wdb	Area 52 - Free-Pick	Area 52	Free-Pick	free-pick	modes.json	899	2025-12-21	extracted/WDB(1)__004e7299/WDB/enUS/Area 52 - Free-Pick/creaturecache.wdb
1376	be5779c9248d0f2b766ee89ca87e460f372e6c27e8cae5ce5dd5530ebd4f267c	gameobjectcache	gameobjectcache.wdb	Area 52 - Free-Pick	Area 52	Free-Pick	free-pick	modes.json	315	2025-12-21	extracted/WDB(1)__004e7299/WDB/enUS/Area 52 - Free-Pick/gameobjectcache.wdb
1377	2baaa5f0180a0169158919d49c4d063c74889b3b36ecad8869964e44885274bd	itemcache	itemcache.wdb	Area 52 - Free-Pick	Area 52	Free-Pick	free-pick	modes.json	16343	2025-12-21	extracted/WDB(1)__004e7299/WDB/enUS/Area 52 - Free-Pick/itemcache.wdb
1378	9163a092b835ada1b74940f556c9a08a8a6015cd695c3266c37604f8ea60cb37	itemnamecache	itemnamecache.wdb	Area 52 - Free-Pick	Area 52	Free-Pick	free-pick	modes.json	441	2025-12-21	extracted/WDB(1)__004e7299/WDB/enUS/Area 52 - Free-Pick/itemnamecache.wdb
1379	1d4c759720123a51fe77ff922fb67e174cf745612fd2b730e942e527fb789b36	(non-standard)	itemstatcache.wdb	Area 52 - Free-Pick	Area 52	Free-Pick	free-pick	modes.json	0	2025-04-01	extracted/WDB(1)__004e7299/WDB/enUS/Area 52 - Free-Pick/itemstatcache.wdb
1380	3a27267aa4ac87a5e1be7804cbc3fc3cba6fcf730fd6e25f82a24b0eb978436c	itemtextcache	itemtextcache.wdb	Area 52 - Free-Pick	Area 52	Free-Pick	free-pick	modes.json	0	2025-12-21	extracted/WDB(1)__004e7299/WDB/enUS/Area 52 - Free-Pick/itemtextcache.wdb
1381	20db31e17e6ec832bc1c630e41291322ed64552d7bb69fc850ca392a86a0b33d	npccache	npccache.wdb	Area 52 - Free-Pick	Area 52	Free-Pick	free-pick	modes.json	2	2025-12-21	extracted/WDB(1)__004e7299/WDB/enUS/Area 52 - Free-Pick/npccache.wdb
1382	746c113cbbe33de4e140d565d40fab6a6cc8f7305fedd85e3775c3caa8daa4e8	pagetextcache	pagetextcache.wdb	Area 52 - Free-Pick	Area 52	Free-Pick	free-pick	modes.json	0	2025-12-21	extracted/WDB(1)__004e7299/WDB/enUS/Area 52 - Free-Pick/pagetextcache.wdb
1383	1cb50d4b59d573f755dc565e3b5a0ea6a2b924794774b48e6b09f29d779f5326	questcache	questcache.wdb	Area 52 - Free-Pick	Area 52	Free-Pick	free-pick	modes.json	79	2025-12-21	extracted/WDB(1)__004e7299/WDB/enUS/Area 52 - Free-Pick/questcache.wdb
1384	8e7cbe29efedbf8ac373eca5e6e59e22b7e37a61cb1276d8c640915316fc36a1	wowcache	wowcache.wdb	Area 52 - Free-Pick	Area 52	Free-Pick	free-pick	modes.json	0	2025-12-21	extracted/WDB(1)__004e7299/WDB/enUS/Area 52 - Free-Pick/wowcache.wdb
1385	10a0c0c757aee9e1cfe5b7c89b9c1d9dba3525042885a725cc8b593428a11680	creaturecache	creaturecache.wdb	Bronzebeard - Warcraft Reborn	Bronzebeard	Warcraft Reborn	warcraft-reborn	modes.json	3387	2025-12-21	extracted/WDB(1)__004e7299/WDB/enUS/Bronzebeard - Warcraft Reborn/creaturecache.wdb
1386	fff66d8ab09add96847b8639cdf19e1d11c22cb39ad209b6469e99e1083fd802	gameobjectcache	gameobjectcache.wdb	Bronzebeard - Warcraft Reborn	Bronzebeard	Warcraft Reborn	warcraft-reborn	modes.json	2527	2025-12-21	extracted/WDB(1)__004e7299/WDB/enUS/Bronzebeard - Warcraft Reborn/gameobjectcache.wdb
1387	1e48b8b22bed884fc055a430c64213d7d557e040fd7ff288de45fc46442fd667	itemcache	itemcache.wdb	Bronzebeard - Warcraft Reborn	Bronzebeard	Warcraft Reborn	warcraft-reborn	modes.json	30432	2025-12-21	extracted/WDB(1)__004e7299/WDB/enUS/Bronzebeard - Warcraft Reborn/itemcache.wdb
1388	ad3aed402b2aedcda03292d13d67fd25fcd5977ed05ac78e075e7c3bd53c122b	itemnamecache	itemnamecache.wdb	Bronzebeard - Warcraft Reborn	Bronzebeard	Warcraft Reborn	warcraft-reborn	modes.json	266	2025-12-21	extracted/WDB(1)__004e7299/WDB/enUS/Bronzebeard - Warcraft Reborn/itemnamecache.wdb
1389	914b41635132f4150a6188f5e292e006bfd6096e34278d14341f4ce102541665	(non-standard)	itemstatcache.wdb	Bronzebeard - Warcraft Reborn	Bronzebeard	Warcraft Reborn	warcraft-reborn	modes.json	0	2025-11-23	extracted/WDB(1)__004e7299/WDB/enUS/Bronzebeard - Warcraft Reborn/itemstatcache.wdb
1390	a8ccb6a67c3a33d99ee8c4b3fe67242a981b6e7d6d5bb3806164d3d43a74ae2b	itemtextcache	itemtextcache.wdb	Bronzebeard - Warcraft Reborn	Bronzebeard	Warcraft Reborn	warcraft-reborn	modes.json	0	2025-12-21	extracted/WDB(1)__004e7299/WDB/enUS/Bronzebeard - Warcraft Reborn/itemtextcache.wdb
1391	6eb27dbecf41eed6be69b4ab73ae307c866d7d303ba4e246ba68808d7c66a5c9	npccache	npccache.wdb	Bronzebeard - Warcraft Reborn	Bronzebeard	Warcraft Reborn	warcraft-reborn	modes.json	106	2025-12-21	extracted/WDB(1)__004e7299/WDB/enUS/Bronzebeard - Warcraft Reborn/npccache.wdb
1392	0c8ade3fced8631cb69d2cd79d6cd619b4f331f14730a4b58875388cc0d51a31	pagetextcache	pagetextcache.wdb	Bronzebeard - Warcraft Reborn	Bronzebeard	Warcraft Reborn	warcraft-reborn	modes.json	6	2025-12-21	extracted/WDB(1)__004e7299/WDB/enUS/Bronzebeard - Warcraft Reborn/pagetextcache.wdb
1393	da19563d0434b3540c35c28f79ffa75cf804e23c3ea9f107f67e0f0ad863ccb4	questcache	questcache.wdb	Bronzebeard - Warcraft Reborn	Bronzebeard	Warcraft Reborn	warcraft-reborn	modes.json	363	2025-12-21	extracted/WDB(1)__004e7299/WDB/enUS/Bronzebeard - Warcraft Reborn/questcache.wdb
1394	d68a776c9dc1f6102b8b16662e08245f37deec885b18f5b357754253b6d76926	(non-standard)	questcacheaddon.wdb	Bronzebeard - Warcraft Reborn	Bronzebeard	Warcraft Reborn	warcraft-reborn	modes.json	0	2025-10-30	extracted/WDB(1)__004e7299/WDB/enUS/Bronzebeard - Warcraft Reborn/questcacheaddon.wdb
1395	3df136fdf59756d5a2e42cbc82385425672b8870fa711ac8ee64d1aacdd3176e	wowcache	wowcache.wdb	Bronzebeard - Warcraft Reborn	Bronzebeard	Warcraft Reborn	warcraft-reborn	modes.json	0	2025-12-21	extracted/WDB(1)__004e7299/WDB/enUS/Bronzebeard - Warcraft Reborn/wowcache.wdb
1396	d285a4e43e385212500cda9937caa9de2836a53762f3e6e2290f3864333d0284	creaturecache	creaturecache.wdb	Elune - Season 9	Elune	Season 9	season-9	modes.json	5424	2026-03-23	extracted/WDB(1)__004e7299/WDB/enUS/Elune - Season 9/creaturecache.wdb
1397	34baffb9ae90650bdb357feac1fdb25c04a0fa94ac7c0b7420492624926c71a6	gameobjectcache	gameobjectcache.wdb	Elune - Season 9	Elune	Season 9	season-9	modes.json	4190	2026-03-23	extracted/WDB(1)__004e7299/WDB/enUS/Elune - Season 9/gameobjectcache.wdb
1398	bffec401b50a47201222324c48bd8d62b3a8a3744f9a97f1de29828ef0c6d0ae	itemcache	itemcache.wdb	Elune - Season 9	Elune	Season 9	season-9	modes.json	31683	2026-03-23	extracted/WDB(1)__004e7299/WDB/enUS/Elune - Season 9/itemcache.wdb
1399	d1cee7f097086e7519c344a3dd289d9cc4b43107168f99efdbd0a56b114e18e1	itemnamecache	itemnamecache.wdb	Elune - Season 9	Elune	Season 9	season-9	modes.json	520	2026-03-23	extracted/WDB(1)__004e7299/WDB/enUS/Elune - Season 9/itemnamecache.wdb
1400	eabb39102b9e2554327e1e1eecaef1f1319de14f95fa7c061adb3405d682f5cb	(non-standard)	itemstatcache.wdb	Elune - Season 9	Elune	Season 9	season-9	modes.json	0	2026-03-23	extracted/WDB(1)__004e7299/WDB/enUS/Elune - Season 9/itemstatcache.wdb
1401	3a27267aa4ac87a5e1be7804cbc3fc3cba6fcf730fd6e25f82a24b0eb978436c	itemtextcache	itemtextcache.wdb	Elune - Season 9	Elune	Season 9	season-9	modes.json	0	2026-03-23	extracted/WDB(1)__004e7299/WDB/enUS/Elune - Season 9/itemtextcache.wdb
1402	9b192a11c4cfcd75e07639771ed53d01e71815dcbe0ec37ab1f12724d4ae3cac	npccache	npccache.wdb	Elune - Season 9	Elune	Season 9	season-9	modes.json	89	2026-03-23	extracted/WDB(1)__004e7299/WDB/enUS/Elune - Season 9/npccache.wdb
1403	746c113cbbe33de4e140d565d40fab6a6cc8f7305fedd85e3775c3caa8daa4e8	pagetextcache	pagetextcache.wdb	Elune - Season 9	Elune	Season 9	season-9	modes.json	0	2026-03-23	extracted/WDB(1)__004e7299/WDB/enUS/Elune - Season 9/pagetextcache.wdb
1404	8b78bb1d13d28986bfc1c698167e082d207a2b43043c2da3f0268e18bcb8b5e3	questcache	questcache.wdb	Elune - Season 9	Elune	Season 9	season-9	modes.json	577	2026-03-23	extracted/WDB(1)__004e7299/WDB/enUS/Elune - Season 9/questcache.wdb
1405	8e7cbe29efedbf8ac373eca5e6e59e22b7e37a61cb1276d8c640915316fc36a1	wowcache	wowcache.wdb	Elune - Season 9	Elune	Season 9	season-9	modes.json	0	2026-03-23	extracted/WDB(1)__004e7299/WDB/enUS/Elune - Season 9/wowcache.wdb
1406	2b291d6b1689d7366fe9b051e8fe15dad37d18c2006ff7f6520763a5177e7555	creaturecache	creaturecache.wdb	enUS (realm root) [WDB(1)__004e7299]		unknown	unknown	unknown	0	2026-07-19	extracted/WDB(1)__004e7299/WDB/enUS/creaturecache.wdb
1407	33b1b93ed634166f82c39a05ad2502ffc4fdaf64db879ccd9049eb56f26a7112	gameobjectcache	gameobjectcache.wdb	enUS (realm root) [WDB(1)__004e7299]		unknown	unknown	unknown	0	2026-07-19	extracted/WDB(1)__004e7299/WDB/enUS/gameobjectcache.wdb
1408	e2c2bade24164f50d288fb234776920710f8ef6f80a83c921c927a6e59c4c89e	itemcache	itemcache.wdb	enUS (realm root) [WDB(1)__004e7299]		unknown	unknown	unknown	0	2026-07-19	extracted/WDB(1)__004e7299/WDB/enUS/itemcache.wdb
1409	8a7a161de5b88da643a31755c6eaf00c45821ed52d0a44f92b3b89fb404e251a	itemnamecache	itemnamecache.wdb	enUS (realm root) [WDB(1)__004e7299]		unknown	unknown	unknown	0	2026-07-19	extracted/WDB(1)__004e7299/WDB/enUS/itemnamecache.wdb
1410	f35fa9b790a062b4f78f43ed456e3bcfa7bd28bb2863d0f66fce777bafbc5b83	itemtextcache	itemtextcache.wdb	enUS (realm root) [WDB(1)__004e7299]		unknown	unknown	unknown	0	2026-07-19	extracted/WDB(1)__004e7299/WDB/enUS/itemtextcache.wdb
1411	05118dd45b61b5cacf0e6d94d73d3d7f9097222a762db605bcf3cc6579828b60	npccache	npccache.wdb	enUS (realm root) [WDB(1)__004e7299]		unknown	unknown	unknown	0	2026-07-19	extracted/WDB(1)__004e7299/WDB/enUS/npccache.wdb
1412	64883da7da207fee7333736e665b2c04d993471f70e18c47464fabe4576843e2	pagetextcache	pagetextcache.wdb	enUS (realm root) [WDB(1)__004e7299]		unknown	unknown	unknown	0	2026-07-19	extracted/WDB(1)__004e7299/WDB/enUS/pagetextcache.wdb
1413	294a48b779282435f167c1108d9c55b3b8b951ae17af120abaf801883aa810fd	questcache	questcache.wdb	enUS (realm root) [WDB(1)__004e7299]		unknown	unknown	unknown	0	2026-07-19	extracted/WDB(1)__004e7299/WDB/enUS/questcache.wdb
1414	5105a782bd2ea8f696d2a8977dd2d3ffbe553fc0ec93ab44a28ea231bc842c2b	wowcache	wowcache.wdb	enUS (realm root) [WDB(1)__004e7299]		unknown	unknown	unknown	0	2026-07-19	extracted/WDB(1)__004e7299/WDB/enUS/wowcache.wdb
1415	02df854d2d27b86716c05bf04c44b842c89e650b9fda382dd22eb1acd0664929	creaturecache	creaturecache.wdb	Area 52 - Free-Pick	Area 52	Free-Pick	free-pick	modes.json	1265	2026-07-03	extracted/WDB(1)__dcf04531/WDB/enUS/Area 52 - Free-Pick/creaturecache.wdb
1416	5bf7f2731687bd8b0749cfacde9bf19e528ee2252f7c54136b30494a3a7fbc9c	gameobjectcache	gameobjectcache.wdb	Area 52 - Free-Pick	Area 52	Free-Pick	free-pick	modes.json	915	2026-07-03	extracted/WDB(1)__dcf04531/WDB/enUS/Area 52 - Free-Pick/gameobjectcache.wdb
1417	6d85400eb4cb5f7a6d87201f61543292f523bb19d897c6db95e75b80c532f783	itemcache	itemcache.wdb	Area 52 - Free-Pick	Area 52	Free-Pick	free-pick	modes.json	5178	2026-07-03	extracted/WDB(1)__dcf04531/WDB/enUS/Area 52 - Free-Pick/itemcache.wdb
1418	13dbb976edaad1c214c3c944ae9bdbb26ab6499fde814426ab9a27574f743eaa	itemnamecache	itemnamecache.wdb	Area 52 - Free-Pick	Area 52	Free-Pick	free-pick	modes.json	37	2026-07-03	extracted/WDB(1)__dcf04531/WDB/enUS/Area 52 - Free-Pick/itemnamecache.wdb
1419	0db82cdf2a819c1c5045b954de8f12d5ac0de99a62e2e08333dc4ad88bc60f92	(non-standard)	itemstatcache.wdb	Area 52 - Free-Pick	Area 52	Free-Pick	free-pick	modes.json	0	2026-07-03	extracted/WDB(1)__dcf04531/WDB/enUS/Area 52 - Free-Pick/itemstatcache.wdb
1420	9bdf199cb9eafbc520a49c2895b2e55b73c3c197a45a727836cac2075f2ee2d0	itemtextcache	itemtextcache.wdb	Area 52 - Free-Pick	Area 52	Free-Pick	free-pick	modes.json	0	2026-07-03	extracted/WDB(1)__dcf04531/WDB/enUS/Area 52 - Free-Pick/itemtextcache.wdb
1421	eefdc477a7ae23d5239e70df148d82b771ab9e6f6dec2e51fea3dbd02dfc43e2	npccache	npccache.wdb	Area 52 - Free-Pick	Area 52	Free-Pick	free-pick	modes.json	28	2026-07-03	extracted/WDB(1)__dcf04531/WDB/enUS/Area 52 - Free-Pick/npccache.wdb
1422	e9b8837daa14368b790afe317b43922330e1a8838f2804ead99151569d576834	pagetextcache	pagetextcache.wdb	Area 52 - Free-Pick	Area 52	Free-Pick	free-pick	modes.json	16	2026-07-03	extracted/WDB(1)__dcf04531/WDB/enUS/Area 52 - Free-Pick/pagetextcache.wdb
1423	fb051c360550bd540be11976df910a08607985076f83eb67488df893aa573f2e	questcache	questcache.wdb	Area 52 - Free-Pick	Area 52	Free-Pick	free-pick	modes.json	161	2026-07-03	extracted/WDB(1)__dcf04531/WDB/enUS/Area 52 - Free-Pick/questcache.wdb
1424	98c3146a7eda3887273dc190edfa3ddeede44d68920872f1c238042d75e950db	wowcache	wowcache.wdb	Area 52 - Free-Pick	Area 52	Free-Pick	free-pick	modes.json	0	2026-07-03	extracted/WDB(1)__dcf04531/WDB/enUS/Area 52 - Free-Pick/wowcache.wdb
1425	e9cd9731f58ea4552baf5c1be7f590cd9e57ee59c3b8997ce621712d8686cdbc	creaturecache	creaturecache.wdb	Dawnrise - Season 10 Freepick	Dawnrise	Season 10 Freepick	season-10-freepick	modes.json	370	2026-07-29	extracted/WDB(1)__dcf04531/WDB/enUS/Dawnrise - Season 10 Freepick/creaturecache.wdb
1426	337eb35ddc07a4f35c9bab5ca1a50bb5dcb4d8daad950fd1d9b2810dc5871e41	gameobjectcache	gameobjectcache.wdb	Dawnrise - Season 10 Freepick	Dawnrise	Season 10 Freepick	season-10-freepick	modes.json	131	2026-07-29	extracted/WDB(1)__dcf04531/WDB/enUS/Dawnrise - Season 10 Freepick/gameobjectcache.wdb
1427	d7643c92ea969f0e5f4a1e6d2a36347fc1d3e4d5c4ebe20ebc19d9bb13c5ce54	itemcache	itemcache.wdb	Dawnrise - Season 10 Freepick	Dawnrise	Season 10 Freepick	season-10-freepick	modes.json	961	2026-07-29	extracted/WDB(1)__dcf04531/WDB/enUS/Dawnrise - Season 10 Freepick/itemcache.wdb
1428	17b8782e8ea366e33fcb1d7955cb462cda7d76051f34c632d56f8624493b958f	(non-standard)	itemstatcache.wdb	Dawnrise - Season 10 Freepick	Dawnrise	Season 10 Freepick	season-10-freepick	modes.json	0	2026-07-26	extracted/WDB(1)__dcf04531/WDB/enUS/Dawnrise - Season 10 Freepick/itemstatcache.wdb
1429	dcfac905e7828b0f45679efe85710d9a530cb1fb6b3807107ac168fc32b41a4b	npccache	npccache.wdb	Dawnrise - Season 10 Freepick	Dawnrise	Season 10 Freepick	season-10-freepick	modes.json	4	2026-07-29	extracted/WDB(1)__dcf04531/WDB/enUS/Dawnrise - Season 10 Freepick/npccache.wdb
1430	467c4a3b81832d476d4965323f8c8a010bc898b9158c5ff9dbf0da55468b6698	questcache	questcache.wdb	Dawnrise - Season 10 Freepick	Dawnrise	Season 10 Freepick	season-10-freepick	modes.json	65	2026-07-29	extracted/WDB(1)__dcf04531/WDB/enUS/Dawnrise - Season 10 Freepick/questcache.wdb
1431	ca76da01d6d77b180d20a841858a491e8911b22693dbc541f2f93a9aa3c1bf77	creaturecache	creaturecache.wdb	Rexxar - Conquest of Azeroth	Rexxar	Conquest of Azeroth	conquest-of-azeroth	modes.json	6351	2026-09-04	extracted/WDB(1)__dcf04531/WDB/enUS/Rexxar - Conquest of Azeroth/creaturecache.wdb
1432	09b354e7360a6931664840cc4d2ab0e1cf645724265759ee6436def53c0e0707	gameobjectcache	gameobjectcache.wdb	Rexxar - Conquest of Azeroth	Rexxar	Conquest of Azeroth	conquest-of-azeroth	modes.json	4490	2026-09-04	extracted/WDB(1)__dcf04531/WDB/enUS/Rexxar - Conquest of Azeroth/gameobjectcache.wdb
1433	2175a8b1f3e762a92a45fec1a1b5238f904feab43bbff56f4c1ab0d67649af25	itemcache	itemcache.wdb	Rexxar - Conquest of Azeroth	Rexxar	Conquest of Azeroth	conquest-of-azeroth	modes.json	22122	2026-09-04	extracted/WDB(1)__dcf04531/WDB/enUS/Rexxar - Conquest of Azeroth/itemcache.wdb
1434	01728c92ca4ab54d644878c945cbb87c29e4176172b724dd8d810a82e7e317f4	itemnamecache	itemnamecache.wdb	Rexxar - Conquest of Azeroth	Rexxar	Conquest of Azeroth	conquest-of-azeroth	modes.json	41	2026-09-04	extracted/WDB(1)__dcf04531/WDB/enUS/Rexxar - Conquest of Azeroth/itemnamecache.wdb
1435	e00c8559ba62abbb5baf42597300b811b45c89669dec4878d368f96cc639d1ab	(non-standard)	itemstatcache.wdb	Rexxar - Conquest of Azeroth	Rexxar	Conquest of Azeroth	conquest-of-azeroth	modes.json	0	2026-09-04	extracted/WDB(1)__dcf04531/WDB/enUS/Rexxar - Conquest of Azeroth/itemstatcache.wdb
1436	b606281fbff7dc4b3acbd7fdfe72b1d322177101b2e619184783d8c69713b365	npccache	npccache.wdb	Rexxar - Conquest of Azeroth	Rexxar	Conquest of Azeroth	conquest-of-azeroth	modes.json	175	2026-09-04	extracted/WDB(1)__dcf04531/WDB/enUS/Rexxar - Conquest of Azeroth/npccache.wdb
1437	af80173fa63faf2e1a0630f9e5b18106b03491564c358069fe917fbc03e15ede	pagetextcache	pagetextcache.wdb	Rexxar - Conquest of Azeroth	Rexxar	Conquest of Azeroth	conquest-of-azeroth	modes.json	97	2026-09-04	extracted/WDB(1)__dcf04531/WDB/enUS/Rexxar - Conquest of Azeroth/pagetextcache.wdb
1438	117acdf122e7dcf448d27e6462d5b3e508458462d6e36c171f466b3bec517bf5	questcache	questcache.wdb	Rexxar - Conquest of Azeroth	Rexxar	Conquest of Azeroth	conquest-of-azeroth	modes.json	457	2026-09-04	extracted/WDB(1)__dcf04531/WDB/enUS/Rexxar - Conquest of Azeroth/questcache.wdb
1439	769acd8add6a169ebf815747cbf4ad8f8153d2d07843e9797aeb9f616181b2df	creaturecache	creaturecache.wdb	Vol'jin - Conquest of Azeroth	Vol'jin	Conquest of Azeroth	conquest-of-azeroth	modes.json	334	2026-07-21	extracted/WDB(1)__dcf04531/WDB/enUS/Vol'jin - Conquest of Azeroth/creaturecache.wdb
1440	e17d23332b8add2ea7b8f9e74c91ae99443f02677eeb06124a943966c97df98f	gameobjectcache	gameobjectcache.wdb	Vol'jin - Conquest of Azeroth	Vol'jin	Conquest of Azeroth	conquest-of-azeroth	modes.json	80	2026-07-21	extracted/WDB(1)__dcf04531/WDB/enUS/Vol'jin - Conquest of Azeroth/gameobjectcache.wdb
1441	e6377ef272e5f419944db8e2fa434737cf4356c3cb80075728c28b489629e70f	itemcache	itemcache.wdb	Vol'jin - Conquest of Azeroth	Vol'jin	Conquest of Azeroth	conquest-of-azeroth	modes.json	819	2026-07-21	extracted/WDB(1)__dcf04531/WDB/enUS/Vol'jin - Conquest of Azeroth/itemcache.wdb
1442	86e3c7e1ceb35824c2d977e479e9cd377cef1620a3cc04ba58fb5f503e4299a4	npccache	npccache.wdb	Vol'jin - Conquest of Azeroth	Vol'jin	Conquest of Azeroth	conquest-of-azeroth	modes.json	3	2026-07-21	extracted/WDB(1)__dcf04531/WDB/enUS/Vol'jin - Conquest of Azeroth/npccache.wdb
1443	a6fa4e3c37067dc218a5658e165dca3a7f6b59101b833a53551e4332585ce42a	pagetextcache	pagetextcache.wdb	Vol'jin - Conquest of Azeroth	Vol'jin	Conquest of Azeroth	conquest-of-azeroth	modes.json	1	2026-07-21	extracted/WDB(1)__dcf04531/WDB/enUS/Vol'jin - Conquest of Azeroth/pagetextcache.wdb
1444	45a25d0b84dd97160853ed6aa7b7ce96b973b182dd1aca7648b25fd4859280d2	questcache	questcache.wdb	Vol'jin - Conquest of Azeroth	Vol'jin	Conquest of Azeroth	conquest-of-azeroth	modes.json	67	2026-07-21	extracted/WDB(1)__dcf04531/WDB/enUS/Vol'jin - Conquest of Azeroth/questcache.wdb
1445	7af4748061a4987b232db95533ae9eb991d023c41630695645fbd5e7eaa803a5	creaturecache	creaturecache.wdb	Vol'jin - Stress Test	Vol'jin	Stress Test	stress-test	modes.json	690	2026-07-03	extracted/WDB(1)__dcf04531/WDB/enUS/Vol'jin - Stress Test/creaturecache.wdb
1446	a74c3beeb8c73ead0aa4b64ab484919a29e4848aed16da6a94749430fd7a3e10	gameobjectcache	gameobjectcache.wdb	Vol'jin - Stress Test	Vol'jin	Stress Test	stress-test	modes.json	338	2026-07-03	extracted/WDB(1)__dcf04531/WDB/enUS/Vol'jin - Stress Test/gameobjectcache.wdb
1447	4d662219cb243b31d49c30149bf4a3cc14538329600ee168ed48badeddde0e26	itemcache	itemcache.wdb	Vol'jin - Stress Test	Vol'jin	Stress Test	stress-test	modes.json	4494	2026-07-03	extracted/WDB(1)__dcf04531/WDB/enUS/Vol'jin - Stress Test/itemcache.wdb
1448	070f134949659efc13345038ea0e9855d9d133689fec8f53a36421301c31c158	itemnamecache	itemnamecache.wdb	Vol'jin - Stress Test	Vol'jin	Stress Test	stress-test	modes.json	22	2026-07-03	extracted/WDB(1)__dcf04531/WDB/enUS/Vol'jin - Stress Test/itemnamecache.wdb
1449	eec7e0d080f780a164ce865241f7bcd26a44c7df45c05617ac7f5e785a899f27	(non-standard)	itemstatcache.wdb	Vol'jin - Stress Test	Vol'jin	Stress Test	stress-test	modes.json	0	2026-07-02	extracted/WDB(1)__dcf04531/WDB/enUS/Vol'jin - Stress Test/itemstatcache.wdb
1450	31430ca4b5ebff72ecb26be8a1e8a4af3ed84652e38d17d711a636fb5d5fdc9a	npccache	npccache.wdb	Vol'jin - Stress Test	Vol'jin	Stress Test	stress-test	modes.json	8	2026-07-03	extracted/WDB(1)__dcf04531/WDB/enUS/Vol'jin - Stress Test/npccache.wdb
1451	2ddaf094248909e3d153aeae58eacf5b9e3000efc644866a3413d509a95494d0	questcache	questcache.wdb	Vol'jin - Stress Test	Vol'jin	Stress Test	stress-test	modes.json	78	2026-07-03	extracted/WDB(1)__dcf04531/WDB/enUS/Vol'jin - Stress Test/questcache.wdb
1452	d1a19b495285aeefc1049fab05025433450195a77a614d069fe4e92808b0e8f3	creaturecache	creaturecache.wdb	Vol'jin	Vol'jin	unknown	unknown	unknown	0	2026-06-28	extracted/WDB(1)__dcf04531/WDB/enUS/Vol'jin/creaturecache.wdb
1453	7bd5e59ff2cab2b01423b794a1723552fec84093c310731d2d175c55b1fb348e	gameobjectcache	gameobjectcache.wdb	Vol'jin	Vol'jin	unknown	unknown	unknown	0	2026-06-28	extracted/WDB(1)__dcf04531/WDB/enUS/Vol'jin/gameobjectcache.wdb
1454	a26a0d54399dfc8b8f2cfedc737fe1305de9bbf3bd20959e6fc7ade01c286726	itemcache	itemcache.wdb	Vol'jin	Vol'jin	unknown	unknown	unknown	0	2026-06-28	extracted/WDB(1)__dcf04531/WDB/enUS/Vol'jin/itemcache.wdb
1455	7aa0863762ca9aceaf7694883d7ed7d448504dc404d850eb7b4313f11ddd9119	itemnamecache	itemnamecache.wdb	Vol'jin	Vol'jin	unknown	unknown	unknown	0	2026-06-28	extracted/WDB(1)__dcf04531/WDB/enUS/Vol'jin/itemnamecache.wdb
1456	9bdf199cb9eafbc520a49c2895b2e55b73c3c197a45a727836cac2075f2ee2d0	itemtextcache	itemtextcache.wdb	Vol'jin	Vol'jin	unknown	unknown	unknown	0	2026-06-28	extracted/WDB(1)__dcf04531/WDB/enUS/Vol'jin/itemtextcache.wdb
1457	e1e349bae4060e04841f875957b42f2e5dd6c3f3c4b60eaf781f973b2ccb541f	npccache	npccache.wdb	Vol'jin	Vol'jin	unknown	unknown	unknown	0	2026-06-28	extracted/WDB(1)__dcf04531/WDB/enUS/Vol'jin/npccache.wdb
1458	2b8ea98741bb3a79ccfca7eb4ca161773b966219c4428c26ca6bdc1e4838ab27	pagetextcache	pagetextcache.wdb	Vol'jin	Vol'jin	unknown	unknown	unknown	0	2026-06-28	extracted/WDB(1)__dcf04531/WDB/enUS/Vol'jin/pagetextcache.wdb
1459	7c4c7c059e531c41bba468dbfd2f29893f6ea6209da10091eb50ca533468c320	questcache	questcache.wdb	Vol'jin	Vol'jin	unknown	unknown	unknown	0	2026-06-28	extracted/WDB(1)__dcf04531/WDB/enUS/Vol'jin/questcache.wdb
1460	98c3146a7eda3887273dc190edfa3ddeede44d68920872f1c238042d75e950db	wowcache	wowcache.wdb	Vol'jin	Vol'jin	unknown	unknown	unknown	0	2026-06-28	extracted/WDB(1)__dcf04531/WDB/enUS/Vol'jin/wowcache.wdb
1461	9f6a8e9a947a1a2869dcc4137688d5f3bbf5e50fa7222fc9523f1d50461b73bd	creaturecache	creaturecache.wdb	enUS (realm root) [WDB(1)__dcf04531]		conquest-of-azeroth	conquest-of-azeroth	inferred:1.000/20395	5593	2026-08-19	extracted/WDB(1)__dcf04531/WDB/enUS/creaturecache.wdb
1462	d5e63d558522fab9c4285d516beb43a8afa46abf201e1d8027622cf3493a6c11	gameobjectcache	gameobjectcache.wdb	enUS (realm root) [WDB(1)__dcf04531]		conquest-of-azeroth	conquest-of-azeroth	inferred:1.000/20395	4067	2026-08-19	extracted/WDB(1)__dcf04531/WDB/enUS/gameobjectcache.wdb
1463	e54d54ced62c1171175a410dfed0b04ed20b2d6914ef48333a6f5f9a95f0bb91	itemcache	itemcache.wdb	enUS (realm root) [WDB(1)__dcf04531]		conquest-of-azeroth	conquest-of-azeroth	inferred:1.000/20395	20415	2026-08-19	extracted/WDB(1)__dcf04531/WDB/enUS/itemcache.wdb
1464	871dea32ffb915aa255b4a0861e87c28ad2d694a28024b9b2a322effad84fc62	itemnamecache	itemnamecache.wdb	enUS (realm root) [WDB(1)__dcf04531]		conquest-of-azeroth	conquest-of-azeroth	inferred:1.000/20395	41	2026-08-19	extracted/WDB(1)__dcf04531/WDB/enUS/itemnamecache.wdb
1465	7a07985b8a26b0968e139995934e675342068fbefa4cc8625666a1b4a004b2d6	itemtextcache	itemtextcache.wdb	enUS (realm root) [WDB(1)__dcf04531]		conquest-of-azeroth	conquest-of-azeroth	inferred:1.000/20395	0	2026-08-19	extracted/WDB(1)__dcf04531/WDB/enUS/itemtextcache.wdb
1466	a2664e39c2f4c45fb83b7ad8ec14001c24eeaec31bdb6b9213f7668a0456e581	npccache	npccache.wdb	enUS (realm root) [WDB(1)__dcf04531]		conquest-of-azeroth	conquest-of-azeroth	inferred:1.000/20395	146	2026-08-19	extracted/WDB(1)__dcf04531/WDB/enUS/npccache.wdb
1467	60b30e86ce9a24855c176a36d3580368e3fb624efa96717ec57b6e4dc02f60f2	pagetextcache	pagetextcache.wdb	enUS (realm root) [WDB(1)__dcf04531]		conquest-of-azeroth	conquest-of-azeroth	inferred:1.000/20395	89	2026-08-19	extracted/WDB(1)__dcf04531/WDB/enUS/pagetextcache.wdb
1468	7f066ab389dad98f1b10481959c2ad0714f19790a3d6bf76a97419ed30682496	questcache	questcache.wdb	enUS (realm root) [WDB(1)__dcf04531]		conquest-of-azeroth	conquest-of-azeroth	inferred:1.000/20395	418	2026-08-19	extracted/WDB(1)__dcf04531/WDB/enUS/questcache.wdb
1469	ecefc6e410b8a2b0e1416e6947cb195c4bef83b807cc065728b19a3e226be029	wowcache	wowcache.wdb	enUS (realm root) [WDB(1)__dcf04531]		conquest-of-azeroth	conquest-of-azeroth	inferred:1.000/20395	0	2026-08-19	extracted/WDB(1)__dcf04531/WDB/enUS/wowcache.wdb
1470	e3f4d91a6d5fe9667a649baf67ef15d1a2ebec45712eb05d1467705cb4e9a12e	creaturecache	creaturecache.wdb	Area 52 - Free-Pick	Area 52	Free-Pick	free-pick	modes.json	708	2026-09-04	extracted/COA_AND_AREA52__76bcd7f4/WDB/enUS/Area 52 - Free-Pick/creaturecache.wdb
1471	657a7e8b60ed4719832f5bfd2e8be90d7e5515441dceda3b93ea17760251f1b9	gameobjectcache	gameobjectcache.wdb	Area 52 - Free-Pick	Area 52	Free-Pick	free-pick	modes.json	235	2026-09-04	extracted/COA_AND_AREA52__76bcd7f4/WDB/enUS/Area 52 - Free-Pick/gameobjectcache.wdb
1472	1f3e83295b2998906f58f31c7c928f44d82abd7021864dfeed78b8ff4e2c72ac	itemcache	itemcache.wdb	Area 52 - Free-Pick	Area 52	Free-Pick	free-pick	modes.json	5263	2026-09-04	extracted/COA_AND_AREA52__76bcd7f4/WDB/enUS/Area 52 - Free-Pick/itemcache.wdb
1473	9db020481ecb0ef7bcc5b517bc4050eeca910da47975f0a660d316a41ef82370	itemnamecache	itemnamecache.wdb	Area 52 - Free-Pick	Area 52	Free-Pick	free-pick	modes.json	103	2026-09-04	extracted/COA_AND_AREA52__76bcd7f4/WDB/enUS/Area 52 - Free-Pick/itemnamecache.wdb
1474	408976997443f42437c89d8041abd96e3ed13548f30107817366703205efa683	(non-standard)	itemstatcache.wdb	Area 52 - Free-Pick	Area 52	Free-Pick	free-pick	modes.json	0	2026-07-25	extracted/COA_AND_AREA52__76bcd7f4/WDB/enUS/Area 52 - Free-Pick/itemstatcache.wdb
1475	e047d7ca835d5718953153d75f681d29c388cc79507d800bac4868771bc1bd62	npccache	npccache.wdb	Area 52 - Free-Pick	Area 52	Free-Pick	free-pick	modes.json	7	2026-09-04	extracted/COA_AND_AREA52__76bcd7f4/WDB/enUS/Area 52 - Free-Pick/npccache.wdb
1476	6045b141f4b147b5501c779f737a4e0c69f4c33e1299550345b68ab463370bc5	questcache	questcache.wdb	Area 52 - Free-Pick	Area 52	Free-Pick	free-pick	modes.json	68	2026-09-04	extracted/COA_AND_AREA52__76bcd7f4/WDB/enUS/Area 52 - Free-Pick/questcache.wdb
1477	2e94404d4fbf9fea94ab38ec3f17b428d36aca6095f3ed5612ad68226a96a2d4	creaturecache	creaturecache.wdb	Dawnrise - Season 10 Freepick	Dawnrise	Season 10 Freepick	season-10-freepick	modes.json	331	2026-07-23	extracted/COA_AND_AREA52__76bcd7f4/WDB/enUS/Dawnrise - Season 10 Freepick/creaturecache.wdb
1478	489db29458811ef24779cec389f2234833dfd72c2a6d0296218f475983ddbd14	gameobjectcache	gameobjectcache.wdb	Dawnrise - Season 10 Freepick	Dawnrise	Season 10 Freepick	season-10-freepick	modes.json	76	2026-07-23	extracted/COA_AND_AREA52__76bcd7f4/WDB/enUS/Dawnrise - Season 10 Freepick/gameobjectcache.wdb
1479	3e18de38db0c703919d75ddb31e75684620c89d43d28e1d98b85ed799fff1170	itemcache	itemcache.wdb	Dawnrise - Season 10 Freepick	Dawnrise	Season 10 Freepick	season-10-freepick	modes.json	984	2026-07-23	extracted/COA_AND_AREA52__76bcd7f4/WDB/enUS/Dawnrise - Season 10 Freepick/itemcache.wdb
1480	109e3d69ab2362d93757bf2273f6f933ef9d0d33e860be16b6abc3be24849b5a	(non-standard)	itemstatcache.wdb	Dawnrise - Season 10 Freepick	Dawnrise	Season 10 Freepick	season-10-freepick	modes.json	0	2026-07-23	extracted/COA_AND_AREA52__76bcd7f4/WDB/enUS/Dawnrise - Season 10 Freepick/itemstatcache.wdb
1481	162820a1e1763a821b0b39b0fc406ab177f7f2f4adf4e27311db07c9fb1fbf0d	npccache	npccache.wdb	Dawnrise - Season 10 Freepick	Dawnrise	Season 10 Freepick	season-10-freepick	modes.json	2	2026-07-23	extracted/COA_AND_AREA52__76bcd7f4/WDB/enUS/Dawnrise - Season 10 Freepick/npccache.wdb
1482	1ed06ceafeba50ec020aef66bb389dcfc0f862049af28e774d95469ec1d203ef	questcache	questcache.wdb	Dawnrise - Season 10 Freepick	Dawnrise	Season 10 Freepick	season-10-freepick	modes.json	62	2026-07-23	extracted/COA_AND_AREA52__76bcd7f4/WDB/enUS/Dawnrise - Season 10 Freepick/questcache.wdb
1483	bf0f856d9ef339afdef39157b3ecffd3ab91c0259f70194a547be6cc8390fe36	(non-standard)	itemstatcache.wdb	Elune - Season 9	Elune	Season 9	season-9	modes.json	0	2026-09-04	extracted/COA_AND_AREA52__76bcd7f4/WDB/enUS/Elune - Season 9/itemstatcache.wdb
1484	d686e663bca0d531ae956fb93e6762358a3230ec725d64e5ae18114d74bc7988	creaturecache	creaturecache.wdb	Rexxar - Conquest of Azeroth	Rexxar	Conquest of Azeroth	conquest-of-azeroth	modes.json	604	2026-09-04	extracted/COA_AND_AREA52__76bcd7f4/WDB/enUS/Rexxar - Conquest of Azeroth/creaturecache.wdb
1485	22fc751b76aef727b707398681cc65ee8ad9bcda938f6ec2cd146aa258dd667d	gameobjectcache	gameobjectcache.wdb	Rexxar - Conquest of Azeroth	Rexxar	Conquest of Azeroth	conquest-of-azeroth	modes.json	243	2026-09-04	extracted/COA_AND_AREA52__76bcd7f4/WDB/enUS/Rexxar - Conquest of Azeroth/gameobjectcache.wdb
1486	1932cb48198ef977b34c95e3b001a4c6be8c9a17534fc46351aa331d3d732665	itemcache	itemcache.wdb	Rexxar - Conquest of Azeroth	Rexxar	Conquest of Azeroth	conquest-of-azeroth	modes.json	3970	2026-09-04	extracted/COA_AND_AREA52__76bcd7f4/WDB/enUS/Rexxar - Conquest of Azeroth/itemcache.wdb
1487	a08eba03af490ec6e04b576c3b8dea782b397d3fb491755dd5ab42d0d65b2f68	itemnamecache	itemnamecache.wdb	Rexxar - Conquest of Azeroth	Rexxar	Conquest of Azeroth	conquest-of-azeroth	modes.json	18	2026-09-04	extracted/COA_AND_AREA52__76bcd7f4/WDB/enUS/Rexxar - Conquest of Azeroth/itemnamecache.wdb
1488	1a518d1a0a6734d95c4c577abbd6baff47bf8e9c9940a42d65bf764f19e9681c	(non-standard)	itemstatcache.wdb	Rexxar - Conquest of Azeroth	Rexxar	Conquest of Azeroth	conquest-of-azeroth	modes.json	0	2026-07-21	extracted/COA_AND_AREA52__76bcd7f4/WDB/enUS/Rexxar - Conquest of Azeroth/itemstatcache.wdb
1489	276eb5d692435c14f888d0e76771a7e176c5f8127505991ca9d4236fe025a4ab	npccache	npccache.wdb	Rexxar - Conquest of Azeroth	Rexxar	Conquest of Azeroth	conquest-of-azeroth	modes.json	19	2026-09-04	extracted/COA_AND_AREA52__76bcd7f4/WDB/enUS/Rexxar - Conquest of Azeroth/npccache.wdb
1490	6a9a9d19de1a9b3664a6426417500b13de09b6a6762a83cd95c3e25fe4d5f1e0	questcache	questcache.wdb	Rexxar - Conquest of Azeroth	Rexxar	Conquest of Azeroth	conquest-of-azeroth	modes.json	111	2026-09-04	extracted/COA_AND_AREA52__76bcd7f4/WDB/enUS/Rexxar - Conquest of Azeroth/questcache.wdb
1491	02732e053da3608bc06178c05a0efa74f7dc12bb14bdf2303ce92a7f5739ef56	(non-standard)	questcacheaddon.wdb	Rexxar - Conquest of Azeroth	Rexxar	Conquest of Azeroth	conquest-of-azeroth	modes.json	0	2026-07-18	extracted/COA_AND_AREA52__76bcd7f4/WDB/enUS/Rexxar - Conquest of Azeroth/questcacheaddon.wdb
1492	4c08d35f51ce83d6d9da977b6a3b4d6333157fa8bbcf08447ab3411e1b03a4bb	creaturecache	creaturecache.wdb	Vol'jin - Conquest of Azeroth	Vol'jin	Conquest of Azeroth	conquest-of-azeroth	modes.json	6099	2026-09-04	extracted/COA_AND_AREA52__76bcd7f4/WDB/enUS/Vol'jin - Conquest of Azeroth/creaturecache.wdb
1493	359f55f211b69aaad2d30746d892fd3a11d6a78f4cdfdb7698c1dbb8d51a19c6	gameobjectcache	gameobjectcache.wdb	Vol'jin - Conquest of Azeroth	Vol'jin	Conquest of Azeroth	conquest-of-azeroth	modes.json	2776	2026-09-04	extracted/COA_AND_AREA52__76bcd7f4/WDB/enUS/Vol'jin - Conquest of Azeroth/gameobjectcache.wdb
1494	b67ffb85e6d3cc93835d60a6cda58ed4ba8872644eaead13ffb3af5bc166dc27	itemcache	itemcache.wdb	Vol'jin - Conquest of Azeroth	Vol'jin	Conquest of Azeroth	conquest-of-azeroth	modes.json	23629	2026-09-04	extracted/COA_AND_AREA52__76bcd7f4/WDB/enUS/Vol'jin - Conquest of Azeroth/itemcache.wdb
1495	05c8e06432801aea8f9e7806d8b1b15ab74027a06fc77b1541894b8c8e2458a4	itemnamecache	itemnamecache.wdb	Vol'jin - Conquest of Azeroth	Vol'jin	Conquest of Azeroth	conquest-of-azeroth	modes.json	787	2026-09-04	extracted/COA_AND_AREA52__76bcd7f4/WDB/enUS/Vol'jin - Conquest of Azeroth/itemnamecache.wdb
1496	f064705700ecfd4c5887cef13f94dc656f11e93e5516ea72e350b95328e752b2	(non-standard)	itemstatcache.wdb	Vol'jin - Conquest of Azeroth	Vol'jin	Conquest of Azeroth	conquest-of-azeroth	modes.json	0	2026-09-04	extracted/COA_AND_AREA52__76bcd7f4/WDB/enUS/Vol'jin - Conquest of Azeroth/itemstatcache.wdb
1497	ba4a6ca651f03aa2737d76ddebbd9169dd94cdf4fffb16ff06521441ccc49f9c	npccache	npccache.wdb	Vol'jin - Conquest of Azeroth	Vol'jin	Conquest of Azeroth	conquest-of-azeroth	modes.json	66	2026-09-04	extracted/COA_AND_AREA52__76bcd7f4/WDB/enUS/Vol'jin - Conquest of Azeroth/npccache.wdb
1498	4851f1eb54fa585bfe8f5e6aa2cad856d49ffc6e6c2d33c9b9acc12dd0434aa8	pagetextcache	pagetextcache.wdb	Vol'jin - Conquest of Azeroth	Vol'jin	Conquest of Azeroth	conquest-of-azeroth	modes.json	1	2026-09-04	extracted/COA_AND_AREA52__76bcd7f4/WDB/enUS/Vol'jin - Conquest of Azeroth/pagetextcache.wdb
1499	0056ba6ae06b5ab3d26f92233aba350ea1cee090561aabb58aab89da6167bfb6	questcache	questcache.wdb	Vol'jin - Conquest of Azeroth	Vol'jin	Conquest of Azeroth	conquest-of-azeroth	modes.json	180	2026-09-04	extracted/COA_AND_AREA52__76bcd7f4/WDB/enUS/Vol'jin - Conquest of Azeroth/questcache.wdb
1500	672868c9b502d75d10ee74483ea67b96e10b6922de36eb9feb78fea9a8fdd8f0	(non-standard)	questcacheaddon.wdb	Vol'jin - Conquest of Azeroth	Vol'jin	Conquest of Azeroth	conquest-of-azeroth	modes.json	0	2026-09-03	extracted/COA_AND_AREA52__76bcd7f4/WDB/enUS/Vol'jin - Conquest of Azeroth/questcacheaddon.wdb
1501	4aff82f55c69bf06765bc32a486d625cf9a4e31a40f5e7fab91c07dd073c89f7	creaturecache	creaturecache.wdb	enUS (realm root) [COA_AND_AREA52__76bcd7f4]		conquest-of-azeroth	conquest-of-azeroth	inferred:0.999/44378	10279	2026-09-04	extracted/COA_AND_AREA52__76bcd7f4/WDB/enUS/creaturecache.wdb
1502	574d095cefb8dc238956b88cd424c823927a7ea7316fac36ad6ddf49dee4fc4f	gameobjectcache	gameobjectcache.wdb	enUS (realm root) [COA_AND_AREA52__76bcd7f4]		conquest-of-azeroth	conquest-of-azeroth	inferred:0.999/44378	8054	2026-09-04	extracted/COA_AND_AREA52__76bcd7f4/WDB/enUS/gameobjectcache.wdb
1503	a5feb92c7e1673713822fce107813b3253adbd80309f8e12a2d6091ff12d9601	itemcache	itemcache.wdb	enUS (realm root) [COA_AND_AREA52__76bcd7f4]		conquest-of-azeroth	conquest-of-azeroth	inferred:0.999/44378	45026	2026-09-04	extracted/COA_AND_AREA52__76bcd7f4/WDB/enUS/itemcache.wdb
1504	bde973fa1a50fbe1874ba408ed21e280d77cefce3059924ee197980017cb842d	itemnamecache	itemnamecache.wdb	enUS (realm root) [COA_AND_AREA52__76bcd7f4]		conquest-of-azeroth	conquest-of-azeroth	inferred:0.999/44378	1258	2026-09-04	extracted/COA_AND_AREA52__76bcd7f4/WDB/enUS/itemnamecache.wdb
1505	53c9d5ac7cfe2a28339feff19ddea4c29b3024ae4d6de56a1742725efc3e2286	(non-standard)	itemstatcache.wdb	enUS (realm root) [COA_AND_AREA52__76bcd7f4]		conquest-of-azeroth	conquest-of-azeroth	inferred:0.999/44378	0	2026-08-28	extracted/COA_AND_AREA52__76bcd7f4/WDB/enUS/itemstatcache.wdb
1506	7a07985b8a26b0968e139995934e675342068fbefa4cc8625666a1b4a004b2d6	itemtextcache	itemtextcache.wdb	enUS (realm root) [COA_AND_AREA52__76bcd7f4]		conquest-of-azeroth	conquest-of-azeroth	inferred:0.999/44378	0	2026-09-04	extracted/COA_AND_AREA52__76bcd7f4/WDB/enUS/itemtextcache.wdb
1507	f3fab8535d9a27af37284cee65ecf59f671e003d35d6848434201e02c4ff8017	npccache	npccache.wdb	enUS (realm root) [COA_AND_AREA52__76bcd7f4]		conquest-of-azeroth	conquest-of-azeroth	inferred:0.999/44378	308	2026-09-04	extracted/COA_AND_AREA52__76bcd7f4/WDB/enUS/npccache.wdb
1508	52678ee5bcafadbc434b1077ccba2754a95c8897b459010195ee892f8b00a1ce	pagetextcache	pagetextcache.wdb	enUS (realm root) [COA_AND_AREA52__76bcd7f4]		conquest-of-azeroth	conquest-of-azeroth	inferred:0.999/44378	22	2026-09-04	extracted/COA_AND_AREA52__76bcd7f4/WDB/enUS/pagetextcache.wdb
1509	de9613e14aaae224849cb31ef2fd2e79a146aa2ead49bfb6b98bd8d490210410	questcache	questcache.wdb	enUS (realm root) [COA_AND_AREA52__76bcd7f4]		conquest-of-azeroth	conquest-of-azeroth	inferred:0.999/44378	865	2026-09-04	extracted/COA_AND_AREA52__76bcd7f4/WDB/enUS/questcache.wdb
1510	61ece3069dff838f5d2154b8b460d42662f5386ba9cb0f3d741f06a44a45ca30	(non-standard)	questcacheaddon.wdb	enUS (realm root) [COA_AND_AREA52__76bcd7f4]		conquest-of-azeroth	conquest-of-azeroth	inferred:0.999/44378	0	2026-08-28	extracted/COA_AND_AREA52__76bcd7f4/WDB/enUS/questcacheaddon.wdb
1511	ecefc6e410b8a2b0e1416e6947cb195c4bef83b807cc065728b19a3e226be029	wowcache	wowcache.wdb	enUS (realm root) [COA_AND_AREA52__76bcd7f4]		conquest-of-azeroth	conquest-of-azeroth	inferred:0.999/44378	0	2026-09-04	extracted/COA_AND_AREA52__76bcd7f4/WDB/enUS/wowcache.wdb
